16856
357440 107872 7
357440 107873 7
357453 54377 7
357453 357454 7
357453 357455 7
357453 357456 7
357453 357457 7
357453 357458 7
357453 357459 7
357453 357460 7
357453 357461 7
357465 254751 7
357476 29484 5
357482 210448 7
357484 10440 7
357484 24668 7
357484 357485 7
357484 355326 7
357484 355327 7
357484 355328 7
357484 355329 7
357484 355330 7
357490 3006 6
357491 357492 7
357517 118433 7
357517 118433 5
357526 119328 7
357527 357528 7
357543 30894 7
357543 30896 7
357543 30898 7
357543 288150 7
357543 30901 7
357543 44394 7
357543 44395 7
357543 44396 7
357543 30902 7
357543 44397 7
357543 315488 7
357543 30917 7
357543 357544 5
357549 112414 7
357553 357554 5
357561 91920 7
357562 273335 7
357562 357563 7
357577 33617 7
357577 33617 5
357577 30111 7
357577 90026 7
357577 90026 5
357577 189437 7
357583 150845 5
357585 34401 6
357585 39713 6
357585 99291 6
357585 21623 6
357585 38986 6
357585 135345 6
357585 26623 6
357585 39788 6
357585 46648 6
357585 19342 6
357585 135347 6
357585 19354 6
357586 158063 7
357586 158064 7
357586 357587 6
357592 16690 5
357601 44606 6
357601 44606 7
357601 44606 5
357601 357602 7
357601 357602 5
357601 357603 7
357601 161606 5
357607 357608 7
357607 357609 7
357610 357611 7
357610 357612 7
357617 357618 5
357620 357621 7
357626 357627 7
357626 357628 7
357626 357629 7
357626 357630 7
357626 357631 7
357626 357632 7
357626 357633 7
357626 357634 7
357635 357636 7
357635 357637 7
357641 357642 7
357641 357643 7
357641 357644 7
357641 357645 7
357641 357646 7
357641 357647 7
357641 357648 7
357641 357649 7
357665 357666 7
357665 357667 7
357669 357670 7
357669 357671 7
357669 357672 7
357673 36661 5
357673 73363 7
357673 39396 5
357673 142539 5
357673 81670 7
357673 74506 5
357673 74017 5
357673 23213 5
357673 8254 5
357673 2035 5
357695 43932 5
357695 43933 5
357695 3137 5
357695 42326 5
357695 141497 5
357695 33838 5
357695 43939 5
357695 43942 5
357695 43943 5
357695 39194 5
357695 169997 7
357695 169997 5
357695 357696 7
357695 357696 5
357695 49037 6
357695 49037 5
357700 350342 5
357700 144359 5
357700 273382 5
357700 357701 5
357700 357702 5
357700 357703 5
357713 357714 7
216377 357715 5
216377 357716 5
216377 111437 5
357718 235789 5
357721 120092 5
357721 357722 6
357735 357736 7
357741 357742 7
357741 357743 7
357741 238290 7
357747 126034 7
357747 357748 7
357752 357753 5
357754 6731 6
357754 33994 6
357754 29326 6
357754 55218 6
357754 3234 6
357754 33998 6
357754 9627 6
357754 29333 6
357754 29336 6
357754 29344 6
357754 29345 6
357754 29346 6
357754 38995 6
357758 357724 7
357759 357760 7
357759 357761 7
357759 357762 7
357759 357763 7
357770 357771 7
357770 357772 7
357784 357785 7
357800 357801 7
357813 357814 7
357813 357815 7
357813 357816 7
357820 142849 6
357820 142850 5
357820 142855 5
357820 142856 5
357820 142859 5
357820 142860 6
357820 142861 5
357820 142862 6
357820 142863 5
357820 142864 5
357820 95050 6
357820 142865 6
357820 142866 5
357820 142867 5
357820 142868 5
357820 142869 5
357820 142871 5
357820 142872 6
357820 95052 6
357820 95053 6
357820 95054 6
357820 142873 6
357820 142874 5
357820 142875 5
357820 95057 6
357820 142876 6
357820 95058 6
357820 142877 6
357820 142878 6
357820 95059 6
357820 95060 6
357820 142879 6
357820 95061 6
357820 142880 5
357820 142881 6
357820 142882 6
357820 95062 6
357820 142883 5
357820 142884 5
357820 95063 6
357820 142885 5
357820 142886 5
357820 142887 5
357820 142888 5
357820 142889 5
357820 33575 6
357820 33576 5
357820 142890 5
357820 142891 5
357820 142892 5
357820 142893 5
357820 142894 5
357820 142898 5
357820 95067 6
357820 95068 6
357820 142900 5
357820 142901 5
357820 142902 5
357820 95069 6
357820 142904 5
357820 95071 6
357820 142905 5
357820 142906 5
357820 142907 5
357820 142908 5
357820 95074 6
357820 142909 5
357820 142910 5
357820 142911 5
357820 142912 5
357820 142913 5
357820 142914 5
357820 142915 5
357820 142916 5
357820 142917 5
357820 142918 5
357820 142919 5
357820 142920 5
357820 142926 5
357820 95082 6
357820 142927 5
357820 142928 5
357820 142929 5
357820 142930 5
357820 95084 6
357820 142932 5
357820 142933 5
357820 142934 5
357820 95085 6
357820 142935 5
357820 142936 5
357820 142937 5
357820 142938 5
357820 142939 5
357820 142940 5
357820 142941 5
357820 142942 5
357820 142943 5
357820 142944 5
357820 142945 5
357820 142946 5
357820 142947 5
357820 142950 5
357820 142951 5
357820 142954 5
357820 142956 5
357820 142960 5
357820 142961 5
357820 142962 5
357820 142964 5
357820 142966 5
357820 142967 5
357820 142971 5
357820 142973 5
357820 142975 5
357820 142976 5
357820 142977 5
357820 142978 5
357820 142979 5
357820 142980 5
357820 142981 5
357820 142982 5
357820 142983 5
357820 142984 5
357820 142985 5
357820 142986 5
357820 142987 5
357820 142988 6
357820 95086 6
357820 95087 6
357820 142989 6
357820 142989 5
357827 357828 7
357829 357830 7
357831 357832 7
357831 357833 7
357831 357834 7
357831 357835 7
357831 357836 7
357831 357837 7
357831 357838 7
357831 357839 7
357831 357840 7
357831 357841 7
357831 357842 7
357831 357843 7
357831 357844 7
357831 357845 7
357846 357847 7
357856 10614 7
357856 308310 7
357864 198139 5
357864 54077 5
357864 219731 5
357870 186867 7
357870 357871 7
357878 24363 6
357878 39013 6
357879 82259 7
357879 357880 7
357879 357881 7
357879 357882 7
357879 357883 7
357879 357884 7
357892 303955 7
357893 357894 3
357893 357895 3
357896 357897 7
357899 72882 7
357909 357910 7
357911 151676 7
357911 357912 7
357915 357916 7
357923 357924 7
357928 357929 7
357933 105681 7
357933 357934 7
357933 357936 7
357938 163604 7
357942 357943 7
357944 357945 7
357946 7242 6
357946 87415 7
357946 155187 6
357946 156608 6
357946 33624 6
357946 183890 6
357946 23489 6
357946 23981 6
357946 136050 7
357946 295905 7
357946 20685 6
357946 19550 6
357946 16794 7
357954 134101 7
357954 134107 7
357954 357955 7
357954 357956 7
357954 357957 7
357958 54375 7
357958 54376 7
357958 6737 7
357958 54377 7
357958 30106 7
357958 54381 7
357958 47963 7
357958 54399 7
357958 20527 7
357960 357961 5
357960 228268 5
357962 357963 7
357962 266539 7
357962 357964 7
357962 266540 7
357962 266544 7
357962 357965 7
357962 266546 7
357962 357966 7
357962 266550 7
357962 266551 7
357962 266553 7
357962 357967 7
357962 357968 7
357962 266555 7
357962 266556 7
357970 357971 7
357970 244321 7
357970 357972 7
357970 357973 7
357970 357974 7
357970 357975 7
357970 258135 7
357970 258136 7
357979 357980 7
357979 357981 7
357979 357982 7
357979 357983 7
357987 357988 7
357990 336958 7
357990 357991 7
357990 357992 7
357990 357993 7
357990 357994 7
358001 87724 7
358001 358002 7
358001 358003 7
358018 142850 7
358018 49712 7
358018 142855 7
358018 142856 7
358018 49728 7
358018 49729 7
358018 49731 7
358018 142861 7
358018 142862 7
358018 142864 7
358018 95050 7
358018 142865 7
358018 142866 7
358018 142867 7
358018 142868 7
358018 142871 7
358018 142872 7
358018 95052 7
358018 95054 7
358018 142873 7
358018 142874 7
358018 142875 7
358018 95058 7
358018 142880 7
358018 142883 7
358018 142884 7
358018 142886 7
358018 142888 7
358018 142889 7
358018 142891 7
358018 142892 7
358018 142893 7
358018 142902 7
358018 142905 7
358018 142906 7
358018 142911 7
358018 142916 7
358018 142917 7
358018 95076 7
358018 142926 7
358018 142927 7
358018 142928 7
358018 142930 7
358018 142932 7
358018 142938 7
358018 142939 7
358018 142940 7
358018 142941 7
358018 142944 7
358018 142945 7
358018 142950 7
358018 142951 7
358018 142954 7
358018 142956 7
358018 142960 7
358018 142961 7
358018 142964 7
358018 142966 7
358018 142967 7
358018 142971 7
358018 142973 7
358018 142975 7
358018 142976 7
358018 142977 7
358018 142979 7
358018 142981 7
358018 142982 7
358018 142984 7
358018 142985 7
358018 142986 7
358018 142987 7
358018 17763 7
358026 293815 5
358026 321119 5
358026 241822 5
358026 263844 5
358028 358029 7
358031 186867 7
358031 358032 7
358033 113879 5
358046 358047 7
358046 358048 7
358052 42582 5
358052 262012 7
358052 262012 5
358052 358053 5
358052 358054 5
358052 83448 7
358052 83448 5
358052 34961 5
358052 216117 5
358055 228222 5
358059 358060 7
358063 1610 7
358066 37085 7
358066 37089 7
358066 1610 7
358066 51693 7
358066 12833 7
358066 47908 6
358067 13735 5
358067 107249 5
358067 86121 5
358067 174530 5
358067 213059 5
358067 78997 5
358067 125385 5
358067 75079 5
358067 39065 5
358067 79000 5
358067 77794 5
358067 36071 5
358067 86326 5
358067 80443 5
358067 46858 5
358067 53468 5
358067 137449 5
358067 75145 5
358067 83689 5
358067 137450 5
358067 172416 5
358067 44700 5
358067 80433 5
358067 96508 5
358067 247899 5
358068 91768 7
358068 38983 7
358068 84194 6
358068 84194 7
358068 125288 7
358072 97478 3
358073 358074 7
358073 153642 7
358090 248926 7
358090 358091 7
358090 358092 7
358090 358093 7
358090 358094 7
358103 358104 7
358103 358105 7
358103 358106 7
358103 358107 7
358108 17041 7
358109 358110 7
358109 358111 7
358109 358112 7
358109 358113 7
358109 358114 7
358116 358117 6
358116 9594 7
358118 358117 6
358120 358121 3
358126 74514 5
358126 22701 5
358126 43755 5
358126 53232 5
358126 74255 5
358126 44189 5
358126 20868 5
358126 10022 5
358126 33800 5
358126 341513 5
358126 148701 5
358126 96724 5
358126 150479 5
358126 211155 5
358126 10205 5
358126 82073 5
358126 35204 5
358126 358127 5
358126 256349 5
358133 358134 7
358135 213546 6
358135 282757 6
358164 358165 7
358180 84145 6
358184 89426 7
358184 89426 5
358184 99271 5
358195 358196 7
358195 358197 7
358200 183126 7
358200 358201 6
358200 358201 7
358200 358201 5
358249 131738 6
358249 131738 5
358295 358296 7
358354 358355 7
358374 241789 7
358374 241789 5
358374 104142 7
358374 104142 5
358374 160072 7
358374 160072 5
358374 257178 6
358374 257178 7
358374 194989 7
358374 194989 5
358374 297539 5
358374 335692 5
358374 254159 7
358374 254159 5
358374 250113 6
358374 250113 5
358374 335693 7
358374 335693 5
358374 358371 7
358374 358371 5
358377 46085 7
358380 319762 5
358380 319763 6
358380 319763 5
358380 288454 6
358380 288454 7
358380 288454 5
358382 358383 7
358382 358384 7
358390 358391 7
358390 358392 7
358400 171241 6
358400 171241 7
358400 171241 5
358403 143286 5
358403 48794 7
358403 48794 5
358418 43653 6
358418 45312 6
358418 128402 6
358418 20526 6
358424 358425 3
358430 219831 7
358430 334848 7
358436 358437 7
358438 358439 7
358459 18686 6
358459 2072 6
358459 47961 6
358459 3277 6
358459 19787 6
358459 7276 6
358459 5030 6
358459 6987 6
358459 82088 6
358459 7249 6
358459 3438 6
358459 44102 6
358459 54585 5
358459 3288 6
358459 3291 6
358459 38468 6
358459 7289 6
358459 59932 6
358459 14790 6
358459 127993 6
358469 196657 7
358471 358472 7
358478 219125 7
358480 358481 7
358496 24792 7
358496 145363 7
358496 145363 5
353973 358497 3
358500 200255 7
358500 200256 7
358500 200261 7
358500 200262 7
358500 200263 7
358500 200264 7
358497 358507 3
358497 358508 3
358497 358509 3
231287 358535 7
231287 231288 3
358507 358537 3
358619 325187 7
358621 169818 6
358621 358622 7
358621 358623 7
358635 76413 7
358637 222732 3
358650 358651 7
358650 358652 7
358650 358653 7
358656 358657 7
358658 40461 7
358658 40465 7
358658 218510 7
358658 40468 7
358658 131656 7
358658 358659 7
358658 34944 7
358658 97698 7
358658 97724 7
358658 34949 7
358658 358660 7
358664 358665 7
358668 358669 7
358668 358670 7
358668 358671 7
358668 358672 7
358675 27805 7
358675 54510 6
358676 358677 7
358680 358681 7
358687 358688 7
358689 358690 7
358689 358691 7
358703 90016 6
358714 79142 5
358714 17514 5
358714 83320 5
358714 39143 5
358714 8879 5
358714 164739 7
358714 164739 5
358714 109641 7
358715 175173 7
358715 297861 7
358718 358719 7
358724 198169 7
358724 358725 7
358726 25798 7
358726 358727 7
358728 84161 7
358729 358730 7
358734 137200 7
358735 358736 7
358739 358740 7
358755 22469 7
358756 358757 7
358756 39601 7
358756 250425 7
358756 250426 7
358756 358758 7
358756 299346 7
358756 299347 7
358756 135912 6
358756 135912 7
358756 358759 7
358756 358760 7
358756 358761 7
358756 358762 7
182979 358769 3
358776 358777 7
358776 358778 7
358789 283237 7
358789 283238 7
358790 33412 6
358790 34162 6
358790 34533 6
358790 34535 6
358790 29986 6
358790 101876 6
358790 34546 6
358790 34547 6
358790 21347 6
358790 39605 6
358790 34549 6
358790 212884 6
358790 34550 6
358790 43862 6
358790 33418 6
358790 132416 6
358791 32226 7
358808 320706 6
358808 320706 5
358814 358815 7
358816 358817 7
358816 358818 7
358816 358819 7
358828 358829 5
358835 358836 7
358835 358837 7
98763 358839 3
358843 358844 7
358843 358845 7
358843 358846 7
358843 358847 7
358843 358848 7
358843 358849 7
358843 358850 7
358843 358851 7
358843 358852 7
358843 358853 7
358855 358856 7
358855 358857 7
358861 192619 7
358861 192625 7
358862 358863 7
358873 351274 7
358891 358892 3
358891 358893 3
358900 4009 7
358902 358903 3
358904 358905 7
358904 358906 7
358904 358907 7
358904 358908 7
319063 165456 3
212200 335751 3
358926 345305 7
358930 358931 7
358930 358932 7
358930 358933 7
358930 358934 7
358930 358935 7
358930 358936 7
358930 358937 7
358930 358938 7
358930 358939 7
358930 358940 7
358930 358941 7
358930 358942 7
358930 358943 7
358930 358944 7
358930 358945 7
358930 358946 7
358930 358947 7
358950 358951 7
358950 358952 7
358954 358955 7
358954 358956 7
358954 358957 7
358954 358958 7
358954 358959 7
358954 358960 7
358954 358961 7
358967 358968 7
358985 24764 7
358985 358986 7
358985 84678 7
358985 24568 7
358985 36061 7
358985 34139 7
358985 102988 7
358989 296434 6
358989 296435 6
358989 358990 6
358993 357307 7
358993 357307 5
359002 257778 7
359002 240856 7
359002 51570 7
359002 51571 7
359002 257779 7
359009 358956 7
359017 359018 7
359017 128239 7
359027 229340 7
359027 359028 7
359027 359029 7
359027 359030 7
359027 359031 7
359041 40203 7
359041 40204 7
359041 219481 7
359041 102438 7
359043 359044 7
359043 359045 7
359047 359048 7
359047 355856 7
359047 359049 7
105097 75478 7
359050 159396 7
359051 359052 7
359051 359053 7
359056 5499 3
359058 259896 7
359058 259896 5
359058 259897 6
359058 259897 7
359058 259897 5
359058 359059 7
359058 359059 5
359058 119414 7
359058 119414 5
359058 234669 5
359058 259903 5
359075 359076 7
359075 359077 7
359075 359078 7
359075 359079 7
359086 202397 7
359089 359090 7
359091 359092 7
359100 359101 7
359100 359102 7
359113 7598 7
359113 135350 7
359114 39589 7
359114 149789 7
359114 12422 7
359114 14359 7
359120 359121 7
359122 359123 7
359122 359124 7
359122 359125 7
359126 359127 7
359126 359128 7
359129 359130 7
359129 359131 7
359137 296429 7
359141 359142 7
359141 359143 7
359145 350127 7
359145 350127 5
359145 350128 5
359145 346454 5
359145 359146 6
359150 4009 7
359155 359156 7
359158 359159 7
359162 359163 7
359182 145642 7
359183 254015 7
359214 359215 7
359222 359223 7
359230 359231 7
83150 359234 7
359235 154666 7
359235 359236 7
359235 195331 7
359235 359237 7
359235 359238 7
136342 359245 7
359260 51456 6
359260 6087 7
359260 327029 5
359260 107857 5
359274 359275 7
359276 183340 7
359280 166998 5
359280 6101 5
359296 351605 7
359299 359300 7
359299 359301 7
359309 359310 7
359311 359312 7
359317 359318 7
359326 359327 7
359337 32888 7
359337 31461 7
359337 31461 5
359338 359339 3
359344 359345 7
359361 359362 7
359361 359363 7
359361 359364 7
359361 359365 7
359361 359366 7
359361 359367 7
359361 264355 7
359361 190538 7
359361 359368 7
359361 359369 7
359361 359370 7
359361 359371 7
359361 359372 7
359361 359373 7
359361 359374 7
359361 359375 7
359361 359376 7
359361 359377 7
359361 359378 7
359361 359379 7
359383 359384 7
359383 359385 7
359383 359386 7
359397 50062 6
359397 50062 7
359397 50062 5
359397 169027 5
359397 359398 5
359402 342776 7
359402 342777 7
359406 359407 7
359406 359408 7
359406 359409 7
359406 359410 7
359406 359411 7
359406 359412 7
359406 359413 7
359406 359414 7
359406 359415 7
208561 208554 3
359419 199344 5
359423 97828 5
359423 17780 5
359423 55516 5
359423 55517 5
359423 44649 5
359423 13963 5
359423 43573 5
359431 690 6
359431 11561 6
359431 42582 6
359431 94082 6
359431 81225 6
359431 84432 6
359431 43801 6
359445 123183 5
359445 203496 7
359445 203496 5
359445 275171 5
359445 359446 5
359454 121666 7
359454 74735 7
359454 199160 7
359454 82846 7
359454 80483 7
359454 82851 7
359454 359455 7
359454 111093 7
359454 171349 7
359454 219472 7
359454 359456 7
359454 200921 7
359454 88311 7
359454 102430 7
359454 49524 7
359454 93905 7
359454 87383 7
359454 45548 7
359454 79473 7
359454 75805 7
359454 73857 7
359454 73858 7
359454 84073 7
359471 177247 7
359471 359472 7
359471 359473 7
359475 125865 6
359477 359478 7
359484 359485 7
359484 359486 7
359484 359487 7
359490 310851 5
359497 198125 7
359497 359498 7
359497 359499 7
359502 91774 7
359502 359503 7
359502 95473 7
359502 48567 7
359505 359506 7
359509 359510 7
359511 38337 7
359511 114896 7
359514 43660 6
359523 359524 7
359523 359525 7
359526 359527 7
359532 327998 7
359535 119195 5
359535 102932 5
359541 205952 6
359541 359542 7
340602 359543 7
340602 359544 7
359550 359553 7
359564 45384 6
359569 359570 7
359601 34053 5
359601 359602 7
359601 124452 6
359601 32121 5
359604 145184 6
359604 51060 5
359608 359609 7
359608 359610 7
359608 359611 7
359612 83809 5
359612 33555 5
359612 33560 5
359612 49744 5
359612 7629 5
359612 33572 5
359612 29030 5
359612 183582 5
359612 154094 5
359612 224025 7
359612 224025 5
359612 224039 5
359612 224047 5
359612 224048 7
359612 224048 5
359612 139007 5
359612 33604 5
359612 33605 5
359612 33606 5
359612 224050 7
359612 224050 5
359612 224051 7
359612 224051 5
359612 224052 5
359612 139008 7
359612 139008 5
359612 224053 5
359612 322226 7
359612 322226 5
359612 147647 7
359612 359613 5
359612 253804 5
359612 253805 5
359612 94111 5
359624 359625 7
359626 127918 6
359627 127918 6
359631 43512 6
359631 359632 7
359631 52751 6
359631 45239 6
359635 359636 7
117066 117080 3
359637 359639 7
359645 359646 7
359647 139525 7
359647 162029 6
359647 162029 7
359647 359648 6
359647 359648 7
359649 359650 7
359652 38836 7
359652 36095 7
15759 359658 7
359660 359661 7
359660 359662 7
359660 359663 7
359660 359664 7
359660 359665 7
359671 359672 7
359671 304630 7
359671 304631 7
359671 359673 7
359671 359674 7
359671 359675 7
359671 359676 7
359671 359677 7
359671 304638 7
359671 359678 7
359671 304641 7
359671 359679 7
359671 359680 7
359671 301813 7
359671 359681 7
359671 304644 7
359671 301817 7
359671 301361 7
359671 359682 7
359671 359683 7
359671 301821 7
359671 359684 7
359685 74110 5
359685 11022 5
359685 11031 5
359685 45922 5
359685 104579 5
359685 47012 5
359685 34619 5
359685 199595 5
359685 6846 5
359685 141498 5
359685 91663 5
359685 83690 5
359685 93407 5
359685 182261 5
359685 44656 5
359685 10028 5
359688 35017 7
107414 86686 7
359693 220532 7
359697 359698 7
359697 359699 7
359697 359700 7
359697 359701 7
359697 359702 7
359697 359703 7
359697 359704 7
359697 359705 7
359707 359708 7
359711 359712 7
359715 219157 6
359715 359716 6
359715 359716 5
359717 181193 7
359717 181195 7
359717 181209 7
359717 181212 7
359717 181214 7
359717 181216 7
359717 181218 7
359717 181219 7
359717 181220 7
359717 181221 7
359717 180194 7
359717 181222 7
359723 51454 7
359723 254344 7
359723 214083 5
359723 125558 7
359723 125558 5
359745 175428 7
359745 158454 7
311489 359763 3
359769 102686 7
359771 228039 5
359771 160045 5
359771 160047 7
359771 237442 5
359771 84145 7
359771 84145 5
359771 179000 7
359771 179000 5
359775 51981 7
359775 2295 7
359776 78896 7
359778 359779 7
359778 359780 7
359778 359781 7
359791 359792 7
359791 355856 7
359793 12591 5
359799 155814 7
359799 160044 7
359799 160045 7
359799 359800 7
359799 233756 7
359799 160047 7
359799 250106 7
359799 201365 7
359799 257174 7
359799 235443 7
359799 160049 7
359799 257175 7
359799 160062 7
359799 335688 7
359799 223819 7
359799 359801 7
359799 359802 7
359799 359803 7
359799 160080 7
359799 160081 7
359799 160088 7
359809 359810 7
359809 359810 5
359809 359811 7
359809 359811 5
359809 359812 7
359809 359812 5
359809 359813 5
359809 359814 5
359829 17303 7
359837 55893 5
359837 15590 5
359837 16897 7
359837 16897 5
359837 124003 5
359837 359838 5
359837 133025 7
359837 133025 5
359837 359839 5
359837 133027 7
359837 359840 7
359837 359840 5
359837 359841 5
359837 133029 7
359837 133029 5
359837 133030 7
359837 133030 5
359837 359842 7
359837 359842 5
359837 133033 7
359837 133033 5
359843 359844 7
359843 263790 7
359843 182863 7
359843 182864 7
359843 359845 7
359869 169457 7
359869 106098 7
359869 359870 6
359869 359870 7
359869 359871 7
359872 163051 7
359872 359873 7
359872 359874 7
359872 359875 7
359882 359883 7
359887 95994 7
359887 95995 7
359887 95996 7
359887 95999 7
359887 96001 7
359887 96002 7
359887 96003 7
359887 96022 7
359893 359894 7
359893 359895 7
359893 359896 7
359893 359897 7
359893 359898 7
359909 359910 7
359917 359918 7
359917 272648 7
359919 488 7
359919 14726 7
359932 50727 7
359932 30790 7
359932 6751 7
359932 42460 7
359932 44111 5
359937 291116 7
359952 359953 7
359957 359958 7
359959 359960 7
359959 359961 7
359959 359962 7
359959 359963 7
359959 359964 7
359959 359965 7
359959 359966 7
359959 359967 7
359959 359968 7
359959 359969 7
359959 359970 7
359959 359971 7
359959 359972 7
359959 359973 7
359959 359974 7
359959 359975 7
359959 359976 7
359959 359977 7
359959 359978 7
359959 359979 7
359959 359980 7
359959 359981 7
359959 359982 7
359959 359983 7
359959 359984 7
359986 359987 7
359993 359994 7
359993 359995 7
359993 359996 7
360002 326454 3
360014 360015 7
360027 360028 7
360027 360029 7
360035 360036 7
360037 360038 7
360037 360039 7
360040 21630 7
360040 21630 5
290597 51850 7
360050 33500 7
360050 11644 7
360050 45439 7
360050 39145 7
360050 84089 7
360050 38086 7
360050 34233 7
360050 3773 7
360050 71655 7
360050 39398 7
360050 53324 7
360050 71019 7
360053 19337 7
360056 254 7
360057 360058 7
360064 99744 7
360093 298221 3
360105 360106 7
360122 360123 7
360122 131706 7
360122 360124 7
360122 360125 7
360132 2083 6
360132 121829 6
360132 81946 6
360132 1185 6
360132 7319 6
360132 34993 6
360132 354538 6
360142 360143 7
360142 360144 7
360142 360145 7
360146 360147 7
360151 191533 5
360153 73363 5
360153 95372 5
360153 95374 5
360153 360154 5
360153 95378 5
360153 257678 5
360153 257679 5
360153 257683 5
360153 257684 5
360153 257685 5
360157 31252 6
360157 36049 6
360157 36049 5
360157 83033 6
360157 83033 5
360157 84427 6
360157 84427 5
360157 34463 6
360157 34463 5
360157 43429 6
360157 10776 6
360157 80345 6
360157 80351 6
360157 10476 6
360157 10476 5
360175 303557 5
360175 243974 5
360175 103723 5
360175 229756 6
360175 178935 5
360175 317666 5
360175 243980 7
360175 243980 5
360175 303561 5
360175 272763 7
360175 272763 5
360175 357055 5
360175 352835 7
360175 352835 5
360175 201371 7
360175 201371 5
360180 360181 7
360186 108873 7
360190 322788 3
360191 192183 6
360191 53356 6
360191 67891 6
360191 98888 6
360191 120813 6
360191 16765 6
360191 51621 6
360192 360193 3
360213 360214 7
360213 360215 7
360213 360216 7
360219 360220 7
360219 360221 7
360219 360222 7
360219 360223 7
360219 360224 7
360225 76932 7
360227 360228 3
360229 142366 3
360233 42375 7
360245 360246 7
360245 88971 7
360245 360247 7
360245 360248 7
360245 360249 7
360245 360250 7
360245 360251 7
360245 360252 7
360245 360253 7
360245 360254 7
360257 328739 7
360258 164868 6
360261 360262 6
360261 360263 6
323185 95548 3
323185 323181 3
323185 323182 3
323185 323186 3
323185 323187 3
360268 47004 3
360278 113861 7
360280 219695 7
360292 360293 5
360300 360301 7
360329 14781 7
360329 15972 6
360329 337489 6
360329 193586 6
360329 19338 6
360329 360330 5
360329 25457 6
360329 274431 5
360329 51211 6
360329 360331 5
360329 131737 6
360329 150261 6
360329 321076 6
360329 321076 7
360329 169043 7
360329 32546 6
360329 170621 5
360329 19350 6
360329 34711 6
360329 39006 6
360329 360332 7
360329 23784 6
360329 66689 6
360329 19819 6
360333 360334 7
360347 356399 3
360347 360348 3
360362 120196 7
360362 120198 7
360362 120199 7
360362 120200 7
360362 120201 7
360362 120202 7
360362 293740 7
360368 175364 5
360368 14157 5
360381 360382 7
360381 360383 7
17247 17246 6
17247 17246 7
360392 93331 7
215889 360396 3
360397 322842 3
360398 171550 5
360398 171551 5
360419 349807 7
360469 360470 7
360477 2073 7
360477 2456 7
360477 15554 6
360477 24130 7
360477 21623 7
360477 38850 7
360477 43659 7
360477 252990 7
360477 128270 7
360488 176615 7
360488 360489 7
360488 360490 7
360488 360491 7
360488 360492 7
360488 360493 7
360488 360494 7
360488 360495 7
360488 360496 7
360488 183139 7
360502 42386 7
360507 360508 7
360509 360510 7
160887 160920 3
360519 249924 7
360519 360520 7
360519 248156 7
360519 270120 7
360519 233097 7
360519 233098 7
360519 360521 7
360519 360522 7
360519 360523 7
360519 186921 7
360533 243968 6
360533 197775 6
360533 197777 6
360533 229760 6
360533 297269 6
360539 360540 3
13102 13096 3
360558 360559 7
360560 360561 7
79242 360572 7
360590 39036 7
360603 325002 7
360609 115824 7
360610 360611 7
360612 360613 7
360616 360617 7
360616 360618 7
360616 174210 7
360616 360619 7
360616 360620 7
360616 360621 7
360616 360622 7
360616 360623 7
360616 360624 7
360616 360625 7
360616 360626 7
360628 360629 7
360628 360630 7
360628 360631 7
360628 360632 7
360633 4461 7
360633 4462 7
360633 4587 7
360633 4606 7
360633 4641 7
360650 152791 7
360658 360659 7
360658 360660 7
360669 25112 3
360673 360674 7
360673 360675 7
360673 360676 7
360673 360677 7
360673 228635 7
360673 360678 7
360673 360679 7
360681 17309 7
360690 100103 3
360694 2110 7
360694 84716 7
360694 84612 7
360697 360698 6
360697 360698 7
360712 128471 7
360712 128471 5
360713 360714 7
360713 360715 7
360713 360716 7
360713 360717 7
360713 360718 7
360713 360719 7
360723 274970 7
360727 39377 6
360727 274970 5
360727 301450 5
360727 219681 5
360727 360728 6
360727 360728 5
360727 252981 5
360727 360729 5
360735 319997 7
360735 360736 7
360735 360737 7
360735 360738 7
360735 360739 7
360735 193877 7
360735 360740 7
360742 360743 7
360762 136032 6
360762 136032 5
205693 205702 3
360768 360769 7
360774 360775 7
360779 127375 5
360789 360790 3
360793 46887 7
360799 360800 7
360811 146542 6
360811 222295 7
360811 122214 6
360812 51459 7
360812 147780 7
360812 147780 5
360834 268503 5
360834 268504 5
360835 52838 7
360835 52839 7
360844 39905 7
360844 334479 7
360844 360845 7
360844 318492 7
360844 28000 7
360844 360846 7
360844 360847 7
360853 360854 7
360853 360855 7
360853 360856 7
360853 360857 7
360862 360863 7
360862 95408 7
360862 360864 7
360862 360865 7
360866 168731 7
360869 83578 7
360869 83578 5
360869 189841 7
360869 189841 5
360869 189842 7
360869 189842 5
360869 32890 7
360869 32890 5
360869 106022 5
360869 360870 7
360869 360870 5
360869 323481 5
360869 83594 7
360869 115868 5
360872 138889 5
360872 71019 5
360887 53806 7
360893 306438 6
360893 306438 7
360911 360912 3
360941 336886 7
360953 360954 7
360953 140829 7
360956 124786 5
360958 360959 5
360958 360960 5
360970 360971 7
360970 360972 7
360970 360973 7
360970 360974 7
360970 360975 7
360970 360976 7
360970 360977 7
360970 360978 7
360970 360979 7
360970 360980 7
360970 360981 7
360970 300216 7
360970 360982 7
360970 360983 7
360970 360984 7
361000 361001 7
361000 361002 7
361000 361003 7
361027 84204 7
361028 361029 3
361028 361030 3
361028 361031 3
361028 361032 3
361037 361038 7
900 361040 7
900 361041 7
361042 165343 6
361042 165343 7
361042 165343 5
361049 361050 7
361051 357897 7
361051 361052 7
361055 361056 7
361055 361057 7
361055 361058 7
361055 272390 7
361055 208434 7
361055 361059 7
361067 361068 6
361067 361068 7
361067 361068 5
361069 361068 6
361069 361068 7
361073 201040 7
361077 361078 7
361113 361114 7
361113 361115 7
361126 43983 7
361126 160147 7
361129 361130 7
361155 361156 7
361161 361162 7
361161 361163 7
361168 361169 7
361168 361170 7
361168 361171 7
361181 87266 7
361181 98055 7
361181 84719 7
361186 361187 7
361188 361189 7
361195 361196 7
361195 361197 7
361195 361198 7
361202 186041 7
361202 361203 7
361204 49617 7
361204 49618 7
361204 49619 7
361204 49620 7
224277 114306 5
224277 29974 6
224277 29974 5
224277 168866 5
361228 104263 7
361231 264868 7
361232 3984 7
361235 225771 7
361236 361237 7
361241 124573 7
361241 361242 7
361241 210385 7
361250 233924 6
361268 361269 7
361268 361270 7
361268 336315 7
361308 20317 7
361310 361311 6
361310 361311 7
361310 274605 5
361312 133250 7
361312 124838 7
361312 124851 7
361317 361318 7
361322 361325 7
361330 361331 7
361330 361332 7
361330 361333 7
361330 361334 7
361330 361335 7
361339 361340 7
361339 361341 7
361339 361342 7
361343 361344 7
361347 322828 7
361363 361364 7
361363 361365 7
361363 361366 7
361363 361367 7
361368 361369 7
361368 361370 7
361379 361380 3
361390 123490 6
361393 361394 7
361393 361394 5
361393 152323 5
361396 256664 7
361396 256665 7
361404 361405 7
361414 361415 7
361430 361431 7
361430 361432 7
361457 335558 7
361457 55260 7
361457 335559 7
361457 335560 7
361457 335562 7
361457 335563 7
361457 212166 7
361457 212167 7
361457 335565 7
361457 335566 7
361457 335567 7
361457 185423 5
361459 316169 3
361460 361461 7
361460 361462 7
361460 361463 7
361460 361464 7
361460 361465 7
361460 361466 7
361460 361467 7
361460 361468 7
361460 361469 7
361460 361470 7
361460 361471 7
361460 247152 7
361460 361472 7
361460 210838 7
361473 238076 7
361473 238076 5
361473 238077 5
361476 361477 7
361476 361478 7
361476 361479 7
361476 361480 7
361481 361482 5
361483 331989 5
361483 40414 5
361483 73878 5
361483 80093 5
361483 361484 5
361483 45101 5
361502 137621 7
361505 81382 7
361506 361507 7
361508 319595 7
361508 14901 7
361508 31080 7
361508 73013 7
361508 118552 7
361508 118554 7
361508 118561 7
361508 361509 7
361518 361519 7
361531 361532 3
361534 361532 3
361533 361535 3
361533 361532 3
361533 361536 3
361533 361537 3
361540 361541 7
361558 361559 7
361558 361560 7
361558 361561 7
361568 361569 7
361589 361590 7
361591 361592 7
361591 361593 7
361608 361609 7
361608 361610 7
361608 361611 7
361608 361612 7
361608 361613 7
361608 361614 7
361608 361615 7
361622 361623 7
361634 309092 7
361637 361638 7
361639 42237 5
361639 3240 7
361639 308899 5
361639 138064 7
361639 138064 5
361639 80486 5
361639 361640 5
361639 361641 5
361644 124790 5
361644 102046 6
361644 102046 7
361644 102046 5
361647 124790 5
361647 102046 6
361647 102046 7
361647 102046 5
361654 45354 7
361654 97141 7
361654 361655 7
361664 251554 7
361670 119133 7
361670 239112 7
361676 361677 7
361683 134098 7
361692 343757 6
361710 361711 7
361710 361712 7
361710 361713 7
361710 361714 7
361723 157890 7
361723 126803 7
361730 34756 6
361730 36056 6
361730 14658 6
361730 43607 6
361730 35298 6
361732 361733 7
361734 94693 6
361751 202972 7
361751 126976 5
361758 361759 7
361758 361760 7
361758 361761 7
361758 361762 7
361766 124783 7
361771 226864 6
361772 335179 5
361772 361773 5
361777 22700 5
361777 22333 5
361777 176682 5
361777 340690 5
361783 107590 7
361783 157289 7
361783 177206 7
361783 138158 7
361783 192903 7
361783 127361 7
361785 361786 7
361793 267167 3
361801 267161 3
361809 361810 7
361809 361811 7
361822 361823 7
361828 255610 7
361833 259914 7
361834 361835 7
361837 361838 7
361843 361844 7
361843 361845 7
361850 361851 6
361850 361851 5
361850 361852 5
307653 361854 7
361855 35191 7
361855 222007 7
361855 55901 7
361858 201190 7
361858 361859 7
361858 361860 7
361858 361861 7
361858 361862 7
355413 125512 5
361865 361801 3
361865 361866 3
361874 330493 7
361883 361884 7
361888 233541 5
361889 45394 5
361890 361891 7
361890 361892 7
361890 314921 7
361899 135055 3
361900 175256 5
361900 38773 5
361900 39554 5
361900 188455 5
361903 82395 7
361904 287394 7
361905 361906 7
361905 361907 7
361905 361908 7
361911 223418 7
361911 361912 7
361911 361913 7
361911 124772 7
361911 361914 7
361911 361915 7
361911 284810 7
361911 277759 7
361911 361916 7
361919 39126 6
361919 74867 6
361919 123603 6
361919 82692 5
361919 30648 6
361919 30648 7
361919 182439 6
361919 218040 7
361919 218040 5
361919 180006 6
361919 242637 5
361919 39145 6
361919 39146 6
361919 180759 6
361919 39151 6
361919 39154 6
361919 146868 6
361919 39159 6
361919 74555 6
361919 116809 7
361919 116809 5
361919 361920 5
361919 107931 5
361919 361921 6
361919 155228 6
361919 213102 5
361919 315465 6
361919 30939 5
361919 217324 6
361922 124726 5
361924 361912 7
361924 361913 7
361924 312943 7
361925 361926 6
361937 361938 7
361937 361939 7
361937 361940 7
361937 361941 7
361937 361942 7
361937 361943 7
361937 361944 7
361937 361945 7
361937 361946 7
361937 361947 7
361937 361948 7
361937 361949 7
361937 361950 7
361937 361951 7
361937 361952 7
361966 361967 7
361970 72891 7
361970 72892 7
361970 6250 7
361970 361971 7
361970 361972 7
361973 34080 7
361973 8990 7
361977 361978 7
361988 270182 7
361988 32972 7
361988 113952 7
361988 105328 7
361988 31464 7
361988 361989 7
361988 113043 7
361988 16092 7
361988 23247 7
361988 93372 7
361988 113956 7
361988 359446 7
361988 33891 7
361994 361995 7
361994 361996 7
361994 361997 7
362003 361865 3
362006 362003 3
362007 362008 7
362010 24767 5
362010 19334 5
362010 169477 5
362010 19536 6
362010 19536 5
362010 241698 5
362010 169195 5
362010 163879 5
362010 8141 5
362012 362013 7
362014 124771 6
362014 124773 7
362014 34415 6
362015 89069 7
362015 89069 5
362017 362018 7
362017 362019 7
362020 54799 5
362022 187438 7
362030 362031 7
362032 138974 7
362033 225441 7
362033 362034 7
362033 362035 7
362037 225441 7
362037 362034 7
362037 362035 7
362040 146757 3
362053 362054 3
362053 362055 3
362058 362059 3
362060 82941 7
362063 93811 5
362063 161502 5
362065 362058 3
362065 362066 3
362069 362065 3
362071 362069 3
362074 362075 7
362079 189810 6
362079 14980 6
362079 118857 6
362079 101384 6
362079 33557 6
362079 23124 6
362079 118860 6
362079 79214 6
362079 44785 6
362079 251540 6
362079 33559 6
362079 189811 6
362079 23134 6
362079 12154 6
362079 176864 6
362079 13771 6
362079 189812 6
362079 23142 6
362079 107716 6
362079 43624 6
362079 9066 6
362079 189814 6
362079 189816 6
362079 51066 6
362079 150710 6
362079 162094 6
362079 86247 6
362081 362082 6
362081 362082 7
362084 222164 7
362084 353026 7
362088 149267 7
362094 33869 7
362094 362095 6
362094 362095 5
362094 233311 7
362094 233311 5
362097 362098 7
362102 191691 3
362103 362104 7
362103 362105 7
45963 362102 3
362111 362112 3
362114 362115 7
362130 129276 7
362159 362160 7
362159 362161 7
362159 362162 7
362183 362184 7
362183 362185 7
362189 362190 7
362189 362191 7
362189 362192 7
362196 27040 7
362196 362197 7
362206 362207 7
362206 362208 7
362213 362214 7
362213 362215 7
362216 1597 7
362216 362217 3
362224 362225 7
362233 206722 7
362233 206724 7
362234 362235 7
362247 85495 7
362255 362256 7
362255 362257 7
362270 221293 7
362274 362275 7
362274 362276 7
362274 362277 7
362274 362278 7
362285 362286 7
362285 362287 7
362285 362288 7
362293 278515 7
362296 122997 7
362296 122998 7
362299 251916 5
362299 362300 7
362304 260672 7
362304 260672 5
362306 362307 7
362306 362308 7
362315 337831 5
362315 362316 5
362315 132402 7
362315 132402 5
362317 362318 7
362333 36277 3
362334 36277 3
362339 362340 7
362352 362353 7
362358 362359 7
362361 106847 7
362370 362371 6
362370 362371 7
362370 362371 5
362370 283711 6
362370 283711 7
362370 283711 5
362375 362376 7
362375 362377 7
362375 362378 7
362375 362379 7
362386 362387 7
362386 362388 7
362386 362389 7
362392 114013 6
362392 114013 7
362392 114013 5
362393 285697 7
362393 362394 7
362397 20867 5
362397 362398 6
362402 362403 7
362405 103438 7
362406 3092 6
362406 96275 6
362406 25707 6
362406 93580 6
362406 39130 6
362406 39132 7
362406 82686 6
362406 82686 7
362406 210894 6
362406 210894 7
362406 39133 7
362406 82687 6
362406 123603 6
362406 123603 7
362406 82688 7
362406 123604 6
362406 3103 7
362406 17383 6
362406 83812 6
362406 83812 7
362406 82694 7
362406 180006 7
362406 82695 6
362406 220436 7
362406 264417 6
362406 82697 7
362406 23139 6
362406 146868 6
362406 150471 6
362406 74555 6
362406 121624 6
362406 208222 6
362410 362411 7
362419 362420 3
362424 4009 7
362425 305091 5
362427 102049 5
362427 154001 7
362427 154001 5
362427 74810 5
362453 300606 6
362455 362456 7
362455 362457 7
362455 362458 7
362455 362459 7
362455 362460 7
362455 362461 7
362467 317888 7
362472 362473 7
362477 95694 7
362478 1595 7
362478 38054 7
362478 19793 7
362478 114011 7
362480 362481 7
362484 107807 7
362491 362492 7
362491 362493 7
362495 362496 7
362495 362497 7
362495 362498 7
362511 112864 7
362511 19807 7
362519 96473 7
362527 32514 7
362527 362528 3
362529 258319 5
362541 143274 7
362541 143274 5
362548 362549 7
362551 362552 7
362551 362553 7
362554 362555 7
362559 74079 7
362559 83663 7
362559 91388 7
362590 362591 7
362590 362592 7
362593 362594 5
362596 112807 7
362618 362619 7
362620 245980 3
362624 169457 7
362639 246293 6
362639 293141 7
362639 293141 5
362639 272639 5
362639 193858 7
362639 193858 5
362639 272645 7
362639 272645 5
362640 113989 7
362645 268506 7
362645 13761 7
362645 13761 5
362645 362646 7
362645 362646 5
362645 314936 7
362645 314936 5
362645 228288 7
362645 228288 5
362645 228280 7
362645 228280 5
362645 228282 5
362645 268508 7
362645 247872 5
362645 97101 7
362645 97101 5
362645 295268 7
362645 295268 5
362658 50197 7
362667 316008 5
362667 362668 6
362667 362668 5
362686 213112 7
362686 213113 7
362686 213115 7
362686 213116 7
362686 213117 7
362686 213118 7
362686 213119 7
362686 213122 7
362686 213124 7
362686 213125 7
362688 362690 7
362688 362691 7
362688 362692 7
362688 362693 7
362688 362694 7
362704 362705 7
362704 362706 7
362704 362707 7
362704 197783 6
362704 197783 7
362704 362708 7
362704 362709 7
362704 362710 7
362704 168843 7
362704 1587 7
362704 362711 7
362713 362714 7
362719 97039 7
362719 97041 7
362719 113064 7
362719 316091 7
362741 362742 7
362741 362743 7
362741 362744 7
362741 362745 7
362741 362746 7
362749 18952 7
362751 24579 6
362763 362764 7
362771 212295 7
362772 126950 7
362775 54056 6
362775 54056 7
362775 362776 6
362780 171452 6
362783 362784 7
362785 362786 7
362785 362787 7
362785 362788 7
362794 327986 7
362797 92661 7
362797 321166 7
362800 346180 7
362801 362802 7
362803 362804 7
362803 362805 7
362803 362806 7
362813 9918 5
362832 362833 7
362832 362833 5
362835 162660 7
362835 362836 7
362835 39962 7
362835 267298 7
362835 212197 7
362835 267299 7
362835 362837 7
362835 362838 7
362835 362839 7
362835 362840 7
362835 362841 7
362835 362842 7
362835 362843 7
362835 362844 7
362835 362845 7
362835 362846 7
362835 362847 7
362835 362848 7
362835 348191 7
362835 165456 7
362835 335752 7
362835 362849 7
362835 362850 7
362835 335736 7
362835 362851 7
362835 362852 7
362854 318281 7
362854 362855 7
362854 362856 7
362854 362857 7
362854 362858 7
362854 362859 7
362854 307333 7
362860 129028 6
362867 23830 7
362875 362876 7
42040 42039 7
362885 164516 7
362886 107950 6
362886 107951 6
362887 72869 5
362887 362888 5
362887 362889 5
362887 238220 6
362887 362890 6
362887 362890 5
362887 362891 6
362887 187755 6
362887 98994 5
362899 362900 7
362901 362902 7
362903 362904 7
362903 116876 7
362903 263721 7
362903 362905 7
362903 362906 7
362903 362907 7
362903 362908 7
362903 362909 7
362903 362910 7
362903 362911 7
362903 362912 7
362903 362913 7
362903 362914 7
362903 362915 7
362903 362916 7
362903 362917 7
362903 362918 7
362903 104439 7
362903 362919 7
362922 362923 7
362937 24356 7
362937 65473 7
362937 168348 7
362937 140842 7
362937 25463 7
362945 362946 7
362948 362949 5
362953 96238 7
362970 38459 6
362970 6776 6
362970 20513 6
362970 26727 6
362974 362975 7
362985 362986 7
362985 362987 7
362989 362836 7
362989 362990 7
362989 267298 7
362989 267299 7
362989 362991 7
362989 362992 7
362989 362993 7
362989 362994 7
362989 294223 7
362989 362995 7
362999 215359 7
362999 203971 6
362999 363000 6
363004 363005 7
363006 363007 7
363006 363008 7
363006 363009 7
363006 294432 7
363012 363013 7
363015 363016 7
363019 46539 7
363019 363020 7
363019 363021 7
363019 222938 7
363030 363031 7
363030 363032 7
363041 363042 7
363041 363043 7
363041 133755 7
363041 363044 7
363041 12079 7
363041 363045 7
363041 79721 7
363041 34719 7
363041 363046 7
363041 363047 7
363041 363048 7
363041 363049 7
363041 363050 7
363041 363051 7
363041 363052 7
363041 113702 7
363041 363053 7
363041 363054 7
363066 363067 7
363074 363075 7
363074 363076 7
363074 363077 7
363074 363078 7
363074 363079 7
363074 363080 7
363081 363082 7
363084 7003 7
363084 7016 7
363084 7019 7
363084 363085 7
363084 363086 7
363087 235490 6
363087 235490 7
363088 363089 7
363090 54348 7
363091 363092 7
166673 39596 7
166673 87324 7
166673 25274 7
166673 45463 6
166673 45463 7
166673 11755 7
166673 331000 7
363099 363100 7
363101 44121 7
363101 197500 7
363101 117984 7
363101 363102 7
363101 363103 7
363101 215472 7
363105 363106 7
363105 363107 7
363117 259327 7
363125 363126 7
363127 273036 7
363134 363135 5
363134 362398 5
363144 49715 5
363144 49737 5
363144 49746 5
363144 49748 5
363144 161811 7
363144 161811 5
363144 55510 5
363144 35804 5
363144 33586 7
363144 33586 5
363144 94190 5
363144 165024 5
363144 363145 5
363144 144977 5
363144 171568 5
363144 90207 5
363144 55529 5
363147 363148 7
363149 363150 7
363153 50098 7
363153 363154 7
363155 191664 7
363160 98966 6
363160 98966 7
363160 98966 5
363165 190539 7
363172 363173 7
363172 363174 7
363180 258973 7
363182 363183 7
363182 363184 7
363182 363185 7
363182 363186 7
363182 363187 7
363182 363188 7
363182 352683 7
363182 363189 7
363182 363190 7
363182 363191 7
363200 363201 7
363208 363209 7
363208 363210 7
363208 363211 7
363215 363216 7
363215 244166 7
363215 363217 7
363222 363224 7
363222 363225 7
363222 363226 7
363222 363227 7
363222 363228 7
363222 363229 7
363232 363233 7
363240 363241 7
363260 363261 7
363263 363264 7
363263 363265 7
363263 363266 7
363263 363267 7
363280 197952 7
363281 363282 7
363281 363283 7
363299 112773 7
363299 18952 7
363308 363309 7
363316 363317 7
363319 345760 7
363322 363323 7
363324 363325 7
363324 363326 7
363324 363327 7
363332 213062 5
363332 231384 6
363332 23435 5
363332 190394 5
363332 363333 5
363332 363334 5
363332 363335 5
363332 363336 5
363332 287807 5
363332 94184 5
363332 363337 5
363332 147643 5
363332 35551 5
363332 154986 5
363332 219928 6
363332 53236 6
363332 270357 5
363332 129529 6
363332 363338 6
363332 95047 5
363342 177151 7
363342 84143 7
363342 177154 7
363344 160120 7
363344 160120 5
363344 177151 7
363344 177151 5
363344 84143 5
363344 177154 7
363344 177154 5
363348 177167 5
363357 16077 7
363362 363363 7
363362 363364 7
363374 363375 7
363380 363381 7
363380 363382 7
363388 363370 7
363392 82708 5
363392 34734 5
363392 13501 5
363392 225712 5
363392 32057 5
363392 28196 5
363392 39725 5
363392 122210 5
363392 207692 5
363392 15674 5
363396 363397 7
363400 26222 7
363400 126772 7
363428 161680 7
363428 15390 6
363428 34006 7
363428 23975 6
363428 23975 7
363428 363430 7
363439 155286 7
363439 363440 7
363439 363441 7
363439 363442 7
363444 363445 7
54831 363449 7
363454 363455 3
363454 363456 3
363463 44542 7
363468 363469 6
363470 103710 6
363470 103706 6
363470 160057 6
363470 338328 6
363470 363471 6
363470 283543 6
363472 236205 7
363473 156750 7
363473 363474 7
363492 363493 7
363492 363494 7
363492 363495 7
363500 358443 5
363500 363550 5
363500 358444 5
363500 363551 5
363500 363552 5
363500 277482 5
363500 277483 5
363500 277484 5
363500 358447 5
363500 363555 5
363500 358454 5
363500 363556 5
363500 358455 5
363500 363559 5
363584 363585 7
363587 145771 7
363587 266186 7
363587 266187 7
363587 266188 7
363587 304951 7
363587 266189 7
363587 266190 7
363587 266194 7
363587 266195 7
363603 363604 7
363605 86341 7
363608 299581 7
363609 352476 7
363609 324457 7
363609 324457 5
363609 251203 7
363609 251203 5
363627 352703 5
363627 363545 5
363627 363546 5
363627 363547 5
363627 363549 5
363627 176914 7
363627 176914 5
363627 176915 5
363630 272082 5
363630 363368 5
363630 363631 5
363637 210183 7
363638 363639 3
363640 363641 7
363640 363642 7
363640 363643 7
363640 363644 7
37652 37651 3
37652 36746 3
37652 37653 3
37652 37654 3
363650 363651 7
363650 363652 7
363650 363653 7
363650 363654 7
363650 363655 7
363656 105506 7
363656 363657 7
363656 363658 7
363656 363659 7
363656 363660 7
363656 363661 7
363656 363662 7
363656 363663 7
363656 363664 7
363666 86126 7
363666 363667 7
363672 48123 6
363672 363673 6
363680 363681 7
363680 225155 7
363680 363682 7
363680 363683 7
363680 224479 7
363680 363684 7
363680 363685 7
363680 363686 7
363680 363687 7
363680 299076 7
363680 284904 7
363680 363688 7
363680 363689 7
363680 363690 7
363680 299077 7
363680 363691 7
363680 214580 7
363680 297462 7
363680 296573 7
363680 252373 7
363680 363692 7
363680 363693 7
363680 363694 7
363680 299080 7
363701 214453 7
363701 196879 7
363713 363714 7
363713 363715 7
363713 363716 7
363713 363717 7
363713 363718 7
363713 363719 7
363722 363723 7
363727 210135 5
363727 238075 6
363727 245863 6
363727 363728 5
363727 174688 5
363727 210136 5
363729 363730 7
363729 92972 7
363729 53887 7
363729 363731 7
363729 8879 7
363729 162094 7
363732 363733 7
363732 363734 5
363747 363748 7
363752 363753 7
363785 312644 7
363785 5439 7
363797 363798 7
363808 363511 5
363808 33286 5
363808 161056 5
363813 363814 7
363813 363815 7
363813 363816 7
363813 363817 7
363813 363818 7
363813 363819 7
363813 363820 7
363813 363821 7
363813 363822 7
363813 363823 7
363813 363824 7
363813 363825 7
363813 363826 7
363813 363827 7
363813 160265 7
363813 363828 7
363840 43257 5
363840 21691 5
363840 41090 7
363840 41090 5
363840 44834 5
363841 182522 7
363841 182523 7
363845 97574 5
363855 363856 7
363869 21305 7
363869 121181 7
363879 363880 7
363879 363881 7
363879 363882 7
363884 363885 7
212732 168698 3
363892 363893 7
363892 4869 7
363892 4870 7
363892 363894 7
363897 363898 7
363903 83913 5
363903 157692 5
363903 363904 5
363903 363905 5
363903 264016 5
363906 363907 7
363906 363908 7
363912 143383 5
363912 143386 5
363914 363915 7
363917 5177 5
363921 120798 3
363925 363508 7
363925 363509 7
363925 363510 7
363925 363514 7
363925 363516 7
363925 363521 7
363925 94858 7
363926 363927 7
363926 363928 7
363932 363933 7
363938 363939 7
363938 363940 7
363944 363945 3
363944 363946 3
363944 363947 3
363944 363948 3
363944 363949 3
363951 363952 7
363951 363953 7
363951 363954 7
363951 363955 7
363951 363956 7
363951 147269 7
363966 363967 7
363966 363968 7
364087 364088 7
364087 364089 7
364087 364090 7
364087 364091 7
364087 364092 7
364093 363524 5
364093 363532 5
364093 363533 5
364093 363534 5
364093 363535 5
364093 127550 5
364093 363536 7
364093 363537 5
364093 363538 5
364093 363540 5
364093 363541 5
364093 363976 5
364093 363542 5
364093 363977 5
364093 364094 5
364093 364051 5
364093 364081 7
364106 92066 5
364106 339365 5
364106 163638 5
364106 363532 7
364106 364107 5
364106 364048 5
364106 364007 5
364106 364040 7
364106 364040 5
364106 248307 5
364106 44797 5
364106 176880 5
364106 314876 5
364106 14684 5
364106 99666 5
364106 105695 5
364106 223470 7
364106 223470 5
364106 152392 5
364106 175390 5
364106 176940 7
364106 176940 5
364106 176941 5
364106 176954 5
364106 176967 5
364106 218815 5
364106 257218 5
364106 364021 5
364106 364041 5
364106 364042 5
364106 364108 5
364106 364109 5
364106 364110 5
364106 364053 5
364106 364111 5
364106 364112 5
364106 364113 5
364106 364114 5
364106 364115 5
364106 364116 5
364106 364101 5
364106 364043 5
364106 364054 5
364106 364117 5
364106 364118 5
364106 364119 5
364106 364120 5
364106 364055 5
364106 364056 5
364106 364121 5
364106 364102 5
364106 364057 5
364106 364122 5
364106 364123 5
364106 364124 5
364106 364125 5
364106 364126 7
364106 364126 5
364106 254462 5
364106 281811 5
364106 223974 5
364106 223975 5
364106 223976 5
364106 185910 5
364106 364127 7
364106 364127 5
364106 223977 5
364106 223978 5
364106 223979 5
364106 223997 7
364106 223997 5
364106 224036 5
364106 224037 5
364106 224044 5
364106 185911 5
364106 191924 5
364106 278072 5
364106 364128 5
364106 107908 5
364132 120052 7
364159 30802 5
364159 35787 5
364159 363536 5
364159 222006 7
364159 224041 5
364159 224042 5
364159 364160 5
364159 27949 5
364159 154098 5
364161 193565 7
364161 104982 7
364161 99710 7
364161 77643 7
364161 312553 7
364161 318306 7
364161 334235 7
364163 206111 7
364163 318767 7
364164 364165 7
364164 364166 7
364164 364167 7
364177 364178 7
364177 364179 7
245930 245931 6
245930 245931 7
245930 245931 5
185663 364201 3
364211 27178 7
364211 27184 7
364211 27185 7
364212 364213 7
364222 364223 7
364229 364230 7
364234 150866 5
364237 364238 7
364237 105316 7
364237 25417 6
364237 25417 7
364237 53881 7
364237 364239 7
364237 47415 7
364237 23945 7
364237 105075 6
364240 364241 7
364240 238900 7
364240 364242 7
364240 144941 7
364240 364243 7
364240 364244 7
364262 364263 7
364262 364264 7
364262 364265 7
364262 364266 7
364273 364274 7
364273 31745 7
364275 290375 7
364295 24767 5
364295 125647 5
364295 24805 5
364297 24767 5
364297 24805 5
272424 272425 5
272424 169918 5
272424 169919 5
364330 96713 5
364330 43603 5
364330 339354 5
364330 358450 5
364330 197128 5
364330 96306 5
364330 74135 5
364330 229998 5
364330 364331 5
364330 75150 5
364330 75152 5
364330 14466 5
364332 219746 7
364333 364334 7
364333 364335 7
364338 145414 7
364338 364339 7
364338 211518 7
364338 257780 7
364338 282342 7
364338 319545 7
364338 343198 7
364338 350285 7
364338 364340 7
364338 364341 7
364342 55870 7
364342 55871 7
364347 53619 7
364361 169749 7
364361 261991 7
364361 17322 7
364361 169745 7
364361 169772 7
364361 294699 7
364361 285708 7
364361 187993 7
364361 356199 7
364361 364362 7
364361 364363 7
364365 83006 7
364365 22927 7
364367 251680 7
364371 364372 7
364381 126478 5
364386 127918 6
364386 127918 7
364386 127918 5
364389 94699 7
364389 31690 7
364389 273162 7
364393 249286 5
364393 197954 5
364399 235875 7
364402 44670 3
364403 364404 7
364408 211027 7
364408 211029 7
364410 363512 5
364410 94856 5
364414 105316 7
364414 364415 7
364414 11932 7
364414 45870 7
364414 364416 7
364437 364438 7
364439 190533 7
364439 364440 7
364439 12225 7
364439 194330 7
364439 309900 7
364439 364441 7
364439 364442 7
364443 364444 7
364443 13371 6
364443 261006 6
364452 215164 7
364492 364493 7
364492 143570 7
364509 364510 7
364509 170673 7
364509 111935 7
364517 15222 7
364517 93806 7
364520 364521 7
364520 364521 5
364520 364522 6
364520 364522 7
364520 364522 5
1060 364527 7
364528 223598 7
364532 364533 7
364532 364534 7
364545 42257 7
364552 258424 7
364552 258425 7
364553 258424 7
364553 258425 7
364556 258424 7
364556 258425 7
364563 49833 5
364563 49895 6
364563 49896 6
364563 49897 6
364563 49899 6
364563 49900 6
364563 49902 6
364576 364577 7
364576 364578 7
364582 364583 7
364584 364585 7
364584 364586 7
364592 17820 7
364592 183835 7
364592 17821 7
364623 364624 7
364623 364625 7
364623 364626 7
364634 240642 7
364634 364635 7
364640 9056 6
334412 159664 3
364658 331405 7
364658 364659 7
364658 364660 7
45647 316169 3
364676 181096 7
364676 181096 5
364676 364677 6
364676 364677 7
364676 364677 5
364676 341666 5
364676 246297 5
364676 244855 5
364676 341669 7
364676 295232 5
364680 364681 7
364689 6683 7
364695 319131 5
364698 364699 7
364700 161418 3
364703 364704 7
364705 364706 7
364705 364707 7
250880 179456 3
250880 244514 3
364716 364717 7
364716 266523 7
364716 364718 7
364725 15027 5
364725 142775 5
364725 168129 5
364725 189439 5
364725 7927 5
364729 182752 5
364731 176731 7
364732 321190 7
364734 101905 7
364734 176731 7
364738 340252 7
364738 340252 5
364738 282501 5
364738 103307 5
364738 106392 6
364738 106392 5
364744 206040 6
364747 364748 7
364747 364749 7
364747 364750 7
364747 364751 7
364747 364752 7
364747 361860 7
364747 361861 7
364747 143478 7
364747 143479 7
364747 364753 7
364747 6237 7
364747 364754 7
364757 364758 7
364762 16524 5
364763 213599 5
364763 44277 5
364770 105681 6
364773 212059 7
364773 212063 7
364773 212066 7
364773 212074 7
364773 176678 7
364773 15590 7
345112 23915 7
364784 19298 7
364784 364785 7
364784 364786 7
364784 364787 7
364784 364788 7
364784 364789 7
364790 364791 7
364794 364795 7
364794 364796 7
364794 364797 7
364794 364798 7
364794 364799 7
364794 364800 7
364794 364801 7
364794 364802 7
364794 364803 7
364794 364804 7
364794 364805 7
364794 364806 7
364794 364807 7
364811 364812 3
364816 364094 7
364817 363984 7
364817 363988 5
364817 155392 5
364817 153174 5
364817 176910 5
364817 176911 7
364817 176911 5
364817 176912 5
364817 176913 7
364817 176913 5
364817 176937 5
364817 176951 7
364817 29807 5
364817 176970 7
364817 176970 5
364817 264305 5
364817 183584 6
364817 183584 7
364817 183584 5
364817 364818 7
364817 364818 5
364817 364819 7
364817 364819 5
364817 364820 7
364817 238040 5
364817 254467 7
364817 254467 5
364830 270506 7
364840 270506 7
364842 41959 6
364842 41959 7
364842 41959 5
364843 364844 7
364843 364845 7
364843 364846 7
364843 364847 7
364843 364848 7
364843 364849 7
364843 364850 7
364843 364851 7
364843 364852 7
364855 177011 7
364855 364856 7
364855 364857 7
364855 225140 7
364861 169657 7
364861 364862 7
364861 364863 7
364861 364864 7
364861 364865 7
364861 364866 7
364861 364867 7
364861 364868 7
364861 364869 7
364861 364870 7
364861 364871 7
364861 32547 7
364861 364872 7
364861 364873 7
364875 364876 7
364875 364877 7
364884 364885 7
364884 364886 7
364888 161418 3
364896 18726 7
364896 164187 7
32340 364902 3
364903 364904 7
364903 364905 7
364903 364906 7
364903 364907 7
364903 364908 7
364903 364909 7
364910 84108 7
364915 364916 7
364917 364918 7
364921 180759 7
364922 364923 7
364922 364924 7
364931 174891 7
364932 30045 5
364932 166852 5
364932 166853 5
364932 163261 5
364932 183031 5
364933 11217 5
364933 15664 5
364933 51690 5
364933 166696 5
364933 106012 5
364933 203612 5
364933 188963 5
364933 114309 5
364934 364935 7
364934 364936 7
364934 364937 7
364941 364942 7
364941 364943 7
364941 364944 7
364941 177723 7
364941 364945 7
364941 364946 7
364941 364947 7
364948 14483 7
364948 90029 7
364948 22936 7
364949 364950 7
364949 364951 7
364953 24805 6
364953 24805 7
364956 364957 7
364956 364958 7
364956 364959 7
364966 47986 3
361030 364979 3
364985 319334 7
364985 319334 5
364985 364986 7
364985 364986 5
364985 170716 5
364991 306680 7
364994 364995 7
364994 364996 7
364994 364997 7
364994 364998 7
364994 364999 7
364994 365000 7
364994 365001 7
364994 365002 7
364994 365003 7
364994 365004 7
365008 265581 7
365008 365009 7
365010 365011 7
365019 91672 7
365024 73955 7
365024 102764 7
365040 11002 7
365041 365042 7
365054 365055 7
365057 365058 7
365057 191413 7
365057 365059 7
365057 365060 7
365057 365061 7
365057 365062 7
365064 365065 7
365064 365066 7
365064 365067 7
365064 365068 7
365064 365069 7
365064 365070 7
365072 136219 7
365072 178725 7
365072 365073 7
365072 365074 7
365072 113755 7
365072 365075 7
365072 85102 7
365072 338300 7
365072 365076 7
365072 365077 7
365072 365078 7
365088 14075 7
365088 187924 7
365088 14086 7
365088 84314 7
365088 34154 7
365088 6081 7
365088 131943 7
365088 38348 7
365092 363979 5
365094 365095 7
365096 365097 7
365099 365100 7
365107 365108 7
356110 103953 7
365120 113354 6
365120 25431 6
365120 151982 5
365120 231706 6
365120 145996 5
365120 12149 6
365120 168221 5
365120 230022 6
365120 231712 6
365120 284039 7
365120 284039 5
365120 365121 7
365120 365121 5
365120 365122 6
365120 365122 7
365120 200986 7
365128 365129 7
365130 365131 7
365130 365132 7
365130 365133 7
365134 289768 5
365134 168918 5
365134 352161 7
365134 80358 7
365134 80358 5
365134 365135 5
365134 235494 7
365134 235494 5
365136 101335 7
365146 365147 7
365146 365148 7
365146 104414 7
365146 256529 7
365154 94450 7
365154 365155 7
365154 365156 7
365168 30767 7
365176 365177 7
365178 365179 7
365189 102686 7
365193 157571 6
365194 2068 7
365203 363982 5
365203 363983 5
365203 363986 5
365203 363987 5
365203 363988 5
365203 364019 5
365203 364051 7
365203 364687 7
365204 365205 7
365204 365206 7
365209 6818 7
365209 231384 7
365209 229447 7
365209 365210 3
365209 93403 7
365209 80883 7
365209 6848 7
365209 365211 7
365209 168371 7
365209 175091 7
365212 146053 5
365212 83510 5
365215 365216 7
365215 365217 7
365215 365218 7
365241 365242 7
365250 35212 6
365250 365251 7
365250 35217 6
365250 35220 6
365256 365257 7
365269 365270 7
365269 365271 7
365276 13376 7
365279 365280 7
365279 365281 7
365279 365282 7
365302 86017 7
365302 365303 7
365304 365305 7
365306 15530 7
365313 365314 7
365313 365314 5
365313 365315 7
365313 365316 7
365320 365321 7
365320 365322 7
365327 365328 7
365334 365335 7
365334 365336 7
365334 365337 7
346001 39954 7
346001 39954 5
346001 129026 6
346001 129026 7
346001 150846 6
346001 150846 7
346001 150846 5
346001 365338 7
346001 365339 7
346001 169479 6
346001 169479 7
346001 30919 6
365356 4456 7
365356 365357 7
365356 365358 7
365356 365359 7
365356 365360 7
365364 365365 7
365364 365366 7
365364 365367 7
365364 365368 7
365364 365369 7
365364 365370 7
365377 81551 7
365380 365381 7
365382 365383 7
365384 365385 7
220593 365388 3
365425 90358 5
365441 311409 7
365444 241939 7
365444 365445 7
365444 246010 7
365477 365478 7
365484 165343 6
359233 365489 3
359233 361028 3
359233 365490 3
359233 365491 3
359233 365492 3
365501 365502 3
365501 365503 3
365516 365517 7
365516 365518 7
98911 34991 7
365529 49387 5
365529 164992 5
365531 365532 7
365534 365535 7
365534 365536 7
365544 45089 7
79877 79876 3
365557 365558 3
365559 121943 5
326454 365561 3
365569 365570 7
365579 133057 7
365587 162642 7
365587 215359 7
365591 350556 7
365591 365592 7
365591 181816 7
365591 181817 7
365599 365600 7
365599 365601 7
365599 365602 7
365599 365603 7
365599 365604 7
365605 365606 7
365605 365607 7
365605 365608 7
365615 365616 7
365615 365617 7
365615 41570 7
365615 40202 7
365635 128988 6
25405 365639 7
365643 163451 6
365647 178725 7
365648 160044 5
365648 160054 5
365648 160056 5
365648 160061 5
365648 160063 5
365648 160065 7
365648 160065 5
365648 160070 7
365648 160070 5
365648 103761 5
365648 160076 5
365648 160083 5
365648 160086 5
365648 160089 5
365648 160090 5
365648 160097 5
365648 160102 5
365648 160103 5
365650 190202 3
365669 148622 7
365672 202966 5
365672 151472 7
365672 151472 5
365672 138168 7
365672 138168 5
365676 99486 7
365676 365677 7
365676 365678 7
365676 365679 7
365676 365680 7
365676 365681 7
365676 365682 7
365676 365683 7
365676 365684 7
365676 365685 7
365676 365686 7
365690 365691 7
365694 259914 7
365694 127105 7
365699 262503 6
365702 25810 7
365702 251410 7
365702 365703 7
365702 365704 7
365702 364326 7
365702 365705 7
365702 365706 7
365702 365707 7
365702 365708 7
365702 365709 7
365702 365710 7
365718 365719 7
365721 154772 7
365723 133734 7
365723 197655 7
365723 197656 7
365723 197659 7
365723 365724 7
365723 365725 7
365726 365727 7
365739 21942 5
365739 157350 5
365739 83639 6
365739 83639 5
365739 131122 7
365744 233406 6
365744 99299 5
365749 250394 6
365749 250394 7
365749 250394 5
365752 365753 7
365752 365754 7
365755 163053 7
365762 365763 7
365764 203679 6
365764 365765 7
365764 346919 7
365764 365766 7
365771 40420 7
365771 365772 7
365771 365772 5
365771 52127 7
365771 52127 5
365771 365773 5
365771 54077 7
365771 141383 5
365771 130897 5
365771 365774 7
365771 365774 5
365771 365775 7
365771 365775 5
365771 43802 7
365771 43802 5
365771 209752 7
365771 33047 5
365771 261935 5
365776 365777 7
365788 365789 7
365788 365790 7
365788 365791 7
365788 365792 7
365788 365793 7
365795 365796 7
365795 365797 7
365801 365802 7
365801 365803 7
365801 365804 7
365801 365805 7
365801 365806 7
365801 365807 7
365816 236033 5
365816 45384 5
365816 365817 6
365826 365827 7
365829 117574 7
365832 182045 7
365832 113404 7
365832 3765 7
365832 163892 7
365832 80876 7
364838 547 7
364838 29966 6
364838 47947 7
365838 352298 7
365838 352299 7
365838 352301 7
365838 352302 7
365838 352303 7
365838 352304 7
365838 352305 7
365838 352307 7
365838 352308 7
365838 264354 7
365851 341169 7
365854 365855 7
365854 365856 7
365874 113941 7
365876 182863 7
365900 302043 7
365906 100907 7
365911 43538 6
365911 86166 6
365911 43542 6
365911 136294 6
9949 365914 7
9949 365915 7
116720 365922 7
116720 365923 7
365930 72824 7
365930 112807 7
365930 176661 7
365930 365931 7
365940 246773 5
365946 365947 3
365948 12505 6
365948 137972 6
365948 83912 6
365948 106215 6
365948 96689 6
365948 140865 6
365948 83921 7
365948 98290 6
365948 147452 6
365948 149132 6
365948 365949 6
365952 365953 7
365952 365954 7
365952 365955 7
365952 365956 7
365960 112864 6
365961 26426 5
365961 196108 5
365961 137733 5
365961 98280 5
365969 121841 7
365974 228125 3
365974 365973 3
365987 12155 7
365987 347632 7
365991 365992 7
366007 366009 3
366016 366017 3
366019 190519 7
366019 190521 7
366025 366026 7
366025 13502 7
366025 325990 7
366025 366027 7
366025 366028 7
366025 366029 7
366025 366030 7
366025 366031 7
366025 366032 7
366025 366033 7
366025 366034 7
366025 366035 7
366025 366036 7
366025 366037 7
366025 366038 7
366025 366039 7
366025 366040 7
366025 366041 7
366025 366042 7
366025 366043 7
366025 366044 7
366025 366045 7
366053 328150 7
366055 366056 7
366060 12843 3
366062 366063 7
366070 215766 5
366070 156754 7
366070 156754 5
366070 320891 5
366080 179810 6
366086 366087 7
366086 366088 7
366086 366089 7
366086 366090 7
366094 266210 5
366094 366095 7
366100 275714 7
366104 163857 7
366116 366117 7
366134 164873 7
366138 25515 5
366138 243851 5
366138 254873 5
366143 366144 7
366143 366145 7
366143 366146 7
366153 366154 3
366168 238203 6
366168 238205 6
366168 144546 5
366206 363529 5
366206 363530 5
366206 363531 5
366206 363539 5
366206 363548 5
366206 363554 5
366206 269703 5
366206 363992 5
366206 364893 5
366206 363994 5
366206 363995 5
366206 363996 5
366206 364000 5
366206 155390 5
366206 364002 5
366206 364003 5
366206 364004 5
366206 364005 5
366206 364047 5
366206 364006 5
366206 169913 5
366206 364081 5
366206 364052 5
366206 364031 5
366206 364032 5
366206 364033 5
366206 364082 5
366206 364083 5
366206 364020 5
366206 364034 5
366206 364035 5
366206 364038 5
366206 255388 5
366206 255389 5
366206 255391 5
366206 366207 5
366206 255392 5
366206 255393 5
366206 255394 5
366206 364086 5
366206 222006 5
366206 364021 5
45648 138256 3
366218 138256 3
366220 132681 6
366261 264307 5
366261 366262 5
366261 128 7
366267 30385 7
366267 87162 7
366267 27297 7
366267 244966 7
366267 15057 7
366267 95975 7
366268 366269 7
366281 285195 7
366284 366285 7
366288 366289 7
366288 366290 7
366288 284080 7
366291 112725 6
366291 43538 6
366291 86166 6
366291 43542 6
366291 136294 6
366291 125509 6
366307 202614 5
366307 113650 7
366307 366308 7
366320 366321 3
366321 366322 3
366321 366323 3
248728 366324 3
366328 366329 7
366330 366331 7
366359 366360 7
366365 366366 3
366367 366368 3
366382 4935 3
366388 366389 6
366388 366389 5
366392 366393 7
366392 366394 7
366395 43272 7
366395 85318 7
366395 366396 7
366395 42403 7
366395 3436 7
366395 51206 7
366395 162027 7
366395 200132 7
366395 23153 7
366404 254050 7
366406 183763 7
366407 366408 7
366407 366409 7
366407 366410 7
366407 366411 7
366407 366412 7
366407 366413 7
366407 366414 7
366407 366415 7
366407 366416 7
366420 355074 5
366420 366421 5
366420 366422 5
366435 366436 7
366435 366437 7
366435 366438 7
366441 366442 7
366441 366443 7
366441 366444 7
366441 366445 7
366441 366446 7
366449 197041 7
366449 150150 7
366449 8354 7
366449 197042 7
366449 197037 7
366451 4836 7
366455 366456 7
366463 363997 5
366463 363999 5
366463 364518 5
366463 364001 5
366463 364894 5
366463 364519 5
366463 364895 5
366463 7104 5
366477 99192 3
366482 266191 7
366482 266192 7
366482 266193 7
366484 366485 7
366494 106025 7
366520 2653 7
366520 2654 7
366520 2656 7
366520 2657 7
366520 162185 7
366520 162187 7
366520 162191 7
366520 162193 7
366520 143431 7
366520 99135 7
366520 162198 7
366520 162199 7
366520 295302 7
366520 295304 7
366520 130324 7
366520 130329 7
366520 162213 7
366525 366526 7
366527 128208 5
366528 366529 7
366528 366530 7
366528 366531 7
366541 366542 7
366544 366545 7
366544 366546 7
366544 366547 7
366544 366548 7
366544 366549 7
366544 366550 7
366544 366551 7
366553 10981 3
366553 92394 3
366555 366556 7
366567 157594 6
366567 157594 5
366572 187788 3
366573 161570 7
366573 178179 7
366573 366574 7
366573 366575 7
366587 7511 5
366595 366596 7
366595 366597 7
366595 366598 7
366600 366601 7
366600 366602 7
366603 366604 7
366607 346424 7
366611 133646 5
366619 366620 3
366619 366621 3
366624 366625 7
366639 366640 3
366639 366641 3
366643 366644 7
366654 227153 7
366667 320197 7
366667 320197 5
366667 141006 7
366667 141006 5
366667 366668 7
366667 366668 5
366676 366677 7
366676 366678 7
366676 366679 7
366681 366682 7
366681 366683 7
366681 366684 7
366686 366687 7
366686 366688 7
366692 73822 7
366697 366698 7
366697 366699 7
366697 366700 7
366697 188083 7
366697 348011 7
366702 366703 7
366702 366704 7
366702 366705 7
366702 366706 7
366702 366707 7
366702 366708 7
366702 366709 7
366710 131150 7
366710 131150 5
366710 209307 5
366714 79733 6
366714 105407 6
366714 105407 7
366714 105407 5
366714 199712 6
366714 233545 6
366717 366718 7
366726 35278 7
366726 35278 5
8812 67892 7
8812 366729 7
366734 201190 7
366734 182212 5
366734 50024 5
366734 222658 5
366742 30533 3
366755 366756 7
366755 366757 7
366755 366758 7
366759 366760 7
366769 109682 3
366777 278944 5
366777 366778 7
366777 366778 5
366777 215393 5
366777 13509 5
366780 189960 7
366798 366800 5
366798 366801 5
366798 16350 6
366798 16350 5
366802 223812 7
366802 122206 7
366802 122206 5
366802 25266 7
366802 33619 7
366802 80005 7
366802 87331 7
366802 87331 5
366802 144126 7
366803 366804 7
366803 366805 7
366803 366806 7
366809 366810 7
366809 366811 7
366809 366812 7
366816 366817 7
366816 196505 7
366816 366818 7
366816 366819 7
366816 366820 7
366816 196514 7
366816 366821 7
366816 134272 7
366824 366825 7
366824 366826 7
366833 366834 7
366836 141469 7
366842 366843 7
366844 86581 7
366848 366849 7
366848 366850 7
366862 91480 7
366863 32034 6
366863 23985 6
366863 19784 6
366863 23968 6
366863 3856 6
366863 84494 6
366863 7244 6
366863 39531 6
366863 38845 6
366863 39602 6
366863 6747 6
366863 114952 6
366869 366870 7
366871 33566 7
366871 90565 7
366880 366881 7
366880 366882 7
366880 366883 7
366884 366885 7
366910 366911 7
366910 42634 7
80873 211366 7
80873 366916 7
366921 366922 7
366921 366923 7
366921 137733 7
10684 10683 3
366930 366931 7
366930 366932 7
366933 33831 7
366933 125507 7
366935 366936 7
366935 366937 7
366938 366939 7
366940 155551 7
366940 145892 7
366940 366941 5
366956 366957 3
366956 366959 3
366984 366985 7
366984 366986 7
366987 326485 7
366992 168341 6
367000 210897 7
367000 210897 5
364008 364013 5
364008 364014 5
364008 364015 5
364008 364016 5
367015 367016 7
367015 367017 7
367015 367018 7
367015 54190 7
367015 367019 7
367024 86140 7
367029 367030 6
367029 99992 6
367031 217770 3
367050 14750 6
367050 14752 6
367050 43789 6
299785 367070 7
299785 367071 7
299785 367072 7
299785 367073 7
299785 367074 7
367078 138989 7
367078 313897 7
367078 153793 7
367078 367079 7
367078 301689 7
367078 339161 7
367078 367080 7
367081 367083 7
367093 41737 7
367095 175247 3
367097 141709 7
175248 367104 3
175248 367105 3
367112 21622 7
367112 21622 5
367121 141718 7
367122 367123 7
367122 367124 7
367122 367125 7
367135 367136 7
367142 367143 7
367145 367146 7
367145 367147 7
367145 367148 7
367145 367149 7
367145 347391 7
367145 19924 7
367145 367150 7
367145 19940 7
367145 367151 7
367145 363430 7
367157 367158 7
367157 367159 7
367157 367160 7
367157 367161 7
367162 367163 7
367162 367164 7
367162 367165 7
367162 367166 7
367175 367176 7
367175 367177 7
367175 367178 7
367185 367186 7
367195 153908 7
367196 153908 7
367197 367198 7
367197 367199 7
367197 367200 7
367215 367216 3
367224 134100 7
367224 134759 7
367226 214185 7
367228 134355 7
367230 367231 7
367230 367232 7
367230 367233 7
367230 367234 7
367230 367235 7
367237 367238 7
367237 367238 5
367237 136638 5
367248 1491 5
367248 1501 5
367248 151434 7
367248 151434 5
367248 1529 6
367248 1559 5
367248 191372 5
367248 133842 5
367248 118057 5
251132 23103 5
251132 367251 5
251132 156487 5
251132 367252 7
251132 213955 5
251132 189905 5
251132 367253 5
276812 367262 7
276812 367263 7
276812 367264 7
367268 243607 5
367268 37063 7
367268 37063 5
367268 367269 5
367270 367271 7
367276 367277 5
367276 367278 6
367276 367278 5
367289 367290 3
214809 31555 7
214809 31556 7
214809 33868 7
214809 33873 7
214809 73992 7
214809 14432 7
214809 367304 7
214809 39916 7
214809 29892 7
214809 37155 7
214809 46611 7
214809 364416 7
367310 367311 7
367316 14656 7
367321 295152 5
367322 74176 7
367322 74176 5
367322 36254 7
367322 36254 5
367322 104730 7
367322 22937 7
367322 22937 5
367322 67898 5
367322 3454 6
367324 21622 7
367339 367340 7
367344 121846 7
367344 161775 7
294207 367348 3
294207 367349 3
367351 16072 6
367351 24795 6
367351 16090 6
367351 33392 6
367351 24809 6
367351 33889 6
367351 19354 6
367351 33891 6
367366 158337 7
367366 367367 7
367366 367368 7
367366 367369 7
367371 280091 7
367374 367375 5
367374 154261 5
367384 158222 7
367392 367393 3
367394 138174 7
367400 367401 7
360265 323186 3
367403 367404 7
367408 367409 7
367418 367419 7
367421 367422 7
367425 367422 7
367427 367428 7
367427 367429 7
367427 367430 7
367427 367431 7
367427 367432 7
367427 148999 7
367427 367433 7
367427 266350 7
367427 367434 7
367427 96625 7
367427 367435 7
367437 367438 3
367441 367442 7
367457 367458 7
367460 128749 7
367460 190194 7
367465 72584 7
351480 367467 7
351480 367468 7
351480 367469 7
351480 367470 7
367483 4998 7
367483 43677 7
367483 43680 7
367483 35771 7
367483 5177 7
367483 43596 7
367483 33789 7
367483 14985 7
367483 7169 7
367483 5186 7
367483 47413 7
367483 90170 7
367483 20868 7
367483 43137 7
367483 6279 7
367483 7650 7
367483 33032 7
367483 42348 7
367483 5196 7
367483 42933 7
367483 5199 7
367483 97070 7
367483 131270 7
367483 75146 7
367483 83689 7
367483 36671 7
367483 98623 7
367483 209038 7
367483 74547 7
367486 49705 7
367486 35577 7
367489 169425 7
367490 114485 3
367506 367507 7
367523 164380 7
367523 13504 7
367523 179476 6
367523 113695 7
367528 45180 5
367530 2646 7
367530 33263 7
367530 45528 7
367530 45530 7
367530 33267 7
367530 87351 7
367530 258876 7
367530 45537 7
367530 208628 7
367530 45538 7
367530 82772 7
367530 78887 7
367530 45542 7
367530 104642 7
367530 133991 7
367530 45544 7
367530 93900 7
367530 93903 7
367530 87373 7
367530 149493 7
367530 2683 7
367537 367538 7
367548 367549 7
367548 367550 7
367548 367551 7
367556 367549 7
367556 367557 7
367556 367558 7
367563 367564 7
367590 194399 7
367590 265976 6
367590 265976 7
367590 265977 7
367590 213231 5
367590 367591 7
367598 367599 7
367601 367602 7
367610 119196 7
367616 367617 7
367616 367618 7
367616 52647 7
367616 52647 5
367616 367619 7
367616 367620 7
367624 155291 7
367624 136048 7
367624 367625 7
367624 367626 7
367629 283644 7
367629 367630 7
367629 367631 7
367635 367636 7
367652 122899 7
367652 122901 7
367666 367667 7
367666 367668 7
367666 367669 7
367673 204535 7
367673 204535 5
367673 367674 5
367673 112412 5
367673 112415 7
367673 112415 5
367676 367677 7
367678 367679 7
367678 367680 7
367685 367013 5
367685 364018 5
367685 215388 5
367685 34653 5
367685 214653 5
367686 42086 7
367686 89415 7
367686 175894 7
367686 219695 7
367691 364014 5
367691 364015 5
367691 364016 5
367691 364017 5
367692 77976 5
367694 179683 5
367703 367704 7
1790 367713 7
1790 367714 7
1790 367715 7
1790 367716 7
1790 367717 7
367726 30902 7
367737 367739 3
367745 177291 7
367752 134237 6
367754 367755 7
367754 367756 7
367754 367757 7
367758 281725 7
367761 10283 7
367762 367763 7
38554 248368 3
367767 367768 7
367767 367768 5
367774 264586 7
367774 264586 5
367779 31664 6
367779 30800 7
367779 49719 5
367779 49721 5
367779 119865 5
367779 49726 5
367779 49093 5
367779 49094 5
367779 49734 5
367779 49742 5
367779 24053 7
367779 34613 7
367779 49907 5
367779 119871 5
367779 49910 5
367779 49911 5
367779 119899 5
367779 120044 6
367779 120047 6
367780 367781 3
367793 367794 7
367795 367796 7
367795 367797 6
367801 95680 7
367809 367810 7
367813 367814 7
367813 119199 7
367815 367816 7
367818 367819 7
367820 367821 6
367820 367821 7
367820 367821 5
367823 34464 5
367823 144242 5
367823 36062 5
367823 11748 5
367823 24601 7
367823 24601 5
367823 11757 5
367823 131944 5
367823 136731 5
367823 40432 5
367823 79916 5
367825 43592 7
367825 51619 7
367825 33813 7
367829 95850 7
367829 13575 7
367829 367830 5
367829 367831 5
367832 224046 5
367836 53673 7
367836 39953 7
367836 16078 7
367836 114082 7
367836 11225 7
367836 66672 7
367837 214652 7
367837 49910 7
367837 176949 7
367837 47298 7
367837 130 7
367837 131324 7
367839 367840 7
367839 279348 7
367839 282332 7
367839 279349 7
367839 367841 7
367839 279350 7
367845 283197 6
367846 367847 7
367852 367853 7
367852 367854 7
367852 367855 7
367861 212197 7
367861 367862 7
367875 367876 7
367880 367881 7
367880 367882 7
367884 367885 7
367886 109240 7
367886 52175 7
367890 367891 7
367890 367892 7
367890 367893 7
367894 367896 7
367897 107250 6
367897 43436 6
367897 18313 6
367897 107930 6
367897 11649 6
367897 77765 6
367907 367908 7
367907 367909 7
367913 146608 7
367916 240685 7
367916 367917 7
367922 367923 5
367922 335374 5
367922 141688 7
367922 141688 5
367922 367924 5
367922 311613 6
367922 367925 6
367922 367926 6
367922 367927 6
367922 307806 6
367931 124811 5
367931 47169 7
367931 47169 5
367934 367935 7
367934 367936 7
367934 367937 7
78499 223456 3
367947 367948 7
367947 367949 7
367947 367950 7
367947 367951 7
367947 367952 7
367947 367953 7
367947 367954 7
367947 367955 7
367947 367956 7
367947 367957 7
367964 367965 7
367975 367976 7
1451 218057 3
367985 135384 7
367991 203016 7
367991 367992 7
367996 95258 7
368006 76459 7
368007 46964 3
368014 54001 7
162319 368026 7
368039 368041 7
368043 368044 6
368043 368044 7
368043 368044 5
368043 368045 7
368043 368045 5
368047 127446 7
368047 127447 7
368047 127448 7
368059 368060 7
368062 89507 5
368062 35780 5
368062 35787 5
368062 73489 5
368062 35805 5
368062 32785 5
368062 32786 5
368062 75142 5
368062 368063 5
368062 2043 5
368062 154097 5
368062 112130 5
368062 154099 5
368062 168372 5
368062 368064 5
368062 45182 5
368072 279019 5
115739 368100 3
368102 235495 3
368103 77439 7
368103 77445 7
368103 49512 7
368103 77462 7
368103 77463 7
368103 77464 7
368103 77465 7
368103 77466 7
368103 77467 7
368103 77468 7
368103 77471 7
368103 77472 7
368103 77473 7
368103 77474 7
368103 77475 7
368103 77478 7
368103 77479 7
368103 77480 7
368103 77483 7
368103 77484 7
368106 368107 7
368106 368108 7
368106 368109 7
368106 368110 7
368106 163181 7
368117 229113 5
368117 54385 5
368117 166618 6
368122 196506 7
368122 46595 7
368122 46595 5
368122 227406 7
368122 227406 5
368122 246573 5
368122 196516 7
368122 139525 7
368122 80191 7
368126 35987 7
368126 161542 7
368127 368128 7
78531 36721 3
78531 78530 3
75923 51383 6
75923 53541 6
368144 368145 7
368144 368146 7
368148 368149 7
368154 368155 7
368154 368156 7
368154 368157 7
368154 368158 7
368159 368160 7
368159 368161 7
368159 368162 7
368159 368163 7
368159 368164 7
368159 368165 7
368159 368166 7
368159 368167 7
368159 368168 7
368172 368173 7
368172 368174 7
368172 368175 7
368172 368176 7
368181 368082 7
368184 368185 7
368184 368186 7
368184 368187 7
368184 368188 7
368184 368189 7
368184 368190 7
368184 368191 7
368184 368192 7
368184 368193 7
368184 368194 7
368184 368195 7
368184 368196 7
368197 105662 7
368202 39191 7
368202 31689 7
368202 45064 7
224709 243873 7
368203 61773 6
368203 91469 6
368203 18842 6
368203 8310 6
368203 74241 6
368203 121355 6
368203 11031 6
368203 10147 6
368203 130014 6
368203 108472 6
368203 46011 6
368203 133228 5
368203 33009 6
368203 10172 6
368203 133229 5
368203 73377 6
368203 61776 6
368203 45362 6
368203 21407 6
368203 47012 6
368203 105318 6
368203 41245 6
368203 350120 5
368203 98027 6
368203 133230 5
368203 47013 6
368203 182261 6
368203 93409 6
368203 46025 6
368217 108327 7
368222 368223 7
368225 368226 3
368227 368228 7
368227 368229 7
368231 22769 6
368231 44779 6
368231 183254 6
368231 78941 6
368231 295195 6
368231 53324 6
368231 142541 6
368232 45355 7
368232 82054 7
368232 36083 7
368232 14738 7
368232 197452 7
368232 150279 7
368232 368233 7
368239 368240 7
368239 368241 7
368242 368243 7
368246 196310 5
368251 368252 5
368254 243760 7
368254 23089 7
368258 183908 7
368258 183909 7
368258 183910 7
368258 183911 7
368258 183913 7
368258 183915 7
368258 183920 7
368258 183921 7
368258 183923 7
368258 183926 7
368260 368261 7
368266 368267 5
368266 368268 5
368284 252998 7
368290 182335 5
368291 14015 7
368291 76015 7
368291 76219 7
368291 75722 7
368294 1500 5
368294 178493 5
368294 178501 5
368295 184385 3
368301 45864 6
368301 80427 6
368301 53231 6
368301 3138 6
368301 11924 6
368301 98881 6
368301 36697 6
368301 35544 6
368301 33444 6
368301 11928 6
368301 24272 6
368301 18307 6
368301 8205 6
368301 31675 6
368301 94692 6
368301 14659 6
368301 212062 6
368301 8210 6
368301 10789 6
368301 212065 6
368301 357662 6
368301 212069 6
368301 36071 6
368301 94697 6
368301 24278 6
368301 14724 6
368301 14452 6
368301 75086 6
368301 31690 6
368301 43954 6
368301 12640 6
368301 114004 6
368301 331316 6
368301 302814 6
368301 155595 6
368301 29997 6
368301 74004 6
368301 53604 6
368301 82177 6
368301 92070 6
368301 95348 6
368301 331317 6
368301 331318 6
368301 368302 6
368301 368303 6
368301 96504 6
368301 368304 6
368301 331319 6
368301 358127 6
368310 10569 7
368310 31647 7
368310 10581 7
368310 47974 7
368310 29081 7
368310 1037 7
368310 31649 7
368310 31654 7
368310 95573 7
368310 170941 7
368310 83592 7
368310 29093 7
368310 2033 7
368310 114956 7
368310 96208 7
368310 96212 7
368310 331092 7
368310 115867 7
368310 83599 7
368310 83600 7
368310 83604 7
368310 96213 7
368313 368314 6
368319 42893 7
368320 50075 7
368328 368329 7
368336 368337 7
368342 368247 3
368348 7514 7
368348 77449 7
368348 77491 7
368348 77493 7
368348 77497 7
368348 77511 7
368348 127107 7
368352 34210 7
368352 93589 7
368352 43759 7
368352 42897 7
368352 97136 7
368352 163437 7
368352 150240 7
368357 368358 7
368357 368359 7
368357 368360 7
368357 368361 7
368357 368362 7
368357 368363 7
368357 368364 7
368357 368365 7
368357 368366 7
368357 368367 7
368357 368368 7
368357 368369 7
368371 368372 7
368381 368382 7
368381 368383 7
368381 368384 7
368388 368389 7
368388 368390 7
368395 368396 7
368408 368409 7
368413 368414 7
368413 368415 7
368413 210117 7
368413 368416 7
191921 43701 6
191921 84340 6
191921 33002 6
191921 121358 6
191921 34056 6
191921 44642 6
191921 50035 6
191921 86190 6
191921 105169 6
191921 94960 6
191921 264953 6
191921 94072 6
191921 86203 6
191921 86206 6
368417 11918 5
368427 368428 7
368427 368429 7
368427 368430 7
368447 368448 5
368483 368484 7
368483 368485 7
368488 13502 5
368488 30792 5
368488 343073 5
368488 145543 5
368490 368491 7
368497 368498 7
368497 368499 7
368497 368500 7
368497 368501 7
368512 252641 7
368519 368520 3
368529 118441 6
368529 11021 7
368529 129482 5
368529 6825 7
368529 83373 7
368529 215352 7
368529 31565 7
368529 113650 7
368529 95566 5
368529 19563 7
368529 36156 7
368533 74144 6
116592 366368 3
368541 368542 7
368541 368543 7
368549 368550 7
368559 275092 7
368559 368560 7
368590 368591 7
368590 44113 7
368598 368599 7
368598 368600 7
368598 223626 7
368598 368601 7
368621 326220 7
368629 368630 7
368633 368634 7
368646 334411 3
368646 219153 3
368647 368648 7
368654 368655 7
368654 368656 7
368654 368657 7
368654 368658 7
368654 368659 7
368654 368660 7
368654 368661 7
368654 368662 7
368654 368663 7
368678 302710 5
368678 354926 5
368678 368679 5
368683 25062 7
368686 208295 7
368702 368703 7
368702 368704 7
368702 368705 7
368702 368706 7
368702 368707 7
368708 368709 7
368708 368710 7
368708 368711 7
368708 368712 7
368708 302956 7
368714 368715 7
368714 368716 7
368714 368717 7
368718 303975 7
368718 368719 7
368728 44260 7
368728 82674 7
368728 74156 7
368728 80607 7
368729 7505 7
368732 368733 7
368732 368734 7
368732 368735 7
368732 368736 7
368739 14508 7
368739 14509 7
368739 44777 7
368739 49480 7
368739 3093 7
368739 11566 7
368739 43754 7
368739 3106 7
368739 39390 7
368739 43138 7
368739 147211 7
368739 44642 7
368739 80970 7
368739 5087 7
368739 155595 7
368739 50445 7
368739 42532 7
368739 146842 7
368739 31699 7
368740 54394 5
368740 251158 5
368741 368742 7
368741 368743 7
368741 368744 7
368741 368745 7
368746 368747 7
368748 116920 7
368748 116920 5
368748 158435 5
368748 146872 5
368749 269063 6
368751 74241 7
368751 10437 7
368751 14676 7
368751 3769 7
368751 368752 7
368751 252675 6
368761 9909 7
368761 9909 5
368761 117320 7
368761 9918 7
368761 90044 5
368761 6233 5
368761 368762 7
368766 368767 5
368769 368770 7
368769 368771 7
368769 233964 7
368769 41746 7
368769 368772 7
368783 197832 5
368790 1520 6
368798 131322 5
368798 56048 5
368798 32862 5
368798 74132 5
368815 135406 6
368815 135406 7
368815 92181 6
368825 368826 7
368825 368827 7
368825 368828 7
368836 368837 7
368845 16750 6
368845 16752 6
368845 16753 6
368845 16763 6
368845 25824 6
368851 109111 7
368852 368853 7
368869 1449 3
368876 368877 7
368876 368878 7
368876 368879 7
368876 368880 7
368876 368881 7
368882 93559 7
368897 148792 7
368910 201077 7
368914 43703 6
368914 11557 6
368914 16785 6
368914 35549 6
368914 16789 6
368914 80773 6
368914 16818 7
368914 12633 7
368914 42342 6
368914 94071 6
368914 45368 6
368914 10799 6
368914 34662 7
368914 350982 6
368914 43708 6
368914 368915 6
368914 39401 6
368914 33818 6
368914 43492 7
368922 74804 6
368923 153601 7
368929 167194 7
368929 84673 7
368929 86730 7
368932 54564 7
53421 368933 7
368935 368936 7
368935 368937 7
368935 368938 7
368935 368939 7
368935 368940 7
368935 368941 7
368947 368948 7
368947 368949 7
368947 368950 7
368947 368951 7
368947 368952 7
368962 159357 7
368962 368963 7
368978 177146 6
368978 44133 6
368978 195869 6
368978 43633 6
368978 269450 6
368978 248851 6
368978 224388 6
368978 224389 6
368978 224390 6
368978 44143 6
368978 224391 6
368978 224392 6
368978 224393 6
368978 224394 6
368978 44144 6
368978 224395 6
368978 224396 6
368978 224397 6
368978 224398 6
368978 224399 6
368978 224400 6
368978 224401 6
368978 224402 6
368978 224403 6
368978 224404 6
368978 224405 6
368978 224406 6
368978 224407 6
368978 224408 6
368978 224409 6
368978 52898 6
368978 52899 6
368978 89441 6
203704 78507 3
369003 369004 7
369011 179078 7
369011 179079 6
369011 179079 7
369023 7022 7
369032 317131 5
369035 269990 7
369035 152236 7
369037 369038 5
369037 369039 5
369040 369041 7
369040 369042 7
369046 369047 7
369053 317169 7
369054 129784 7
369054 53667 7
45609 187114 3
45609 187115 3
369058 369059 7
369062 369063 7
369064 369065 7
369072 91386 7
369090 369091 7
369090 369092 7
369093 369094 7
369093 369095 7
369093 369096 7
369093 369097 7
369093 369098 7
369093 369099 7
369093 369100 7
369093 369101 7
369093 369102 7
369110 369111 7
369112 261346 3
369112 261347 3
369116 369117 3
369116 369118 3
369116 369119 3
369123 14435 6
369123 20868 6
369123 73999 6
369123 17356 6
369123 163436 6
287357 220585 3
287357 287352 3
369133 164754 7
369133 133720 7
369133 290579 7
369151 128403 7
369151 369152 7
369151 25818 7
369151 46655 7
369191 27200 7
369193 369194 6
369193 369194 7
369193 369194 5
369193 369195 5
369211 369212 7
369211 369213 7
369211 369214 7
369211 369215 7
369216 369217 7
369216 239692 7
369216 369218 7
369216 18057 7
369216 16843 7
369224 369225 7
369231 369232 7
369234 369235 7
369234 369236 7
369240 291447 7
369240 265780 7
41041 45608 3
41041 45604 3
41041 45609 3
41041 45610 3
41041 45611 3
41041 45612 3
369251 171683 3
369252 369253 5
369252 126674 5
369252 126675 5
369252 369254 5
369256 369257 7
369256 369258 7
369256 369259 7
369264 29420 5
369264 29422 5
369268 82798 5
369273 247610 7
369273 247612 7
369274 32760 7
369274 96714 7
369274 259992 7
369274 185267 7
369274 73365 7
369274 272347 7
369274 151706 7
369274 114222 7
369274 17118 7
369274 175094 7
369274 94960 7
369276 94100 6
369285 369286 7
369285 369287 7
369285 369288 7
369290 369291 7
369298 369299 7
369304 369305 7
369304 369306 7
369307 11563 6
369307 77809 5
369307 129182 5
369307 55866 5
369307 75083 6
369307 103088 5
369307 98025 6
369307 54156 6
369307 73471 5
369307 73380 5
369307 73485 5
369307 174370 5
369307 75091 6
369307 74248 5
369307 108474 5
369307 98028 5
369307 142213 5
369307 74261 5
369307 74250 5
369307 108476 5
369307 108477 5
369307 93546 5
369307 93409 5
369308 12000 6
369308 6822 6
369308 34420 6
369308 13973 6
369308 32763 6
369308 32776 6
369308 33010 6
369308 42860 6
369308 8968 6
369308 14462 6
369308 6846 6
369308 99737 6
369308 42866 6
369308 74251 6
369310 29406 5
369310 55857 5
369310 43758 5
369310 55873 5
369310 55874 5
369310 55875 5
369310 55876 6
369310 55876 5
369310 55877 5
369310 55880 5
369310 82056 5
369310 208050 5
369310 14718 5
369310 77795 5
369316 189984 5
369316 26052 5
369316 34520 5
369319 43654 6
369319 25366 6
369319 15668 6
369319 13509 6
369319 241986 6
369319 247919 6
369319 43992 6
369319 149163 6
369319 154960 6
369319 369320 6
369323 369324 7
369336 369337 7
369336 369338 7
369341 369342 7
369341 369343 7
369346 369347 7
369346 369348 7
369346 369349 7
369346 369350 7
369346 369351 7
369346 369352 7
369346 369353 7
369346 369354 7
369346 369355 7
369346 369356 7
369346 369357 7
369346 369358 7
369346 369359 7
369346 369360 7
369346 369361 7
369346 369362 7
369346 369363 7
369346 369364 7
369346 369365 7
369346 369366 7
369375 369376 7
369375 369377 7
369375 369378 7
369375 369379 7
369375 369380 7
369396 311173 6
369396 311173 7
369396 311173 5
369405 369406 7
369416 369417 7
369416 369418 7
369416 369419 7
369430 3843 7
369436 7253 6
369436 271138 6
369436 98322 6
369449 369450 7
369461 98966 7
369461 369462 7
369470 369471 6
369470 369471 7
369470 369471 5
369473 104048 7
369486 215551 3
369489 9619 6
369489 9621 6
369489 7877 6
369489 9627 6
369489 49048 6
369489 9634 6
369489 10619 6
369489 9642 6
369489 9652 6
369489 154335 6
369489 306136 7
369489 151828 6
369489 9656 6
369489 9657 6
369489 9659 6
369503 6836 7
369503 114223 7
369503 369504 7
369506 369507 7
369506 369508 7
369506 369509 7
369506 369510 7
369514 292076 7
369516 369517 5
369516 237576 5
369516 101946 5
369516 213791 5
369516 273355 6
369516 273370 6
369516 369518 5
369516 243142 6
369516 152199 5
369516 239210 5
369516 256302 5
369516 369519 5
369516 369520 5
369516 369521 5
369516 369522 5
369516 369523 5
369516 243144 7
369516 243144 5
369516 53562 5
369516 245113 5
369524 7258 7
369533 369534 7
369539 369540 5
369539 369541 6
369539 369541 5
369539 252409 6
369539 252409 5
369539 252410 7
369539 252410 5
369539 369542 7
369539 369542 5
369539 369543 7
369539 369543 5
369551 369552 7
369551 369553 7
43611 43605 3
369563 74596 7
369573 234 7
369573 33441 7
369573 13971 7
369573 14981 7
369573 35567 7
369573 21413 7
369573 75084 7
369573 94071 7
369573 94706 7
369581 111576 7
369581 369582 7
369600 94482 6
369600 190343 6
369603 128144 3
369606 363998 7
369611 32364 5
369611 369612 6
369611 74302 6
369611 369613 6
369611 369614 6
369621 320426 7
369621 335338 7
369621 350197 7
369621 117063 7
369621 256467 7
369621 279569 7
369621 256469 7
369621 369622 7
369621 320428 7
369621 367862 7
369621 369623 7
369624 140459 7
369627 365592 7
369629 271443 7
369629 271444 7
369629 368772 7
369633 100902 3
369633 241336 3
369637 74509 7
369638 25260 6
369638 169176 6
369638 169176 5
369638 242821 6
369645 54374 7
369645 54374 5
369645 54385 6
369645 54385 7
369645 132909 5
369645 54404 5
369662 369664 7
369669 130961 7
369669 130961 5
369685 169852 6
369695 369696 7
369698 369699 7
369704 369705 7
369710 341257 7
369710 369711 7
369720 252307 7
369720 369721 7
369720 369722 7
369720 234509 7
369720 369723 7
369720 369724 7
369735 369736 7
369735 307673 7
369735 18690 6
369735 369737 7
369745 369746 7
369745 369747 7
369745 369748 7
369761 225164 7
369761 225168 7
369764 6237 5
369767 369768 7
369788 369789 7
369798 369799 7
369798 369800 7
369817 369818 7
369824 178563 7
369824 369825 7
369824 140325 7
369834 34640 7
369834 31685 7
162946 182128 7
369861 369862 3
369861 369863 3
29191 7448 3
29191 29189 3
369889 369890 7
369892 369893 7
369892 369894 7
369892 369895 7
369892 369896 7
369901 211381 7
369901 211383 7
369914 76445 7
369915 369916 7
369915 369917 7
369915 369918 7
369920 369921 7
369920 369921 5
369920 369922 5
369928 369929 7
369928 369930 7
369928 369931 7
369934 369935 7
369934 369936 7
369934 369937 7
45606 45605 3
369943 166219 7
369944 369945 7
369944 369946 7
369944 369947 7
369944 369948 7
369944 369949 7
369953 369954 7
369956 369957 7
369959 44549 7
369959 44553 7
369959 44556 7
369959 44557 7
369959 44558 7
369959 44561 7
369959 44562 7
369967 76443 7
369967 76445 7
369970 369971 3
244500 244499 3
244500 244501 3
244500 369974 3
369994 369995 7
369994 369996 7
370007 370009 7
370013 370014 6
370017 177443 7
370021 370022 7
370021 370023 7
370028 370029 7
370028 370030 7
370028 116221 7
370035 209448 7
370035 209448 5
370035 43445 5
370037 370038 7
370037 370039 7
370037 370040 7
370059 40342 3
370060 205828 7
370060 205828 5
370063 370064 7
370063 223295 7
370077 307302 7
370080 370081 7
370080 370082 7
370080 370083 7
370080 370084 7
370080 370085 7
370080 370086 7
370080 370087 7
370080 370088 7
370080 370089 7
370080 370090 7
370080 370091 7
370080 370092 7
370093 263790 7
370093 182863 7
370093 182864 7
370105 117971 3
370105 54854 3
370105 270709 3
370105 270710 3
370115 370116 7
370115 19629 7
370115 370117 7
370121 370122 7
370121 370123 7
370121 353292 7
370121 370124 7
370121 370125 7
370121 370126 7
370121 350788 7
370121 370127 7
370121 370128 7
370121 370129 7
370136 12779 7
370136 370137 7
370136 370138 7
370142 306665 7
314221 370155 3
370159 87321 7
370159 274569 7
370159 45278 7
370159 47968 7
370159 45673 7
370159 45673 5
370159 16391 7
370172 370173 7
370186 370187 7
370195 370196 7
370195 87530 7
370210 370211 7
370220 370221 7
370220 370222 7
370220 370223 7
370220 370224 7
370220 370225 7
370220 370226 7
370220 370227 7
370220 12352 7
370220 370228 7
370220 370229 7
370220 370230 7
370220 370231 7
370233 370234 7
370233 370235 7
370233 370236 7
370237 370238 3
370242 370243 3
243785 370245 3
370247 370248 7
370247 370249 7
370247 370250 7
370256 74053 7
370256 84010 7
370256 275248 7
370256 219475 7
370256 101517 7
370256 134574 7
370256 275255 7
370256 275256 7
370256 40216 7
370258 370259 7
370263 122899 7
370263 122901 7
370275 103542 7
370275 370276 7
370282 370283 7
370287 370288 7
370300 155351 7
370300 155351 5
370304 1413 3
370307 370308 7
370307 370309 7
370307 370310 7
370307 285969 7
370312 188218 7
370321 255075 7
370324 246086 6
370324 246086 5
370331 135781 6
370331 370332 7
370331 145183 6
370331 145183 5
370331 370333 5
370331 370334 7
370331 370334 5
370331 91478 6
370331 91478 7
370331 91478 5
370331 168249 5
370331 318148 6
370331 167805 6
370331 156615 5
370331 203830 6
370336 177840 7
370336 177850 7
370337 369116 7
370337 370338 7
370340 240996 7
370340 256635 7
370340 348191 7
370340 348192 7
370343 252619 7
370349 212809 6
370349 212814 6
370353 340876 7
370366 370367 7
370366 370368 7
370366 15386 6
370366 15386 7
370366 15386 5
370366 99344 6
370366 142283 7
370375 370376 7
370377 370378 7
253813 253814 3
370389 370390 6
370389 370390 7
370389 370390 5
370389 370391 6
370389 370391 7
370389 370391 5
370389 370392 5
370399 370400 7
370415 97475 7
370415 74510 7
370415 74511 7
370416 268818 7
370425 370426 7
370436 370437 7
370439 126441 6
370439 202504 6
370439 370440 6
370439 370441 6
370439 212464 6
370439 295679 6
370439 370442 6
370439 370443 6
370439 370444 6
370439 126473 6
370439 126477 6
370439 212469 6
370446 370447 7
370446 370448 7
370450 370452 3
370461 370462 7
370461 370463 7
370461 370464 7
370461 370465 7
370461 370466 7
370461 370467 7
370461 370468 7
370470 112732 7
370472 370473 7
370472 370474 7
370472 370475 7
370472 370476 7
370472 370477 7
370472 370478 7
370472 370479 7
370472 370480 7
370472 370481 7
370472 370482 7
370472 370483 7
370472 370484 7
24825 101463 6
24825 138800 6
370489 370491 7
370506 269995 5
370509 155796 7
370509 370510 7
370509 370511 7
370509 370512 7
370509 370513 7
370509 370514 7
370509 370515 7
370509 370516 7
370509 370517 7
370509 193425 7
370509 370518 7
370509 370519 7
370509 370520 7
370509 370521 7
370509 370522 7
370509 370523 7
370526 370527 7
370526 370528 7
370526 370529 7
370526 370530 7
370526 370531 7
14006 370536 7
370538 169763 7
370538 266852 7
370538 169765 7
370547 370548 7
370547 370549 7
370563 346613 7
370563 196087 7
370563 370564 7
370563 370565 7
370563 167112 7
370573 221580 5
370577 122106 7
370580 223407 7
370593 11582 7
370593 32518 7
78390 370596 3
78390 261014 3
78390 370598 3
78390 370599 3
370608 85972 7
30738 32071 3
30738 370609 3
370610 113393 3
370610 297697 3
370610 370611 7
370615 370616 7
370638 370639 7
179550 116519 5
179550 6741 5
179550 34865 5
179550 43016 5
179550 104339 5
179550 130380 5
179550 44607 7
179550 44607 5
179550 103568 5
179550 34750 5
179550 370641 5
179550 370642 5
179550 141505 5
179550 26658 5
370657 370658 7
370665 254000 7
984 370674 7
984 370675 7
984 370676 7
370713 179637 7
370713 179638 7
370713 302324 7
370713 179641 7
370713 304394 7
370713 302325 7
370713 370714 7
370713 302330 7
370713 370715 7
370741 241908 7
370754 370755 7
370757 179638 7
370757 179641 7
370762 370763 7
370764 370765 7
370764 370766 7
370764 370767 7
370768 370769 7
370773 145999 7
370799 370800 7
370803 119714 5
370803 44814 5
370803 74150 5
370803 167504 5
370803 191763 5
370805 141351 7
370805 141351 5
370805 264187 5
370805 362673 5
370813 86412 6
370816 370817 7
370818 298705 7
370822 25451 5
370822 105360 5
370822 370823 7
370822 183968 7
370822 183968 5
370838 370839 7
370842 370843 7
370842 370844 7
370845 36896 7
370856 82657 5
370856 257923 5
370876 370877 7
370876 370878 7
370876 370879 7
370889 370890 7
370889 370891 7
370892 236851 7
370893 370569 7
370894 39731 7
370894 370895 7
370894 370896 7
370909 281783 6
370916 370917 7
370923 150606 7
370923 370924 7
370932 370933 7
370932 370934 7
370932 370935 7
370939 370940 7
370939 370941 7
370942 370943 7
370942 370944 7
370942 370945 7
370946 370947 7
370946 76321 7
370948 218747 7
370955 370956 7
370960 53514 6
370960 53514 7
370960 51383 7
370960 75925 7
370960 51386 5
370960 53552 5
370969 255069 7
137560 50531 3
370992 15385 6
370992 39535 6
370992 43980 6
370992 26047 6
370992 118433 6
370992 67892 6
370992 39617 6
370992 2104 6
370992 29658 6
370992 92652 6
370992 80007 6
370992 89077 6
370992 123807 6
370992 19351 6
371000 118028 7
371000 118028 5
371000 18795 7
371000 18795 5
371000 138156 7
371000 138156 5
371000 140217 7
371000 140217 5
371000 359458 7
371001 371002 7
371003 371004 7
371003 371005 7
371003 256298 7
371010 45700 7
371010 89491 7
371010 13717 7
371011 371012 5
371020 371021 7
371045 287352 7
371045 287353 7
371045 287355 7
371045 287356 7
371045 287357 7
371060 371061 7
371064 371065 7
371069 322553 7
371069 253116 7
371079 371080 7
371079 74624 7
371079 74625 7
371079 371081 7
371079 371082 7
371079 371083 7
371079 371084 7
371095 117133 5
371095 123163 6
371095 124596 6
371095 157381 6
371107 73955 5
371107 102764 5
371107 371108 5
371134 371135 7
371134 371136 7
371134 371137 7
371141 371142 7
371141 371143 7
371141 371144 7
371141 371145 7
371141 371146 7
371151 350664 7
371151 371152 7
371151 371153 7
371151 371154 7
371151 340761 7
371151 371155 7
371151 90359 7
371151 371156 7
371151 371157 7
371158 371159 7
371158 371160 7
371158 371161 7
371158 371162 7
371158 371163 7
371185 371187 3
371190 50721 7
371190 50721 5
371192 245567 7
371193 371194 7
371199 371200 7
371214 371215 7
371214 371216 7
371214 371217 7
371214 371218 7
371214 371219 7
371214 371220 7
371214 371221 7
371214 371222 7
371214 371223 7
371214 371224 7
371214 371225 7
371214 371226 7
371214 371227 7
371214 371228 7
371214 371229 7
371214 371230 7
371214 371231 7
371235 371236 7
371235 371237 7
371241 371242 7
371243 74359 5
371243 274760 7
371243 813 5
371252 352353 5
371254 371255 5
371254 371256 5
371254 308218 5
371259 82657 5
371270 290511 6
371272 215389 5
371279 7160 7
371279 32504 7
371279 45055 7
371279 8205 7
371279 10147 7
371279 50586 7
371279 74246 7
371279 102970 7
371279 42909 7
371279 175892 7
371279 98884 7
371279 34895 7
371279 11589 7
371279 75106 7
371279 6294 7
371279 33821 7
371281 25806 7
371281 33875 7
371281 25816 7
371281 135346 6
371281 25820 5
371281 96755 5
371281 371282 7
371283 88866 7
371290 371291 7
371294 371295 7
371306 113564 7
371306 103218 7
371308 145935 7
371315 371316 7
371315 371317 7
371315 371318 7
371320 371321 7
371322 371323 7
371322 371324 7
371322 371325 7
256631 162731 3
371328 371329 7
371336 371337 7
371336 371338 7
371336 371339 7
371352 44098 7
45614 45617 3
45614 45613 3
45614 43819 3
45614 45615 3
371358 371359 5
371358 371360 5
371362 150502 7
371362 106055 5
371362 371363 7
371368 46878 7
371368 46884 7
371368 46886 7
371389 371390 7
371389 371391 7
371389 371392 7
371389 371393 7
371389 371394 7
371389 371395 7
371398 371399 7
371401 165635 7
371401 371402 7
371408 336229 7
371419 371420 7
371422 352353 7
371422 113868 6
371427 371428 7
371437 371438 7
371439 371440 7
371451 371452 7
371455 100396 7
371455 371456 7
371455 100417 7
371455 100419 7
371455 100420 7
371455 100422 7
371455 100426 7
371460 371461 7
371460 371462 7
371460 42065 7
371464 371465 7
371464 371466 7
371464 371467 7
371464 371468 7
371464 371469 7
371464 371470 7
371464 371471 7
371464 371472 7
371478 371479 7
371481 217959 5
371484 371485 7
371484 371486 7
371509 371510 5
371515 196437 7
371515 306411 7
371515 274880 7
371515 371516 7
371528 3043 5
371528 26659 7
371528 26659 5
371528 3047 5
371539 250112 5
371549 263843 5
371554 371555 7
371561 247272 7
371568 1210 7
371574 273596 7
371582 371583 7
371582 227133 7
371592 371593 7
371592 203960 7
371614 84501 7
371620 371621 7
371620 371622 7
371631 54566 6
371634 371635 7
371651 371652 7
371657 371658 7
371657 371659 7
371657 371660 7
371657 371661 7
371668 371669 7
41042 364700 3
41042 371677 3
41042 371678 3
186369 335735 3
371691 7863 7
371695 316190 5
371696 15228 7
371706 371707 7
371706 371708 7
371706 371709 7
371714 371715 3
371724 103716 6
371726 371727 7
371726 371728 7
371726 371729 7
371732 371733 7
371732 371734 7
371732 371735 7
371732 371736 7
371732 371737 7
371732 371738 7
371732 371739 7
371732 371740 7
371732 371741 7
371732 371742 7
371732 371743 7
371732 371744 7
371732 371745 7
371746 124573 7
371746 371747 7
371753 371754 7
371760 371761 7
371777 301201 7
371777 73463 7
371792 211391 7
371809 256195 7
371813 117076 3
371816 371817 7
371816 371818 7
371816 371819 7
371816 371820 7
371816 371821 7
371816 371822 7
371840 34457 6
371840 37144 6
371840 19529 6
371840 34474 6
371840 16552 6
371845 143132 7
371869 371870 3
371875 55752 7
371875 7601 7
371875 35427 7
371878 371879 7
371878 371880 7
371878 371881 7
371888 159958 7
371888 371889 7
371893 50408 7
371899 371900 7
371899 371901 7
371904 371905 7
371904 371906 7
371908 29362 6
371908 371909 6
371911 28193 7
371911 28193 5
371911 35433 7
371911 8043 7
371911 51204 7
371911 32813 5
371911 33630 7
371911 122420 7
371911 126691 5
371911 113465 5
371914 322676 6
371918 371919 7
371920 202967 7
371920 103724 7
371920 282109 7
371920 180213 7
371920 180220 5
371933 115608 3
371935 245835 7
371935 347391 7
371935 245836 7
371949 371950 5
371949 371951 5
371952 113736 7
299969 299972 3
371955 95364 7
371955 95401 7
371955 371956 7
371955 371957 7
371982 371983 7
371992 188296 7
371999 372000 7
372005 372006 6
372005 372006 7
372005 372006 5
372005 233206 6
372005 233206 7
372005 233206 5
372007 90328 7
372013 24751 7
372013 32546 7
68473 68472 3
68473 68474 3
68473 68475 3
372030 176615 7
372030 372031 7
372030 372032 7
372030 372033 7
372030 372034 7
372030 79906 6
372030 372035 7
372030 372036 7
372030 372037 7
372030 372038 7
372030 89421 6
372051 372052 6
372051 372052 5
372051 148837 5
372053 372054 7
372057 372058 7
372065 372066 7
372065 372067 7
372065 372068 7
372065 372069 7
372065 372070 7
372065 372071 7
372065 372072 7
372065 372073 7
372065 372074 7
372065 372075 7
372065 372076 7
372065 372077 7
372065 372078 7
372065 372079 7
372065 372080 7
372065 372081 7
372065 372082 7
372065 372083 7
372065 372084 7
372065 372085 7
372088 372089 7
372090 26657 7
372097 103904 7
372097 103908 7
372102 372103 3
133625 11204 5
133625 14776 5
133625 54254 5
133625 43978 5
133625 101791 5
133625 13919 5
133625 13922 5
133625 123166 5
133625 94426 5
372113 34009 5
372113 372114 6
372118 372119 7
372120 372121 7
372137 372138 7
372141 9448 6
372143 372144 7
372143 372145 7
372143 372146 7
372143 372147 7
372143 372148 7
372143 372149 7
372143 372150 7
372143 372151 7
372152 372153 7
372152 372154 7
372152 372155 7
372156 372157 7
372156 372158 7
372156 372159 7
372156 372160 7
372156 372161 7
138591 138588 3
138591 138589 3
138591 138590 3
372165 372166 7
372165 372167 7
372165 372168 7
372165 372169 7
372165 372170 7
372165 372171 7
372165 372172 7
372165 372173 7
372165 372174 7
372165 372175 7
372165 372176 7
372181 46927 7
372182 14623 7
11001 372184 7
372185 372186 7
372211 372212 7
372213 4826 7
372213 4833 7
372214 86730 7
372214 372215 7
372220 38939 7
372226 49080 5
372242 372243 5
372242 372244 6
372242 372244 5
372246 372247 7
372246 372248 7
372251 36143 6
372253 317295 7
372253 372254 3
372258 372259 7
372258 372260 7
372267 372268 7
372272 261313 3
372273 364036 5
372273 364037 5
372280 106362 7
372280 106391 7
372280 106394 7
372283 262189 7
372283 186830 7
372283 186837 7
372283 186838 7
372291 102548 7
372291 193938 7
372291 232464 7
372291 149867 7
372291 372292 7
372301 43704 5
372301 10473 5
372301 75134 5
372308 372309 7
372310 372311 7
372312 372313 7
372314 7828 5
372323 372324 3
372325 372326 7
372337 372338 7
372342 106999 7
372342 106999 5
372342 42414 5
372342 43439 7
372342 43439 5
372342 10667 7
372342 8057 7
372342 124484 5
372348 83026 7
372350 49101 5
372350 49749 5
372350 49752 5
372350 49766 5
372350 49767 5
372350 95055 7
372350 97138 7
372350 95089 7
372357 372358 7
372359 372360 7
372369 44885 6
372369 89162 6
372369 292367 6
372379 372380 7
372383 372384 7
372389 372390 7
372389 372391 7
372389 372392 7
372389 372393 7
372389 372394 7
372400 80400 5
372403 372404 7
372403 372405 7
372406 372407 3
261314 372406 3
372418 372419 7
372420 6340 5
372420 6372 5
372420 6401 5
372420 6403 5
372420 6404 5
372420 6411 5
372420 6415 5
372420 6420 5
372420 6423 5
372420 6424 5
372420 6426 5
372420 6427 5
372420 6438 5
372420 6445 5
372420 6466 5
372437 208354 3
372454 103911 7
245086 54206 3
245086 372456 3
245086 372457 3
245086 372458 3
245086 372459 3
372461 53867 7
17406 149628 3
17406 149629 3
17406 149630 3
372462 372463 7
372468 168808 7
372468 168808 5
372468 168828 7
372468 168828 5
372468 168831 7
372468 168831 5
372468 247771 7
372468 243982 7
372468 243982 5
372471 372472 7
372471 372473 7
372485 372486 3
372485 372487 3
372494 372495 7
372500 112459 3
367348 367388 3
367348 372508 3
372509 372510 7
372520 372521 7
372520 372522 7
372525 372526 7
372527 34539 7
372527 6743 7
372527 15562 7
372527 22928 7
372527 26049 7
372527 122431 7
372527 48567 7
372528 372529 7
372530 76963 7
372530 372531 7
372530 372532 7
372530 228634 7
372530 372533 7
372530 372534 7
372530 372535 7
372530 372536 7
372530 372537 7
372530 372538 7
372530 372539 7
372530 372540 7
372530 372541 7
372530 372542 7
372530 372543 7
372530 372544 7
372530 372545 7
372530 304695 7
372530 372546 7
372530 228637 7
372530 86915 7
372530 372547 7
372530 372548 7
372530 351486 7
372530 332655 7
372530 122106 7
372530 372549 7
372530 372550 7
372530 372551 7
372530 372552 7
372530 372553 7
372530 372554 7
372530 372555 7
372530 372556 7
372530 86739 7
372558 372559 7
372558 372559 5
372564 372565 7
372564 372566 7
372564 372567 7
372564 372568 7
372569 372570 7
372574 372272 3
372578 372579 7
372578 372580 7
372585 372586 7
372589 347348 7
372598 372599 7
372600 158876 7
372600 372601 7
372603 74359 7
372603 79654 7
372603 29401 7
372603 24047 7
372603 83015 7
372603 813 7
372603 29415 7
372603 29416 7
205694 362855 3
205694 288972 3
372635 372636 7
372635 372637 7
372635 372638 7
372635 372639 7
372635 372640 7
372635 372641 7
372635 372642 7
372635 372643 7
372635 372644 7
372635 372645 7
372646 372636 7
372646 372637 7
372646 372638 7
372646 372639 7
372646 372640 7
372646 372641 7
372646 372645 7
372650 372651 7
372650 372652 7
372650 372653 7
372657 162660 7
372657 372658 7
372657 205697 7
372657 205698 7
372657 372659 7
372657 220612 7
372666 372667 7
372671 372672 3
331456 372673 7
372681 19085 7
372681 19095 7
372681 19103 7
372681 50403 7
372685 372686 7
372685 372687 7
372685 372688 7
372704 372705 6
372704 372705 7
372704 372705 5
372704 372706 7
372709 372710 7
372709 372711 7
372709 372712 7
372715 161459 7
372717 350325 7
372717 371813 7
372722 372723 7
372722 335535 7
372722 350207 7
372722 320427 7
372722 372724 7
372725 372726 7
372725 372727 7
42120 42110 3
372729 221784 7
372729 256464 7
372729 256467 7
372729 256469 7
372730 42120 3
372732 372733 7
372742 372743 7
372746 16757 5
372746 200665 5
372746 167375 5
372746 6061 5
372757 372758 7
372757 372759 7
372757 372760 7
372761 80006 6
372762 152996 7
372763 372764 7
372772 372773 7
372772 192711 7
372772 372774 7
372781 133854 7
372792 372793 7
372792 372794 7
372792 372795 7
372792 372796 7
372792 372797 7
372792 372798 7
372792 372799 7
372792 372800 7
372792 372801 7
372792 372802 7
372792 372803 7
372792 372804 7
372792 372805 7
372792 372806 7
372792 372807 7
372792 372808 7
372792 372809 7
372792 372810 7
372792 372811 7
372792 127412 7
372816 370620 5
372816 279429 7
372816 279429 5
372827 125134 5
372830 372831 7
372830 372832 7
372830 372833 7
372837 372838 7
372854 14623 7
372854 32769 7
372854 100324 7
372854 14642 7
372854 14643 7
372854 114157 7
372854 187958 7
372854 3775 7
372854 44608 7
372855 372856 7
372858 53156 7
372858 203614 7
372858 203615 5
117069 117066 3
372867 372868 7
372867 372869 7
372867 372870 7
372867 372871 7
372867 372872 7
372879 372880 5
372879 372881 5
372879 176960 5
372879 17681 7
372879 47215 5
372879 47232 5
372879 97834 5
372879 6696 7
372884 317579 7
372885 372886 7
372896 372897 7
372896 372898 7
372896 372899 7
372896 372900 7
372896 372901 7
372902 7241 5
372902 24577 5
372902 79996 5
372902 25362 6
372902 54587 5
372902 330214 7
372902 12448 5
372902 98409 5
372902 372903 5
372902 372904 5
372909 372910 7
372911 81224 5
372911 79155 5
372911 43691 5
372911 167311 5
372911 162566 5
372911 7928 5
372915 372916 7
372915 372917 7
372915 372918 7
372915 372919 7
372915 372920 7
372915 372921 7
372915 372922 7
372930 85994 5
372930 85999 5
372930 86003 6
372930 38077 5
372930 86004 5
372930 86018 5
372930 86005 5
372930 86027 7
372931 372932 7
372931 372933 7
372931 372934 7
372931 372935 7
372931 372936 7
372931 372937 7
372931 372938 7
372931 372939 7
372931 372940 7
372942 85994 7
372942 85996 7
372942 85999 7
372942 86001 7
372942 372943 7
372945 29122 7
36022 372956 7
36022 372957 7
372962 180873 5
372962 372963 5
372979 341158 7
372979 341158 5
372979 115588 7
372979 115588 5
372979 146608 7
372979 146608 5
372979 146699 7
372979 146699 5
372982 103881 7
372982 277783 7
372982 272006 7
372982 372983 7
372986 29675 7
372986 19514 7
372986 34467 7
372986 339939 7
372990 96478 5
372997 372998 7
373011 11502 6
373011 84577 6
373012 240856 6
373012 287021 6
287358 220611 3
373041 373042 7
373060 373061 7
84109 42417 6
84109 4214 6
84109 28202 6
373069 373070 7
373069 373071 7
373069 373072 7
373069 373073 7
373069 373074 7
373069 373075 7
373069 373076 7
373069 373077 7
373069 373078 7
373069 373079 7
373069 373080 7
373069 373081 7
373089 354128 3
373089 373090 3
373089 373091 3
354128 215366 3
373094 373095 7
184070 184068 3
373098 233753 6
373102 373104 6
373106 373107 7
373106 373108 7
373109 317670 7
373110 84470 7
373110 102510 7
373110 76764 7
373110 155186 7
373110 38990 6
373110 38990 7
373110 89732 7
373110 15167 7
373110 112729 7
373110 268696 7
373113 373114 7
373121 338536 7
373125 373126 7
373130 155408 5
373131 43748 5
373131 92066 7
373131 175390 7
373131 44807 6
373131 44817 6
373131 44818 6
373131 164173 6
373131 77813 7
373131 208073 6
373131 272558 6
373131 287718 6
373131 247899 6
373137 373138 7
373137 373139 7
373137 373140 7
373137 373141 7
373142 363537 7
373142 363995 7
373142 364013 7
373142 364014 7
373142 364015 7
373142 364016 7
373142 155408 7
373142 364115 7
373142 224021 7
373142 224029 7
373143 31957 7
373147 362075 7
373147 156779 6
373147 84684 7
373147 19735 6
373151 170904 7
373151 106 7
373154 373155 7
373161 73996 7
373161 215388 7
373161 320838 7
373161 174289 7
373161 95352 7
373161 293026 7
373174 373175 3
373179 373180 7
373190 373191 7
373204 373205 7
373204 373206 7
373217 373218 7
373217 373219 7
373217 373220 7
373217 373221 7
373217 373222 7
373217 257284 7
373217 373223 7
373217 373224 7
373217 373225 7
373217 373226 7
373231 373232 7
373234 373235 7
373234 373236 7
373239 162828 7
373239 373240 7
373239 373241 7
373239 373242 7
373239 373243 7
373239 373244 7
373239 373245 7
373239 373246 7
373239 373247 7
373239 373248 7
373239 373249 7
373239 373250 7
373239 373251 7
373239 373252 7
373257 373258 7
373267 373268 7
373267 373269 7
373267 373270 7
373267 373271 7
373267 373272 7
373267 373273 7
373267 373274 7
373267 373275 7
256632 212727 3
256632 294223 3
373280 373281 7
373280 223643 7
373280 223644 7
373280 373282 7
373280 223645 7
373280 223646 7
373280 373283 7
373280 373284 7
373280 223647 7
373280 373285 7
373290 373291 7
373319 373320 7
373323 34179 7
373323 11570 7
373323 83674 7
373323 2119 7
373323 22943 7
373323 45101 7
373323 79026 7
373324 373325 7
373324 373326 7
373336 373337 6
373336 373338 5
373336 34180 7
373336 34180 5
373359 373360 7
373375 373376 7
373377 324215 7
373377 52418 6
373377 34874 6
373421 177291 7
373438 223633 7
142831 159357 7
373456 73067 5
373456 96425 5
373456 73071 5
373456 373457 5
373456 74031 5
373456 144979 5
373461 132521 3
373463 115607 3
86422 91419 7
86422 91421 7
373469 33261 7
373469 33272 7
373470 155998 5
373470 140819 5
373470 204632 5
373471 373472 7
373473 168918 7
373473 352173 7
373483 373484 7
373490 373491 7
373492 167655 6
373492 167655 7
373492 373493 6
373499 45737 7
373499 45738 7
373499 373500 7
373499 45783 7
373499 45786 7
373499 252479 7
373503 373501 3
373521 175223 6
373521 35437 6
373521 29367 6
373521 35268 6
373521 35271 6
373521 35441 6
373521 40021 6
373521 240564 6
373521 240565 6
373521 235177 6
373521 35447 6
373521 373522 6
373521 213817 6
373521 213818 6
373521 83626 6
373521 213819 6
373521 24156 6
373521 240568 6
373521 238076 6
373521 238077 6
373521 213820 6
373521 240572 6
373521 240555 6
373521 213821 6
373521 51068 6
373521 326579 6
373521 326580 6
373521 240540 6
373521 326581 6
373521 240556 6
373521 131294 6
373521 74332 6
373521 74334 6
373531 373532 7
373533 373534 7
373533 358920 7
373544 228862 3
373546 39195 6
373548 220393 5
373548 220398 5
373549 373550 5
373549 220389 5
373549 373551 7
373549 373551 5
373570 47509 5
373570 212061 5
373570 177541 5
373570 40449 5
373570 142740 5
373570 212064 5
373570 212065 5
373570 212067 5
373570 8965 5
373570 44764 5
373570 357661 5
373570 272026 5
373570 212070 5
373570 197912 5
373570 212072 5
373570 15590 5
373570 96427 5
373570 161061 5
373570 373572 5
373570 373573 5
373570 373574 5
373575 160043 7
373575 160043 5
373575 235441 7
373575 235441 5
373575 155816 7
373575 235445 5
373575 104667 5
373575 283686 7
373588 201556 7
373588 201556 5
373588 317665 7
373588 317665 5
373588 168786 7
373588 168786 5
373588 373589 6
373588 168843 7
373588 316859 7
373588 316859 5
373607 373608 7
373607 373609 7
373607 373610 7
373616 373617 7
373616 373618 7
373627 67891 7
373627 344346 7
373629 34188 7
373638 373639 7
373638 373640 7
373638 373641 7
373638 373642 7
373638 373643 7
373638 373644 7
373638 373645 7
373638 373646 7
373638 373647 7
373638 373648 7
373638 373649 7
373638 373650 7
373638 135786 7
373638 373651 7
373638 373652 7
373638 373653 7
373638 373654 7
373638 373655 7
373638 373656 7
373662 92190 7
373663 144523 6
373674 373675 7
373680 373681 7
373684 373685 7
373684 373686 7
373684 373687 7
373692 185131 5
373715 80855 3
115755 194703 7
115755 373726 7
115755 373727 7
115755 373728 7
115755 373729 7
362855 168996 3
373733 373734 5
373752 107402 7
373754 373755 7
373758 373759 7
373780 373781 7
373795 373796 7
373795 373797 7
373795 339030 7
373795 295541 7
373795 155292 7
373795 348456 7
373795 373798 7
373795 95242 7
373795 36098 7
373795 373799 7
373841 373842 7
373849 373850 3
373856 373857 3
373863 228878 7
373867 373868 7
373873 154999 7
373884 373885 7
373890 373891 7
373890 373892 7
373890 373893 7
373890 373894 7
373898 163553 3
373898 215363 3
373899 89102 7
373899 373900 7
373899 373901 7
373909 373910 7
373909 373911 7
373909 373912 7
373909 373913 7
373909 373914 7
373909 373915 7
373909 373916 7
373921 50480 7
373929 373930 7
373929 373931 7
373933 373934 5
373935 108729 7
373935 348506 7
373935 150201 7
373954 373955 7
373954 373956 7
373987 373988 6
373987 373988 5
373990 373991 7
373990 373992 7
373994 373995 7
374005 374006 7
374020 146536 7
374020 146536 5
374020 374021 7
374020 374021 5
374020 374022 6
374026 374027 7
374030 374031 3
374030 374032 3
374047 374048 5
374047 374049 5
374047 374050 5
374047 280273 5
374047 280274 5
374047 173185 5
374052 374053 3
374052 374054 3
374052 374055 3
374056 166216 7
374056 104982 7
374056 99709 7
374056 99710 7
374056 77643 7
374056 144962 7
374056 144964 7
374056 265240 7
374056 212021 7
374056 372556 7
374063 374064 7
374063 374065 7
374063 374066 7
374063 374067 7
374063 374068 7
374088 374089 7
374088 374090 7
374088 374091 7
374088 374092 7
374098 374099 7
374100 2094 5
374125 341206 7
374125 322409 7
374135 218786 3
374142 128403 5
374142 25818 5
374142 168349 5
374156 374157 7
374170 374171 7
374170 267110 7
374170 374172 7
374170 374173 7
374179 142793 7
374179 142793 5
374183 374184 7
374183 374185 7
374183 374186 7
374188 374189 7
374188 374190 7
374209 374210 7
374209 374211 7
374209 374212 7
374213 108786 5
220390 20712 7
220390 220394 5
220390 220405 5
220390 220407 5
220390 220412 5
220390 220415 5
220390 220418 5
220390 96350 5
374227 285526 5
374246 374247 7
374251 374252 6
374254 42237 7
374254 19796 7
374254 152322 5
374260 374261 7
374263 374264 7
374263 50913 7
374269 148611 7
374270 74184 7
374270 143325 6
374270 143325 7
374271 374272 3
374271 374273 3
374281 285177 6
374281 285177 7
374285 374286 7
374292 363688 7
374292 374293 7
374292 363690 7
374292 374294 7
374292 88511 7
374292 374295 7
374292 374296 7
374292 374297 7
374292 171215 7
374292 374298 7
374292 374299 7
374292 374300 7
374292 210873 7
374292 374301 7
374292 374302 7
374292 374303 7
374292 88526 7
374292 374304 7
374292 208680 7
374292 39555 7
374292 193866 7
374292 374305 7
374309 374310 7
374309 374311 7
374309 374312 7
374313 241942 5
374313 374314 5
374313 131333 6
374313 131333 7
374313 131333 5
374313 83425 5
374313 374315 6
374313 374315 7
374313 374315 5
374313 374316 7
374313 374316 5
374317 374318 6
374327 41729 7
374331 113694 5
374332 374333 7
374332 113876 7
374337 374338 7
374344 247907 7
101703 101702 3
374355 180788 7
125657 374361 7
374366 348505 7
374366 367150 7
374366 348508 7
374369 374370 7
374371 348506 7
374372 149411 3
366324 374376 3
374382 201371 6
374382 201371 7
374382 374383 7
374385 374386 7
374385 374387 7
374394 374395 7
6187 374401 7
6187 161727 7
6187 374403 7
6187 374404 7
6187 374405 7
374412 288152 7
374421 86016 5
374421 85994 5
374421 85996 5
374421 86000 5
374421 86001 5
374429 354330 7
374444 17904 7
374447 374448 7
374452 210526 3
8052 374453 6
374459 156317 6
374461 30897 5
374461 98053 5
374461 83422 5
374461 35748 6
374461 35748 5
374461 52454 5
374461 32290 5
374461 43444 5
374461 78033 5
374478 374479 5
374478 302237 5
374486 374487 7
374488 14178 7
374493 374494 7
374493 374495 7
374493 374496 7
374493 374497 7
374493 374498 7
374493 374499 7
374493 374500 7
374493 374501 7
374493 374502 7
374493 374503 7
374493 374504 7
374493 374505 7
374493 374506 7
361032 369084 3
361032 374513 3
374513 374514 3
374513 374515 3
374516 4206 6
374516 81075 6
374516 15665 6
374516 15668 6
374516 14156 6
374516 162033 6
374522 374523 7
374530 374531 7
374537 374538 7
374537 374539 7
374537 374540 7
374537 374541 7
374537 374542 7
374544 374545 7
374544 374546 7
374561 20496 7
374561 38459 7
374561 79201 7
374561 20513 7
374561 99295 7
374568 374569 3
374568 374570 3
374589 245262 5
374589 122460 5
374596 213733 5
374599 213733 7
374601 374602 5
374605 374606 7
374635 374636 7
374638 220792 7
374638 220792 5
374649 374650 7
374649 374650 5
374649 266477 7
374649 266477 5
374649 374651 5
374649 374652 7
374649 374652 5
374649 374653 5
374656 198125 7
374656 265130 7
374656 325471 7
374656 198127 7
374656 374657 7
374656 120479 7
374675 374676 7
374675 374677 7
374675 374678 7
374683 158884 7
374686 243054 7
374686 306069 7
374686 250109 7
374686 283686 7
374686 336335 7
374687 374688 6
374701 155411 7
374702 374703 7
374716 374717 7
374716 374717 5
374716 27082 5
374716 374718 5
374716 241050 5
374716 374719 5
374716 241566 5
374716 374720 5
374727 374728 7
374727 374729 7
374727 374730 7
374734 374735 7
374747 374748 3
374750 83906 7
374750 357319 7
374750 374751 7
374755 374756 7
374757 168245 7
374768 312827 7
374768 312828 7
374768 208433 7
374777 176851 5
374777 176107 5
374792 374793 7
374815 133082 5
374815 238190 6
374815 238190 5
374815 160121 5
374815 279752 6
374815 279752 5
374815 177170 5
374815 1551 5
374815 239427 5
374815 112271 6
374815 112271 7
374815 112271 5
374815 133096 5
374815 133103 5
374815 133107 6
374815 133107 5
374815 321947 7
374815 321947 5
374815 374816 5
374815 16336 6
374815 16336 5
374815 281707 5
374815 160140 5
374818 374819 7
374826 84019 7
374826 74742 7
374826 374827 7
374826 374828 7
374826 151918 7
374826 374829 7
374826 374830 7
374826 374831 7
374826 374832 7
374854 374855 7
374857 167301 7
374870 28205 6
374871 365909 7
374875 368599 7
374875 368600 7
374875 223626 7
374875 368601 7
157163 38444 6
157163 20516 6
374891 311215 3
374892 374893 3
374896 118038 6
374896 118038 7
374896 118038 5
374896 151447 5
374896 173006 5
374896 159262 5
374896 1567 5
374898 34036 6
374901 193093 7
374910 96820 7
374911 374912 7
162732 212731 3
374922 233714 7
374922 374923 7
374929 112468 3
374930 374931 7
374955 95992 7
374955 95993 7
374955 96001 7
374955 96002 7
374955 96003 7
374955 96012 7
374955 96017 7
374963 46085 5
374968 374969 7
374974 374975 7
374974 374976 7
374987 374988 5
374987 374989 5
374987 1572 6
374987 1572 5
374987 374990 5
374987 374984 5
374991 117331 7
374994 374995 7
374998 186661 3
375006 375007 7
375006 375008 7
375016 375017 7
375016 375018 7
375016 375019 7
375016 375020 7
375016 375021 7
375016 375022 7
375016 375023 7
375016 375024 7
375016 375025 7
375016 375026 7
375016 375027 7
375048 375049 7
375048 375050 7
375048 375051 7
375069 375070 7
375069 375071 7
375069 375072 7
375075 375076 7
375084 359455 7
375084 375085 7
375084 375086 7
375084 375087 7
375093 375094 6
375093 375094 5
375102 259390 7
375102 259391 7
375102 109780 7
375102 212070 7
375102 259393 7
375102 32836 7
375102 259394 7
375102 259395 7
375102 140425 7
375103 372574 3
375110 375111 7
375110 375112 7
375114 112405 6
375117 228221 7
375117 228221 5
375117 228245 7
375117 228245 5
375117 228223 5
375117 375118 5
375117 48969 7
375117 48969 5
375117 106951 7
375117 74327 7
375117 74327 5
375124 271100 3
375134 375135 7
375134 375136 7
375134 375137 7
375134 375138 7
375134 375139 7
375134 375140 7
375134 375141 7
375149 152777 7
326083 326084 3
375186 375187 7
375195 375196 7
375195 375197 7
375217 375218 7
375223 114034 6
375223 114034 7
375223 114034 5
375224 375225 7
375224 375226 7
375224 160432 7
375235 281567 6
375235 47975 6
375235 183059 6
375235 126691 6
375235 45675 6
375235 186452 6
236092 108040 3
375279 44395 6
375279 375280 6
375279 132402 6
375279 142384 6
375279 230169 6
375279 230169 7
375283 375284 7
375285 375286 7
54336 54333 7
375290 325334 5
375290 350315 5
375290 199343 5
375290 353582 5
375290 146630 5
375290 375291 5
375290 193718 5
375290 146648 5
375290 353898 5
375290 353584 5
375312 375313 7
375315 375316 7
375315 375317 7
375327 103721 6
375327 201557 6
375327 200693 6
375327 238391 6
375327 211576 6
375343 83614 7
375346 375347 7
375346 375348 7
375346 304633 7
375346 375349 7
375346 301811 7
375346 304643 7
375346 304644 7
375346 375350 7
375346 304646 7
375346 375351 7
375346 304647 7
375346 375352 7
375346 304648 7
375346 303016 7
375346 375353 7
375346 375354 7
375346 304650 7
375346 375355 7
375356 375357 7
375356 375358 7
375360 103548 5
375360 317133 5
375363 29407 7
375370 375371 7
375373 375371 7
375379 167932 7
375379 167933 7
375379 167934 7
375379 167935 7
375379 167936 7
375379 375380 7
375379 375381 7
375379 375382 7
375379 375383 7
375379 29633 7
375384 375385 7
375384 228848 7
375384 375386 7
375384 375387 7
375384 375388 7
375384 375389 7
375384 375390 7
196158 375392 7
196158 375393 7
196158 87171 7
196158 248956 7
196158 9155 7
196158 73237 7
196158 375394 7
196158 375395 7
196158 375396 7
196158 375397 7
196158 375398 7
196158 375399 7
196158 375400 7
196158 375401 7
196158 375402 7
196158 375403 7
196158 375404 7
196158 355436 7
196158 375405 7
196158 84787 7
196158 107355 7
196158 375406 7
196158 375407 7
196158 375408 7
196158 2975 7
196158 101170 7
196158 375409 7
196158 83402 7
375414 375415 7
375414 375416 7
375419 375420 7
92176 375422 7
92176 375423 7
92176 375424 7
375425 42467 6
375427 375428 5
375427 35296 6
375430 94579 7
375430 375431 7
375430 94580 7
375430 215079 7
375430 215080 7
375430 375432 7
375430 375433 7
375430 375434 7
375430 375435 7
375430 94581 7
375430 94582 7
375430 94583 7
375430 94584 7
375430 215081 7
375430 215082 7
375430 375436 7
375430 94585 7
375430 215083 7
375430 94587 7
375430 215084 7
375430 230925 7
375430 94588 7
375430 375437 7
375430 375438 7
375430 94589 7
375441 39156 5
375441 264617 6
375441 348962 6
375441 293708 6
375441 310675 7
375441 375442 7
375441 375442 5
375443 375444 7
375443 375445 7
375443 375446 7
375443 375447 7
375443 375448 7
375450 7894 6
375450 375451 6
375450 95007 6
375454 375455 7
375457 41729 7
375459 111173 7
375459 375460 7
375459 27664 7
375459 375461 7
375459 322412 7
375459 375462 7
375459 277030 7
375459 227059 7
375463 375464 3
375465 375466 7
375465 222689 7
277357 144467 6
17901 17872 6
17901 17876 6
17901 17879 6
17901 17880 6
17901 9627 6
17901 17885 6
17901 145097 6
17901 17894 6
17901 17899 6
17901 17903 6
375503 226788 6
375503 146667 7
375503 144572 7
375503 225523 7
375507 375508 7
375509 375510 7
375509 375511 7
375518 79146 6
375518 44819 5
375518 51062 5
375518 51066 5
375520 25060 7
375522 36130 7
375522 36056 7
375522 83439 7
375522 236395 7
375522 184255 7
375522 150338 7
375522 61775 7
375522 24280 7
375522 83378 7
375529 375530 5
375532 375533 5
375532 98532 7
375532 98532 5
375537 290656 7
375537 85338 7
375537 85339 7
375537 85340 7
375546 128248 6
375546 101451 6
375546 111752 6
375546 101456 6
375546 101461 6
375546 101463 6
375546 47167 6
375546 101466 6
375546 101467 6
375554 375555 7
375554 375556 7
375560 235860 7
375564 375565 7
375569 375570 7
375569 282009 7
375569 375571 7
375576 375577 7
375578 73057 7
375578 73057 5
375581 375582 7
375581 375583 7
375590 375591 7
375592 10581 7
375592 1037 5
375592 266018 6
375592 266018 5
375600 375601 7
375600 375602 7
375600 375603 7
375600 375604 7
375606 375607 7
114457 22568 5
114457 74799 5
114457 93812 5
375609 103945 7
375620 103543 7
375620 115025 7
375620 375621 7
375620 375622 7
375625 375626 7
375629 41729 7
375646 375647 7
375653 130685 6
375653 343073 6
375654 375655 7
375654 375655 5
375654 375656 7
375654 375656 5
375654 375657 7
375663 182184 7
375663 182185 7
375665 375666 7
375665 375667 7
375665 300856 7
375665 375668 7
375665 375669 7
375665 375670 7
375665 375671 7
375686 375687 7
375686 375688 7
375691 375692 3
169712 170480 3
169712 170481 3
375693 46007 7
375693 16785 7
375693 6273 7
375693 6276 7
375693 39192 7
375693 35550 7
375693 54156 6
375693 43141 7
375693 12100 7
375693 136050 7
375693 83689 6
375693 6294 7
375706 375707 3
375718 375719 7
236093 236094 3
272142 272143 3
272142 272144 3
375723 375724 7
375723 375725 7
375729 375730 7
375729 375730 5
375747 375748 7
375751 375752 7
375756 375757 7
375756 375758 7
375756 375759 7
375756 375760 7
375763 28203 5
375767 375768 7
375769 250363 3
375771 375772 7
375773 375774 5
375784 375785 7
375789 48452 5
375789 40022 5
375789 74302 7
375789 74302 5
375789 375790 5
375789 201635 6
375789 201635 7
375789 201635 5
375789 154472 6
375789 154472 7
375789 154472 5
375789 74328 7
375789 74328 5
375792 126070 7
375794 87367 7
375794 49533 7
375794 162174 7
375794 315409 7
375795 375796 7
375797 113134 7
375814 375815 7
375814 375816 7
375814 375817 7
375818 375819 7
375821 375822 7
375821 375823 7
375821 375824 7
375821 375825 7
375821 375826 7
375821 375827 7
375821 375828 7
375821 375829 7
375821 375830 7
375821 375831 7
375821 375832 7
375840 375841 5
375842 375841 5
375845 375846 7
375847 375848 7
375849 375850 7
375849 375851 7
375853 75114 7
375858 148124 5
375858 375859 7
375858 375859 5
375858 367113 7
375858 367113 5
375858 375860 5
375858 17537 7
375858 17537 5
375858 80604 7
375858 80604 5
375858 308900 7
375858 308900 5
375858 375861 5
375858 102788 7
375858 102788 5
375858 17539 7
375858 17539 5
375858 367115 6
375858 367115 7
375858 367115 5
375870 375871 5
375877 375878 7
375886 141520 6
375886 141520 7
163658 375888 3
375903 3776 5
375905 335813 7
375911 282329 7
375911 211901 7
375911 375912 7
375917 375918 7
375923 375924 7
375934 126832 7
375934 264677 7
375950 375951 7
375950 375952 7
375954 375955 7
375954 375956 7
247326 247325 3
375988 375990 5
375988 375991 7
375988 375991 5
375988 375992 7
375988 375992 5
375995 375996 7
376003 30934 6
376003 146466 6
376003 35410 6
376003 42033 6
376003 74623 6
376003 42037 6
376003 35414 6
376003 166644 6
376003 127974 6
376003 7138 6
376003 118500 6
376003 261175 6
376003 35423 6
376003 24638 6
376008 164380 6
376008 164380 7
376008 113695 6
376008 113695 7
376010 217776 7
376012 168998 7
376016 376017 7
376026 47332 7
376030 376031 7
376036 38857 7
376036 376037 7
376042 376043 7
376062 357352 5
376062 128979 7
376062 128979 5
376066 376067 7
376068 47271 7
376070 376071 7
376072 376073 7
376072 376074 7
376077 370628 7
376087 189910 5
376087 47509 5
376087 212061 5
376087 177541 5
376087 212062 5
376087 40449 5
376087 142740 5
376087 212064 5
376087 212065 5
376087 212067 5
376087 8965 5
376087 44764 5
376087 357661 5
376087 212068 5
376087 212069 5
376087 44765 5
376087 272026 5
376087 212070 5
376087 197912 5
376087 44766 5
376087 47510 5
376087 201040 5
376087 8967 5
376087 212071 5
376087 13771 5
376087 105695 5
376087 189816 5
376087 219237 5
376087 21951 5
376087 95377 5
376087 95382 5
376087 83020 5
376087 95387 5
376087 95398 5
376087 128393 5
376087 376089 5
376087 368304 5
376097 173402 7
376097 376098 7
376104 108649 6
376105 376106 7
376128 108874 7
376136 19562 7
376141 225770 7
376143 376144 7
376151 376152 7
376162 149694 5
366035 366031 3
376167 182404 7
376170 178725 7
376172 178725 7
376176 376177 7
376176 376178 7
376176 376179 7
376183 376184 7
376183 376185 7
376190 252482 7
376196 376197 7
376201 376202 7
376203 272362 5
376203 97874 5
376203 137315 5
376203 89117 5
376203 46868 5
376203 177794 5
376208 376209 7
376212 376213 7
376212 376214 7
86025 376219 3
86025 376220 3
86025 376221 3
86025 376222 3
376226 312344 5
376227 376228 3
376231 376232 7
376235 86020 5
376235 17514 5
376235 345418 5
376235 76518 5
376235 9992 5
376235 174409 5
376235 376236 5
376235 100279 5
376248 376250 7
376248 376251 7
376248 376252 6
376248 376252 7
376248 376252 5
376258 154764 7
376298 307124 7
376302 258825 6
376314 166783 5
376317 114034 6
376317 114034 7
376317 114034 5
284185 376319 7
284185 376320 7
284185 376321 7
284185 370895 7
284185 325937 7
284185 325938 7
284185 325939 7
284185 376322 7
284185 376323 7
284185 376324 7
376327 25471 3
376327 78382 3
376351 376352 7
376360 91299 7
376360 376361 7
376372 376373 7
376375 282001 6
376376 134521 7
376376 134521 5
376377 298641 7
299971 376381 3
376382 376383 5
376384 32999 5
376384 106017 7
376384 83584 7
376384 83584 5
376384 129555 5
376384 80886 7
376384 80886 5
376392 13302 7
376429 376430 7
376436 376437 7
376440 259368 5
376440 127212 5
376451 32876 6
376451 38049 6
376451 55220 6
376451 144386 6
376451 23440 6
376451 122423 6
376451 53357 6
376451 10472 6
376451 111067 6
376451 41230 6
376451 37146 6
376451 87549 6
376451 16086 6
376451 86412 6
376451 42817 6
376451 89311 6
376451 114031 6
376451 114031 5
376451 102988 6
376451 13943 6
376451 234534 6
376459 89639 7
376461 48874 7
376461 93894 7
376462 376463 7
376462 376464 7
376466 51932 5
376466 51933 5
376466 168919 7
376466 168919 5
376466 9954 5
376466 376467 5
376466 31946 5
376466 25409 7
376466 25409 5
376473 37113 5
376475 170004 7
38172 227964 3
38172 376483 3
376483 376484 3
376488 34678 7
376495 376496 7
376495 102635 7
376495 227169 7
376509 376510 7
376509 314581 7
376520 376521 7
376537 376538 7
376537 376539 7
376537 376540 7
220602 220617 3
198432 259989 3
376561 133720 7
376561 108729 7
376561 376562 7
376566 376567 7
53375 199196 7
376575 376576 7
376584 96412 5
376660 105332 6
376664 376665 7
376664 160585 7
376664 266947 7
376668 376669 7
376673 376674 7
376673 376675 7
376673 376676 7
376673 376677 7
376673 252658 7
376673 376678 7
376690 344229 7
376690 344229 5
376690 367221 7
376690 367221 5
376698 51001 7
376698 42405 7
376698 17510 7
376698 51007 7
376698 51008 7
376698 51011 7
376698 51021 7
376698 306135 7
376698 51041 7
376698 51052 7
376698 51061 7
376698 51062 7
376698 238978 7
376698 263107 5
376707 35761 6
376707 80432 6
376712 376713 7
376712 376714 7
376715 178485 3
376717 376718 7
376721 376722 7
376721 376723 7
376721 376724 7
376725 376726 7
376745 152981 7
376757 310116 7
376757 310116 5
376757 257191 7
376757 257191 5
376757 300607 7
305833 376758 3
376759 99368 6
376759 251736 6
376759 251736 7
376759 213794 6
376759 53554 6
376759 245113 5
376770 77971 5
376770 99365 7
376770 99365 5
376770 100317 7
376770 229710 5
376770 99368 6
376770 53525 5
376770 99371 5
376770 53544 6
376770 53544 7
376770 53544 5
376770 99375 6
376770 153151 7
376770 153151 5
376770 53507 7
376778 43710 7
376781 376782 7
376785 376786 7
376789 376790 7
376831 119568 7
376831 376832 7
376842 376843 7
376847 376848 7
376849 183932 6
376849 183932 5
376849 376850 5
376860 376861 7
376860 376862 7
376865 376866 7
376870 376871 7
376872 376873 7
376872 376874 7
376872 376875 7
376894 376895 7
376894 154751 7
376898 376899 5
376900 376899 5
376902 189432 5
376906 189432 5
376906 376907 7
376906 376907 5
376909 376910 5
376909 109853 5
376915 357621 7
376916 376910 7
376916 376917 7
376916 376918 7
376924 184071 3
376924 376925 3
162733 162718 3
162733 162731 3
162733 376927 3
162733 162741 3
376930 191572 6
376930 23860 6
376930 223743 6
376930 318854 6
376930 106032 6
376930 23873 6
376930 376931 6
376930 52698 6
376930 93405 6
376930 83378 6
376930 140132 6
168477 345731 3
168477 369116 3
168477 168478 3
168477 369117 3
168477 376933 3
376945 374032 3
376945 376925 3
376952 313182 7
376953 376954 7
376953 376955 7
376962 376963 7
376965 15093 5
376965 113353 5
376965 224449 5
376965 15102 5
376965 120044 5
376965 85717 6
376965 151086 5
376965 211230 5
376965 209338 7
376965 342551 5
376965 74548 5
376972 376973 7
376972 376974 7
376975 158884 7
376976 376977 7
376981 376982 7
341059 322545 3
341059 322546 3
341059 322547 3
341059 322548 3
341059 322549 3
345357 1013 3
345357 376986 7
377001 377002 7
377004 241086 7
377004 377005 7
377004 377006 7
377021 377022 5
377023 377024 7
377025 377026 7
377030 377031 7
377030 377032 7
377030 377033 7
377030 377034 7
377030 377035 7
377050 377051 7
377059 192919 3
377062 377063 3
377062 377064 3
377067 245299 7
377067 377068 7
377067 138974 7
377067 377069 7
377067 113648 7
377074 145156 7
377074 145156 5
377074 377075 6
377074 377075 7
377074 377075 5
377077 42657 7
377098 377099 7
377100 160578 7
377100 377101 7
377100 377102 7
377100 160587 7
377107 377108 7
377116 125695 3
377118 377119 7
377118 377120 7
377118 377121 7
377118 377122 7
377118 377123 7
377118 377124 7
377118 377125 7
377118 377126 7
377118 377127 7
377118 377128 7
377131 150606 7
377131 377132 7
7658 147781 7
7658 377140 7
7658 377141 7
377144 377145 7
377155 377156 7
377160 377161 7
377173 182506 6
377173 182506 5
377173 290064 6
377173 290064 7
377173 290064 5
377173 377174 5
377173 377175 5
377183 377184 7
377183 377185 7
377186 377187 7
377189 182506 7
377189 377190 7
377189 377191 7
377189 376817 7
377189 278868 7
377196 102374 6
377197 88805 7
377197 242270 7
377197 50931 7
377197 377198 7
377197 273165 7
377197 235108 7
377197 371390 7
377197 312525 7
377197 377199 7
377197 377200 7
377197 75045 7
377201 377202 7
377201 377203 7
377209 143865 7
377209 143877 7
377209 143878 7
377209 143879 7
377209 143880 7
377209 143881 7
377209 143882 7
377209 143883 7
377209 143884 7
377209 143885 7
377209 143886 7
377209 31146 7
377209 143887 7
377209 143888 7
377209 143889 7
377209 143891 7
377209 143892 7
377209 143893 7
377209 143895 7
377209 143896 7
377209 143897 7
377209 143898 7
377209 143899 7
377209 143900 7
377209 143901 7
377209 143902 7
377209 143903 7
377209 143904 7
377209 143905 7
377209 143907 7
377209 143910 7
377209 143911 7
377209 143912 7
377209 143913 7
377209 104464 6
377209 104464 7
377209 104464 5
377209 143929 7
377209 230728 5
377209 143930 7
377209 143931 7
377209 143932 7
377209 143933 7
377214 377215 6
377214 377215 5
377216 377217 6
377216 377217 7
377216 377217 5
377216 377218 6
377216 377219 5
377216 377220 7
377216 377220 5
377216 377221 6
377216 377221 7
377216 377221 5
377216 377222 6
377216 377222 7
377216 377222 5
377216 377223 7
377216 377223 5
377224 93333 7
377224 93334 7
377224 93335 7
377224 377225 7
377224 371390 7
377224 114265 7
377230 4524 7
377230 377231 7
377230 186921 7
82042 377062 3
82042 377236 3
82042 234262 3
82042 377237 3
82042 377238 3
82042 377239 3
82042 377240 3
82042 377241 3
377246 377247 7
377246 377248 7
377246 377249 7
377246 377250 7
377246 377251 7
377246 377252 7
377246 377253 7
377262 158953 7
377262 212622 6
377262 377263 6
377264 377265 7
377266 377267 7
377266 377268 7
377266 377269 7
377266 377270 7
377266 377271 7
377266 377272 7
377266 377273 7
377266 134275 7
377266 377274 7
377266 377275 7
377266 377276 7
377266 377277 7
377266 377278 7
377266 377279 7
377266 377280 7
377266 377281 7
377266 377282 7
377266 377283 7
377266 377284 7
377266 377285 7
377287 377288 7
377289 377290 3
377291 224072 7
377292 321732 7
377292 377293 7
377292 377294 7
163556 162732 3
163556 336590 3
163556 163557 3
163556 377296 3
377301 377302 7
377301 377303 7
377301 377304 7
377301 377305 7
377307 377308 3
377318 377319 7
377318 377320 7
377318 377321 7
377318 377322 7
377331 353250 7
377333 377334 7
377333 377334 5
377342 209202 7
377343 377344 7
377343 13266 6
377350 75045 7
377355 377356 7
377355 377357 7
377366 377367 7
377369 377370 7
377390 377391 7
377412 140221 7
377412 140221 5
377412 377413 5
377412 377414 7
377412 377414 5
377412 377415 7
377412 377415 5
377412 377416 6
377412 377416 7
377412 377416 5
377412 377417 7
377412 377417 5
377412 201447 6
377412 201447 7
377412 201447 5
377412 377418 7
377412 377419 7
377412 377419 5
377412 377420 5
377412 377421 7
377412 377421 5
377412 241940 5
377426 377427 7
377426 124903 7
377426 377428 7
377426 377429 7
377426 377430 7
377434 46228 6
377434 105244 6
377434 377435 6
377434 377435 7
377434 377436 6
377445 377446 3
377448 178657 7
377452 377453 3
377464 377465 3
377464 371685 3
377467 39726 7
377467 148945 7
377469 38982 7
377479 2645 6
377481 145200 6
377482 310347 3
377488 377489 7
377492 377493 7
377495 88055 7
377495 88060 7
377499 377500 6
377507 77414 7
377507 86020 7
377509 377510 3
362528 231362 5
362528 251936 7
362528 251938 7
362528 377511 7
362528 377511 5
224786 377509 3
224786 377513 3
377532 377533 7
377532 377534 7
377532 377535 7
377532 377536 7
377532 377537 7
377532 377538 7
377532 377539 7
377551 16788 7
377551 80068 7
377551 54505 7
377557 377558 7
377560 377561 7
377562 377563 3
377566 377567 7
377570 18006 7
47471 47470 3
47843 47842 3
377604 377605 7
377624 377625 7
377624 216595 7
377624 377626 7
377624 363216 7
377624 363217 7
377624 353051 7
377624 350006 7
377634 377635 7
377638 377639 7
377638 251936 7
377638 251936 5
377638 251938 5
377642 377643 5
377642 377644 5
377642 377645 5
377642 377646 5
377642 377647 6
377642 377648 5
377642 193903 7
377642 377649 5
47818 47366 3
377659 32908 6
377659 32911 6
377659 176660 7
377659 32913 6
377659 68374 6
377659 32944 6
377663 55141 3
377663 377464 3
377663 377664 3
377668 377669 7
377670 36720 3
377673 377674 7
377678 377679 7
377688 377689 7
377688 377690 7
377692 377693 7
377695 377696 7
377700 377701 7
377708 32729 7
377708 32730 7
377708 259592 7
377708 377709 7
377710 314163 5
377712 377713 7
377716 377717 7
377718 377719 7
377725 52215 7
377725 75119 7
377725 377726 7
377725 377727 7
377725 377728 7
377725 15573 7
377725 377729 7
377730 377731 7
377734 377735 7
377739 183912 7
377739 183921 7
377739 183922 7
377739 183923 7
377749 321559 7
377751 377752 7
377753 377754 5
377758 377759 7
377758 377760 7
377769 136732 7
377770 377771 7
377770 377772 7
377770 377773 7
377770 377774 7
377770 377775 7
377770 377776 7
377777 377778 7
377777 48794 7
377779 318854 5
377780 377781 5
377787 377781 6
377794 377795 7
377797 377798 7
377797 377799 7
377802 268957 5
377805 377807 7
377811 186676 5
377811 201150 5
377811 138167 7
377811 138167 5
377816 377817 7
377818 121452 7
377818 377819 7
377821 199777 5
377821 377822 7
377821 377822 5
377821 377823 7
377821 199778 5
377827 377828 7
377836 377837 7
377836 377838 7
377839 377840 7
377848 34210 7
377848 160432 7
377848 51323 7
377849 377850 7
377849 377851 7
377849 377852 7
377857 335495 7
377857 377858 7
377857 335501 7
377864 298358 7
377877 371142 7
377877 371143 7
377877 371144 7
377877 371146 7
377879 377880 7
377879 350206 7
377881 377882 7
377881 149828 7
377881 155904 7
377883 84760 7
377883 377884 7
377883 377885 7
377883 377886 7
377883 377887 7
377883 377888 7
377883 377889 7
377883 377890 7
377883 377891 7
377892 222269 7
377896 377897 7
298641 163554 3
298641 212728 3
377913 377914 7
377913 377915 7
377916 377917 7
377920 377921 7
377920 377922 7
377931 5332 7
377931 5077 7
377931 13846 7
377945 86811 6
377945 18839 6
377945 17874 6
377945 17509 6
377945 35256 6
377945 86817 6
377945 86818 6
377945 18854 6
377945 17512 6
377945 10578 6
377945 10579 6
377945 148840 6
377945 86824 6
377945 290008 6
377945 106946 6
377945 42591 6
377945 17521 6
377945 17522 6
377945 140507 6
377945 26659 6
377945 106954 6
377950 167788 7
377950 326849 7
377950 93903 7
377950 103669 7
377950 103671 7
377950 103672 7
377950 377951 7
377950 82877 7
377950 33280 7
377950 45550 7
377954 377955 7
377954 377956 7
377954 377957 7
377954 377958 7
377965 235563 7
377978 377979 7
377978 377980 7
106177 45990 3
377985 160628 6
377993 377994 7
377993 377995 7
377996 377997 7
377996 377998 7
377996 377999 7
377996 378000 7
377996 378001 7
378002 158260 7
378002 210168 7
378002 312139 7
378002 19930 7
378002 378003 7
378011 378012 6
378011 378012 5
378011 378013 5
378011 377168 5
378011 347549 6
378011 347549 5
378011 378014 5
378017 378012 7
378017 145903 7
378017 145904 7
378017 145905 7
378017 378018 7
378017 378019 7
378017 7213 7
378017 376818 7
378021 378022 7
378021 221486 7
378021 221486 5
378026 378027 7
190 378029 7
378030 102932 7
378035 378036 5
378035 243948 5
378035 163447 5
378044 378045 7
378058 378059 7
378058 378060 7
376927 162715 3
378066 52519 3
378086 252366 7
378086 113722 7
378086 49531 7
378086 103929 7
378086 103675 7
378086 147556 7
378086 94686 7
191153 378088 6
191153 378089 6
191153 378089 5
191153 185964 6
378094 155649 3
378094 378095 3
378094 378096 3
378094 378097 3
378100 238900 7
378100 113653 7
378100 187455 7
378101 80475 7
378101 378102 7
378113 378114 7
378113 378115 7
378113 378116 7
378113 378117 7
378113 378118 7
378119 223817 6
378119 127377 6
378126 378127 7
378126 378128 7
378126 378129 7
378126 378130 7
378150 378151 7
378152 378153 6
378152 378153 5
378152 378154 5
378152 325187 6
378152 325187 7
378152 325187 5
378152 378155 6
378152 378155 7
378152 378155 5
378175 187805 3
378175 378176 3
378196 376808 5
378196 376817 7
378196 376817 5
378196 378197 5
378196 378198 6
378196 378198 5
378196 378199 5
378196 50525 5
378196 378200 5
378203 378204 7
378203 378205 7
378203 378206 7
378203 232408 7
378203 232410 7
378203 232411 7
378203 232412 7
378203 232413 7
378218 329507 7
378224 103954 7
378232 378233 3
378239 163973 3
378240 378232 3
378240 378241 3
378240 378242 3
378240 215773 3
253814 378240 3
378248 39161 7
378248 39161 5
378250 378251 7
378252 378253 7
378254 378255 7
378259 378260 7
378259 378261 7
378274 77756 7
378274 94429 7
378274 84397 7
378274 35790 7
378274 378275 7
378274 14717 7
378274 10295 7
378274 89441 7
378278 103559 6
378278 89656 6
378278 378279 6
378280 378281 7
345580 378282 7
378285 378286 7
378297 224603 7
378307 378308 7
378307 378309 7
378307 378310 7
378307 378311 7
378312 330062 7
378312 330062 5
244501 378314 7
244501 378315 7
244501 378316 7
244501 378317 7
244501 208617 7
244501 378318 7
244501 208619 7
244501 118474 7
244501 208621 7
244501 251495 7
244501 378319 7
378328 378329 7
378328 378330 7
378332 30045 7
378332 30071 7
378332 230347 7
378337 276812 7
378338 378339 7
378347 35977 6
378347 378348 7
378349 126503 7
378350 50549 5
378350 50551 7
378350 50551 5
378350 4221 5
378355 25642 7
378355 25653 7
378355 378356 7
378355 378357 7
378355 40942 7
378355 239011 7
378355 378358 7
378355 113569 7
378362 266929 7
378366 378367 7
378366 19753 7
378366 103189 7
378366 378368 7
378366 256596 7
378372 182658 7
378397 378398 7
378397 378399 7
378411 111098 7
378413 173979 7
378416 378417 7
378416 378418 7
378416 378419 7
378416 378420 7
378416 378421 7
378416 378422 7
378416 378423 7
378434 370400 7
378437 2645 6
378437 247279 7
378447 378448 7
378458 261562 7
378459 35255 5
378467 378468 7
378471 378472 7
378480 378481 7
378483 378484 7
378491 378492 7
378491 378493 7
378491 378494 7
378491 378495 7
378491 378496 7
378491 378497 7
378491 378498 7
80352 24795 7
80352 94785 7
378504 378505 7
378506 369116 7
378506 370338 7
378506 367862 7
378510 307333 7
378510 378511 7
378510 378512 7
378510 168999 7
378510 378513 7
167267 167227 3
378521 378522 7
378547 378548 7
378558 43771 7
378558 121623 7
378561 111886 7
378561 111898 7
378561 378562 7
378561 364510 7
378561 378563 7
378561 378564 7
378578 116640 7
378582 378583 7
378584 378585 7
378602 93999 7
378602 43517 7
378602 194294 7
378602 34415 7
378610 130891 7
378610 130898 7
378613 55212 3
378613 378614 3
378613 378615 3
220604 256466 3
220604 320427 3
220605 342405 3
378634 378635 7
378634 378636 7
378634 378637 7
378634 378638 7
378634 378639 7
378634 378640 7
378634 378641 7
378642 378643 7
378642 378644 7
378646 9618 7
378646 10619 7
378646 112863 5
378646 255688 5
378646 11238 7
378647 9618 7
378647 10619 7
378647 112863 6
378647 255688 5
378647 11238 7
378651 378652 7
378651 378653 7
378651 378654 7
378651 378655 7
378651 378656 7
378651 378657 7
378693 378694 7
378695 378696 7
378695 378697 7
378695 378698 7
378699 26700 7
378702 378703 7
378712 157780 7
378712 157780 5
378712 157416 5
378715 216064 5
378715 31467 5
378716 131738 7
378718 378719 7
378718 378720 7
378718 378721 7
378718 378722 7
378726 266930 7
378726 266937 7
378733 378734 7
378733 378735 7
378733 378736 7
378733 378737 7
378733 378738 7
378733 378739 7
378733 378740 7
378733 378741 7
378774 378775 7
127910 378778 3
127910 157198 3
378784 202570 5
378784 249492 5
378784 378785 5
378789 378790 7
378789 378790 5
378793 198289 6
378793 198289 7
378793 118048 6
378793 118048 7
378793 191376 6
378793 191376 7
378794 160139 6
378794 160139 7
378798 312020 7
378799 78032 7
378800 17382 7
378800 83411 7
378805 378806 7
378805 378807 7
378805 378808 7
378805 378809 7
378805 338392 7
378805 378810 7
378805 378811 7
378812 378813 7
378812 378814 7
378812 378815 7
378812 378816 7
378812 378817 7
378812 378818 7
378812 378819 7
378812 378820 7
378823 31479 7
378823 10781 7
378823 44094 7
378846 369413 7
378860 213801 7
378867 378868 3
378871 163882 5
378871 98461 7
378871 98461 5
378882 378883 7
378882 378884 7
378882 378885 7
378882 378886 7
378882 54358 7
378882 378887 7
378882 378888 7
378890 378891 7
378890 378892 7
378890 378893 7
378890 378894 7
378890 378895 7
378890 378896 7
378890 378897 7
378890 378898 7
378890 378899 7
378890 378900 7
378890 378901 7
378890 378902 7
378890 292429 7
378890 378903 7
378905 378906 7
378905 378907 7
378905 378908 7
378905 370895 7
378905 378895 7
378905 378909 7
378905 378896 7
378905 378897 7
378905 378910 7
378905 378901 7
378905 54364 7
378905 378911 7
378905 378912 7
378913 45416 7
378915 378916 7
378915 378917 7
378918 378916 7
378918 378917 7
378924 42678 6
378924 378925 7
378924 378926 7
378924 243300 7
378924 211901 7
378924 378927 7
378924 350566 7
378924 378928 7
378935 378936 7
378941 116321 3
378941 164427 3
378970 111951 6
378972 378973 7
378972 378974 7
378972 54351 7
378972 378975 7
378972 378976 7
378972 378977 7
378972 378978 7
378972 378979 7
378972 378980 7
378972 378981 7
378982 54352 7
378982 378983 7
378982 378984 7
378982 54365 7
378982 54366 7
378982 54367 7
378982 378903 7
378985 378894 7
378985 378986 7
378985 378987 7
378989 378990 7
378991 378992 7
378995 32034 6
378995 27786 6
378995 43067 6
378995 36617 6
378995 84494 6
378995 38838 6
378995 16074 6
378995 3436 6
378995 84191 6
378995 6747 6
378995 120809 6
378995 33882 6
378995 4965 6
378995 164621 6
378995 108868 6
378995 80006 6
378995 43667 6
378995 201089 6
378995 87434 6
378995 92657 6
379005 379006 7
379005 379007 7
379005 379008 7
379005 379009 7
379005 379010 7
379005 379011 7
379005 379012 7
379005 379013 7
379005 379014 7
379020 317837 7
379020 317837 5
379020 317839 7
379020 317839 5
379021 379022 7
379026 379027 7
379036 8296 7
379044 83112 7
379047 75009 7
379047 13711 7
379050 379051 7
379055 108572 7
379055 197859 7
379055 379056 7
379055 379057 7
379055 379058 7
379059 10265 7
379059 34628 7
379059 77756 7
379059 34632 7
379059 10015 7
379059 82168 7
379059 11030 6
379059 11030 7
379059 11568 7
379059 75135 7
379059 10275 7
379059 10285 7
379059 94186 7
379059 34617 7
379059 10293 7
379059 183585 7
379059 3184 7
379059 31871 7
379059 149242 7
379059 34664 7
379059 10299 7
379059 379060 7
379059 10300 7
379059 43145 7
379059 12644 7
379059 34625 7
379059 33825 7
379078 169609 7
379079 379080 7
379079 379081 7
379079 379082 7
379079 379083 7
379079 379084 7
379079 379085 7
379079 379086 7
379079 379087 7
379079 379088 7
379079 379089 7
379079 379090 7
379079 379091 7
379079 379092 7
379079 379093 7
379094 379095 7
379097 34972 3
379097 34973 3
379099 379100 7
379103 379104 7
379103 379105 7
379103 379106 7
379103 379107 7
379111 379112 3
379111 379113 3
379111 379114 3
379117 379118 3
379123 379124 6
379125 34744 6
379126 379127 6
379126 379127 5
379129 379130 5
379129 379131 7
379132 379131 7
379132 86843 6
379136 188001 6
379142 379143 7
379144 379145 7
379149 379150 7
379154 160144 7
379155 372703 6
379162 379163 7
379190 25449 7
379190 16071 6
379190 16071 7
379190 35973 7
379190 144386 7
379190 53357 7
379190 379191 7
379193 379194 7
379197 350566 7
379197 379198 7
379200 44825 7
379200 55900 7
379200 341963 7
379206 379207 7
379206 379208 7
379206 379209 7
379211 379212 7
379219 379220 7
379221 202641 7
379223 269395 5
379242 379243 5
379242 379244 6
379242 379245 7
379242 379245 5
379242 379246 5
379250 20853 7
379250 33656 7
379250 128386 7
379250 14086 7
379250 34505 7
379250 53913 7
379250 86416 7
379251 379252 7
379258 33160 5
379258 179996 7
379258 179996 5
379258 83636 5
379260 379261 7
379262 374318 6
93499 379273 5
93499 379274 5
93499 379275 6
379276 379024 3
379277 379278 7
33676 379290 3
379292 379293 7
379294 379295 7
379305 379306 7
379305 379307 7
379305 379308 7
379305 379309 7
379305 379310 7
379315 280592 6
379325 12451 7
379325 379326 7
379325 379327 7
379329 379330 7
379336 366031 3
379341 379342 7
379348 51236 7
379348 5205 7
256633 162715 3
256633 163554 3
379353 108459 7
379353 311414 7
94764 379357 7
379360 87421 7
379360 143312 7
379361 379362 7
379361 379363 7
379365 379366 7
379379 379380 5
379379 379381 5
379379 379382 5
379385 278046 6
379393 379394 7
379396 21354 6
379396 21354 5
379396 379397 7
379398 377166 7
379398 21354 7
379398 379399 7
379398 379400 7
379398 379401 7
379398 379402 7
379406 177804 7
379406 135595 7
379407 121623 7
379413 118046 7
379413 118051 7
379413 118053 7
379414 379415 7
379414 379416 7
379414 379417 7
379430 379431 7
379430 379432 7
379430 379433 7
379442 5320 3
379443 379444 7
379448 200655 5
379448 137603 5
379448 293230 5
379448 106236 5
379448 109641 5
379448 131744 5
379448 162034 5
379448 157569 5
379448 379449 5
379450 98662 5
379450 156968 5
379453 21644 6
379466 261692 7
379466 379467 7
379473 227427 7
379473 379474 7
379490 379491 3
379498 379499 6
379501 379502 7
379503 4500 7
379505 379506 7
379507 10265 7
379510 52884 7
379512 379513 7
379512 379514 7
379512 379515 7
379512 379516 7
379512 379517 7
379512 379518 7
379512 379519 7
379512 379520 7
379512 379521 7
379512 379522 7
379512 379523 7
379512 379524 7
379512 379525 7
379527 379528 6
379527 379528 5
379527 379529 5
379527 379530 6
379527 379530 5
379527 379531 5
379527 379532 6
379527 379532 5
379527 379533 6
379527 379533 5
379527 379534 6
379527 379534 5
379527 379499 7
379527 379499 5
379527 379535 6
379527 379535 5
379545 379546 7
379552 379553 7
379552 379554 7
379552 379555 7
379552 379556 7
379552 379557 7
379552 379558 7
379552 379559 7
379563 107594 5
379563 234002 5
379563 138158 5
379563 201178 5
379563 192903 5
379568 379569 7
379572 379573 7
379572 379574 7
379572 379575 7
379578 29387 7
379578 29392 7
379578 29393 7
379578 79654 7
379578 24047 7
379578 29410 7
379578 813 7
379578 29422 7
379578 29426 7
379578 158319 5
379579 379580 7
379579 379581 7
379579 379582 7
379579 379583 7
379587 379588 7
379587 379589 7
379595 379596 7
379597 379598 5
379597 80157 5
379597 150013 6
379597 150013 5
379600 82180 7
379610 379611 7
379612 379613 7
379612 379614 7
379615 159940 7
379622 379528 6
379622 379528 5
379622 379529 5
379622 379530 6
379622 379530 5
379622 379531 5
379622 379532 6
379622 379532 5
379622 379533 6
379622 379533 5
379622 379534 6
379622 379534 5
379622 379535 6
379622 379535 5
379622 379623 5
379624 211138 6
379624 100010 6
379631 379534 6
379631 379534 5
379639 377726 7
379650 379651 7
379653 379654 7
379660 379661 7
379660 379662 7
379660 379663 7
379660 379664 7
379670 379671 7
379674 276830 6
379674 379675 6
379681 379682 7
379685 379686 7
379685 379687 7
379689 379690 7
379696 379697 7
379696 379698 7
379696 379699 7
379703 293814 7
379703 293814 5
379703 329233 5
379703 133838 5
379703 143136 7
379703 143136 5
379710 92974 7
379710 267240 7
379710 267240 5
379710 157576 7
379710 157576 5
379710 9334 7
379710 255929 7
379710 255929 5
379710 167739 7
379710 167739 5
379710 264487 7
379710 174371 7
379710 101233 7
379710 101233 5
379710 106952 7
379710 17528 7
379711 379712 7
379711 379713 7
379711 379714 7
379711 379715 7
379711 379716 7
379725 291950 7
379725 235878 7
379752 379753 7
379768 379769 7
379768 379770 7
379768 379771 7
379768 379772 7
379768 379773 7
379768 379774 7
379768 379775 7
379768 379776 7
379768 379777 7
379768 379778 7
379768 379779 7
379789 379790 7
379789 379791 7
379800 322628 5
379800 181264 5
379810 379811 7
379812 379813 7
379815 379816 7
379823 272197 5
379823 143323 5
379823 15398 5
379839 379840 6
379842 379843 7
379842 379843 5
379850 379851 7
379850 379852 7
379850 379853 7
379850 379854 7
379850 379855 7
379850 379856 7
379874 141684 7
379874 141684 5
379874 305319 6
379874 141689 5
379874 359273 6
379874 141693 5
379879 159033 6
379882 379883 7
379882 379884 7
379886 141977 6
379886 108439 6
379894 379895 7
379894 379896 7
379899 333321 3
379906 379907 7
379910 43650 6
379910 54581 6
379910 9639 6
379910 16097 5
379910 284479 6
379916 379917 7
379928 379929 7
379928 379930 7
379928 379931 7
379928 379932 7
379928 379933 7
379928 379934 7
379941 379942 7
379951 379952 7
379959 236399 5
379959 44786 5
379959 44787 6
379959 44787 5
379959 44788 5
379959 273266 5
379959 35790 5
379959 35799 5
379959 35800 5
379959 90165 5
379959 218817 5
379959 243853 5
379959 44813 5
379959 44815 5
379959 44816 5
379959 174667 5
379959 112130 5
379959 155411 5
379959 42768 5
379959 270997 5
379959 163434 5
379959 163435 5
379959 98623 5
379959 379960 5
379959 214045 5
379959 236415 5
379959 307526 5
379959 345550 5
379959 174403 5
379959 379961 5
379959 231555 5
379959 286487 5
379959 292565 5
379959 142202 5
379959 202070 5
379959 236426 5
379959 379962 5
379959 379963 5
379959 288479 5
379959 345551 5
379965 379966 7
212738 241000 3
6584 6682 7
6584 6686 7
379978 379979 7
379980 54520 7
379980 379981 7
379996 379997 7
379996 379998 7
379996 379999 7
380001 380004 7
380009 380010 7
380009 223611 7
380009 338293 7
380009 172674 7
380009 380011 7
380009 251492 7
380009 312645 7
380009 118273 7
380009 172677 7
380009 122433 7
380009 380012 7
380009 380013 7
380009 82876 7
380009 380014 7
380009 261062 7
380009 219482 7
380009 328489 7
380009 102438 7
380009 380015 7
380022 177157 7
380022 177157 5
380023 380024 7
380033 145418 5
380033 182084 5
380033 339365 5
380033 248307 5
380033 14668 5
380033 92068 5
380033 14683 5
380033 175390 5
380033 14711 5
380033 14712 5
380033 14731 5
380033 95341 5
380033 92069 5
380033 95342 6
380033 95342 5
380033 92070 5
380033 95346 6
380033 95346 5
380033 95347 5
380033 95348 5
380033 95350 6
380033 95350 5
380033 95351 6
380033 95351 5
380033 95352 5
380033 380034 6
380033 380034 5
380033 95355 6
380033 95355 5
380033 380035 6
380033 380035 7
380033 380035 5
380033 95359 6
380033 95359 5
380033 95360 6
380033 95360 5
380033 95364 6
380033 95364 5
380033 95370 6
380033 95370 5
380033 380036 5
380033 95400 5
380033 95401 6
380033 95401 5
380033 380037 5
380033 331317 5
380033 380038 5
380033 331318 5
380033 368302 5
380033 371956 6
380033 371956 5
380033 380039 5
380033 380040 6
380033 380040 5
380033 331319 5
380059 380060 7
380059 380061 7
380073 380074 7
380073 380075 7
380083 380084 7
380085 23138 5
380085 35994 5
380085 11240 5
380085 105079 5
380086 264727 5
380086 264728 5
380086 290412 5
380086 264729 5
380086 264731 5
380086 290414 5
380086 290415 5
380087 380088 7
345683 290536 3
380094 68501 7
380120 50721 6
380124 380125 7
380124 380126 7
380165 7962 7
380165 7963 7
380165 7964 7
380165 7965 7
380165 7966 7
380165 7967 7
380165 7968 7
380165 7969 7
380165 7970 7
380165 7971 7
380171 380172 7
380175 77619 5
380175 176554 5
380175 102980 5
162735 162718 3
380203 380204 7
380203 380205 7
380207 15960 7
380209 54375 5
380209 6737 5
380209 13738 5
380209 54390 5
380209 42422 5
380209 380210 5
380217 115476 3
380221 380222 7
380221 143312 7
380221 262893 7
380221 167744 7
184071 215362 3
184071 380227 3
184071 184075 3
184071 198901 3
380231 153390 7
380235 380217 3
380240 335035 6
380253 209202 7
380258 380259 7
380267 7308 7
380267 7312 7
380267 7329 7
256636 162718 3
256636 162728 3
380296 250028 7
380300 136263 7
380311 380312 7
380314 302717 3
380318 380319 7
380320 380319 7
380326 380327 7
380326 380328 7
380338 380339 7
380338 380340 7
380338 380341 7
380338 380342 7
380345 380346 7
380355 380356 7
380358 380359 7
380358 380360 7
380358 380361 7
380366 380367 7
380366 380368 7
380376 380377 7
380381 83906 7
380381 380382 7
380381 380383 7
380381 89965 7
380395 151658 7
380395 380396 7
380404 380405 6
380423 380424 7
380423 111711 7
380423 124022 7
380444 380445 7
380444 380446 7
380444 380447 7
380458 136090 5
380458 96343 5
380458 7902 5
380458 83676 5
380458 166061 5
380458 380459 5
380458 87309 5
380461 380462 7
380461 380463 7
380461 380464 7
380465 138967 7
380466 33441 7
380469 32860 7
380469 32860 5
380469 219733 5
380469 380470 7
380469 380470 5
380469 166548 5
380479 186250 7
380484 380485 7
380497 29072 7
380497 10563 7
380497 31625 7
380497 31626 7
380497 258 7
380497 260 5
380497 31627 7
380497 10575 7
380497 31628 7
380497 290840 7
380497 373413 7
380497 83586 7
380497 29086 7
380497 217823 7
380497 31635 7
380497 31935 7
380497 29377 7
380497 42873 7
380497 140507 7
380497 130432 7
380497 299248 7
380497 17535 7
380497 84300 7
380497 29096 7
380497 80071 7
380497 138799 7
380497 83602 7
380497 83605 7
380497 34773 7
380497 17537 7
380497 42875 7
380497 380498 7
380497 255274 7
380497 263877 7
380497 324427 7
380497 106954 7
380497 193476 7
380497 34450 7
380507 380508 7
380507 199275 7
380516 380517 7
380516 380518 7
380516 380519 7
380516 380520 7
380522 73882 7
380541 380542 7
380541 380543 7
380541 380544 7
380541 380545 7
380553 380554 7
380562 380563 7
380569 237103 7
380575 380576 3
380581 380582 7
380581 267894 7
380581 380583 7
380587 163745 7
380600 80190 7
380600 43782 6
380600 43782 7
380600 43782 5
380600 135959 6
380600 135959 7
380600 135959 5
380601 380602 7
380609 380610 7
380609 380611 7
380615 380616 7
380622 380623 7
380631 380632 5
380631 380633 6
380631 380633 5
380634 218660 6
380634 158951 5
380634 218661 6
380634 158955 5
380634 380635 5
380634 380636 5
380634 380637 6
380634 380638 6
380634 380639 5
380634 380640 6
380634 380641 5
380652 380653 7
380652 380653 5
380659 380660 7
380659 380661 7
380659 380662 7
380659 380663 7
380659 380664 7
380659 380665 7
380659 380666 7
380659 380667 7
380659 380668 7
380659 380669 7
380659 380670 7
380659 380671 7
380659 380672 7
380659 380673 7
380659 380674 7
380677 380678 7
380681 380682 7
380681 380683 7
380685 352989 7
380685 214881 7
380685 33262 7
380685 82738 7
380685 76345 7
380685 82744 7
380685 118386 7
380685 118387 7
380685 311257 7
380685 184303 7
380685 33281 7
380688 380689 7
380688 380690 7
380688 380691 7
380696 339561 3
380720 15946 5
380720 314033 5
380726 35744 5
380726 43772 5
380726 17584 5
380726 84313 5
380726 19800 5
380726 14657 5
380726 47458 5
380726 125511 5
380726 45323 5
380726 42752 5
380726 205594 5
380726 380727 5
380726 75486 5
380748 380749 7
380748 380750 7
380758 364155 5
380758 104143 5
380758 364144 5
380758 290046 5
380758 104151 5
380758 104168 5
380758 380759 5
380758 364152 5
380760 257239 7
380764 320595 3
380766 188955 3
380769 196785 7
380775 218669 6
380775 214513 6
380775 200325 6
380775 83002 6
380788 87322 7
380788 80867 5
380788 39908 7
380788 380789 7
380788 380790 7
380788 137361 7
380788 82172 7
380788 119417 7
380795 317447 7
380795 380796 7
380799 189508 5
380799 139201 5
380799 380800 5
380799 119715 5
380799 248162 5
380799 272235 5
380799 150708 5
380799 189509 5
380799 74122 5
380799 189510 5
380799 251558 5
380799 125193 5
380799 247189 5
380799 380801 5
380799 380802 7
380799 380802 5
380799 174404 5
380808 41954 7
380808 192578 7
380808 43991 7
380808 81110 7
380808 53682 7
380820 380821 7
380820 380822 7
380824 103871 6
380824 102961 6
380824 108230 6
380824 54488 6
380824 51195 6
380824 172580 6
380824 124393 6
380824 42667 6
380824 81108 6
380824 16091 6
380824 54502 6
380824 107744 6
380824 159266 6
380824 221332 6
380824 178579 6
380824 84691 6
380824 309092 6
380824 309092 7
380825 103871 6
380825 159266 6
380826 248960 7
380826 380827 7
380826 380828 7
380826 338303 7
380826 380829 7
380826 380830 7
380826 380831 7
380826 380832 7
380838 380839 7
380838 380840 7
380838 380841 7
380838 380842 7
380838 380843 7
380838 380844 7
380838 380845 7
380838 380846 7
380838 380847 7
380838 380848 7
380858 113701 6
380858 145698 5
191807 380863 7
191807 380864 7
191807 380865 7
380866 258159 6
380866 213637 5
380866 149698 6
380869 82085 7
380869 324214 7
380869 173703 7
380869 212495 7
380871 380872 7
380891 380892 7
380911 380912 7
380911 380913 7
380911 380914 7
380915 380916 7
380919 380920 7
380923 380924 7
380923 380925 7
380926 380927 7
380926 380928 7
380929 380930 7
380933 159735 3
380950 380951 5
380950 380952 6
380950 380952 5
380950 300906 5
380950 358367 6
380950 358367 5
168479 380970 3
168479 380971 3
380972 359801 7
380972 359801 5
380976 380977 7
162737 212739 3
380984 120458 5
380986 6745 7
380992 225164 7
380992 225168 7
380996 380997 3
381001 381002 7
381005 381006 7
381013 255506 3
381015 381016 3
381015 381017 3
381015 381018 3
381030 134516 7
381030 351974 7
381033 381034 7
381042 381043 7
381051 308784 3
381052 381053 7
381052 381054 7
381052 381055 7
381052 381056 7
381052 381057 7
381060 381061 7
381067 139552 7
381067 139552 5
381089 381090 7
381105 381106 7
381105 381107 7
381105 381108 7
381105 381109 7
381105 381110 7
381117 381118 7
381135 23071 7
381135 23076 7
381135 322178 7
381135 2676 7
381135 23089 7
381135 23092 7
381135 23094 7
381135 381136 7
381135 23096 7
381138 381139 7
381140 34741 6
381140 34741 7
381142 80037 6
381143 381144 7
381143 381145 7
381143 381146 7
381143 381147 7
381149 181591 7
381150 381151 7
381155 25640 7
381155 25641 7
381155 25653 7
381155 335746 7
381155 381156 7
381155 200641 7
381155 86028 7
381155 381157 7
381160 2521 7
381160 25642 7
381160 25672 7
381160 25680 7
381160 25686 7
381160 40942 7
381164 101099 7
381164 25676 7
381164 101109 7
381169 381170 3
381169 381171 3
381178 51244 7
381209 160450 7
381209 160451 7
381217 381218 7
381217 381219 7
381238 381239 7
381238 381240 7
381238 381241 7
381238 381242 7
381238 381243 7
381238 381244 7
381238 381245 7
381238 381246 7
381253 381254 7
381261 140214 7
381270 381271 7
381270 108242 7
381275 381276 7
381279 381280 7
381289 70465 7
381298 187969 7
381298 187970 7
381298 187973 7
381298 187974 7
381298 187976 7
381298 187979 7
381300 98035 7
381300 381301 7
381300 186938 7
381318 381319 7
381330 51559 7
381380 381381 7
381387 90077 7
381388 381389 7
381388 381390 7
381388 381391 7
381388 381392 7
381388 123693 7
381388 381393 7
135913 95680 7
240999 240996 3
240999 240997 3
240999 240998 3
240999 241000 3
240999 381400 3
381401 31267 5
381401 32362 5
381401 32363 5
381401 32371 5
381401 32380 5
381402 48534 7
381402 79799 7
381403 381404 7
381405 29968 7
381405 83635 7
381423 381424 3
381439 298439 7
381439 298440 7
381440 381441 7
381440 381442 7
381440 381443 7
381440 381444 7
381469 22567 7
381469 79718 5
381469 230408 7
381469 230408 5
381469 381470 7
381469 277430 5
381469 96758 5
381481 381482 7
381481 108439 5
381496 3445 7
381496 3445 5
381496 194202 5
381496 151295 5
381496 145249 5
381496 86738 5
381501 380969 7
381512 43785 7
381515 106734 6
381515 140324 6
381522 48754 5
381523 38871 7
381523 381524 7
381531 230866 5
381533 38871 7
381533 381524 7
381541 241514 7
381541 183338 7
381541 140701 7
381541 183340 7
381541 140718 7
381555 381556 7
381557 121451 7
381560 381561 7
381560 381562 7
381563 381564 7
381563 381565 7
381568 381569 7
381568 381570 7
381568 381571 7
381568 381572 7
381568 104289 7
381568 381573 7
381568 104291 7
381568 104294 7
381568 104295 7
381568 104296 7
381568 266470 7
381568 381574 7
381568 381575 7
381568 104300 7
381568 381576 7
381568 104304 7
381568 104305 7
381568 381577 7
381568 104307 7
381568 104309 7
381568 381578 7
381568 104313 7
381568 381579 7
381568 381580 7
381568 104314 7
381568 104319 7
381568 104320 7
381568 104321 7
22478 381587 7
381588 86727 7
381589 381590 7
381591 324014 7
381596 1180 6
381600 381601 3
377236 381605 3
381607 155357 5
381605 381608 3
381605 317566 3
381610 86963 7
381610 86964 7
381610 86969 7
381610 86972 7
381610 86974 7
381610 86975 7
381610 86976 7
381610 86977 7
381610 86981 7
381610 86984 7
381616 6173 6
381616 79728 6
381616 131337 6
381617 40408 6
381617 4203 6
381617 6173 6
381617 131336 6
381617 3861 6
381617 150262 6
381617 131337 6
381617 51213 6
381617 199712 6
381617 233545 6
381620 381621 7
381620 381622 7
381623 381621 7
381623 381624 7
381623 381622 7
381623 381625 7
381633 381634 7
381635 381636 5
381635 295828 5
381635 381637 5
381635 381638 5
381635 381639 5
381635 381640 5
381635 381641 5
381635 381642 5
381635 343751 5
381648 141032 7
381648 127491 7
381658 368747 7
381659 381661 7
381659 381662 7
381659 381663 7
381659 381664 7
381673 381674 7
381687 12375 7
381702 381703 7
381712 381713 7
381712 381714 7
381712 381715 7
381712 381716 7
381718 6046 7
381727 271813 7
381729 34086 7
381729 34101 7
381730 37209 3
381730 206313 3
381730 381731 3
381734 286893 7
381734 286894 7
381734 286895 7
381734 286896 7
381734 286897 7
381734 286898 7
381734 286899 7
381734 286900 7
381734 286903 7
381736 381737 7
381736 381738 7
381739 184328 3
381745 197104 7
381745 381746 7
381745 381747 7
381745 381748 7
381745 381749 7
176092 54257 5
176092 100090 5
176092 39788 5
176092 29973 5
176092 95006 7
176092 95006 5
381760 381761 7
381764 104054 7
45588 31792 3
381767 381768 5
381767 381769 6
381767 381769 5
381767 283895 7
381767 283895 5
381772 381773 7
381772 381774 7
381772 381775 7
381772 381776 7
381772 381777 7
381772 381778 7
381772 381779 7
381772 381780 7
381772 381781 7
381772 381782 7
381789 381790 7
381789 381791 7
381789 381792 7
381794 40446 7
381794 167239 5
381796 79460 5
381797 47407 7
381797 37131 7
381797 97092 7
381797 18843 7
381797 97093 7
381797 7905 7
381797 94696 7
381799 381800 7
381807 92187 5
381807 160162 5
381807 131322 7
381807 363556 7
381807 318680 5
381807 191136 5
381807 73077 7
381807 381808 5
381807 289088 5
381807 7130 5
381807 320833 5
381807 191924 5
381807 276636 5
381807 131323 5
381807 272743 7
381807 272743 5
381807 153269 5
381807 381809 5
381807 364058 5
381807 320827 5
381807 373132 5
381807 8987 7
381807 8987 5
381807 8988 5
381807 381810 5
381807 133028 7
381807 133028 5
381807 295544 5
381807 236420 5
381807 379060 7
381807 379060 5
381807 381811 7
381807 381811 5
381807 236423 5
381807 381812 5
381807 236424 7
381807 236424 5
381807 236425 5
381807 381813 5
381807 236427 5
381817 381818 7
381826 210400 7
381829 170003 7
381833 141032 7
381833 127491 7
381834 250935 7
381834 243301 7
381834 8441 7
381837 202710 7
381843 133994 6
38037 381847 7
381862 381863 7
381865 381866 7
381865 380640 5
381873 381874 7
381873 381875 7
381882 381883 3
381886 381887 3
381904 381905 7
381913 381914 7
381913 381915 7
381913 381916 7
381919 245981 3
381919 246026 3
381921 50394 6
381921 54586 6
381921 48503 6
381924 163044 7
381924 163045 7
381925 116029 7
381927 23485 5
381927 38771 5
381927 34252 5
381927 23494 5
381927 360554 5
381927 298419 5
381927 381928 5
381931 381932 7
381931 381933 7
381939 220378 7
381945 316195 6
381945 44395 6
381945 305994 6
381945 381946 6
381945 381947 6
381949 264960 3
381952 381953 7
381957 95677 7
381957 352592 7
381957 111719 7
381957 252378 5
381966 227325 3
381969 381970 5
381976 85999 5
381976 82672 5
381976 24607 5
381976 13584 7
381976 13584 5
381976 80467 5
381976 208222 5
381977 381978 7
381977 381979 7
381982 338737 3
381982 374114 3
162654 184066 3
162654 325140 3
130893 3057 7
366278 45341 7
366278 45341 5
366278 78902 5
381987 381988 3
381990 171451 5
381990 105793 5
381994 381995 3
382003 382004 7
382003 382005 7
382003 382006 7
382016 6101 7
382019 382020 7
382019 382021 7
382019 382022 7
382019 382023 7
382019 382024 7
382019 382025 7
382019 382026 7
162655 184076 3
382033 334501 6
382033 334501 7
382065 34107 5
382065 153542 5
382074 116899 7
382075 382076 7
382075 382077 7
382075 382078 7
382083 382084 7
382086 382087 7
382088 382089 6
382088 382089 5
382093 382077 7
382095 22325 7
382101 377166 6
382101 377166 5
382101 376815 5
382101 377191 5
382101 378212 5
382101 382102 6
382101 382102 5
382103 382104 7
382112 251895 7
382112 161566 7
382121 112067 3
382145 382146 7
382145 382146 5
382150 23985 6
382150 27792 6
382150 39959 6
382150 42237 6
382150 19796 6
382150 14783 6
382150 53679 6
382150 51689 6
382150 65475 6
382150 46758 6
382150 80486 6
382150 39551 6
382150 19811 6
382150 39920 6
382152 382153 7
382152 382154 7
382152 382155 7
382161 382162 7
382161 74305 7
382163 45049 6
382163 199919 6
382163 18310 6
382163 34051 6
382163 18858 6
382163 6842 6
382163 382164 6
382163 34661 6
382163 75129 6
382163 42273 6
382165 228901 7
382165 218114 7
382166 382167 7
382166 382168 7
382166 382169 7
382166 382170 7
382166 382171 7
382176 335257 7
382176 45787 7
382184 215625 7
382187 24563 7
382187 32876 7
382187 18841 7
382187 32880 7
382187 34092 7
382187 45396 7
382187 83238 7
382188 382189 7
382188 382190 7
382188 382191 7
382188 382192 7
382188 382193 7
382188 382194 7
382188 382195 7
382188 382196 7
382199 98863 7
382200 230307 7
382209 95663 3
382212 382213 7
382212 382214 7
382212 382215 7
382216 16090 7
382226 27981 7
382226 7303 7
382226 197447 7
382229 112413 7
382236 382237 7
382240 382241 7
382244 382245 7
382244 382246 7
382244 184082 7
382249 382250 7
382265 230270 7
382265 230275 7
382265 80482 7
382265 87491 7
382265 93830 7
382265 251597 7
382265 102655 7
382271 28842 7
382275 155586 7
382275 155586 5
382275 382276 5
382277 382278 7
382277 382279 7
382280 382281 7
382291 382292 7
382295 382296 7
382297 382298 5
382299 130783 7
382300 99027 7
382300 368747 7
382306 52217 7
382306 382307 7
382309 382310 7
382332 160632 7
382332 112798 7
382338 382339 7
382338 382340 7
382341 232449 7
382341 195184 7
382344 382345 7
382374 257049 7
382413 92964 6
382413 86701 6
382413 86701 7
382413 10614 6
382413 10615 6
382413 158325 7
382413 138966 6
382413 12213 6
382413 45583 6
382426 382427 7
382426 382428 7
382426 382429 7
382426 382430 7
382426 262424 7
382433 136526 6
382443 35770 7
382443 36076 7
205699 205694 3
382454 85999 5
382454 204492 5
382454 382455 5
382454 39158 5
382454 78938 5
382454 82205 5
382454 66652 5
382454 109809 5
382454 142200 5
382454 79162 5
382457 382458 7
382457 382459 7
382471 382472 7
382473 49131 7
382475 17085 7
382476 382477 7
382481 114329 6
382481 114329 7
382481 14150 7
162740 168994 3
162740 297916 3
382493 382494 7
382497 327428 7
382497 327429 7
382497 327430 7
382497 327431 7
382497 327432 7
382497 327433 7
382497 327434 7
382497 327435 7
382497 327436 7
382497 327437 7
382497 327438 7
382497 327441 7
382497 327442 7
382497 327443 7
382497 327444 7
382500 382502 7
382500 382503 7
382500 74511 5
382504 382505 7
382506 74509 7
382508 290117 7
382517 173446 5
56074 56073 3
382522 12158 7
382522 382523 7
215308 212738 3
382541 382542 6
382541 180063 7
382543 382544 7
382556 382557 7
382566 371378 3
382577 382578 7
75139 74542 6
75139 34609 6
75139 74520 6
75139 43947 6
75139 35552 6
75139 89439 6
75139 21419 6
382589 382590 7
382589 382591 7
2212 161904 3
382596 581 7
382601 381227 7
382604 382605 7
382604 382606 7
382604 382607 7
382604 382608 7
382604 382609 7
382604 382610 7
382624 34549 6
382625 382626 7
382625 382627 7
382632 77818 7
382632 382633 7
382632 382634 7
382632 382635 7
382639 382641 7
382642 382643 3
382642 382644 3
382642 382645 3
382647 159233 7
382652 160632 7
382652 103222 7
382652 307063 7
382653 382654 7
382653 382655 7
382653 382656 7
382659 183780 7
382680 382681 7
382685 382686 7
382689 382690 7
382695 118028 6
382695 205952 6
382695 140216 6
382695 320063 6
382695 382696 6
382695 151454 6
382695 321553 6
382695 107607 6
382695 382697 6
382695 124437 6
382703 382704 7
382703 382705 7
382714 382715 7
382714 181264 7
382714 82716 7
382719 4473 7
382719 360523 7
382722 381319 7
382725 96311 7
382729 382730 7
382729 16105 7
382731 382732 5
382731 272176 5
382731 196700 5
382734 382735 7
382737 382735 7
382743 272012 6
382749 382750 7
382756 382757 7
382756 382758 7
382756 382759 7
382756 382760 7
382756 382761 7
382763 382764 7
382766 95053 7
382766 142881 7
382766 114162 5
382766 142894 7
382766 95071 7
382766 35389 7
382766 43763 7
382766 382767 7
382770 382771 7
382774 289120 5
382774 377195 5
382774 382775 5
382774 382776 7
382774 382776 5
382774 169170 5
382774 361264 7
382774 382777 7
382774 361265 6
382774 361265 7
382774 361265 5
382780 382781 7
382780 382782 7
382790 382793 7
382799 134688 3
382804 203395 7
382804 141443 7
382805 382806 7
134688 134687 3
134688 134689 3
382809 157062 7
382809 155061 7
382816 83251 5
382816 95572 5
382816 36149 5
382816 182839 5
382816 83258 5
382816 89512 7
382816 94671 5
382816 80431 5
382816 31698 5
382816 6295 7
382816 3190 5
382816 92637 5
382816 108476 7
382816 173583 5
382816 50647 5
382820 382821 7
382822 10043 7
382822 382823 7
382829 382830 7
382833 40031 7
382833 40031 5
382834 133940 7
382839 382840 7
382839 31878 7
382839 270119 7
382839 382841 7
382839 308517 7
382839 382842 7
382839 175964 7
382839 382843 7
382839 382844 7
382839 101116 7
382839 382845 7
382839 382846 7
382839 382847 7
382839 300819 7
382839 382848 7
382839 382849 7
382839 382850 7
382839 382851 7
382839 382852 7
382856 377790 3
382856 348378 6
382861 382862 7
382869 216836 3
382869 382871 3
382869 382872 3
162741 162718 3
162741 162731 3
162741 162733 3
382882 382883 7
382893 309119 7
382894 382895 7
382901 32534 6
382901 32534 7
382905 382906 7
382913 382914 7
382918 101434 7
382930 382931 7
382938 364444 7
382938 117502 6
382938 99323 6
382938 13371 6
382938 25430 6
382938 15940 6
382938 46234 6
382938 39545 6
382938 122210 6
382938 121796 5
382941 382503 7
382946 87326 7
382946 87326 5
382946 248437 5
382951 42049 7
382951 42049 5
382955 55907 7
382955 102545 7
382955 218683 7
382955 50976 7
382955 50996 7
382955 100654 7
382957 382958 7
382957 382959 7
382957 382960 7
382969 382970 7
382972 377167 5
382972 382973 7
382972 382973 5
382972 48021 5
382972 379397 5
382981 382982 7
382981 382983 7
382981 382984 7
382981 382985 7
382981 382986 7
382981 382987 7
382981 382988 7
382981 382989 7
383005 226387 7
383005 105041 7
383005 105055 7
383005 88863 7
383005 383006 7
383012 383013 7
383012 383014 7
383012 383015 7
383012 383016 7
383018 383019 5
383020 383021 7
383022 160737 7
383030 208380 7
383030 208382 7
383037 111505 7
383037 383038 7
383037 114645 7
383039 353376 7
383039 235860 7
383044 105837 3
383057 383058 7
383060 383061 7
383060 383062 7
383060 383063 7
383060 383064 7
383070 383071 7
383070 383072 7
383070 383073 7
383070 383074 7
383070 383075 7
383070 383076 7
383070 383077 7
383070 383078 7
383070 383079 7
383070 383080 7
383070 383081 7
383070 383082 7
383070 383083 7
383070 383084 7
383070 383085 7
383070 383086 7
383070 383087 7
383070 383088 7
383070 383089 7
383092 16692 6
383092 197952 6
383092 97450 7
383093 383094 7
383099 87424 7
383100 383101 7
383112 124482 7
383112 41303 7
383112 47413 7
383112 143312 7
383112 8253 7
383122 42325 7
383122 81668 7
383128 383129 7
383139 382153 7
383139 382154 7
383139 382155 7
383140 48974 6
383140 10421 6
383140 176685 6
383140 56046 6
383140 34608 6
383140 56047 6
383140 24132 6
383140 10434 6
383140 519 6
383140 121336 6
383140 147418 6
383140 10441 6
383140 105341 6
383140 259760 6
383140 10444 6
383140 10445 6
383140 120051 6
383140 56050 6
383140 56051 6
383140 261475 6
383140 334608 6
383140 106034 6
383140 29294 6
383140 48976 6
383140 10450 6
383140 10451 6
383140 48982 6
383140 48983 6
383140 10452 6
383140 29665 6
383140 29665 5
383140 99571 6
383140 119670 6
383140 183369 6
383140 45036 6
383140 10453 6
82043 227228 3
82043 138591 3
82043 339045 3
82043 383153 3
383156 377185 7
383161 84374 7
383178 383182 7
383191 34055 7
383191 34055 5
383191 35753 5
383191 33018 5
383191 188043 5
383191 115870 6
383191 115870 7
383191 115870 5
383197 383198 3
383210 383211 7
383219 41563 7
383226 383227 7
383229 24778 6
383230 32543 7
383230 150816 7
383254 102821 7
383254 102822 7
383255 383256 7
383259 383260 7
383259 383261 7
383259 383262 7
383274 383275 7
383274 383276 7
383274 383277 7
383274 383278 7
383274 383279 7
383274 383280 7
383274 383281 7
383274 383282 7
383274 365009 7
383289 35748 6
383304 117924 3
383304 383305 3
383306 383307 7
383306 383308 7
383306 383309 7
383306 383310 7
383306 383311 7
383306 383312 7
383315 383316 3
383321 383322 7
383321 176856 7
383326 383327 7
383330 383331 7
383330 383332 7
383330 383333 7
383330 383334 7
383330 383335 7
383338 383339 7
383343 25681 7
383343 383344 7
383343 119469 7
383343 383345 7
383343 383346 7
383343 383347 7
383343 383348 7
383343 383349 7
383359 383360 7
383359 383361 7
383363 383364 7
383369 102977 6
383369 122458 6
383373 383374 7
383378 383379 7
383378 383380 7
383378 383381 7
383378 383382 7
383378 383383 7
383378 383384 7
383378 82879 7
383378 383385 7
383378 383386 7
383378 383387 7
383378 162218 7
134689 383394 3
383395 383396 7
383401 150323 7
383404 26060 6
383411 383412 7
383413 382202 3
383427 383428 7
383441 156173 7
383455 383456 7
383460 383461 3
383467 383468 5
383467 383469 5
383474 37273 6
383475 149039 7
383475 149040 7
383475 149041 7
383475 149042 7
383475 149043 7
383475 149044 7
383475 149045 7
383475 149046 7
383475 149047 7
383475 149048 7
383475 149050 7
383475 149051 7
383476 383477 3
297916 205700 3
383480 42341 6
383488 383489 7
383501 383502 7
383504 187798 6
383504 187798 5
383504 383505 7
383504 248221 6
383506 383507 7
383523 383524 7
383537 383538 7
383537 383539 7
383542 383543 5
383546 383547 7
383549 383550 7
383566 159253 5
383566 157971 5
383566 243971 7
383566 243971 5
383566 103896 7
383566 103896 5
383566 160062 7
383566 231200 7
383566 231200 5
383566 159260 5
383566 197785 7
383566 197785 5
383566 235447 5
383566 257190 5
383566 238068 7
383566 238068 5
383566 301256 7
383566 301256 5
383566 196186 5
383567 383568 7
383567 383569 7
383567 383570 7
383567 383571 7
383567 383572 7
383567 383573 7
383567 383574 7
383590 383593 5
383594 383595 7
383606 147461 7
383609 383610 7
383613 383614 7
383618 383619 7
383618 383620 7
383618 383621 7
383618 383622 7
383618 383623 7
383618 383624 7
383618 383625 7
383618 383626 7
383618 383627 7
383631 117500 7
383632 382642 3
383633 383634 7
383637 383638 7
383643 50922 7
383643 50934 7
383643 50936 7
383643 50939 7
383643 50942 7
383643 50943 7
383643 50948 7
383643 383644 7
383643 50981 7
383643 50982 7
383643 50984 7
383643 50987 7
383643 50988 7
383643 50991 7
383655 49193 7
383655 49193 5
383655 383656 7
383655 282989 7
383655 43666 5
383655 383657 7
383662 383663 7
383672 383673 7
383672 383674 7
383672 383675 7
383672 383676 7
383679 383680 3
383679 355702 3
383683 383684 7
383686 383687 7
383686 383688 7
383686 383689 7
383686 383690 7
383708 383709 7
383708 383710 7
383708 383711 7
383708 383712 7
383725 74349 7
383725 137319 7
383729 383730 7
383732 383733 7
383732 383734 7
383732 383735 7
383732 383736 7
383732 383737 7
383732 383738 7
383755 181736 3
383769 204441 7
383775 6171 5
383775 29414 7
383775 29460 7
383775 29490 7
383776 383777 7
383776 383778 7
383776 383779 7
383776 383780 7
383776 383781 7
383805 32885 7
383817 383818 7
383817 383819 7
383817 383820 7
383825 193448 7
383825 383826 7
383825 383827 7
383825 383828 7
383825 383829 7
383825 383830 7
383825 383831 7
383825 383832 7
383825 383833 7
383838 1607 5
383838 81106 5
383838 83147 6
383838 99291 5
383838 120807 6
383838 120807 7
383838 32829 5
383838 34866 6
383838 162120 7
383838 162120 5
383845 376814 6
383845 376814 7
383845 376814 5
383845 383846 5
383845 383847 7
383845 282285 7
383845 282285 5
383845 383848 6
383845 383848 7
383845 383848 5
383845 383849 5
383852 383853 7
383852 383853 5
383852 383854 7
383852 383854 5
383852 383855 7
383852 383855 5
383852 383856 7
383852 383856 5
383852 383857 7
383852 383857 5
383852 383858 7
383852 383858 5
383852 383859 7
383852 383859 5
383852 383860 7
383852 383860 5
383852 383861 7
383852 383861 5
383852 383862 6
383852 383862 7
383852 383862 5
383852 383847 7
383852 383847 5
383852 383863 7
383852 383863 5
383852 383864 7
383852 383864 5
383852 383865 7
383852 383865 5
383852 383866 5
383852 383867 5
383852 383868 6
383852 383868 5
383852 383869 7
383852 383869 5
383875 332585 3
383893 7889 5
383893 131667 7
383893 131667 5
383898 190394 7
383902 383903 7
383902 383904 7
383902 383905 7
124093 228878 7
383919 382153 7
383919 382154 7
383919 382155 7
288972 168995 3
288972 205694 3
288972 362855 3
383932 36124 7
383932 34632 7
383932 202531 7
383932 107 7
383932 151089 7
383937 292347 7
383941 383942 5
383941 383943 5
383946 383947 7
383946 383948 7
383959 73797 6
383959 14139 6
383959 54395 6
383959 32046 6
383959 80894 6
383961 275581 7
383961 273641 7
383972 65899 3
383976 73710 7
383983 383984 7
383983 383985 7
383983 383986 7
384023 44851 7
384040 384041 5
384046 384047 5
384046 384048 5
384052 384053 7
384052 384053 5
384052 266818 7
384052 266818 5
384052 384054 5
384052 384055 7
384052 384055 5
384052 377169 5
384052 384056 5
384052 384057 5
384052 145903 7
384052 145903 5
384052 145904 5
384052 384058 5
384052 145905 5
384052 378018 5
384052 145906 5
384052 233489 5
384052 145907 5
384052 145908 5
384052 384059 5
384052 378019 5
384052 384060 5
384052 384061 5
384052 384062 5
384052 376818 5
384052 384063 5
384065 384066 7
383636 384068 3
384072 97898 7
384076 33032 7
384077 384078 7
384077 384079 7
384077 384080 7
384081 384082 7
384084 384085 7
384084 7873 5
384084 37896 5
384084 131473 5
384086 384087 3
384086 384088 3
384089 354738 7
384094 49362 7
384104 218789 5
384110 11200 6
384110 74072 6
384110 84684 5
384111 189442 5
384111 384113 5
384111 384114 5
384117 115032 7
384117 115230 7
384120 384121 7
384125 166997 5
384144 384145 7
384148 384149 7
384155 384156 7
384155 384157 7
384155 384158 7
384155 384159 7
384155 384160 7
384165 384166 7
384184 243744 7
384184 205459 7
384184 384185 7
384184 384186 7
384184 384187 7
384199 384200 7
384203 384204 7
384203 384205 7
384203 384206 7
384203 384207 7
384203 384208 7
384203 384209 7
384203 384210 7
384203 384211 7
384203 384212 7
384203 384213 7
372927 124513 7
372927 92967 7
372927 7234 7
384220 384221 7
384238 384239 7
384243 384244 7
384259 246048 7
384261 384262 7
384261 214148 7
384272 384273 7
384281 384282 7
384281 325990 7
384281 366028 7
384281 384283 7
384281 384284 7
384281 384285 7
384286 334501 6
384291 207181 7
384294 384295 7
384297 384298 7
384297 384299 7
384306 384307 7
384309 47668 7
115577 115578 3
384317 384318 7
384336 384337 7
384336 384338 7
384341 384342 7
384341 384343 7
384341 384344 7
384341 384345 7
384341 384346 7
384341 384347 7
384366 127808 7
384370 174690 7
384370 384371 7
384370 384372 7
384370 384373 7
384370 384374 7
384370 225460 7
384370 384375 7
384370 384376 7
384370 384377 7
384370 225464 7
384370 384378 7
384370 225468 7
384370 225469 7
384370 174701 7
384370 174702 7
384370 174703 7
384370 225471 7
384370 225474 7
384370 384379 7
384370 384380 7
384370 225475 7
384370 384381 7
384385 241402 6
384385 128987 6
384385 211948 6
384385 128989 6
384385 193446 6
384385 384386 6
384385 128991 6
384389 384390 7
384393 384394 7
240323 384397 7
240323 384398 7
240323 384399 7
240323 384400 7
240323 384401 7
384406 145797 7
384406 197173 7
384406 197174 7
384406 197176 7
384423 384424 7
384429 47460 6
384435 6075 7
384435 39957 6
384435 118158 7
384435 87283 6
384435 131068 6
384435 131068 7
384437 9034 5
384437 384438 5
384446 384447 7
384446 384448 7
384446 384449 7
384446 384450 7
384452 384453 7
384458 384459 7
384460 302011 5
384460 384461 7
384460 384461 5
384460 384462 5
384472 80867 6
384472 122422 6
384472 23850 6
384472 21623 6
384472 44859 6
384472 51204 6
384472 16091 6
384472 228901 6
384475 91851 5
384475 378013 7
384475 229420 5
384475 384059 7
384475 384476 7
384475 384477 7
384475 384063 7
384475 384478 5
384475 384479 7
384475 384479 5
384475 238339 5
384480 384481 6
384480 295227 5
384480 384482 5
384480 272638 6
384480 272638 7
384480 272638 5
384480 384483 5
384480 384484 5
384480 295228 5
384480 384485 6
384480 159068 6
384480 175531 6
384480 379401 6
384480 379401 5
384480 378214 6
384480 378214 5
384480 384486 6
384480 384486 7
384480 15261 6
384505 384506 7
384505 384507 7
384508 384509 7
384513 384514 7
384521 341713 7
384522 320785 7
384530 384531 5
384530 384532 5
384533 384534 7
384533 384535 3
384536 30708 7
384536 32881 6
384536 9450 7
384541 384542 7
384541 384543 7
384541 384544 7
384541 384545 7
384541 384546 7
384541 384547 7
384541 384548 7
384541 384549 7
384553 384554 7
384562 44859 5
384562 156609 5
384563 384564 7
384565 384566 7
384565 312646 7
384575 167490 3
384577 384578 5
384580 232145 7
384580 232145 5
384586 342417 7
384597 213908 7
384605 213891 7
384623 76007 7
384623 282062 7
384627 384628 7
384627 384629 7
384627 384630 7
384627 384631 7
384636 114244 7
384663 384664 7
384679 384680 5
117828 358508 3
384688 384689 7
384691 384692 7
384691 384692 5
384694 50539 7
384703 347631 7
384714 384715 7
384714 384716 7
384717 384718 7
23728 384723 7
23728 384724 7
25010 384730 7
384734 305321 7
384734 305321 5
384734 374787 6
384734 374787 7
384734 374787 5
384734 384735 5
384736 384737 7
384740 384741 7
384743 384744 7
384745 384746 5
384748 384749 7
384750 18627 7
384750 246512 7
384750 173704 7
384750 296570 7
384750 384751 7
384750 179757 7
384750 173705 7
384750 173706 7
384750 173707 7
384750 105681 7
384750 374299 7
384750 384752 7
384750 384753 7
384750 374305 7
384763 17241 5
384763 17244 5
384763 17248 5
384763 364686 5
384763 364687 5
384763 90432 5
384763 90477 5
384763 17265 5
384765 384766 7
384774 159940 7
384788 229224 5
384788 303630 6
384788 175538 6
384788 175538 5
384788 384789 5
384788 81874 5
384788 384790 6
384788 384790 5
384788 43523 6
384788 43523 5
384788 284822 6
384788 284822 5
384797 285314 7
384797 293141 7
384797 272639 7
384798 384799 7
384803 384804 7
384803 384805 7
384803 384806 7
384803 384807 7
384842 384843 7
384842 384844 7
384842 301689 7
384842 384845 7
384853 360520 7
384853 384854 7
384853 384855 7
384853 360521 7
384853 384856 7
117829 117828 3
320490 384879 3
384882 22134 7
384883 33162 7
384883 20503 7
384883 123184 7
384883 43022 7
384883 140323 7
384883 106739 7
384891 230739 7
384896 384897 7
384898 384899 7
384911 78213 7
384915 384916 7
384919 384920 7
384932 384933 7
384938 384939 7
384946 384947 7
384946 384948 7
384946 384949 7
384946 384950 7
384946 384951 7
384952 192239 6
384954 384955 3
384954 384956 3
384959 384960 7
384979 371121 7
384979 160058 7
384979 160058 5
384979 160063 7
384979 103797 7
384979 195364 5
384979 384980 7
384979 384980 5
384979 201444 5
384979 192449 7
384979 192449 5
384979 363471 7
384979 103868 7
384979 364146 7
384979 364146 5
384979 364482 7
384979 364482 5
384979 384981 7
384979 373099 7
384979 384982 7
384979 384982 5
384988 3145 5
384989 37105 5
384989 185893 5
384989 101863 5
384994 384995 7
123842 385008 3
385013 385014 7
385013 385015 7
385016 385017 7
385021 83912 5
385021 83913 7
385021 83915 7
385021 83921 5
385021 83923 5
385021 83924 5
385026 385027 7
385026 385028 7
385029 385030 7
385033 385034 7
345505 282720 3
385042 83614 7
385043 385044 7
385052 385053 7
385052 385054 7
385052 385055 7
385052 385056 7
385052 385057 7
385061 385062 7
385061 385063 7
385061 385064 7
385070 385071 7
385070 385071 5
385076 13078 7
385095 385096 7
385103 248376 3
385103 248377 3
385103 248378 3
385105 385106 7
385110 270156 7
385117 385118 7
385127 42920 7
385127 81375 7
385127 73509 7
385127 94663 7
385127 61777 7
385127 174301 7
385127 50510 7
385127 17803 7
385127 90185 7
385127 40519 7
385128 385129 7
385134 131822 7
385141 385142 7
385148 12155 7
385154 385155 7
385158 385159 7
385168 48782 5
385169 385170 7
385182 237277 5
385186 230372 5
385195 385196 7
385202 385203 7
385210 49511 7
385210 148944 7
385210 39732 7
385210 148945 7
385211 385212 7
385211 385213 7
385217 252137 7
385217 252138 7
385223 385224 7
385252 385253 7
385252 385254 7
385252 385255 7
385252 385256 7
385270 338438 7
385281 385282 7
385281 385283 7
385290 385291 7
385296 271923 7
385296 271925 7
385296 271926 7
385296 271927 7
385296 271928 7
385296 271929 7
385298 385299 7
385308 111619 5
385308 164622 6
385308 258558 5
385308 113817 6
385308 204680 5
385308 385309 5
385311 385312 7
385313 385314 7
385346 385347 7
385346 385348 7
385351 385352 5
385356 385357 5
385356 96812 5
385359 271258 7
385359 200414 7
385359 200417 7
385359 385360 7
385388 271866 6
246032 246033 3
385411 13738 7
385411 98058 7
385413 385414 7
385419 117502 6
385419 16585 6
385419 118434 6
385419 34181 6
385419 16517 6
385419 118436 6
385419 145782 6
385419 116521 6
385419 121628 6
385419 107782 6
385419 299092 6
385420 17371 6
385420 166981 6
385420 145782 6
385420 37444 6
385420 299092 6
385422 43086 6
385430 128470 7
385430 128470 5
385430 178569 7
385430 178569 5
385438 9257 7
385438 292565 7
385445 385446 7
385447 11203 5
385447 35219 5
385447 51623 7
385448 385449 7
385448 385450 7
385454 385455 3
385462 385463 7
385476 385477 7
385476 385478 7
385476 385479 7
385476 385480 7
385476 385481 7
385476 385482 7
385476 385483 7
385476 385484 7
385476 385485 7
385476 385486 7
385544 385545 7
385567 385568 7
385567 385569 7
385573 385574 7
385573 385575 7
385573 385576 7
385573 385577 7
385573 385578 7
385573 385579 7
385573 385580 7
385573 385581 7
385573 385582 7
385585 385586 5
385585 385587 6
385585 385587 7
385585 385587 5
385585 385588 6
385585 385588 5
385585 385589 5
385585 385590 5
385593 385594 7
385593 385595 7
385593 385596 7
385593 385597 7
385593 385598 7
385593 385599 7
385601 102049 6
385601 117477 7
385609 92185 7
385609 92186 7
385609 212059 7
385609 236397 7
385609 189911 7
385609 204145 7
385609 189508 7
385609 193915 7
385609 193916 7
385609 176682 7
385609 153268 7
385609 318680 7
385609 79171 7
385609 260365 7
385609 247218 7
385609 318683 7
385609 260191 7
385609 231688 7
385609 191782 7
385609 260192 7
385609 318684 7
385609 260193 7
385609 74025 7
385609 191783 7
385609 125191 7
385609 139201 7
385609 255523 7
385609 139202 7
385609 125192 7
385609 73075 7
385609 153174 7
385609 189509 7
385609 227142 7
385609 236401 7
385609 236402 7
385609 92191 7
385609 30022 7
385609 92192 7
385609 109610 7
385609 73077 7
385609 221201 7
385609 221202 7
385609 251088 7
385609 251089 7
385609 183583 7
385609 180516 7
385609 195632 7
385609 236404 7
385609 236405 7
385609 236406 7
385609 236407 7
385609 204146 7
385609 205639 7
385609 236408 7
385609 92193 7
385609 13780 7
385609 236409 7
385609 189915 7
385609 236410 7
385609 236411 7
385609 236412 7
385609 224028 7
385609 224030 7
385609 224031 7
385609 385610 7
385609 191923 7
385609 320834 7
385609 385611 7
385609 385612 7
385609 79172 7
385609 328570 7
385609 318691 7
385609 224055 7
385609 8988 7
385609 385613 7
385609 309681 7
385609 381811 7
385609 309691 7
385609 318692 7
385609 385614 7
385618 385619 7
385629 124596 7
385629 73759 5
385632 385633 7
385634 385635 7
385634 385636 7
385634 385637 7
385634 385638 7
385641 119679 7
385641 385642 7
385657 385658 7
385667 385668 7
385669 138170 7
385680 385681 7
385691 89507 6
385691 35541 6
385691 94690 6
385691 46007 6
385691 11021 6
385691 33001 6
385691 6271 6
385691 74077 6
385691 33560 6
385691 33008 6
385691 75138 6
385691 11577 6
385691 79010 6
385691 33847 6
385691 75142 6
385691 42380 6
385691 162563 6
385691 35558 6
385691 33605 6
385691 35817 6
385691 94097 6
385691 94097 5
385691 74260 6
385691 94706 6
385691 34895 6
385691 46023 6
385691 32802 6
385691 167298 6
385691 73386 6
385700 288520 3
385703 385704 7
385705 385706 7
385705 385707 7
385709 385710 7
385712 385713 7
385712 385714 7
385712 385715 7
385712 385716 7
385712 385717 7
385712 385718 7
385712 385719 7
385712 385720 7
385712 385721 7
385723 385724 7
385729 1909 3
385739 385740 5
385739 385741 7
385739 385741 5
385739 306436 5
385743 190967 6
385743 190967 7
385743 190967 5
385743 320949 5
385743 385744 7
385743 385744 5
385745 173243 7
385745 385746 7
385745 385747 7
385752 111854 7
385752 385753 7
385752 385754 7
385752 385755 7
385756 83590 5
385756 338733 5
385756 95245 5
385762 385763 7
385762 385764 7
385769 385770 5
385769 385771 6
385769 385771 7
385769 385771 5
385773 385774 7
385782 385783 3
385791 385792 7
385795 385796 7
385795 385797 7
385804 253120 7
385804 155065 7
385804 385805 7
385804 385806 7
385804 154751 7
385813 19501 7
385813 15554 6
385813 19535 7
385813 82719 7
385814 46802 3
385819 146132 7
385824 385825 7
280296 252910 3
257797 312048 3
385844 385845 7
385844 385846 7
385844 385847 7
385844 385848 7
385850 385851 6
385875 385876 7
385879 135602 5
385881 48330 7
385881 385882 7
385881 192417 7
385887 39716 6
385887 133925 6
385887 14359 6
385894 38179 7
385896 120133 7
385901 191180 7
385905 385906 7
385905 385907 7
385905 385908 7
385905 385909 7
385917 266345 7
385917 266345 5
385917 13608 5
385922 385923 7
385924 384481 6
385924 51031 6
385924 349088 5
385924 295227 6
385924 281567 5
385924 272638 6
385924 384483 5
385924 384484 5
385924 384485 5
385924 51033 5
385924 159068 5
385924 175531 5
385924 379401 6
385924 379401 5
385924 378019 6
385924 378214 6
385924 378214 7
385924 384486 5
385924 385925 5
385924 183452 6
385924 15261 6
385927 178929 7
385932 385933 7
385932 385934 7
385932 385935 7
385932 385936 7
385932 385937 7
385944 385945 6
385944 385945 7
385944 385945 5
385948 255265 7
385948 93864 7
385951 385952 7
385951 385953 7
385951 223486 7
385955 385956 7
385957 385958 7
385961 385962 7
385963 309057 7
385963 297460 7
385963 309058 7
385965 47170 7
385967 385968 3
385973 385974 7
385973 295050 7
385973 385975 7
385973 385976 7
385990 267408 3
385997 385998 3
386001 386002 7
386001 386003 7
386001 386004 7
386001 386005 7
386001 386006 7
386001 386007 7
386001 386008 7
386011 386012 7
386017 386018 7
386019 386020 7
386023 386024 7
386025 223496 7
386026 223496 7
386034 22809 7
386034 386035 7
386036 386037 6
386036 386037 5
386039 45098 5
386040 246293 5
386040 43639 5
386040 341668 6
386043 386044 7
386045 269261 7
386045 269264 7
386045 269265 7
386045 269267 7
386055 209669 7
386056 386057 3
386058 386059 6
386058 386059 5
386058 384330 5
386058 384457 6
386058 384457 5
386058 386064 6
386058 386064 5
386058 386065 5
386058 386066 5
386069 386070 3
386076 386077 7
386080 248155 7
386080 186918 7
386080 4629 7
386080 186920 7
386097 12903 6
386097 74176 6
386097 73269 6
386097 19326 6
386097 22566 6
386097 6053 6
386097 32533 6
386097 147810 6
386097 386098 7
386097 24791 6
386097 19335 6
386097 86155 6
386097 39609 6
386097 114015 6
386097 131665 6
386097 136877 6
386097 24801 6
386097 65475 6
386097 73806 6
386097 45541 6
386097 194294 6
386097 15525 6
386097 7922 6
386097 157560 6
386097 214486 6
386097 236181 6
386097 30119 6
386097 46241 6
386104 45311 6
386104 88735 6
386104 51621 6
386111 386112 7
386117 386118 7
386119 138724 7
386119 138747 7
386126 386127 7
386132 49923 6
386132 49923 7
386132 174519 5
386133 79659 7
386153 17528 7
386183 45808 7
386183 184251 7
386194 108254 5
386194 84085 5
386198 7906 7
386198 7906 5
386235 171451 6
386235 20711 6
386241 9622 6
386241 2073 6
386241 9625 6
386241 9626 6
386241 9627 6
386241 49048 6
386241 23977 6
386241 54411 6
386248 377647 5
386258 129951 7
386263 386264 5
386263 386265 5
386263 386266 5
386263 386267 7
386263 386268 6
386263 386268 7
386263 386268 5
386272 386273 7
386272 386274 7
386272 386275 7
386272 386276 7
386272 386277 7
386272 386278 7
386272 386279 7
386282 386283 7
386282 386284 7
386282 386285 7
386282 386286 7
386282 386287 7
386288 386289 7
386288 386290 7
386299 42402 7
386299 42408 7
386299 386300 7
386299 248343 7
386299 386301 7
386299 42420 7
386299 386302 7
386310 386311 7
386310 112531 7
386312 325764 7
386312 325764 5
386312 386313 5
386324 386325 3
386326 53373 5
386327 386328 5
386330 386331 7
386333 96132 6
386333 96133 6
386333 225712 6
386333 207692 6
386333 16522 6
369634 100902 3
369634 241336 3
386336 175368 5
386345 374314 7
386351 83721 7
386354 125385 7
386356 210401 7
386356 193171 7
386356 386357 7
386356 386358 7
386356 378906 7
386356 386359 7
386356 373222 7
386356 291632 7
386356 386360 7
386356 243301 7
386370 204466 6
386370 204466 5
386370 379399 5
386370 284773 5
386370 386371 5
386373 18692 7
386373 27803 7
386373 23247 7
386382 386383 7
386388 386389 7
386388 386390 7
386398 153773 7
336446 37452 3
386423 386424 5
386423 209618 5
386426 386427 7
386436 89698 5
386436 386437 5
386436 386438 5
386439 386440 7
386441 24693 7
386441 103126 7
386441 276176 7
386442 386443 7
386457 50089 7
386457 50113 7
386457 49578 7
386458 386459 5
386462 129985 7
386463 386464 7
386463 386465 7
386463 386466 7
386482 219116 7
386482 219116 5
386484 386485 7
386484 386485 5
386484 386486 7
386484 386487 7
386484 238164 7
386484 369320 6
386488 196745 5
386489 184551 5
386489 386490 5
386489 332366 5
386489 386491 5
386489 184552 5
386489 386492 5
386493 386494 7
386493 228136 6
386493 228136 7
386493 197785 6
386493 197785 7
386493 317667 6
386493 317667 7
386500 386501 7
386505 141818 5
386505 365363 7
386505 365363 5
386505 171110 7
386505 171110 5
386505 214528 5
386506 112408 7
386506 112408 5
386506 112411 5
386507 386508 6
386507 386508 7
386507 386508 5
386514 205920 7
386514 386515 7
386514 386516 7
386514 386517 7
386523 386524 7
386526 386527 7
386526 386528 7
386526 386529 7
386537 386538 7
386542 386543 5
386546 384331 7
386546 384331 5
386546 169171 5
386546 384332 7
386546 384332 5
386546 169172 7
386559 294372 7
386560 174326 5
386560 386561 5
386560 293148 5
386570 43638 7
386570 25794 7
386570 25795 7
386570 25796 7
386570 109809 7
386570 169730 6
386570 169730 7
386570 146869 7
386580 386581 7
386580 386582 7
386580 386583 7
386580 386584 7
386580 386585 7
386580 386586 7
386580 386587 7
32026 32023 3
32026 386588 3
32026 32027 3
386595 33257 7
386603 293744 7
386603 293745 7
386614 3855 6
386614 8036 6
386614 37141 6
386614 29968 6
386622 386623 3
386627 386628 7
386648 386649 7
386648 386650 7
386648 386651 7
386652 98921 3
386669 386670 7
386669 386671 7
386669 386672 7
386684 386685 7
386684 386686 7
386689 386690 7
386689 386691 7
386689 386692 7
386698 386699 7
386698 386700 7
386712 267343 5
386722 196197 7
386727 8959 6
386727 8960 6
386727 279017 6
386727 8972 6
386727 8990 6
386735 386736 7
386735 386737 7
386735 386738 7
386735 310681 7
386743 386744 5
386745 386746 7
386745 229607 7
386759 386760 5
386763 386764 7
386763 386764 5
386763 386765 7
386768 386769 7
386773 386774 7
386773 386774 5
386773 365738 5
386773 386775 7
386773 386775 5
386773 213616 5
386777 386778 7
386777 386779 7
386780 386781 7
386780 386782 7
386791 386792 7
386795 362599 5
386795 386796 5
386795 362600 5
386797 73673 7
386804 42433 6
386804 84686 6
386806 386807 7
386809 386810 7
386809 386811 7
386809 386812 7
386809 386813 7
386809 386814 7
386815 386816 7
386815 386817 7
386815 386818 7
386815 386819 7
386824 386825 7
386828 386829 7
386828 386829 5
386828 43869 7
386828 43869 5
386831 386832 7
386836 386837 7
386836 386838 7
386839 206300 7
386839 206301 7
386841 386842 7
386848 386849 3
386848 386850 3
386848 386851 3
386848 386852 3
386848 386853 3
386860 90083 5
386860 73332 5
386868 386869 7
386868 386870 7
386872 108137 7
386874 386875 7
386874 386876 7
386874 386877 7
386885 363557 7
386885 51303 7
386890 386891 7
386898 386899 5
386902 386903 7
386926 386927 7
386926 386928 7
386926 386929 7
386926 386930 7
386926 386931 7
386926 386932 7
386926 386933 7
386926 386934 7
386926 386935 7
386926 165018 7
386940 98881 7
386940 31680 7
386940 24053 7
386940 33805 7
386941 386942 5
386941 226644 5
386941 386943 5
103728 103863 3
386945 87631 7
386957 221332 5
386959 386960 7
262021 219405 3
262021 219406 3
386968 386969 7
386976 386977 7
386982 100363 7
386982 21751 7
386982 386983 7
386993 386994 7
386993 386995 7
386993 386996 7
387003 279022 7
387003 279022 5
387003 133388 5
387003 268465 5
387003 183453 7
387012 387013 7
387012 387014 7
387012 387015 7
387020 387021 7
387027 23100 6
387027 20843 6
387027 23112 6
387027 54152 6
387027 119846 6
387027 29896 6
387027 96493 6
387027 79649 6
387027 35814 6
387027 161196 6
387027 161197 5
387027 50644 6
387027 161200 5
387027 92640 5
387035 84034 7
387046 387047 7
387046 387048 7
387046 387049 7
387046 387050 7
387046 387051 7
387046 387052 7
387046 387053 7
387046 387054 7
387046 387055 7
387066 387067 7
387066 387068 7
387066 387069 7
387066 387070 7
387066 387071 7
387066 387072 7
387066 177258 7
387066 387073 7
387066 387074 7
387081 387082 7
387087 387088 7
387087 387090 7
387104 387105 7
387108 99355 7
387113 285462 7
387117 10154 7
387117 84741 7
387117 93561 7
387117 193094 7
387125 387126 7
387129 387130 7
387149 387150 7
387149 182203 7
387149 387151 7
387152 200075 7
387152 219184 7
387152 387153 7
387152 387153 5
387155 166781 6
387155 169645 6
387155 169645 7
387164 96689 6
387164 13772 6
387164 172659 6
387164 162999 6
387171 84096 7
387178 387179 7
387178 387180 7
387178 387181 7
387178 387182 7
387184 387185 7
387184 19387 7
387184 269536 7
387186 387187 7
387186 387188 7
387186 387189 7
387190 387191 7
387190 387192 7
387190 387193 7
387190 387194 7
387197 387198 7
387203 387204 7
387213 273408 5
387218 93329 7
387218 46148 7
387218 108870 7
387219 93329 7
387219 46148 7
387219 108870 7
387227 326133 7
387227 266219 7
387227 326134 7
387227 326135 7
387227 266224 7
387238 20529 6
387247 89161 7
387257 175809 7
387257 175811 7
387259 387260 7
387259 335560 7
387259 387261 7
387259 284390 7
387259 387262 7
387267 387268 7
387269 35300 7
387269 35300 5
387276 387277 7
387276 387278 7
302158 240997 3
256637 240996 3
256637 256635 3
256637 302158 3
387295 387296 7
387313 358856 7
387318 387319 7
387318 387320 7
387338 128779 7
387341 387342 7
387343 387344 7
387343 387345 7
387343 387346 7
387343 387347 7
387343 387348 7
387343 387349 7
387351 27664 7
387355 302238 5
387358 295267 7
387358 295267 5
387358 387359 5
387382 381154 6
387382 381154 5
387382 290063 5
387382 267827 7
387382 267827 5
387382 384329 5
387382 387383 5
387382 387384 5
387382 266817 6
387382 266817 7
387382 266817 5
387382 384054 7
387382 384054 5
387382 384476 5
387382 387385 7
387382 387385 5
387387 387388 3
387389 42333 7
387394 387395 7
387401 387402 7
387403 387404 7
387403 220416 7
387403 20716 7
387403 96351 7
387407 387408 3
387407 387409 3
387407 387410 3
387415 126580 5
387420 188602 7
387421 387422 7
387421 387423 7
387437 15968 7
387437 263298 7
387437 103235 5
387437 387438 7
387444 387445 7
387449 387450 7
387457 387458 7
387457 387459 7
387457 387460 7
387457 387461 7
387457 387462 7
387477 109728 7
387477 40594 7
387491 22130 7
387491 40056 7
387491 32566 7
387491 32567 7
387491 36117 7
387491 32568 7
387491 32570 7
387491 40073 7
387491 40074 7
387491 40075 7
387495 32508 7
387495 92601 7
387495 53474 7
387500 319739 7
387500 200948 7
387500 319740 7
387500 200949 7
387500 200950 7
387500 319742 7
387500 103670 7
387500 319743 7
387500 387501 7
387514 387515 7
387514 387516 7
387519 6578 7
387519 387520 7
387529 123829 7
387534 37089 7
387534 112728 7
387546 149415 7
387546 96108 7
387546 315206 7
387546 23074 7
387546 93467 7
387546 173312 7
387546 340154 7
387546 23090 7
387546 178528 7
387546 340155 7
387546 356226 7
387546 356228 7
387547 387548 6
387547 387548 5
387547 387549 6
387547 387549 5
387552 387553 7
387558 387559 7
387558 387560 7
387558 387561 7
387558 387562 7
387558 123622 7
387558 387563 7
387558 81866 7
387558 387564 7
387558 154477 7
387558 387565 7
387558 208616 7
387558 387566 7
387558 387567 7
387558 208623 7
387558 387568 7
387558 208626 7
387558 387569 7
387558 208627 7
387558 387570 7
387558 387571 7
387558 113722 7
387558 95240 6
387558 387572 7
387588 387589 7
387595 387596 7
387597 387596 7
387598 17509 7
387598 113667 7
387598 31524 7
387598 1616 7
387598 45279 6
387598 17518 7
387598 106946 7
387598 189841 7
387598 3039 7
387598 106026 7
387598 84407 7
387598 106954 7
387600 178018 7
387600 257343 6
387600 196450 6
387600 196450 7
387602 87073 7
387602 87091 7
387602 87092 7
387602 87095 7
387602 87096 7
387602 87098 7
387602 87099 7
387602 87100 7
387602 87101 7
387602 87102 7
387602 87103 7
387602 87105 7
387602 87106 7
387602 87107 7
387602 87111 7
387602 87112 7
387602 87113 7
387603 387604 7
387603 387605 7
387603 387606 7
387607 387608 7
387607 19735 7
387607 203618 7
387610 387611 7
387615 5187 7
387615 73077 7
387615 114190 7
387615 224040 7
387615 385612 7
387615 318690 7
387615 186401 7
387628 387630 3
387636 101650 7
387657 45089 7
387666 14411 3
387666 92558 3
387670 387671 7
387673 387674 5
387673 111736 7
387673 111736 5
387673 25409 6
387684 387685 7
387686 387687 7
387691 708 7
387692 298146 7
387695 140189 3
387695 387696 3
387695 109411 3
387695 109412 3
387703 138906 7
387703 292072 7
387703 229644 7
387703 39677 7
387703 292073 7
387705 387706 7
387708 276517 6
387708 387709 6
387708 387709 7
387708 387709 5
387714 387715 7
387714 387716 7
387714 239699 7
387714 387717 7
387722 159265 6
387725 168795 7
387725 168795 5
387733 387734 7
387741 124589 7
387751 160390 6
387752 387576 7
387759 387760 7
387766 346679 6
387766 346679 7
387766 346679 5
387766 9657 5
387767 387768 7
387767 387769 7
387775 387776 7
387777 84923 7
387780 387781 7
387783 387784 7
387785 387786 7
387790 387791 7
387795 121857 6
387799 387800 7
387802 387803 7
387804 24800 6
76889 338904 3
76889 338905 3
387813 387814 7
387817 146140 5
387817 13376 5
387817 49557 5
387817 43786 5
387828 116471 3
387832 387709 6
387840 352453 7
387848 127279 7
387859 346961 7
387861 94017 3
387862 387863 7
387871 387872 7
387871 387873 7
387871 387874 7
387871 387875 7
387871 387876 7
387871 387877 7
387871 387878 7
387871 387879 7
387871 387880 7
387871 387881 7
387871 387882 7
387883 387884 7
387883 387884 5
387888 387889 7
387888 387890 7
387895 77997 7
387895 387896 7
387900 387901 7
387900 387902 7
387903 387904 5
387903 265590 5
387903 375228 7
387903 375228 5
387903 16361 7
387903 16361 5
387903 387905 5
387903 238163 5
387903 387906 5
387911 339860 6
387911 162029 6
387911 162029 7
387911 162029 5
387911 44869 5
387911 168944 5
387911 359648 6
387911 359648 7
387916 190343 5
387917 387918 7
387917 322520 7
387923 30791 5
387923 81039 7
387923 81039 5
387938 238131 7
387938 316930 7
387956 42477 5
387956 290185 5
387957 113044 7
387957 290185 7
387959 387960 3
387973 93370 7
387974 387975 7
387982 386060 5
387982 387983 5
387982 213619 7
387982 213619 5
387982 79976 5
387982 387984 5
387982 387985 5
387982 379402 7
387982 379402 5
387982 387986 5
387982 387987 5
387982 387988 5
386851 387992 3
388011 235490 7
388013 336167 7
21196 388016 3
388017 388018 3
388020 388021 7
388023 388024 7
388023 388025 7
388029 145512 7
388041 388042 7
388041 388043 7
388041 388044 7
388045 24762 6
388045 109778 6
388045 24770 6
388045 24771 6
388045 37086 6
388045 24787 6
388045 19034 6
388045 90030 6
388045 14004 6
388048 388049 7
388063 73960 3
388069 388070 7
388075 388076 7
388075 388077 7
388075 388078 7
388075 388079 7
388075 388080 7
388075 388081 7
388092 95238 7
388094 388095 7
388094 388095 5
388097 388098 7
388097 388099 7
388097 388100 7
388097 388101 7
388097 388102 7
388097 388103 7
388097 388104 7
388097 388105 7
388115 387695 3
388115 388116 3
277264 387993 3
277264 388123 3
277264 388124 3
388125 388126 7
388129 388130 7
388135 118848 7
388135 118848 5
388135 79975 7
388135 79975 5
388135 79977 7
388135 79977 5
388135 388136 5
388135 388137 5
388135 79978 5
388140 83375 7
388148 157109 7
73964 73962 3
388150 388151 7
388150 174372 7
388154 388155 7
388154 208479 7
388154 350527 7
388154 388156 7
388154 388157 7
388154 350528 7
388154 388158 7
388154 388159 7
388154 388160 7
388154 371841 7
388154 388161 7
388154 388162 7
388173 388174 7
388173 388175 7
388173 388176 7
388173 388177 7
388178 383543 6
388179 388180 7
388183 388184 7
388185 388186 7
388230 388231 7
388230 388232 7
388230 388233 7
388230 388234 7
388237 388238 7
388247 388248 7
388247 388249 7
388247 388250 7
388247 388251 7
388247 388252 7
388260 388261 7
388260 388262 7
388268 388269 7
388268 388270 7
388271 388272 7
388274 388275 7
388274 388276 7
388274 388277 7
388274 388278 7
388274 388279 7
388281 164627 6
388285 303894 7
388285 124406 7
388285 124406 5
388285 151469 7
388285 151469 5
365561 388287 3
388292 388293 7
388292 388294 7
388302 388303 7
388302 388304 7
388302 388305 7
388302 388306 7
388312 388313 7
169125 168995 3
388317 103873 7
388317 381182 5
388317 200070 7
388317 140215 7
388317 202967 7
388317 200074 7
388317 200074 5
388317 127367 7
388317 202970 7
388317 200075 7
388317 388318 7
388317 388318 5
388317 186699 7
388317 219184 7
388317 219184 5
388317 381184 5
388317 372983 7
388317 372983 5
388317 381185 5
388323 388324 7
388323 388325 7
388323 388326 7
388323 388327 7
388334 83904 7
388334 98997 7
82044 388352 3
116593 388352 3
388363 259302 7
388363 259302 5
388363 103740 5
388363 144500 7
388363 144500 5
388363 284509 7
388363 284509 5
388363 259320 5
388368 326573 7
388372 373273 7
388376 37871 3
388376 116590 3
388376 116592 3
388376 116594 3
388376 116595 3
388376 116596 3
388385 388386 7
388393 388394 7
388393 388395 7
388397 388398 5
388397 119094 5
388397 23494 5
388418 388419 7
388426 388427 7
388428 192327 7
388428 192327 5
388429 388430 7
388429 388431 7
388429 388432 7
388429 388433 7
388435 388436 7
388435 388437 7
388439 355632 7
388439 8080 5
388439 3241 5
388439 115760 5
388439 113660 5
388439 45416 5
388439 18864 5
388439 388440 5
388439 94427 5
388439 34523 5
388439 125288 5
388447 388448 7
388447 388449 7
388447 388450 7
388447 388451 7
388452 43681 6
388452 43681 5
388452 234853 5
388452 14629 5
388452 43683 6
388452 73065 6
388452 44786 7
388452 388453 5
388452 14673 5
388452 388454 7
388452 327470 7
388452 345550 7
388452 388455 7
388452 268750 7
388452 288479 7
388457 1521 7
388457 1521 5
388457 159534 7
388457 159534 5
388460 388461 7
388463 236455 7
388480 39728 7
388480 84715 6
388483 124447 6
388483 42025 6
388483 33414 6
388483 22771 6
388483 5049 6
388483 207505 6
388483 35265 6
388483 254763 6
388483 388484 6
388483 138600 6
388483 207507 6
388483 42039 6
388483 35275 6
388483 48741 6
388483 34927 6
388483 31279 6
388483 40022 6
388483 146538 6
388483 35442 6
388483 40033 6
388483 131291 6
388483 35449 6
388483 122196 6
388483 192732 6
388483 42042 6
388483 42044 6
388483 175604 6
388483 22777 6
388483 42046 6
388483 42046 7
388483 89737 6
388483 35455 6
388483 219046 6
388483 54778 6
388483 74322 6
388483 10419 6
36746 2569 3
36746 36735 3
36746 36745 3
36746 36747 3
388496 248496 7
388498 388499 7
388500 388501 7
388500 388502 7
388500 388503 7
388514 388515 7
388516 19103 5
388517 388518 7
388521 388522 7
388521 388523 7
388521 388524 7
388527 388528 7
388527 388529 7
388527 388530 7
388527 388531 7
388539 388540 7
388539 388541 7
388554 122964 7
388554 48151 7
388554 218888 7
388555 388556 7
388570 388571 7
388572 388573 7
388580 155998 5
230332 227529 3
230332 230331 3
36217 388584 3
388592 388593 6
388592 388593 7
388594 388595 7
388594 388596 7
388598 388593 6
388598 388593 7
388598 388593 5
388603 80196 7
388603 126131 7
388622 369111 7
388622 369111 5
388622 377171 7
388622 377171 5
388622 388623 5
388622 385854 6
388622 385854 7
388622 385854 5
388622 388624 6
388622 388624 7
388622 388624 5
388622 388625 5
388622 388626 5
388630 284772 6
388630 284772 7
388630 284772 5
388630 384456 5
388630 388631 7
388630 388631 5
388630 388632 7
388630 388632 5
388630 388633 7
388630 388633 5
388630 361264 7
388630 361264 5
388630 382777 7
388630 382777 5
388630 388634 7
388630 388634 5
388630 388635 5
388630 388636 5
388630 388637 5
388630 388638 5
388630 377172 5
388630 388639 6
388630 388639 7
388630 388639 5
388630 382091 5
388630 386062 6
388630 386062 7
388630 386062 5
388630 388640 6
388630 388640 7
388630 388640 5
388661 376809 5
388661 379400 5
388661 388662 5
388666 388667 7
388666 388668 7
388677 388678 7
388677 388679 7
388682 55610 6
388682 55610 7
388686 9323 7
388686 101452 7
388686 101453 7
388686 101455 7
388686 8855 7
388686 99997 7
388686 101460 7
388686 251019 7
388686 101464 7
388686 47167 7
388686 101466 7
388686 129940 7
388686 388687 7
388686 388688 7
388691 45548 7
388691 308724 7
388691 388692 7
388691 45551 7
388698 277083 7
388710 388711 7
2347 2346 3
2347 2348 3
388724 388725 7
219209 219207 3
388734 388735 3
388734 388737 3
388734 388738 3
388734 388739 3
388759 49191 6
388759 34398 6
388759 34982 6
388759 43015 6
388759 9032 6
388759 9032 7
388759 20511 6
388759 33166 6
388759 45459 6
388759 105907 6
388759 30112 6
388759 22934 6
388759 38855 6
388759 24801 6
388761 386942 6
388761 386943 6
388761 351929 6
388761 351930 6
388761 343375 6
388761 246297 6
388761 272646 6
388761 320632 6
388765 388766 7
388765 325717 7
388765 388767 7
388773 388774 7
388806 388807 7
388806 388808 7
388806 388809 7
388806 388810 7
388817 388818 6
388817 388818 7
388817 388818 5
388817 107509 7
388817 107509 5
388817 388819 7
388817 388819 5
388817 388820 7
388817 388820 5
388822 388823 7
388829 388830 7
388835 332404 7
388835 213835 7
388839 345461 7
374031 168478 3
374031 184076 3
388848 2347 3
388848 388734 3
388851 125688 5
388851 73165 6
388854 388855 7
388854 388856 7
388854 388857 7
45631 82041 3
209798 362858 3
388888 95554 7
388894 388895 7
388901 388902 7
388904 388905 7
388906 318813 7
388906 388907 7
388909 284406 6
388909 284406 7
388909 256976 6
388909 256976 7
388909 245783 7
388909 245783 5
388909 164435 5
388909 135988 5
388911 149130 7
388915 309972 7
388915 388916 7
388915 388917 7
388915 208634 7
388915 87496 7
388921 388922 7
388924 349426 5
340832 206959 3
340832 251099 3
388941 388391 5
388941 388942 5
388959 15516 7
388964 388965 7
388971 388972 6
388971 388972 7
388971 388972 5
388971 388973 6
388971 388973 7
388971 388973 5
388974 51364 7
388995 388996 7
388995 135350 7
389000 389001 7
389000 389002 7
389000 389003 7
389000 389004 7
389000 389005 7
389000 389006 7
389000 16291 7
389000 146802 7
389000 389007 7
389000 389008 7
389000 389009 7
389000 389010 7
389000 146806 7
389000 389011 7
389000 389012 7
389000 143971 7
389020 221030 7
389020 1961 7
389022 389023 7
389022 389024 7
389025 376917 6
389025 376917 7
389025 376917 5
389025 389026 5
389025 389027 5
389025 376918 5
389038 389039 7
389044 388789 5
389060 389061 7
389062 53681 7
389065 389054 5
389076 231781 7
389076 216519 7
389080 199195 7
389081 389082 7
389089 18574 7
389089 389090 7
389089 389091 7
389089 389092 7
389093 254334 7
389093 254335 7
389093 254336 7
389093 254337 7
389094 389095 7
389100 389101 7
389100 389102 7
389100 389103 7
389104 389105 7
389104 389106 7
389104 389107 7
389104 389108 7
389104 389109 7
389104 389110 7
389104 389111 7
389112 136394 7
389112 25815 7
389112 163747 7
389112 19816 7
389113 389114 6
389113 389114 5
389126 200316 5
389132 6057 7
389132 389133 7
389146 32044 7
389146 136086 7
389161 389162 7
389161 389163 7
389161 389164 7
389180 45354 5
389180 44340 5
389180 96420 5
389180 94076 5
389180 9391 5
389180 80444 5
389180 389181 6
389180 389181 5
389180 53237 5
389184 389185 7
220607 220590 3
220607 220593 3
220607 341770 3
389190 34932 7
389190 159910 7
389196 343374 7
389205 389206 7
389211 23301 7
389211 23302 7
389211 23303 7
389211 23309 7
389213 389214 5
389223 389224 7
389223 389225 7
389223 389226 7
389223 389227 7
389223 389228 7
389223 389229 7
389223 389230 7
389223 389231 7
389239 389240 7
389249 389246 7
389258 229013 5
389261 389262 7
389264 389260 5
389266 160149 6
389278 377158 5
389278 389279 5
389295 88819 7
389301 173984 3
389304 106014 7
389307 387468 7
389307 387468 5
389308 308426 5
389308 297340 7
389308 297340 5
389312 389313 7
389335 389336 7
389337 389338 7
389337 389338 5
389341 389342 7
389351 3732 7
389351 389352 7
389351 24275 7
389351 94669 7
389351 389353 7
389351 271953 7
389355 225450 7
389355 389356 7
389355 389357 7
389355 389358 7
389355 389359 7
389355 389360 7
389355 368165 7
389355 368166 7
389355 389361 7
389355 368168 7
389369 327467 7
389369 104650 7
389369 124061 7
389369 195025 7
389369 29892 7
389369 81380 7
389369 23945 7
389369 13387 7
389369 42731 7
389375 34537 7
389375 34540 6
389375 34540 7
389375 20499 6
389375 20499 7
389375 20504 6
389375 20506 7
389375 12905 7
389375 46236 7
389377 148131 7
389377 389378 7
389388 266990 7
389388 42929 7
389388 10475 7
389401 299236 7
389402 389403 7
389402 389404 7
389402 389405 7
389402 389406 7
389427 44758 5
389444 389445 7
389460 389461 3
389463 389464 5
389463 89458 5
389463 389465 5
389463 389466 5
389467 128584 5
389468 389469 7
389473 44650 7
389485 92616 7
389485 35580 7
389485 74257 7
389491 389492 7
389491 19565 7
389494 199130 5
389494 389495 7
389494 389495 5
389494 389496 7
389494 389496 5
389505 389506 7
389509 84430 5
389509 103019 5
389509 42731 5
389514 389515 3
389517 389518 7
389519 389520 7
389519 389521 7
389519 389522 7
389519 389523 7
389526 45089 7
389537 389538 7
389537 389539 7
389537 389540 7
389537 389541 7
389537 389542 7
389537 389543 7
389537 389544 7
389547 389548 7
389547 34004 7
389547 389549 7
389547 89109 7
389547 33643 7
389547 389550 7
389547 389551 7
389547 158323 7
389567 109645 7
389567 86692 7
389567 29457 7
389567 7128 7
389573 82941 5
389575 49130 5
389575 2107 5
389575 17591 5
389607 389608 7
389607 389609 7
389607 389610 7
389607 389611 7
389607 389612 7
389607 389613 7
389619 389620 7
389619 113557 7
389619 389621 7
389619 389622 7
389619 389623 7
389619 389624 7
389619 389625 7
389619 389626 7
389619 389627 7
389632 389633 7
389632 6988 7
389635 389636 7
389635 389637 7
389635 389638 7
389643 389644 7
389643 389645 7
389643 389646 7
389643 389647 7
389648 150788 3
389648 389649 3
389654 389655 5
389658 389659 7
389658 389660 7
389665 14644 5
389665 14646 5
389665 14647 7
389665 14647 5
389665 14648 7
389665 14648 5
389665 14650 5
389665 14651 5
389665 14681 7
389665 14681 5
389665 14696 5
389665 14706 5
389665 14707 5
389665 14708 5
389665 161057 7
389665 389666 7
389665 389666 5
389665 389667 7
389665 389667 5
389665 385613 7
389665 385613 5
389665 295545 5
389665 389668 5
389665 389669 5
389665 389670 5
389678 240996 3
389678 240997 3
389689 34317 7
389689 389690 7
389696 78370 3
389698 72858 7
389698 72860 7
389701 389702 7
389701 389703 7
389701 389704 7
83553 118653 3
389706 378155 7
389713 389714 3
389715 177151 7
389715 200358 7
389715 389716 7
389715 84143 7
389715 186685 7
389722 48867 7
389723 389724 7
389723 389725 7
389723 389726 7
389723 389727 7
389730 10801 7
389737 389738 7
389737 389739 7
389737 389740 7
389737 389741 7
389745 389746 7
389745 389747 7
389749 389750 7
389755 318052 6
389755 318052 7
389755 318052 5
389775 389776 7
389775 389777 7
389780 389781 7
389782 223611 7
389786 324560 7
389786 190029 7
389786 260925 7
389786 190030 7
218519 177158 7
218519 177158 5
218519 200077 5
389794 389795 7
389803 221979 5
389809 322553 7
389817 389818 7
389817 389819 7
389817 389820 3
389817 389821 7
389822 389823 7
389831 389832 7
389842 389843 7
389851 389852 7
389851 389853 7
389851 389854 7
389851 389855 7
389864 96223 6
389864 32117 6
389864 96711 6
389864 245 6
389864 42099 6
389864 10446 6
389864 43950 6
389864 200805 6
389864 195707 6
389864 177875 6
389864 113413 6
389864 92609 6
389864 96502 6
389864 43964 6
389867 389868 7
389867 389869 7
389867 389870 7
389867 389871 7
389867 389872 7
389867 389873 7
389883 389884 7
389883 324667 7
389883 385060 7
389883 389885 7
389883 389886 7
389883 389887 7
389883 389888 7
389883 389889 7
389883 389890 7
389883 389891 7
389883 389892 7
389883 389893 7
389883 389894 7
389883 389895 7
389883 389896 7
389883 389897 7
389883 389898 7
389883 389899 7
389883 389900 7
389883 389901 7
389883 389902 7
389883 389903 7
389883 389904 7
389883 389905 7
389883 389906 7
389883 389907 7
389883 389908 7
389883 389909 7
389883 389910 7
389883 389911 7
389912 250357 6
389912 250357 7
389912 250357 5
389912 272131 7
389912 272131 5
389925 157000 7
389926 278921 7
389926 278921 5
389936 1587 7
389936 1591 7
389940 44650 7
389944 389945 7
389946 389947 7
389953 377215 7
389953 213619 7
389953 384461 7
389953 378153 7
389953 389954 7
389953 389955 7
389953 389956 5
389953 389957 5
389958 389959 7
389958 389960 7
389958 389961 7
389963 124519 7
389964 389965 7
389968 3432 6
389968 81856 6
389968 81856 5
389968 18635 6
389971 389972 6
389971 389972 5
389971 378032 5
389975 172366 7
389984 389986 7
389984 389987 7
389992 24745 7
389992 389993 7
389994 45150 7
323915 187351 5
323915 104251 5
390001 31676 3
390005 251541 6
390025 390026 7
390025 390027 7
390025 390028 7
390033 390034 7
390040 32776 7
390044 390045 7
390044 390046 7
390044 390047 7
390049 89076 7
390049 89076 5
390049 98276 5
390050 361133 5
390050 364721 6
390050 364721 7
390050 364721 5
390052 390053 7
390060 19092 7
390060 23440 7
390060 19102 7
390060 129095 7
390060 25866 7
390063 186920 7
390063 133487 7
390063 360523 7
390063 390064 7
390065 390066 3
390067 390068 5
390070 32528 7
390070 14431 7
390070 2080 7
390070 32534 7
390070 89673 7
390070 29679 7
390070 35983 7
390070 16555 7
390096 55485 6
390103 390104 7
390108 390109 7
390125 140226 7
1342 48292 3
1342 337646 3
1342 337647 3
1342 337648 3
1342 337649 3
1342 337650 3
1342 337651 3
390152 47836 6
390165 32999 7
390165 42259 7
390165 290840 7
390179 293141 6
390179 172701 6
390179 390180 6
390181 7674 7
390181 390182 5
390181 390183 5
390188 228541 7
99397 99395 3
99397 99396 3
390191 6758 7
390204 340994 6
390204 257191 6
390204 362153 6
390204 168841 6
390204 297575 6
390210 239062 7
390222 390223 7
390222 390224 7
390222 390225 7
390228 390229 7
390228 390230 7
390228 390231 7
390228 390232 7
390228 390233 7
390228 390234 7
390228 390235 7
390228 390236 7
390228 390237 7
390228 390238 7
390228 390239 7
390228 390240 7
390228 390241 7
390242 390243 7
390242 390244 7
390242 390245 7
390253 80116 7
390254 119668 7
390256 34648 7
390261 187805 3
390261 390262 3
390261 378176 3
390268 16332 7
390270 390271 7
390281 390282 7
390296 154468 5
390296 59766 5
390296 122466 5
390296 34234 5
390296 163875 5
390296 101932 6
390296 101932 7
390296 101932 5
390297 102986 7
390297 49194 7
390297 38981 7
390297 43654 7
390297 26726 7
390297 84710 7
390297 40417 7
390297 154001 7
390297 21581 7
390297 49201 7
390297 24813 7
390297 24815 7
390297 81959 6
390301 390302 7
390305 126048 7
390307 80474 6
390307 80480 6
390307 180874 6
390308 185613 7
390309 390310 7
390309 390311 7
390309 390312 7
390314 390315 7
390317 37691 3
390318 390319 7
390320 390319 7
390324 120537 7
390324 390325 7
390324 390326 7
390330 390331 3
390333 390330 3
390346 51633 5
390346 390347 5
390351 264080 5
390360 14908 7
390364 390365 3
302553 59760 7
302553 390375 7
302553 390376 7
302553 226477 7
302553 50633 6
302553 50633 7
390379 281700 7
390380 292684 7
390385 25858 7
390385 22342 7
390385 166846 7
390385 25726 7
390385 25867 7
390396 2122 5
390426 43683 5
390426 112920 5
390426 180068 5
390426 44780 5
390426 33879 5
390426 55858 5
390426 55862 5
390426 55863 5
390426 55864 5
390426 55865 5
390426 390427 5
390426 14687 5
390426 123485 5
390426 114758 5
390426 14715 5
390426 14716 5
390426 14717 5
390426 92603 5
390426 208069 5
390426 97070 5
390426 278894 5
390426 99999 5
390426 123486 5
390426 123487 5
390426 123488 5
390426 273381 5
390426 3780 5
390426 98029 5
390426 390428 5
390426 307527 5
390426 248301 5
390429 160632 7
390434 390435 7
390446 390447 7
390446 390448 7
390446 390449 7
390446 390450 7
390446 390451 7
390446 390452 7
390446 390453 7
390454 85988 7
390465 390467 7
390465 390468 7
390465 16299 7
390472 390473 7
390472 390474 7
30084 390475 7
30084 390476 7
390478 43171 7
390478 390479 7
390478 390480 7
390478 260916 7
390478 390481 7
390478 390482 7
390478 390483 7
390487 97458 7
390488 102986 6
390488 24768 6
390488 24772 6
390488 24780 6
390488 24781 6
390488 43511 6
390488 43654 6
390488 15947 6
390488 149720 6
390488 24808 6
390488 4219 6
390488 125652 6
390496 390497 7
390502 390503 7
390514 390515 7
390519 344218 7
390519 390520 7
390525 206009 7
390526 123183 7
390526 32045 7
390526 312772 7
390526 113456 7
390526 55616 7
390526 166984 7
390526 55617 7
390526 236181 7
390526 55620 7
390533 390534 7
390533 390535 7
390533 390536 7
390533 390537 7
390533 390538 7
390533 390539 7
390533 390540 7
390533 390541 7
390533 390542 7
390533 390543 7
390533 390544 7
390533 390545 7
390533 390546 7
390533 390547 7
390533 390548 7
390533 390549 7
390533 390550 7
390533 390551 7
390533 390552 7
390533 390553 7
390533 390554 7
390533 390555 7
390533 390556 7
390533 390557 7
390533 390558 7
390533 390559 7
390533 390560 7
390533 390561 7
390575 390576 7
390577 390578 5
390583 390584 7
390600 390601 7
390600 390602 7
390600 390603 7
390612 390613 7
390619 51012 7
390619 324655 7
390627 390628 3
390635 390636 7
390644 352161 7
390645 43612 7
390645 34620 7
390645 160019 7
390647 390648 3
390652 215273 7
390652 361270 7
390652 151656 7
390652 390653 7
390652 390654 7
390652 390655 7
390652 390656 7
390662 123606 7
390668 390669 7
390668 203951 7
390671 193620 5
390671 106356 5
390671 106357 5
390671 390672 5
390671 390673 5
390671 101071 5
390671 12227 5
390671 100378 5
212740 298641 3
390674 292815 5
390677 390678 7
390682 114220 7
390683 383849 5
390683 390684 7
390683 390684 5
390683 390685 6
390683 390685 7
390683 390685 5
390683 390686 5
390683 390687 6
390683 390687 5
390683 81228 6
390683 81228 7
390683 81228 5
390683 390688 6
390683 390688 7
390683 390688 5
390683 388749 7
390683 388749 5
390683 189433 5
390689 176851 7
390689 383339 7
390689 390681 7
390694 193188 5
390694 51047 6
390694 51047 7
390694 51047 5
390694 193808 7
390694 193808 5
390694 390695 5
390694 390696 5
390694 358038 7
390694 358038 5
390694 193809 7
390694 193809 5
390694 145553 7
390694 145553 5
390694 390697 7
390694 390697 5
390694 306136 6
390694 390698 6
390702 390684 7
390702 390685 7
390702 390687 7
390702 81228 7
390702 390688 7
390702 388749 7
390703 390704 7
390705 390706 7
390705 390707 7
390712 390713 7
390712 390714 7
390719 390720 7
390719 390721 7
390719 390722 7
390723 38837 7
390723 390724 7
390723 3870 7
390739 92042 5
390767 390768 7
390774 14763 7
390782 390783 7
390782 390784 7
390793 190405 7
390793 233909 7
390793 390794 7
390800 390801 7
390804 390805 3
390804 390806 3
390831 79771 3
390835 390836 7
390838 245263 6
390838 245263 7
390838 245263 5
390841 390842 7
390844 196579 7
390847 390848 7
390847 390849 7
390851 390852 7
390851 390853 7
390851 390854 7
390851 390855 7
390851 390856 7
390851 390857 7
390851 390858 7
390864 390865 7
390864 390866 7
390864 390867 7
390864 390868 7
390869 390870 7
390872 297899 7
390894 324468 5
390902 93878 7
390903 106737 6
390903 106737 7
390903 390904 6
390920 34420 7
390920 96497 7
390920 42583 7
390920 84393 7
390920 215352 7
390920 33010 7
390920 37535 7
390920 50912 7
390920 77762 7
390920 7212 7
390920 75089 7
390920 37539 7
390920 96723 7
390920 43708 7
390920 94089 6
390920 94089 7
390920 43965 7
390927 390928 7
390941 95479 6
390948 390949 7
390948 390950 7
390948 390951 7
390952 13550 6
365492 339561 3
390975 77493 7
390981 390982 3
390989 390990 7
390989 356851 7
390989 390991 7
390989 390992 7
391001 189629 3
391002 149348 6
391002 149348 7
391002 149348 5
391002 285617 6
391002 285617 7
391002 285617 5
391002 2192 5
391002 145511 6
391002 145511 7
391002 145511 5
391002 198320 7
391002 198320 5
391016 374082 6
391016 374082 7
391016 374082 5
391020 322530 5
391020 212911 5
391020 214528 5
391022 391023 7
391022 391024 7
391022 391025 7
391022 391026 7
391022 391027 7
391022 391028 7
391022 391029 7
391022 391030 7
391022 391031 7
391037 391038 3
391042 177423 7
391042 319902 7
391043 391044 7
391043 391045 7
391043 284661 7
391043 243300 7
391043 211901 7
391043 373222 7
391043 350566 7
391043 391046 7
391043 391047 7
391043 311063 7
391049 46415 5
391051 391052 7
391053 387822 5
391053 391054 5
391053 388392 6
391053 331973 6
391055 121112 5
391055 48323 5
391055 108325 5
391055 79610 5
391055 139118 5
391055 104343 5
391057 391058 3
391061 98293 7
391062 341168 7
391064 391065 7
391066 391067 7
391066 391068 7
391066 391069 7
391066 391070 7
285586 295014 3
391075 260433 7
391075 391076 7
391075 391077 7
391082 88949 7
391085 20515 7
391086 391087 7
391098 151818 7
391098 176660 7
391098 270316 7
391098 238821 7
391100 391101 7
391106 112431 5
391106 23145 5
391125 76546 3
391133 391134 7
391133 133624 7
391142 391143 7
391142 391144 7
391142 391145 7
391142 391146 7
391142 40590 7
391142 155465 7
391142 155466 7
391142 391147 7
391142 391148 7
391142 391149 7
391142 391150 7
391142 391151 7
391142 391152 7
391142 155469 7
391142 155470 7
391142 391153 7
391142 155471 7
391142 155473 7
391142 155474 7
391142 155475 7
391142 391154 7
391158 76546 3
391166 391167 7
391166 391168 7
391166 391169 7
391166 391170 7
391166 391171 7
391166 391172 7
391166 391173 7
391179 391180 7
391179 391181 7
391179 391182 7
391179 391183 7
391179 391184 7
391179 391185 7
391179 391186 7
391179 391187 7
391179 391188 7
391179 391189 7
391179 391190 7
391179 391191 7
256469 117080 3
391203 176851 7
391233 391234 7
391233 391235 7
391239 209805 7
391239 209807 7
391239 209809 7
391239 209810 7
391250 203955 7
391270 391271 7
391274 46496 6
391274 46496 7
391274 46496 5
391274 391275 7
391274 391275 5
391274 346222 7
391274 346222 5
391274 391276 5
391283 391284 7
391293 159857 7
391293 391294 7
391296 50489 7
391296 170114 7
391299 268979 7
391302 223419 7
391322 36048 6
391322 23110 6
391322 18841 6
391322 36052 6
391322 10471 6
391322 36060 6
391322 36063 6
391322 39969 6
391322 34650 6
391328 391329 7
391328 391330 7
391332 391333 7
391337 34162 6
391337 27794 6
391337 19031 6
391337 9641 6
391337 19039 6
391337 5060 6
391337 80068 6
391337 34746 6
391337 38996 6
391337 18487 6
391337 15521 6
391337 37442 6
391347 199750 7
391364 387822 6
391364 391054 6
391364 388392 6
391364 246295 6
391364 331973 6
391365 391366 7
391373 47412 6
391373 22339 6
391373 22339 7
374032 374031 3
374032 168480 3
391378 102534 7
391378 391379 7
391378 88874 7
391388 391389 7
391394 391395 7
391397 388392 5
391414 136213 5
391414 268387 5
391414 108015 5
391414 181950 5
391414 122218 5
391414 104439 5
391416 391417 7
391416 391418 7
391421 289120 7
391421 284773 7
391421 378032 7
391421 382776 7
391421 169170 7
391421 285100 7
391444 391445 7
391444 391446 7
391444 391447 7
391444 391448 7
391457 391458 7
391462 391463 7
391464 147730 6
391469 391470 6
391479 391480 7
391482 187665 7
391482 187666 7
391482 391483 7
391482 218255 7
391482 391484 7
391482 218256 7
391485 391486 7
391489 380801 7
43820 391508 3
391511 391512 6
391511 391512 5
391511 391513 5
391517 391470 5
391517 391518 6
391517 391518 5
391528 391529 3
391532 391533 7
391532 391534 7
391532 391535 7
391537 391538 7
391537 391539 7
391540 391541 7
391540 391542 7
391545 391546 7
391545 391546 5
391545 246295 5
120577 120576 3
391568 250804 7
391589 391590 7
391591 12735 5
391591 142588 6
391591 142588 7
391591 142588 5
391591 86695 6
391591 86695 5
391591 11239 5
391591 74034 5
391591 83692 5
391614 391615 7
391619 391620 7
391619 391621 7
901 391625 7
901 391626 7
901 15511 7
901 391627 7
901 391628 7
901 10195 7
901 391629 7
391635 177917 7
391635 391620 7
391635 391621 7
391635 177930 7
391635 177931 7
391635 177932 7
391635 177933 7
391635 391636 7
391635 177935 7
391635 177936 7
391635 177937 7
391635 177938 7
391635 177939 7
391635 177940 7
391635 177941 7
391635 177943 7
391635 177944 7
391639 391640 7
391644 100018 6
391652 391653 7
391655 241062 7
391655 391656 7
391658 362429 3
391663 199344 6
391691 391692 7
391696 391697 5
391696 391698 5
391696 391699 5
45625 42969 3
45625 42970 3
45625 42971 3
391708 164869 7
391708 112897 7
391708 194882 7
391708 391709 7
391708 194890 7
391708 194894 7
391708 194895 7
391708 194899 7
391708 194908 7
391708 194912 7
391708 194913 7
391708 194915 7
391708 194917 7
391708 194918 7
391708 194919 7
391715 183552 7
391725 391726 7
391732 391733 7
391737 391738 7
391737 391739 7
391737 391740 7
391741 391742 7
391743 391744 7
391749 303966 6
391749 303966 7
391749 303966 5
391750 153488 7
391750 153495 7
391751 349660 7
391754 391755 3
391759 33413 7
391759 33414 7
391759 53907 7
391759 33416 7
391759 31279 5
391759 256124 5
391759 120608 7
391759 35420 7
391759 127478 7
391759 241117 7
391766 149676 6
391769 391770 7
391769 391771 7
391769 391772 7
391769 391773 7
391769 391774 7
391769 391775 7
391778 47512 7
391778 391779 7
391787 315488 5
391787 182658 5
391787 182659 5
391787 105296 6
391787 105296 7
391787 105296 5
391787 172796 5
391787 391788 5
391787 30917 5
391787 391789 7
391787 391789 5
391794 53568 7
391794 51385 7
391795 90949 7
391797 391798 7
391803 391804 7
391803 391805 7
391809 391810 7
391809 391811 7
391843 96344 7
391843 96345 5
391843 96347 6
391843 96351 7
391844 280870 6
391844 391845 6
391844 280871 6
391844 272640 6
391844 246294 6
391844 391846 6
391844 172702 6
391844 280872 6
391844 280873 6
391844 280874 6
391844 280875 6
391853 391854 7
391853 391855 7
391857 391854 7
391857 391855 7
391857 363089 7
391857 391858 7
391859 391860 7
391859 391861 7
391859 391862 7
391868 391869 7
391871 6735 7
391871 33156 7
391871 246497 7
391871 109780 7
391871 7165 7
391871 246498 7
391871 32783 7
391871 24278 7
391871 246503 7
391871 246504 7
391871 155596 7
391875 391876 7
391878 174077 7
391878 38713 7
391878 220441 7
391888 391889 7
391888 391890 7
391888 143049 7
391888 391891 7
391888 391892 7
391895 391896 7
391897 391898 7
391897 391899 7
391897 391900 7
391897 391901 7
391914 391915 7
391916 101708 7
391916 101709 7
391916 247538 7
391919 391920 7
391919 391921 7
391919 391922 7
391919 391923 7
391930 205403 5
391930 345098 7
391930 345098 5
391930 387380 5
391930 295229 7
391930 295229 5
391930 391931 7
391930 391931 5
391930 391932 5
391930 50526 5
391940 391941 7
391940 391942 7
391947 391948 7
391947 391948 5
391947 151264 5
391949 229268 6
391949 229268 5
391949 391950 5
391949 181092 5
391949 385589 7
391960 391961 7
391962 391963 7
391966 391967 7
391968 391969 5
391980 391981 7
391980 75825 7
391984 186127 6
391984 186127 7
391984 186127 5
391992 151266 7
391999 392000 7
391999 392001 7
391999 392002 7
391999 392003 7
392004 392005 7
392007 392008 7
392007 392009 7
392019 392020 7
392021 45277 6
392021 51021 6
392029 392030 7
392033 190190 7
392033 362563 7
392033 392034 7
392033 392035 7
392038 98252 7
392043 382071 7
392071 382071 7
392081 392082 7
392092 306098 7
392092 306102 7
392097 376808 7
392097 248093 6
392097 248093 7
392097 248093 5
392097 222891 7
392097 222891 5
392097 166970 5
392097 392098 7
392097 392098 5
392099 392100 7
392107 392108 7
392118 166664 5
392122 374071 3
392125 392126 7
392125 392127 7
392125 392128 7
392131 178907 5
392131 237441 5
392131 211566 5
392131 211572 7
392131 211572 5
392131 160095 5
392131 160099 5
392139 179040 7
392140 392141 7
392146 392147 7
392153 392154 7
392153 392155 7
392153 392156 7
392158 266157 7
392158 364334 7
392158 392159 7
392158 392160 7
392187 392188 7
392190 392191 7
392192 392193 7
392192 392194 7
392196 392197 7
392196 392198 7
392196 392199 7
392196 392200 7
392210 392211 7
392210 392212 7
392231 392232 7
392242 392243 3
392245 392246 7
392250 392251 7
392250 392252 7
392250 392253 7
392254 392255 7
392254 392256 7
80602 86322 6
80602 173622 5
392261 8335 7
392261 76767 5
392261 143312 7
392261 11753 7
392261 11753 5
392273 389954 5
392274 374651 6
392281 392282 7
392281 392283 7
392281 392284 7
392281 392285 7
392281 392286 7
392281 392287 7
392281 392288 7
392281 392289 7
392294 112130 7
392295 187745 7
392312 392313 7
392312 392314 7
392312 392315 7
392312 392316 7
197830 3274 7
392333 50408 7
392335 392336 7
392338 392339 7
392343 392344 3
392347 53748 7
392347 24784 7
392347 92971 7
392347 48802 6
392347 42450 5
392347 50627 6
392347 151826 7
392348 392349 7
392362 392363 3
392362 392364 3
392374 117843 7
170481 392376 3
392384 392385 7
392388 36856 3
392400 392401 7
392402 392403 7
392402 4965 7
392402 392404 7
392402 1883 7
392402 48332 7
392402 48332 5
392405 213347 7
392423 392424 5
392425 392426 5
392428 260203 7
392428 222444 7
392433 391574 3
392440 8345 7
392440 176661 7
392443 17883 6
392443 17884 6
392443 19793 6
392443 38466 6
392443 46238 6
392443 17904 6
392443 17905 6
392443 34555 6
392443 99994 6
392443 46240 6
392443 82660 6
392443 46241 6
392445 101939 7
392445 101940 7
392445 194655 7
392445 17884 7
392445 200914 7
392445 101948 7
392445 120089 7
392445 109180 5
392445 245111 5
392445 224715 5
392445 218501 7
392445 218501 5
392446 101939 5
392446 101940 5
392446 194655 5
392446 17884 7
392446 200914 5
392446 101948 7
392446 101948 5
392446 109180 5
392446 245111 5
392446 224715 6
392446 218501 7
392446 218501 5
392447 392448 7
392452 298285 7
392452 298286 7
392452 298289 7
392452 298290 7
392452 298291 7
392452 95473 6
392452 298293 7
392452 298295 7
392452 298298 7
392452 298299 7
392452 298300 7
392452 298301 7
392452 298302 7
392455 392456 7
392464 392465 7
392466 178666 7
392466 340097 7
392466 251538 7
392472 392473 5
392479 131568 7
392479 151098 7
392479 231734 7
392479 392480 7
392479 392481 7
392479 392482 7
392479 392483 7
392479 392484 7
392479 392485 7
392479 392486 7
392479 392487 7
392479 392488 7
392479 392489 7
392479 392490 7
392479 392491 7
392479 392492 7
392479 392493 7
392479 147552 7
392479 392494 7
392479 392495 7
392479 392496 7
392479 392497 7
392479 156359 7
392479 392498 7
392479 392499 7
392479 392500 7
392506 88027 5
392532 19028 7
392532 21945 7
392532 5064 7
392532 365765 7
392532 392533 7
392532 392534 7
392532 189413 7
392532 123758 7
392532 142437 7
392536 392537 7
77333 76885 3
77333 338924 3
77333 392542 3
227530 219324 3
227530 220375 3
392545 392546 7
392551 233362 7
392553 54152 7
392553 113356 7
392553 29896 7
392553 54162 7
392553 128392 7
392554 392555 7
392554 392556 7
392554 392557 7
392554 392558 7
392554 392559 7
392554 392560 7
392554 392561 7
392569 82729 3
392586 392587 5
392586 392588 7
392586 392588 5
392590 187964 7
244764 392594 5
244764 392595 5
244764 392596 5
244764 392597 5
244764 392598 5
244764 392599 5
244764 115693 5
45471 45470 3
392604 17093 7
392610 392611 7
392610 392612 7
392610 392612 5
392610 74811 5
392618 392619 7
392622 392623 3
392653 90026 7
392659 392660 7
392659 392661 7
392665 87420 7
392677 266929 7
392683 392684 7
10322 240387 7
392697 392698 7
392699 295696 3
392708 392709 7
392714 12618 7
392732 392733 7
75141 52695 6
75141 33790 7
75141 52696 6
75141 45358 6
75141 17534 7
75141 51240 7
75141 24058 6
75141 224051 7
75141 36702 7
75141 112 6
75141 74258 7
75141 84626 7
75141 54848 7
75141 6290 7
75141 81671 7
75141 180070 7
75141 35378 7
75141 91664 7
75141 90198 7
75141 361687 7
392740 392741 7
392753 392754 7
392753 392755 7
392753 392756 7
392753 392757 7
392758 362601 7
392758 362602 7
392758 362603 7
392758 362605 7
392758 362606 7
392758 392759 7
392768 266351 3
392770 392771 7
392786 392787 7
392786 392788 7
392786 392789 7
392786 392790 7
392786 392791 7
392786 392792 7
392786 392793 7
392786 392794 7
392786 392795 7
392786 392796 7
392786 392797 7
392802 51535 7
392808 392809 7
392808 392809 5
392808 392810 7
392808 392810 5
392813 392814 7
392821 392822 7
392828 392829 7
392851 392852 5
392851 144541 5
392855 392856 7
392855 392857 7
392855 392858 7
392855 392859 7
392855 392860 7
392855 392861 7
392855 392862 7
392855 392863 7
392871 392872 7
392885 47317 7
392899 388942 5
392902 388942 5
392903 388942 5
392907 82691 6
392924 233332 7
392936 237435 5
392936 95628 5
392938 231210 7
392938 231210 5
392940 377190 5
392940 391972 5
392940 392941 6
392940 392941 7
392940 392941 5
392940 377227 6
392940 377227 7
392940 377227 5
392953 122217 7
392953 126925 5
392963 41972 7
392964 392965 7
392964 392966 7
392964 392967 7
392964 392968 7
392964 392969 7
392970 90079 7
392998 52830 6
393003 13445 7
393008 393009 7
393024 248008 7
393046 42219 5
393046 44793 5
393046 73492 5
393046 12633 5
393046 42379 5
393046 73350 5
393046 189690 5
393046 44341 5
393046 189692 5
393046 154100 5
393046 189693 5
393046 42389 5
393046 272163 5
393046 132187 5
393047 393048 7
393049 393050 7
269045 86994 6
393064 393065 3
393068 393069 7
393072 190990 7
393072 96572 7
393074 17613 7
393074 132721 7
393074 132722 7
393074 132723 7
393074 132724 7
393074 132725 7
393074 132726 7
393074 132727 7
393074 132728 7
393074 132729 7
393074 132730 7
393074 132731 7
393074 132732 7
393074 132733 7
393074 132735 7
393074 132737 7
393074 132738 7
393074 132739 7
393074 132741 7
393074 132742 7
393074 132743 7
393074 132744 7
393125 393126 5
393125 239462 5
393128 393129 7
393128 46378 7
393133 235731 5
393133 168245 5
393133 171889 5
393133 207297 5
393162 79136 6
393162 79136 7
393162 90008 7
393162 168717 7
393162 24360 7
393162 79143 7
393162 184564 7
393162 87427 7
393162 372573 3
393162 107717 7
393166 393167 7
393172 212434 7
393191 359092 7
393196 228268 7
393198 136566 7
393203 99225 5
393209 294507 3
393211 393212 7
393218 250530 3
393220 78842 5
393221 393222 7
259986 393234 3
393237 393238 7
393237 393239 7
393237 393240 7
393242 393243 7
393245 393246 7
393245 393247 7
393250 181808 7
393250 181808 5
393250 11743 7
393250 393251 7
393254 193691 5
393268 147821 7
393268 52408 7
393268 99003 7
393268 6061 7
393268 172660 6
393268 172660 7
393268 54401 6
393268 391653 7
393271 393272 7
393274 174889 7
393280 393281 7
393290 85976 6
393293 393294 7
393301 393302 7
393301 393303 7
393301 393304 7
393301 393305 7
393323 393324 7
393328 393329 5
393328 79159 5
393328 151990 5
393328 393330 5
393328 328252 5
393328 393331 5
393328 200727 5
393328 393332 5
393328 207144 6
393333 393334 7
393333 393335 7
393353 393354 7
393360 393361 7
393360 393362 7
393379 393380 7
393379 393381 7
393389 393390 7
393395 118091 7
393397 393398 7
393402 51506 6
393404 393405 7
393406 393407 7
393406 393408 7
393411 393412 7
393411 393413 7
393415 393416 7
393417 241913 5
393425 393426 7
393425 393427 7
393433 212124 7
393434 393435 7
393438 187424 5
337646 393461 3
337646 393462 3
393463 393464 7
393465 393466 3
393468 258450 6
42955 42954 3
42955 42956 3
393481 393482 7
15378 176863 6
15378 393484 7
393488 393489 6
393492 149850 7
393497 15578 7
393497 26093 7
393497 127292 7
393506 393507 7
393509 48653 5
393509 162571 5
168097 56070 3
168097 45514 3
393518 80618 7
393518 6084 7
393518 265608 7
393518 393519 7
393520 393521 7
393523 393524 7
393527 393528 7
393529 393530 7
393529 393531 7
393529 393532 7
393529 393533 7
393529 393534 7
393529 393535 7
393537 393538 5
393544 124447 6
393544 43649 6
393544 43649 7
393544 107043 6
393544 84192 6
393544 90043 6
393546 393547 7
393550 393551 7
393550 393552 7
393554 128681 7
393554 164646 7
393554 142640 7
393554 152319 7
393560 42812 6
393560 42812 5
393560 35783 5
393560 73360 6
393560 73360 7
393560 73360 5
393560 35989 6
393560 35989 7
393560 35989 5
393560 23220 5
393560 245337 7
393560 250072 6
393560 49549 6
393560 49549 7
393560 49549 5
393564 167151 5
393564 54260 5
393570 393571 7
393576 195057 5
393576 325320 5
393576 228291 5
393576 393577 5
393576 393578 5
393576 393579 7
393576 393579 5
393585 393586 7
393585 393587 7
393602 393603 7
393602 393604 7
393608 80195 6
393608 80196 6
393608 16349 6
393608 393609 6
393608 16350 6
393612 288581 3
168098 270289 3
76242 76251 3
393649 12563 3
393650 393651 7
287146 180461 3
393699 44578 3
393702 393703 7
393702 393704 7
393702 393705 7
393702 393706 7
393702 393707 7
393702 393708 7
393702 393709 7
45472 236015 3
393713 235860 7
393713 262893 7
393715 177443 7
393737 236722 7
393737 174198 7
393737 250946 7
393737 393738 7
393737 250964 7
393737 393739 7
393737 250995 7
393737 393740 7
393737 393741 7
393737 154900 7
393737 393742 7
393744 393745 5
393747 393748 7
393754 393755 7
393765 393766 7
215309 245981 3
393776 73796 7
393785 393786 7
393785 393787 7
393785 393788 7
393785 393789 7
393785 393790 7
393785 393791 7
393785 393792 7
393785 393793 7
393785 393794 7
393785 393795 7
393785 393796 7
393797 156265 7
393799 223952 7
393799 223953 7
393799 223957 7
393802 393803 7
393805 393806 7
393805 393807 7
393805 393808 7
393805 393809 7
393805 393810 7
393805 160401 7
393805 393811 7
393805 393812 7
393814 393815 7
393820 257239 7
393820 294174 7
393820 283622 7
393826 45504 3
393828 164646 7
393856 393857 7
393858 393859 5
393874 12444 6
393877 387822 7
393877 272640 7
393877 246294 7
393887 32879 5
393888 256306 6
393888 393889 6
393888 293141 6
393888 172701 6
393888 226644 6
393888 272639 6
393888 237150 6
393888 89458 6
393888 389279 6
393888 389465 6
393888 389466 6
393888 272641 6
393888 83625 6
393888 393890 6
393893 353855 7
393894 33990 6
393894 34402 6
393894 76683 6
393894 2089 6
393894 24794 6
393894 90026 6
393894 34005 6
393894 19803 6
393894 5082 6
393894 91799 6
393895 274662 3
393904 393905 7
393912 159890 7
393912 393913 7
393912 159896 7
393912 159901 7
393920 381169 3
393936 162798 7
393937 393938 7
393937 393939 7
393937 393940 7
393943 162798 6
393943 162800 6
393943 162801 6
393943 199956 6
393944 223418 7
393945 45902 6
393945 125093 6
393945 39113 6
393953 393954 7
393956 393957 7
393956 294872 7
393956 363227 7
393956 393958 7
393971 393972 7
393971 393973 7
393971 393974 7
393984 245515 7
393984 345455 7
393984 11629 7
393984 393985 7
393984 330582 7
393995 393996 7
393995 243353 7
393995 393997 7
394007 394008 7
394007 394009 7
394007 394010 7
394021 394022 7
394021 17481 7
394030 196459 7
394036 47957 3
394058 394059 7
394065 84906 7
394065 84908 7
394066 394067 7
394069 34403 7
394069 26945 7
394070 394071 7
394070 394072 7
394088 36460 3
394088 36461 3
394090 394091 3
394093 376899 6
394094 232977 7
394094 394095 7
394094 394096 7
394094 390868 7
394100 394101 7
394106 394107 5
394106 394108 5
394106 394109 5
394106 394110 5
394120 182350 5
2560 2561 3
394129 357936 7
394130 394131 7
394130 394132 7
394130 394133 7
394130 394134 7
394130 394135 7
394130 394136 7
394138 362671 5
394138 394139 5
394138 190016 5
394138 394140 5
394138 394141 7
394138 394142 5
394138 374180 5
394138 193967 5
394148 186367 3
394148 264746 3
394158 204446 7
394158 311758 7
394160 179135 6
394160 179136 6
394160 131060 6
394160 394161 6
53651 394172 7
394184 394185 7
394184 394186 7
394187 394185 7
394187 394188 7
394191 394192 7
394191 394193 7
394204 394205 7
394214 394215 7
394219 394220 7
76428 39567 3
394229 237148 5
132755 132756 3
78500 78509 3
78500 212691 3
78500 38320 3
78500 223447 3
394253 394254 7
394258 19465 7
185385 44412 7
325751 263968 7
325751 59744 7
325751 173356 5
325751 13261 7
325751 13261 5
394276 394277 7
394278 394279 7
394284 394285 7
394284 394286 7
394308 394310 3
394318 9652 5
394319 394320 7
394321 394322 7
394321 394323 7
394327 333063 7
394328 394329 7
394328 394330 7
394328 394331 7
394328 384566 7
394328 181249 7
394328 160587 7
394328 394332 7
394328 394333 7
394328 394334 7
394328 394335 7
394343 394344 7
394343 394345 7
394343 394346 7
394347 394348 7
394354 263350 5
394355 29408 7
394355 29414 7
394356 394357 5
394360 76757 5
394360 103549 5
394372 308456 6
394372 175946 6
394372 247555 6
394373 278355 7
394373 394374 7
394373 380863 7
394373 380865 7
394380 16685 5
394380 394381 5
394380 108239 7
394380 394382 5
394392 394393 7
394392 394394 7
394392 394395 7
394392 394396 7
394392 394397 7
394392 394398 7
394408 18556 7
274678 274686 3
394419 37897 5
394429 391981 7
394430 127539 7
394430 127539 5
394441 394442 7
394441 394443 7
394444 198410 7
394444 252370 7
394444 394445 7
394444 394446 7
394444 394447 7
394444 394448 7
394444 394449 7
394444 394450 7
394444 394451 7
394444 394452 7
394444 394453 7
394444 394454 7
394457 212199 3
394457 343602 3
394462 10799 7
394462 148000 7
394462 295020 7
394463 394464 7
394465 394466 7
394473 91918 7
394473 91919 7
394473 326832 7
394473 277675 7
394473 277676 7
394473 315949 7
394482 394483 7
394482 394484 7
394482 394485 7
394482 394486 7
394482 394487 7
394501 5016 7
394501 15388 5
394503 272321 7
394521 394522 7
394534 121506 3
394536 394537 3
394544 394545 7
394544 394546 7
394544 394547 7
394544 394548 7
394544 394549 7
394544 394550 7
394544 394551 7
394544 394552 7
394544 394553 7
394544 394554 7
394544 394555 7
394544 394556 7
394544 394557 7
394561 394562 3
184107 184106 3
184107 184108 3
184107 184109 3
394570 190775 7
394570 394571 7
394573 394574 7
394573 394575 7
394573 394576 7
394578 206986 7
394578 394579 7
394578 394580 7
394578 96478 6
394578 270744 7
394578 394581 7
394603 394604 5
394612 199919 7
394612 42585 7
394612 59865 7
394612 75086 7
394615 394616 7
394615 394617 7
169182 256638 3
212742 256638 3
394626 121590 7
394628 394629 7
394637 394638 7
394637 394639 7
394637 264495 7
394646 394647 7
394648 48785 5
394648 86572 5
394648 89102 5
394653 43655 7
394653 45313 7
394653 26055 7
394673 394674 7
394677 29966 6
394677 34517 6
394677 43986 6
394677 67900 6
394677 154960 6
394678 339160 7
394679 394680 7
394679 394681 7
394679 394682 7
394679 394683 7
394679 394684 7
394679 394685 7
394679 394686 7
394679 394687 7
394679 394688 7
394679 394689 7
394679 394690 7
394679 394691 7
394679 394692 7
394679 394693 7
394679 394694 7
394679 394695 7
394700 217719 7
394704 394705 7
394707 394708 7
394715 265894 7
394722 394723 5
394728 93387 6
394731 394732 7
394733 30922 7
394750 198761 7
394751 369705 5
394760 394761 3
394770 322226 7
394770 169842 7
394772 23494 7
394778 394780 7
394781 394782 7
394781 394783 7
394781 394784 7
394781 394785 7
394781 394786 7
394781 394787 7
394781 394788 7
394781 394789 7
394781 394790 7
394793 394794 7
394799 114201 7
394799 363725 7
394802 394803 7
394802 394803 5
394802 394804 5
394802 232734 7
394802 232734 5
394802 394805 6
394802 394805 7
394802 394805 5
394802 394806 7
394802 394806 5
394802 175575 5
394825 394826 7
394832 328953 7
394842 133825 7
394851 394852 7
394851 394853 7
394851 394854 7
394863 394864 7
394863 394865 7
394871 394872 7
40443 41641 3
40443 394887 3
40443 394888 3
40443 394889 3
40443 394890 3
81832 394898 7
394915 394916 7
394915 394917 7
394922 121419 7
394924 173040 7
394931 394932 7
394935 41303 5
394935 68507 6
394935 68507 5
394939 116211 7
394939 116222 7
394940 41701 7
394940 2965 7
394940 335258 7
394940 141238 7
192209 103466 3
192209 277263 3
192209 109900 3
192209 355674 3
192209 355675 3
192209 355676 3
394948 287651 7
394948 153793 7
394948 367079 7
394948 239699 7
394953 394954 7
394958 48488 7
394958 177214 7
394958 6101 7
394959 394960 7
253943 253942 3
394973 394974 7
394973 394975 7
394976 394977 5
94116 45050 7
94116 37158 7
94116 394987 7
394988 376809 7
394988 389972 7
394988 386060 7
394988 391950 7
394988 387983 7
394988 213619 7
394988 394989 7
395003 395004 7
395003 395005 7
395011 395012 5
395015 395016 7
48347 395036 3
48347 163973 3
395038 146712 7
395038 146712 5
395045 111621 7
395058 395059 7
395062 395063 7
395062 16364 7
395074 212616 5
395074 281957 5
395076 395077 7
395076 395078 7
395081 295231 5
395084 362604 5
395084 362605 5
395084 395085 5
220609 220578 3
395088 171367 7
395088 171367 5
395089 395090 7
395093 290116 7
395093 395094 7
395093 395095 7
395101 351707 5
395108 284474 5
395108 395109 5
395120 155963 7
395120 395121 7
395120 395122 7
395120 395123 7
395120 395124 7
395120 395125 7
395120 395126 7
395120 395127 7
395128 34767 6
395135 370207 6
395135 191644 5
395135 191645 6
395148 395149 7
395148 32065 7
395164 395165 7
395164 395166 7
395173 395174 7
395180 395181 7
395180 395182 7
395180 395183 7
395180 395184 7
395186 263333 7
395195 39479 7
395195 39508 7
395197 395198 7
395197 395199 7
395197 395200 7
395197 395201 7
395197 395202 7
395197 395203 7
395197 395204 7
395206 395207 5
395209 395210 7
395209 395211 7
395209 395212 7
395209 395213 7
395229 46010 6
395229 113462 6
395229 154882 6
395229 252285 6
395229 252285 5
395229 80348 6
395232 141981 7
395232 141981 5
395232 241554 5
395235 395236 7
395251 214580 7
395255 395256 7
395275 392349 7
395285 152310 7
395287 395288 6
395307 348520 7
395316 156768 7
395317 395318 7
395329 395330 5
395329 393263 5
395333 24775 7
395333 314513 7
395333 174198 7
395333 113089 7
395333 314514 7
395333 314515 7
395333 314516 7
395333 314517 7
395333 324987 7
395333 137029 7
395333 395334 7
395333 111835 7
395333 250989 7
395333 395335 7
395333 169766 7
395333 169767 7
395333 169768 7
395342 395343 7
395361 167342 7
395363 395364 7
395379 169489 7
395390 395391 5
395399 395400 7
395399 395401 7
395402 395403 7
395413 238492 7
395419 27225 7
395419 27226 7
395419 27231 7
395419 27240 7
395419 77294 7
395419 27257 7
395419 27258 7
395419 27259 7
395419 27264 7
395419 27265 7
395419 27274 7
395419 27284 7
395419 27285 7
395419 7716 7
395419 27286 7
395419 27287 7
395419 27288 7
395419 27290 7
395419 27291 7
395419 27292 7
395419 27294 7
395419 27295 7
395419 27296 7
395419 27299 7
395419 21512 7
395419 27300 7
395419 27301 7
395419 27302 7
395419 27303 7
395419 27304 7
395419 379611 7
395419 27305 7
395419 27306 7
395419 27307 7
395419 27308 7
395419 210615 7
395419 27309 7
395419 27311 7
395419 27312 7
395419 27313 7
395419 27314 7
395419 27315 7
395419 27316 7
395419 27317 7
395419 27318 7
395419 27320 7
395419 27321 7
395419 27322 7
395419 27323 7
395419 27324 7
395419 27325 7
395419 27326 7
395419 27327 7
395419 27328 7
395419 27329 7
395419 27330 7
395419 27331 7
395419 27332 7
395419 27333 7
395419 27334 7
395419 27335 7
395419 27340 7
395419 27341 7
395419 27342 7
395419 2673 7
395419 27344 7
395419 27345 7
395419 27349 7
395419 27350 7
395419 27351 7
395419 27352 7
395419 27354 7
395419 27355 7
395419 27356 7
395419 27357 7
395419 27358 7
395419 27362 7
395419 27364 7
395419 27365 7
395419 27366 7
395419 27369 7
395419 27370 7
395419 27371 7
395419 27372 7
395419 27374 7
395419 27375 7
395419 27376 7
395419 27377 7
395419 27378 7
395419 27379 7
395419 27381 7
395419 27382 7
395419 27383 7
395419 27384 7
395419 27385 7
395419 27386 7
395419 27387 7
395419 27388 7
395419 27391 7
395419 27392 7
395419 27393 7
395419 27394 7
395419 27395 7
395419 27396 7
395419 27397 7
395419 27398 7
395419 27399 7
395419 27400 7
395419 27401 7
395419 27402 7
395419 216764 7
395419 27403 7
395419 27404 7
395419 27405 7
395419 27413 7
395419 27415 7
395419 27437 7
395419 27438 7
395419 27439 7
395419 27445 7
395422 395423 7
395426 395427 7
395430 395431 7
395437 391520 5
395437 388747 5
395442 395443 7
395449 395450 7
395449 395451 7
395459 395460 7
395461 395462 7
395464 262250 5
395467 212779 7
395467 212784 7
395467 395468 7
395467 212786 7
395467 212787 7
395467 212790 7
395467 212792 7
395469 395470 7
395469 395470 5
395469 332979 7
395469 332979 5
395476 395477 7
395483 144034 7
395483 142567 7
395483 395484 7
395485 3294 6
395485 3294 7
395485 3294 5
395485 83093 7
395485 83093 5
395489 74523 7
395493 395494 7
395493 395495 7
395496 395497 7
395498 395500 7
395503 126856 6
395503 126856 7
395503 126856 5
395503 30587 7
395503 395504 5
395503 327477 7
395503 251541 7
395503 251541 5
395509 395510 7
395509 395511 7
395509 395512 7
395516 395517 5
395516 395518 5
395516 381273 5
395524 49206 7
395540 395541 7
395540 395542 7
395547 395548 7
395549 395550 7
395549 395550 5
395549 395551 6
395549 395551 5
395549 395552 5
395549 395553 5
395549 395554 5
395563 362670 5
395563 395564 5
395563 362672 5
395563 395565 5
395579 28209 7
395579 28209 5
215256 395589 3
395610 395611 3
395610 395612 3
395610 395615 3
395617 395618 3
395632 184263 6
395634 172746 5
395634 395635 5
395634 395636 7
395634 395636 5
395634 395637 5
395634 395638 5
395645 395646 7
395645 178396 7
395645 395647 7
395656 32976 6
395661 179865 6
395664 316635 6
395665 216688 6
395671 84267 6
395673 78966 6
395673 78966 5
395675 395676 5
395675 395677 5
395683 395684 7
395689 133158 7
395689 133162 7
395689 133171 7
395697 15962 7
313187 88025 5
313187 113373 5
313187 161111 5
313187 33642 5
313187 19046 5
395710 262172 7
395711 395712 7
395714 101228 7
395721 88114 7
395729 395730 7
395740 395741 7
395743 380860 7
395743 395744 7
395743 395745 7
395743 395746 7
395743 395747 7
152265 395759 3
152265 395760 3
152265 395761 3
152265 395762 3
395765 25283 6
395766 395767 5
395766 395768 5
395766 395769 5
395766 395770 5
395772 259440 3
395777 32531 7
395781 267039 6
102892 45078 6
102892 45078 7
102892 104677 7
102892 34208 7
102892 35996 7
395790 395791 7
395793 266510 7
395793 266512 7
395795 395796 6
395797 395798 7
395797 395799 7
395800 217130 6
395800 323288 6
162380 31789 3
395806 373337 5
395806 42038 5
395806 30117 5
395806 205938 5
395806 123198 5
395807 268533 6
395807 137888 6
395807 137889 6
395807 137890 6
395807 321900 5
395809 395810 3
395823 174060 7
395828 395829 7
395828 395830 7
395834 395835 7
395846 30759 7
281637 46439 3
281637 157167 3
281637 372485 3
395851 395852 7
395851 395853 7
395855 381043 7
395858 105780 7
395868 395869 7
395872 395873 7
395877 395878 7
395877 395879 7
395886 395887 7
395886 395888 7
395892 395893 7
395900 43667 7
395900 43667 5
395810 395914 3
395916 50006 6
395918 24360 5
395918 101911 5
395939 395940 7
395943 395944 7
395943 395945 7
395943 395945 5
395951 395944 7
395951 395945 6
395951 395945 7
395944 395945 7
395956 32219 7
395962 214707 5
395964 395965 7
395964 382503 7
395970 395971 7
395977 40594 7
396037 111770 7
396037 111770 5
396038 25369 5
396038 201148 7
396038 201148 5
396038 75929 5
396043 396044 7
8125 396048 7
396049 288581 3
396053 95994 7
396053 95995 7
396053 96005 7
396053 96009 7
396055 172631 7
244865 369333 3
244865 386249 3
396062 396063 7
396062 396064 7
396062 396065 7
396068 396069 7
396070 127535 7
396070 396071 7
396073 349966 3
396086 126503 7
396089 109086 7
396089 396090 7
396089 396091 7
396089 396092 7
396089 396093 7
396101 396102 7
396101 396103 7
396101 396104 7
396101 396105 7
396101 396106 7
396101 396107 7
396101 396108 7
396116 50695 7
396116 50695 5
396116 183160 5
396143 6738 5
396143 37090 5
396143 46540 7
396143 54391 5
396143 39968 5
396143 19105 5
396145 396146 5
396147 396148 7
396151 22036 6
396151 43975 6
396151 92963 6
396151 81074 6
396151 138811 7
396151 244490 6
396151 15977 6
396151 93422 6
396151 84713 6
396151 80067 6
396151 86077 6
396151 6234 6
396158 96474 6
396158 94420 6
396158 96475 6
396158 396159 7
396158 96477 6
396158 396160 7
396158 146427 5
396172 156301 7
396173 396174 3
396178 396179 7
396178 396180 7
162744 162718 3
328601 176851 7
328601 176852 7
328601 176853 7
328601 176854 7
328601 396186 7
328601 396187 7
328601 396188 7
328601 396189 7
328601 327973 7
396190 396187 7
396190 396191 7
41343 38872 7
41343 396194 7
41343 396195 7
396198 396199 7
396213 178544 7
396221 240685 5
396221 163258 5
396243 39713 6
396243 39788 6
396243 161542 6
396244 243237 7
396248 396249 7
396250 16106 7
396255 7162 7
396255 38763 7
396255 710 7
396255 33008 7
396255 35815 7
396256 33830 7
396256 7162 7
396256 38763 7
396256 710 7
396256 184397 7
396256 10799 7
396256 74263 7
396261 396262 7
396261 396263 7
396264 396187 7
396264 396191 7
396266 24671 7
396266 24674 7
396266 252648 7
396266 252649 7
396266 252650 7
396266 286297 7
396266 286301 7
396266 24708 7
396269 396188 7
396269 396189 7
396269 396270 7
396269 327973 7
396279 396280 7
396283 396284 7
396289 396290 7
396292 396293 7
396300 396301 7
396321 199196 7
396330 20681 7
396338 97094 7
396344 94794 3
396359 53315 5
396360 19091 7
396360 156608 7
396360 12972 7
396360 14786 5
396360 3456 7
396360 108254 7
396362 263258 7
396367 131358 3
396368 396369 7
396423 382823 6
396423 36069 5
396423 78949 5
396423 43801 5
396451 396452 7
396453 96762 6
396453 35298 6
396454 302431 5
396454 302432 5
396454 302433 5
396468 396469 7
396481 8297 6
396481 153726 7
396481 396482 7
396481 8330 6
396481 99313 7
396481 210357 7
396481 295954 7
396493 395094 7
396504 391335 5
396504 258450 5
396507 396508 7
117488 117485 3
117488 117489 3
396518 396519 7
396521 6084 7
396521 396522 7
396557 189255 7
396561 121483 7
396566 379513 7
396566 379514 7
396566 379517 7
396566 379520 7
396566 379522 7
396573 176852 7
396573 176853 7
396573 396575 7
396580 396581 7
396580 396582 7
396580 396583 7
396580 396584 7
396580 396585 7
396580 396586 7
396580 396587 7
396594 198138 5
396607 133990 7
396607 396608 7
396607 396609 7
396607 396610 7
396607 396611 7
396607 396612 7
396607 396613 7
396607 133999 7
396618 396619 7
396618 396620 7
396627 29401 5
396627 396628 5
396627 29408 5
396627 29410 5
396627 29414 5
396627 29415 5
396627 29422 5
396627 29457 5
396627 29490 5
396629 396630 6
396629 396631 7
396629 396631 5
396629 396632 6
396633 12377 7
396633 396634 7
396633 396635 7
396639 396632 6
396647 396648 7
372407 396665 3
396673 396631 6
396673 396674 6
396673 396674 7
396673 396674 5
396673 396632 5
396678 113936 6
396678 81107 6
217020 396680 3
396681 396682 7
396681 396683 7
396684 97458 7
396685 191511 7
396685 191519 7
396689 13812 6
396689 31266 6
396689 50717 6
396689 35212 6
396689 91768 6
396689 77412 6
396689 50727 6
396689 4816 6
396689 75729 6
396689 16756 6
396689 53356 6
396689 77416 6
396689 111241 6
396689 20512 6
396689 77417 6
396689 13834 6
396689 75731 6
396689 83132 6
396689 244490 6
396689 41567 6
396689 84436 6
396689 81949 6
396689 16187 6
396689 43776 6
396689 19314 6
396689 89732 6
396689 112864 6
396689 48329 6
396689 19807 6
396689 16092 6
396689 78767 6
396689 157164 6
396689 17903 6
396689 23247 6
396689 81952 6
396689 131663 6
396689 86077 6
396689 53971 6
396689 81954 6
396689 75733 6
396701 221398 7
396701 228892 7
396701 167720 7
396701 167722 7
396701 170133 7
396701 170136 7
396701 170140 7
396701 43206 7
396701 151539 7
396701 396702 7
396701 87612 7
396701 307342 7
396701 239064 7
396701 149871 7
396701 231789 7
396701 170162 7
396701 239067 7
396701 82459 7
396701 221408 7
396701 262342 7
396701 326610 7
396701 189881 7
396701 235120 7
396704 396705 7
396706 396707 7
396716 396717 7
396742 396743 7
396742 396744 7
396742 396745 7
396742 313897 7
396742 396746 7
396742 396747 7
396750 396751 7
396750 396752 7
396750 396753 7
396755 396756 6
396777 285383 7
396789 396790 7
396789 396791 7
396800 204683 5
396800 396801 7
396800 396801 5
396800 396802 7
396800 396802 5
257519 396805 7
396809 396810 7
396812 396813 7
396821 266262 7
396824 396825 3
396827 182310 5
396843 396844 7
396845 148004 3
396847 396848 7
396847 396849 7
396847 396850 7
396847 396851 7
396847 396852 7
396859 241516 7
396859 396860 7
396861 396862 7
396861 396863 7
396861 396864 7
396861 396865 7
396861 396866 7
396879 373868 7
396900 396901 7
396917 233382 7
396923 396924 7
396923 396925 7
396923 396926 7
396929 396930 7
246025 215304 3
396938 133926 6
396938 79469 6
396940 396941 7
396946 396947 3
396946 396948 3
396949 396950 7
396949 396951 7
396952 396953 7
396952 396954 7
396952 396955 7
396956 290377 7
396964 278213 7
396969 11458 5
396969 396970 5
396981 396982 3
125109 16118 7
396994 283461 3
113619 113620 3
113619 113621 3
397007 397008 7
397007 397009 7
397007 397010 7
397007 397011 7
397007 397012 7
397019 153215 7
397019 199660 7
397019 199661 7
397036 340099 5
397036 126016 7
397036 126016 5
397037 397038 6
397043 41951 6
397043 81945 6
397043 38979 6
397043 108326 6
397043 81106 6
397043 81107 6
397043 16585 6
397043 13439 6
397043 34110 6
397043 152670 6
397043 3450 6
397046 41951 6
397046 81945 6
397046 38979 6
397046 14132 6
397046 81106 6
397046 81107 6
397046 16585 6
397046 13439 6
397046 34110 6
397046 89445 6
397046 152670 6
397046 39548 6
397046 12833 6
397048 397049 7
397048 267554 7
397048 397050 7
397048 397051 7
1393 9360 3
1393 180593 3
1393 397052 3
1393 100826 3
397068 315789 7
397068 137548 7
397068 47318 7
397068 315790 7
397068 397069 7
397068 315791 7
397068 315793 7
397068 98844 7
397068 397070 7
397068 397071 7
397068 397072 7
397068 98845 7
397068 98846 7
397068 397073 7
397068 397074 7
397068 397075 7
397076 211115 7
397076 136294 7
397077 397078 7
397077 19940 7
397077 30619 7
397079 146574 7
397082 126016 7
397082 270108 7
397091 372052 5
397093 242494 6
397093 395945 6
397093 126016 6
397095 14354 7
397095 284661 7
397095 14367 7
397112 194878 7
397137 86710 7
397137 122466 7
397138 397139 3
397138 397140 3
397154 397155 7
397154 397156 7
397157 397158 7
397157 397159 7
397172 86332 7
397173 80400 7
397173 176661 7
397174 397175 7
397174 397176 7
397177 26397 7
397178 397179 5
397180 397181 7
397186 397187 7
397186 397188 7
397190 84775 7
397195 397175 7
397195 397176 7
397202 29420 7
397210 397211 7
397238 277781 7
397240 397241 7
397240 397242 7
397240 397243 7
397240 397244 7
397240 397245 7
397240 397246 7
397240 397247 7
397240 187201 7
397240 397248 7
397240 397249 7
397250 397251 7
