27673
357439 41790 8
357439 3072 8
357441 4063 24
357442 13908 24
357443 11963 24
357444 15797 24
357445 171772 9
357446 93411 24
357448 4733 12
357449 6481 24
357450 25413 12
357450 26968 8
357451 2570 24
357452 1792 24
357462 929 8
357463 220 12
357464 32502 12
357466 59648 24
357467 216291 24
357468 120215 12
357470 357471 12
357472 40900 24
357474 8531 12
357474 8531 14
357475 1344 24
357477 2016 8
357477 2074 8
357477 655 12
357479 357480 24
357481 18786 24
357483 285 22
357488 43553 24
357489 43553 24
357489 286729 24
357493 56893 24
357494 1830 8
357495 9336 24
357496 265138 24
357497 265138 24
357498 365 24
357499 365 24
357500 1830 8
357501 1792 2
357501 8781 8
357502 365 24
357503 174894 24
357508 357509 24
357510 3987 24
357511 8284 12
357512 64034 24
357514 1370 12
357515 203919 2
357516 218303 24
357518 2481 2
357518 60935 12
357519 364 14
357519 1390 22
357519 7956 12
357519 149069 14
357520 262731 12
357521 7956 24
357523 11305 12
357524 357525 24
357526 70237 12
357529 357530 24
357531 5508 24
357532 36646 8
357533 365 24
357534 365 24
357535 365 24
357536 533 24
357537 365 24
357538 3845 2
357539 365 24
357540 61655 24
357541 357542 25
357545 5314 24
357546 44151 24
357547 534 22
357547 11305 2
357547 36004 24
357548 18145 24
357549 42578 2
357550 3130 24
357551 4164 12
357552 16573 12
357555 1196 12
357556 357557 24
357558 357559 24
357560 35222 24
313535 110354 24
357564 355678 24
357565 454 24
357566 285 24
357567 454 24
357568 355678 24
357569 355678 24
357570 43553 24
357571 27571 24
357572 97483 8
357573 3987 24
357574 61518 24
357576 2745 22
357577 2017 8
357577 3431 8
357578 3001 12
357579 14160 24
357580 123360 12
357581 40900 24
357582 832 24
357584 275640 24
357585 655 12
357588 9048 24
357589 3001 2
357589 357590 12
357591 57564 2
357594 93720 24
357595 33407 24
357596 8277 12
357597 11307 12
357597 57520 14
357598 69796 12
357599 61534 24
357600 37774 12
357604 156437 24
357605 61664 24
357606 4732 24
357613 52539 25
357615 458 22
357616 357 12
357616 37885 8
357616 43555 9
357616 346108 25
357622 6890 24
239765 655 24
357624 33985 24
357625 37885 8
357638 57997 12
357639 39103 2
357639 6566 8
357639 144793 8
357639 3069 8
357640 1125 12
357640 438 22
357650 1 12
357653 3803 12
357655 7956 12
357656 357657 24
357659 20886 14
357659 5151 14
357664 2517 24
357665 1830 8
357668 58845 12
357675 220 12
357675 85517 8
357680 2700 14
357683 47597 24
357685 11763 24
357686 19547 24
357687 3207 22
357690 61440 12
357691 10690 9
357693 67481 12
357695 655 12
357697 56893 24
357698 39106 24
357699 57659 24
357704 12487 24
357705 357706 24
357709 12580 24
357710 56765 12
357712 135441 9
357717 534 22
357719 357720 24
357723 18786 24
357724 183433 24
357726 3123 24
357727 16873 14
357727 8540 14
357728 3123 24
357729 7953 12
357730 5509 24
357731 6962 24
357732 289943 24
357733 19547 24
357737 1098 12
357738 357739 12
357738 27104 8
357740 355800 24
357741 457 24
357744 8603 24
357745 40900 24
357749 357750 24
357751 18786 24
357756 125876 24
357757 21430 12
357764 23562 24
357765 267334 24
357766 43841 24
357767 44388 8
357768 95032 12
357769 655 2
357773 345060 24
357774 261589 24
357775 53328 24
357776 131169 24
357777 361 24
357778 18773 12
357779 2074 8
357780 73606 24
357781 2486 24
357781 357782 24
357783 458 22
357784 106212 24
357786 1099 24
357787 80713 24
357789 80713 24
357790 11260 12
357791 57548 24
357792 57548 24
357793 57548 24
357794 1098 12
357795 80713 24
357796 11260 12
357797 1370 2
357797 357798 12
357799 365 24
357802 43923 12
357803 365 24
357804 5314 24
357805 365 24
357806 7477 8
357807 365 24
357808 2784 22
357809 365 24
357810 458 22
357811 227789 24
300529 24722 24
357812 268739 24
357817 50547 24
357818 357750 24
357819 80713 24
357821 284 24
357821 2309 12
357822 46246 24
357823 174886 24
357824 9902 12
357824 56914 2
115528 8539 24
357825 108666 24
357826 356 24
357848 357849 24
357850 273730 24
357851 70209 24
357852 121984 24
357853 440 24
357854 357855 24
357859 42071 24
357860 92569 11
357861 235172 24
357862 83683 24
357865 2813 24
357866 357867 24
357869 161486 24
357872 30653 12
357873 133826 24
357874 365 24
357875 4454 24
357885 365 24
357886 440 24
357887 33894 24
357888 365 24
357889 144056 24
357890 365 24
357891 4389 24
357892 457 24
357893 197873 2
357896 457 22
357896 13454 12
357898 12814 24
357900 1370 12
357901 32343 12
357901 110248 14
357901 1297 9
357903 2016 8
357904 36393 24
357905 5314 24
357906 59477 24
357907 2052 24
357908 31987 24
357913 123063 12
357914 56625 12
357917 59800 24
357918 357919 24
357920 37637 24
357921 357922 24
357925 6151 2
357926 5120 12
357927 43746 24
357930 260726 24
357931 43746 24
357931 289516 24
357932 365 24
357937 55637 24
357939 832 12
357940 365 24
357941 365 24
357946 81 2
357946 3136 8
357947 365 24
357949 360 14
357949 1902 14
357950 440 24
357951 1065 24
357952 216607 24
357953 216607 24
357959 216607 24
357969 2051 24
357976 29781 8
357977 90193 24
357978 51167 24
357984 3123 24
357985 357986 24
357995 2770 24
357996 27104 8
357997 68508 12
357998 458 22
357998 1770 9
357998 1770 25
183611 24722 24
357999 270736 12
357999 26968 8
358000 24722 24
358004 356422 24
358005 358006 24
358009 311209 24
358010 280 24
358011 3129 2
358012 12405 24
358013 358014 24
358015 13454 2
358016 98352 12
358017 5304 24
358018 5508 24
358023 55315 24
358024 358025 24
358027 5304 24
358030 3001 24
358033 1830 8
358034 358035 24
358036 66462 24
358041 31586 9
358042 8143 24
358043 18773 24
358044 202059 24
358045 10725 24
206748 3001 24
358049 10725 24
358050 356221 11
358051 7956 24
358056 16530 24
358057 10725 24
358058 158221 12
358058 105269 9
358061 358062 24
358064 69989 24
358065 28489 12
358069 48229 24
358075 1261 24
358076 5314 24
358077 75445 24
358078 358079 24
358080 832 24
358081 48008 24
358082 69266 12
358084 832 12
358088 2745 22
358088 295578 8
358088 128216 8
358089 4389 24
358095 4389 24
358096 13350 24
358097 73 24
358098 356 24
358099 82901 24
358100 4389 24
358101 365 24
358102 265138 24
358115 440 24
358120 1313 22
358122 3272 24
358123 4389 24
358124 4389 24
358128 364 24
358130 34383 24
358131 10725 24
358132 459 24
358136 4389 24
358137 46640 12
358138 13500 24
358139 57558 24
358140 150778 12
358140 143974 2
358141 10725 24
358144 56124 12
358144 358145 9
358146 1389 24
358147 317783 24
358148 5509 24
358149 356 24
358150 267721 24
358151 57327 24
358152 2700 24
358153 2051 24
358154 57702 24
358155 358156 24
358157 358158 12
358159 1196 12
358160 127603 12
358161 36176 2
358162 358163 24
358164 16526 2
358164 364 22
358164 105566 12
358164 188966 8
358164 105269 9
358166 358163 24
358167 5314 24
358168 65784 24
358169 358163 24
358170 655 24
358172 57313 24
358173 57495 24
358174 57710 24
358175 57731 24
358176 57731 24
358177 50459 8
358178 57740 24
358179 10725 24
358181 1675 12
358182 25131 12
358183 1815 14
358185 1178 12
358186 4389 24
358187 285 14
358187 72910 14
358188 459 24
358189 136488 12
358189 99393 8
358190 10725 24
358191 358192 24
358193 105145 12
358194 10725 24
358198 46640 12
358199 832 12
358199 458 22
358200 23562 12
358202 26495 12
358203 57558 24
358204 57558 24
358205 114473 24
358206 8781 8
358207 459 24
358208 459 24
358209 459 24
358210 459 24
312216 459 24
358211 12247 24
358212 459 24
358213 459 24
358214 459 24
358215 459 24
358216 459 24
358217 459 24
358218 459 24
358219 459 24
358220 459 24
358221 459 24
358222 459 24
358223 459 24
358224 459 24
239855 459 24
358225 459 24
358226 459 24
358227 459 24
358228 459 24
358229 459 24
358230 459 24
358231 459 24
358232 459 24
358233 459 24
358234 459 24
119116 459 24
358235 459 24
358236 459 24
358237 459 24
358238 459 24
358239 459 24
358240 459 24
358241 459 24
358242 459 24
358243 459 24
358244 459 24
358245 459 24
358246 459 24
125399 459 24
358247 459 24
358248 459 24
358250 459 24
358251 459 24
358252 459 24
358253 459 24
358254 459 24
358255 459 24
358256 459 24
358257 459 24
358258 459 24
358259 459 24
358260 459 24
358261 459 24
358262 13454 12
358263 459 24
358264 459 24
358265 459 24
358266 459 24
358267 459 24
358268 146473 24
358269 459 24
358270 78480 12
358271 459 24
358272 459 24
190074 459 24
358273 459 24
358274 459 24
358275 459 24
358276 459 24
358277 459 24
358278 459 24
358279 459 24
358280 459 24
358281 459 24
358282 459 24
358283 31163 24
358284 459 24
358285 459 24
358286 459 24
358287 459 24
358288 459 24
358289 13640 12
358290 459 24
358291 459 24
358292 459 24
358293 459 24
358294 459 24
358295 285 24
358297 459 24
358298 459 24
358299 459 24
358300 819 24
358301 459 24
358302 459 24
358303 459 24
358304 459 24
358305 459 24
358306 459 24
358307 459 24
358308 459 24
358309 459 24
358310 459 24
358311 459 24
358312 194439 24
358313 459 24
358314 358315 12
358316 459 24
358317 459 24
358318 459 24
358319 459 24
358320 358321 24
358322 459 24
358324 459 24
358325 459 24
358326 459 24
358327 459 24
358328 459 24
358329 459 24
212882 459 24
358330 459 24
358331 459 24
358332 459 24
358333 459 24
358334 459 24
358335 459 24
358336 459 24
358337 459 24
358338 459 24
358339 459 24
358340 459 24
358341 459 24
358343 459 24
358344 655 24
358345 248323 24
358346 6202 9
358346 117303 2
358347 1099 24
358348 36372 24
358349 26968 8
358349 27131 12
358350 81 24
358351 58108 12
358352 62469 12
358353 156436 24
358357 358358 24
358359 39103 12
358360 153533 12
358361 6574 2
358362 67368 2
358372 31488 8
358373 458 22
358376 2745 24
358378 241411 24
358379 69437 24
358381 37245 12
358385 8284 12
358386 13272 24
358387 12585 24
358388 23567 12
358388 358389 24
358394 57740 24
358395 1634 24
358396 3130 24
358397 2052 24
358398 73 24
358399 50459 8
358400 79598 12
358401 50459 8
358402 50459 8
358404 282 24
358405 94284 24
358406 50459 8
358407 50459 8
358408 61078 12
358410 50459 8
358411 50459 8
358412 70350 24
358413 50459 8
358414 50459 8
358415 50459 8
358416 50459 8
358417 356 24
358419 33854 24
358420 282 24
358421 2750 24
358422 126519 24
358423 3845 12
358426 1830 8
358427 2750 24
358428 57419 24
358429 57419 24
358431 14403 24
358432 358389 24
358433 39103 12
358434 19544 24
358435 146988 12
358440 71419 2
358441 5484 24
358457 57401 24
358458 57581 24
358460 57405 24
358461 57405 24
358462 2016 8
358463 5151 14
358463 25523 12
358464 532 14
358464 358465 14
358466 81 24
358467 19293 14
358467 19293 22
358467 7073 9
358467 73772 14
358468 61792 24
358470 173379 12
358473 36035 25
358473 1297 9
358474 57405 24
358475 43264 12
358476 356415 8
358477 57404 24
358479 4278 24
358482 68481 24
358483 30775 12
358484 17390 24
358485 57558 24
358486 57558 24
358487 4279 24
358488 57558 24
358489 358490 24
358492 57558 24
358493 655 12
358493 655 2
358494 4389 24
358495 57577 24
358498 4389 24
358501 4389 24
358502 459 24
358503 459 24
358504 459 24
358505 358506 24
358510 459 24
358511 459 24
358512 30850 24
358513 53268 24
358514 459 24
358515 4389 24
358516 459 24
358517 459 24
358518 459 24
358519 459 24
358520 459 24
358521 2770 24
358522 459 24
358523 459 24
358524 459 24
358525 57558 24
358526 459 24
358527 459 24
358528 459 24
358529 459 24
358530 57558 24
358531 459 24
358532 459 24
358533 459 24
358534 1099 24
358536 57558 24
358538 459 24
358539 459 24
358540 3886 2
358540 458 22
358540 126607 12
358541 459 24
358542 459 24
358543 459 24
352622 459 24
358544 459 24
358545 459 24
358546 459 24
33146 459 24
358547 56200 24
271592 459 24
358548 459 24
358549 139310 2
358550 103653 8
358550 235434 8
358551 459 24
358552 459 24
358553 459 24
358554 459 24
358555 459 24
358556 459 24
358557 459 24
358558 459 24
358559 459 24
358560 459 24
358561 459 24
358562 459 24
358563 365 24
358564 459 24
358565 459 24
358566 459 24
358567 459 24
358568 459 24
358569 459 24
358570 459 24
358571 459 24
358572 459 24
358573 459 24
358574 459 24
358575 459 24
358576 459 24
358577 459 24
358578 832 24
358579 459 24
358580 459 24
358581 459 24
358584 459 24
358585 1771 12
358586 459 24
358587 459 24
358588 459 24
358589 459 24
358590 459 24
358591 459 24
358592 459 24
358593 459 24
358594 459 24
358595 459 24
358596 459 24
358597 459 24
358598 459 24
358599 459 24
358600 459 24
358601 183816 24
358602 459 24
358603 5258 8
358603 26968 8
358603 5260 8
358603 10694 8
358604 459 24
358605 459 24
358606 91061 12
358607 358608 24
358609 459 24
358612 440 24
241223 459 24
358613 440 24
358614 459 24
358615 53088 24
358616 22237 24
358617 56771 2
358617 110360 12
358618 13348 24
358618 36004 12
358620 30775 12
358624 25413 24
358625 183816 24
248340 458 14
248340 11042 9
248340 11261 2
248340 358626 8
358627 40900 24
358628 57656 24
358629 200113 12
358629 281842 8
358630 61822 12
358630 358631 24
358632 30028 24
358633 358634 24
358636 40900 24
358637 249138 27
358638 8929 24
358639 93434 12
358640 57558 24
358641 30206 24
358643 358644 24
358645 32951 12
358646 33301 12
358647 57558 24
358648 227500 27
358655 172797 11
358661 358662 24
358663 30321 12
358666 75861 24
358667 6335 2
358674 1045 9
358674 57450 2
358675 73 12
358678 440 24
358679 440 24
358682 124017 24
256707 440 24
358683 327774 24
358684 1911 24
358685 1911 24
358686 40042 24
358687 36351 24
358692 1760 24
358693 2221 12
358694 125453 24
358695 314304 8
358696 45428 24
358697 16530 24
358698 533 24
358699 832 2
74294 37128 24
358700 361 24
358701 18142 24
358702 64645 24
358704 198395 9
358704 163330 12
358704 358705 14
358707 57505 24
358708 57505 24
358709 57505 24
358710 57505 24
358711 57505 24
358712 19051 24
358713 5578 24
358716 456 24
358716 61822 12
358720 358721 24
358720 43896 12
358722 1770 9
358722 358723 8
358731 101096 24
358732 70180 12
358733 34254 12
358735 16526 2
358735 364 14
358735 364 22
358735 30247 8
358737 356 24
358738 57627 24
358741 278860 24
358742 358743 24
358745 57629 24
358746 196060 24
358747 57522 24
358748 61848 24
358751 1326 12
358751 235571 27
358752 255582 24
358753 30760 12
358754 255582 24
358755 37161 24
358763 358764 24
358765 39412 24
358766 30028 24
182979 11953 22
182979 24721 12
182979 24721 2
182979 24721 14
358770 30028 24
358771 358764 24
358772 255582 24
358773 308053 24
358774 2037 24
358775 255582 24
358776 358779 24
358781 57595 24
358782 39410 24
358783 16197 12
358783 358784 9
358783 25964 2
358785 57595 24
358786 12647 24
358786 87978 12
358787 2751 24
358788 126194 24
358792 7634 24
358793 7634 24
358794 7634 24
358795 57558 24
358796 3123 24
358797 7634 24
358798 7634 24
358799 7634 24
358800 4389 24
358801 7634 24
358802 1370 12
358802 16558 22
358803 279175 24
358804 57558 24
358805 35464 24
358806 30206 24
358807 1815 24
358808 11260 12
358809 51847 24
358810 440 24
358810 358811 24
358812 57558 24
358813 358811 24
358820 1370 12
358820 1370 2
358820 16577 22
358821 57558 24
358823 2486 24
358824 280 24
358825 57558 24
358826 40900 24
358827 68150 24
358830 140092 24
358831 57558 24
358832 57558 24
358833 42212 9
358833 61987 12
358833 62197 14
358834 1370 2
358834 16563 8
358838 57558 24
98763 183176 2
358841 57736 24
358842 57736 24
358854 94639 24
358858 57577 24
358859 117872 24
358860 94639 24
358864 0 24
358865 25523 12
358865 54863 8
358865 1773 8
358865 358866 11
358865 31884 8
358865 1297 25
358867 41152 24
358868 154070 12
358869 27683 14
358869 57274 14
358869 74368 9
358869 264682 27
358870 11874 12
358871 39411 12
358872 56377 12
358874 70848 24
358875 12587 2
358875 152522 9
358876 1634 12
358877 156380 24
358878 2746 24
358879 1098 12
358880 456 14
358880 456 22
358880 6151 14
358881 364 22
358881 188966 8
358882 108907 24
358883 112745 24
358884 41415 24
358885 360 24
358886 19279 12
358887 68595 12
358888 160610 24
358889 46640 24
358890 5256 8
358890 3068 8
358890 5563 8
358890 3072 8
358894 249118 24
358895 34878 12
358898 4060 8
358901 42498 12
358902 296630 12
358909 85533 24
358910 1080 24
358911 57558 24
358912 120475 24
99283 14740 12
99283 65584 14
99283 48711 9
358913 291750 24
358915 231316 25
358916 356 24
93155 93135 24
358917 57686 24
358919 356 24
319063 165455 14
212200 165455 14
358920 16133 24
358921 41504 24
358922 358923 12
358924 356 24
358925 232018 24
358929 3845 12
358929 3845 14
358948 439 22
358948 153967 12
358953 438 24
358962 13350 2
358964 56451 24
358965 112498 8
358966 48768 24
358969 16806 24
358970 16806 24
358971 57438 24
358972 52372 24
358973 57450 24
358974 56839 24
358975 1384 24
358976 98838 12
358977 46159 24
358978 2742 24
358979 52653 24
358980 56838 24
358981 2742 24
358984 48679 12
358985 2015 8
358987 3987 24
358988 4985 12
184041 360 14
184041 360 22
184041 178881 9
184041 278479 11
358992 61655 24
358994 65851 24
358995 31589 24
358996 186148 24
358997 45267 24
358998 8929 24
358999 57728 24
285678 2221 2
285678 52343 12
359000 2309 12
359001 7049 12
359003 12578 24
359004 1757 24
359006 5314 24
359007 2037 24
359008 2009 24
359010 133663 14
359011 1675 12
359012 136384 12
359014 3323 12
359015 655 14
359016 135073 14
359016 11857 9
359016 247359 25
359019 34254 24
359020 653 24
359021 140096 24
359022 1830 8
359024 6151 24
359025 10363 24
359026 70257 12
359026 70362 14
359026 81146 9
359032 359033 24
359034 4063 24
359035 36749 12
359036 359037 24
359038 359039 24
359040 77856 8
359040 356814 12
359042 39106 24
359046 69085 12
359054 359055 24
359057 173022 9
359058 1911 12
359060 38970 12
359060 27104 8
359061 7332 24
359062 142993 24
359064 2765 24
359065 16526 24
359066 10913 24
359067 22307 14
359068 98133 24
359069 185385 9
359070 3992 24
359071 1048 24
359072 832 12
359073 5304 24
25185 359074 11
25185 5484 12
359080 16319 12
359080 13454 2
359081 55152 12
359082 359083 24
359084 359085 24
359087 359088 9
359091 119379 8
359093 8929 24
359094 8929 24
359095 8929 24
359096 10701 24
359097 8929 24
359098 178096 12
359099 40900 24
359104 2011 24
359106 286129 24
359107 539 12
359108 217835 24
359109 532 24
359110 353180 24
359111 20387 24
359112 240935 24
359115 18786 24
359116 212042 24
359117 18786 24
359118 18786 24
359119 205818 12
359136 106810 12
359136 34580 8
359138 48435 12
359139 456 22
359139 1902 12
359139 40603 25
359139 359140 8
359144 279 22
359147 12405 24
359148 57558 24
359149 1125 12
359151 57558 24
359152 655 12
359155 2221 12
359155 7363 22
359157 2221 12
359160 57685 24
359161 93095 24
359164 8604 24
359165 655 24
359166 300140 24
359168 57482 24
359169 57669 24
359170 57658 24
359172 99505 12
359173 87976 24
359174 24118 12
359175 9855 24
359176 1830 8
359177 57581 24
359178 121517 24
359179 39474 24
359180 69405 24
359184 126706 2
359185 2770 24
359186 2221 12
359187 356 24
359188 2742 24
359189 2742 24
359191 2742 24
359192 16502 24
359194 439 22
359194 81 2
359195 8584 24
359196 8584 24
359197 26968 8
359198 8584 24
359199 8584 24
359201 440 24
359202 8584 24
359203 8584 24
359204 8584 24
359205 8584 24
359206 22005 2
359206 359207 12
359210 8584 24
359211 172968 8
359212 8584 24
359213 56737 24
359216 24630 22
359216 136683 2
359217 6994 24
359218 8584 24
359219 8929 24
359220 26494 24
359221 6858 24
283672 81 2
283672 7158 14
359225 5508 24
359226 655 12
359227 56968 24
359229 60402 12
83150 139262 12
359239 42060 24
359240 128667 8
359241 356 24
359242 57422 24
359243 57422 24
359244 144802 24
136342 38724 24
359246 832 24
359247 78560 24
359248 5457 14
359248 6207 9
359248 95478 25
359249 1380 24
359250 359251 14
359250 18773 12
359252 459 24
359253 459 24
359254 459 24
359255 459 24
359256 459 24
359257 459 24
359258 459 24
359259 459 24
359261 153823 24
359262 9127 24
359263 43558 12
359264 251218 24
359265 57385 24
359266 202202 24
359267 57385 24
359268 57385 24
359269 57433 24
359270 202202 24
359276 13454 24
359277 56005 24
359278 66443 12
359278 27104 8
359279 13454 24
359280 13500 24
359281 459 24
359282 56868 24
359283 200819 24
359284 154019 8
359285 34878 12
359285 2074 8
359286 832 12
359287 187417 24
359288 22670 24
359289 22670 24
359292 359293 24
359294 352724 24
359295 22670 24
359297 3845 12
359298 61718 12
359298 5260 8
359302 93663 24
359303 6994 2
359304 31163 24
359305 37625 2
359305 67927 12
359306 457 22
359308 457 22
59756 20611 12
359315 280 24
359316 43260 24
359319 359320 24
359321 35222 24
359322 88560 24
359323 11260 24
359324 3001 24
359328 3845 12
359329 13454 24
359330 4985 24
359330 8284 2
359331 13272 12
359331 260508 8
359332 453 24
359333 25925 24
359335 2806 24
359336 253872 24
359340 1178 12
359341 15782 24
359342 4905 2
359343 455 24
359346 1370 2
359346 52034 8
359347 3032 24
359348 78688 12
359349 4985 14
359350 24721 24
359353 35004 12
359354 359355 24
359356 359357 24
359358 359355 24
359359 4389 24
359360 359355 24
359380 359381 24
359382 75492 24
359387 359388 24
359389 359390 24
359391 3845 12
359392 359390 24
359393 16502 24
359394 51441 24
359395 278 24
359396 39625 24
359397 1370 2
359397 29162 12
359397 52034 8
359399 18773 12
359400 179896 12
359400 26968 8
359401 9336 24
359403 26968 8
359404 2517 24
359416 4389 24
359417 158495 24
359418 8143 24
359420 832 24
359421 61552 12
359422 57679 24
359424 73 12
359425 16502 24
359426 29050 24
359427 57558 24
359429 16502 24
359430 11763 12
359432 8591 24
359433 36497 24
359434 343229 24
359435 9039 24
359436 2037 24
359437 35222 24
359438 1067 24
359439 2037 24
351504 832 12
359441 147637 12
359447 25925 24
359447 25926 24
359448 30259 24
359449 46935 12
359450 144802 12
359451 42498 24
359452 25196 24
359453 89777 24
359457 16329 24
359459 60365 12
359460 25443 12
359461 1380 12
359461 47507 2
359462 41663 24
359463 43841 24
359464 457 22
359465 359466 24
359467 1261 12
359469 215356 24
359474 12405 24
359476 110176 24
359480 359481 24
359488 215098 24
359489 25523 24
359491 832 12
359491 39466 2
359492 3123 24
287354 31498 14
287354 167228 14
359493 655 12
359495 1313 22
359496 459 24
359500 1178 12
359500 4278 22
359502 3431 8
359504 33407 24
359507 39410 2
359507 71726 12
359508 6574 2
359511 73 12
359513 18773 12
359515 8143 24
359516 5508 12
359516 5508 2
359517 327319 24
359518 13455 19
359519 39103 12
359520 3130 14
359521 239865 12
359521 359522 14
359523 832 24
359528 227981 24
359529 43746 24
359530 59822 12
359531 154070 12
359533 284 24
359534 2744 24
359536 8617 22
359537 2784 24
359538 2768 12
359539 1319 12
359540 30860 2
359540 285 22
359540 36033 12
359541 361 24
359546 180867 14
359547 359548 24
359549 4732 24
359550 364 22
359550 19957 11
359550 2052 12
359550 25964 2
359550 359551 9
359550 37309 11
359550 25968 25
359550 141356 8
359550 182999 8
359554 19001 2
359554 16526 14
359554 364 14
359554 359551 9
359555 356 24
359556 30206 24
359558 359559 24
359561 2700 24
359564 69822 24
359565 359566 14
359567 819 24
359568 92735 24
359572 294584 24
359573 176570 24
359574 73946 24
359575 53212 24
359576 36496 24
359577 165663 24
359578 176777 24
359579 359580 24
359581 41640 24
359582 161417 24
359583 133860 24
359584 76528 24
359585 264069 24
359586 359587 24
359588 359589 24
359590 195235 24
359591 191570 24
359592 359593 24
359594 359595 24
359596 19277 24
359597 129448 24
359598 164787 24
359599 832 24
359600 252520 24
359605 6569 9
359605 359606 25
359607 1125 24
359612 39410 12
359614 53446 8
359615 219904 24
359617 30206 24
359618 3130 24
359619 69318 12
359619 15239 2
359620 6994 24
359621 5120 12
359622 105748 9
359623 53446 8
254481 129603 24
359628 54840 12
359629 19552 24
359630 56200 24
359634 1370 12
359634 365 22
359637 23567 14
359637 37436 12
359637 359638 14
359640 7229 8
359641 194962 11
279681 19886 24
359642 9902 14
359642 20844 12
359643 6259 24
359644 4985 24
359651 2494 24
359653 73294 24
359654 4454 12
359655 2037 24
359656 73294 24
359657 440 24
15759 52392 9
359659 2221 12
436 106599 9
436 106599 25
359666 359466 24
359667 156434 24
359668 110879 24
359669 359466 24
359670 22670 24
359686 285 24
359687 26968 8
359690 98133 24
359691 30203 12
359692 285 22
359692 48583 9
359694 39103 24
359695 98873 24
359696 119762 8
359706 3123 24
359707 25414 12
359710 40225 12
359713 25443 24
359714 10719 12
359719 357 12
359719 243929 8
359719 269980 8
359719 359720 8
359719 95641 8
359721 142534 8
242241 13454 12
359722 2745 24
359724 359083 24
359725 359083 24
359726 359083 24
359727 359083 24
359728 359083 24
359729 359083 24
359730 208758 24
359731 359732 24
359733 359734 12
359735 195709 24
359736 359083 24
359737 18786 24
359738 439 22
359739 141194 12
359740 25532 24
359741 1325 14
359742 77855 8
359743 10898 24
359744 135546 12
359746 2486 24
359747 12578 24
359749 2486 24
359750 192175 8
359751 5564 8
359752 1390 24
359753 37625 12
359754 10690 25
359754 268983 11
359758 93327 24
359759 30331 24
359760 7956 24
359762 241411 24
359764 2486 24
359765 2486 24
359766 2486 24
359767 470 24
359768 48768 24
359770 119393 2
359770 119394 8
359770 184155 12
359771 359772 24
359773 31987 24
359774 241411 24
359777 136683 24
359782 3123 24
359783 16882 24
359784 4732 24
273047 32343 12
273047 2494 2
359785 269274 24
359786 19544 24
359789 27104 8
359790 8019 12
359794 75413 12
359794 27104 8
359795 359796 24
359797 11857 9
359797 46944 14
359797 359798 11
359804 89779 24
359805 39412 24
359806 99843 2
359807 64929 24
359808 2784 22
359815 2486 24
359816 43553 24
359817 2486 24
359818 285 24
359819 359820 24
359821 3129 12
359821 3129 2
359823 52953 24
359824 113481 24
359825 8604 24
359826 2700 24
359827 2751 24
359828 72558 24
359830 7229 8
359831 2063 12
359832 49608 24
359833 359834 24
359835 440 24
359835 359083 24
359836 359083 24
359837 5508 12
359837 81 2
359843 13373 8
359847 359083 24
359848 156641 24
359850 43558 24
359851 3123 24
359853 832 12
359854 359855 24
359856 359857 24
359858 359859 24
359860 7363 22
359860 98838 12
359861 2486 24
359862 52796 24
359863 52796 24
359864 52796 24
359865 359083 24
359866 16502 24
359867 359083 24
359868 12585 24
359876 57608 24
359877 298377 24
359878 359879 24
359880 185029 24
359882 1634 14
359882 285 14
359884 65584 2
359885 457 14
359886 84155 2
359888 7477 8
359889 2471 2
359889 3072 8
359890 93495 24
359892 71064 24
359899 5303 24
359900 93668 24
359901 41314 12
359902 359903 24
359904 36525 24
359905 359906 24
359907 8904 9
359908 68017 12
359911 6994 12
359912 458 22
359912 79784 12
359913 13500 12
359914 226045 24
359915 295062 24
359916 27683 24
359920 118128 24
359922 64646 24
359923 359924 24
359925 12725 24
359926 12707 24
359927 26029 24
359928 359929 24
359930 2821 12
359933 20611 24
359934 2486 24
359935 2486 24
359936 196060 24
359937 458 22
359938 2486 24
359939 1313 22
359940 89778 24
359941 2486 24
359942 75445 24
359943 16502 24
359944 14403 24
359945 46640 12
359946 16878 24
359947 3987 24
359950 117823 24
359951 2771 24
15377 19279 12
359954 40237 24
359955 40237 24
359956 40237 24
359985 79955 24
359986 1830 8
359988 1911 24
359989 60020 12
359990 126902 24
359991 33908 12
359997 284 24
359998 116295 12
360000 54477 2
360003 3001 12
360004 114855 24
360005 33407 2
360005 122769 12
360006 34950 24
360007 3845 24
360008 308155 24
360009 58183 12
360010 1390 24
360011 2768 24
360012 289118 24
360013 57315 24
360016 57345 24
360017 57698 24
360018 39412 24
360020 89781 24
360021 30892 24
360022 22670 24
360023 21430 24
360024 285 22
360026 91218 12
360030 32951 12
360031 215098 12
360032 27104 8
360032 108907 12
360033 53088 24
360034 136683 24
252614 13454 12
252615 13454 12
360041 1313 24
360042 359083 24
360043 655 12
360044 359083 24
360045 359083 24
360046 11197 12
360046 360047 9
360048 359083 24
360049 359083 24
360051 2221 12
360052 2486 24
360054 2486 24
360055 198076 24
360061 224700 12
360062 43271 24
360063 165663 24
360065 929 8
360066 57920 24
360067 458 24
360068 78198 24
360069 57461 24
360070 57461 24
360071 57461 24
360072 57464 24
360073 43808 14
360074 57464 24
360075 57464 24
360076 57464 24
360077 2486 24
360078 2486 24
360079 2486 24
360080 11763 12
360081 2239 24
360082 1313 22
360082 15064 25
360083 3123 24
360084 110360 12
360084 313371 9
360085 12405 24
360086 39412 24
360087 338962 12
360088 39412 24
360090 197692 12
360090 4440 2
360094 53191 24
360095 123272 12
360096 360097 24
360098 210577 24
360099 6994 14
360100 8735 24
360101 210577 24
360102 210577 24
360103 5258 8
360103 72889 12
360104 210577 24
360107 256707 12
360108 38439 12
360110 206821 24
360111 4440 24
360112 18773 12
360113 69678 24
360114 69680 24
360115 69684 24
360116 69697 24
360117 68056 24
360118 79955 24
360119 86751 12
360120 360121 24
360126 11437 12
360127 57767 12
360127 27104 8
360128 360129 24
360130 360131 24
360133 3845 24
360134 45421 24
360135 64620 24
360136 3068 8
360136 5259 8
360136 3072 8
360137 360138 24
360139 539 24
360140 360141 24
360148 3123 24
312193 30744 12
360149 68875 12
360150 87976 24
360152 105452 24
360155 57677 24
360156 36176 24
360158 360159 24
360160 34952 24
360161 360162 19
360164 65915 24
360165 1411 24
360166 177488 24
360167 360168 24
360169 5256 8
360169 3068 8
360169 5259 8
360169 32825 8
360169 44276 8
360170 3123 24
360171 360172 24
360173 108711 24
360174 31987 24
360175 227610 12
360176 18835 24
360177 199228 24
360178 929 8
360179 57690 24
360182 347860 24
360184 22227 24
360185 7332 24
360187 3987 24
360188 440 24
360189 440 24
360192 333445 9
360194 57692 24
360195 57693 24
360196 265316 24
360197 57693 24
360198 57693 24
128635 360 22
128635 108468 24
360200 112058 24
360201 1771 24
360202 108810 24
360203 319900 24
360204 299454 24
360205 19051 2
360206 41659 24
360207 57430 24
360208 57693 24
360209 360210 24
360211 832 24
360212 470 24
360217 132793 12
360218 3845 24
360226 143974 12
360230 350791 24
360231 73 2
360232 27104 8
360234 25523 2
360235 103708 24
360236 73 12
360236 73 2
360237 832 12
360239 39412 24
360240 39412 24
360241 39412 24
360242 6335 24
360243 360244 24
360255 4440 24
360256 3987 24
360259 39412 24
360260 70771 24
360264 78612 12
360264 78612 14
360266 55054 12
360266 26968 8
360267 56682 24
360267 56842 2
360269 190612 24
360270 78741 24
330677 7975 24
360271 360272 9
360271 248027 12
360274 360275 24
360279 210577 24
360281 248797 24
360282 210577 24
360283 20663 2
360283 359518 27
360284 210577 24
269844 360285 24
360286 37625 2
360287 80222 24
360288 20593 24
360289 20593 24
360290 360291 24
360294 360295 24
360296 360295 24
360297 360298 24
360299 26572 22
360300 21981 24
360302 20593 24
360303 360304 14
360305 360306 24
360307 360308 24
360309 53446 8
360312 1757 12
300192 24722 24
360314 26494 24
360316 39103 24
360316 39103 2
360317 1760 24
360318 53446 8
360319 4164 24
360320 179388 24
360321 179388 24
360322 179388 24
360324 8604 24
360325 191131 24
360326 456 24
360327 18773 24
360328 280 24
360335 25290 24
360336 4732 24
360337 19001 24
360338 40237 24
360339 109667 24
360340 32318 12
360340 3993 9
360341 360342 24
360343 56005 24
360344 36176 24
360345 131260 24
360346 12587 24
360347 14203 12
360347 15445 2
360347 65804 14
360350 13454 2
122409 30206 24
360351 655 12
360352 360353 24
360354 198076 24
360355 25413 12
360355 8248 14
360356 3987 24
360357 118643 24
360358 3987 24
360359 52115 2
360360 1261 12
360361 1830 8
360363 89779 24
360364 2016 8
360364 2074 8
360365 4732 24
360366 360367 24
360368 11260 24
360368 2016 8
360368 2074 8
360368 187927 8
360368 2450 8
360369 272111 14
360370 178345 24
360371 360372 24
265377 655 12
360373 57616 24
360374 360375 9
360376 2700 24
360377 138508 2
360378 57450 24
360379 1125 2
360380 57668 24
360384 30264 24
360385 2471 12
360385 27104 8
360386 26592 22
360387 116162 24
360388 2481 24
360389 2017 8
360390 19547 12
360391 57400 24
360393 2480 9
360393 30775 12
360394 360395 24
360399 48008 12
360400 81 2
360401 121517 2
360402 356698 24
360403 360404 24
360405 360406 24
360407 59675 12
360407 59675 2
360408 360409 24
360410 74609 24
360411 56955 24
360412 79619 2
360412 100087 8
360413 23259 24
360414 360415 24
360416 5151 24
360417 15788 24
360418 61440 24
360420 13176 24
360421 47507 24
360422 3032 24
360423 68011 24
360424 655 14
360425 3136 8
360426 108982 9
360427 150070 24
360428 789 24
360429 229680 24
360430 61124 12
360431 86643 8
360432 1099 24
360433 12647 12
360433 12857 14
360434 12857 14
360434 105566 12
360435 2700 24
360438 50735 11
360439 197871 24
360440 41023 2
360441 5258 8
360441 5259 8
360442 46640 12
360443 5256 8
360443 5258 8
360443 20590 12
360443 26968 8
360444 3032 24
360445 100087 8
360446 149069 24
360447 360342 24
360448 360342 24
360449 360342 24
360450 360342 24
360451 360342 24
360452 360342 24
360453 360342 24
360454 360342 24
360455 360342 24
360456 98674 12
360457 360342 24
360458 271475 24
360459 360342 24
360460 360342 24
360461 360342 24
360462 360342 24
360463 360342 24
360464 360342 24
360465 9039 24
360466 34383 24
360467 26579 24
360468 7332 24
360471 69681 24
360473 33407 12
360474 72889 24
360475 832 24
360476 72889 24
360480 40900 24
360481 56840 12
360482 5457 24
360483 3987 24
360483 197918 24
360486 5457 24
360487 9039 24
360488 18828 2
360497 68079 24
360498 37637 24
360499 458 22
360500 119762 8
360500 175217 8
360501 655 24
360502 27571 12
360503 2765 24
360504 2745 22
360506 81969 12
360511 68079 24
360512 14256 8
360512 2494 14
360516 2792 24
360517 360518 24
360525 360526 24
360527 33252 14
360528 360529 24
360530 285 22
360531 6129 8
360531 26968 8
360532 336902 24
360534 30923 24
360535 1634 24
360536 360537 14
360538 2059 24
360541 307228 24
360542 150199 12
360544 61505 24
360545 2017 8
360551 67670 14
360551 69777 12
360552 7229 8
318280 162725 14
360556 78167 24
360557 148928 14
313536 109931 24
360560 655 14
360562 30949 24
360563 13500 12
360564 360565 24
360566 131375 12
360568 360569 24
360570 3843 24
360571 43847 12
360573 360569 24
360574 16502 24
360574 291774 24
360575 16502 24
360576 832 24
360577 207769 12
360577 207769 14
360578 94179 12
360578 94179 14
360579 116121 24
360580 16502 24
360581 16502 24
360581 277909 24
360582 5259 8
360582 41652 12
360583 16502 24
360584 57679 24
360585 57679 24
360586 16502 24
360586 274948 24
360587 40438 12
360588 832 24
360589 16502 24
360591 294586 24
360592 360593 24
360595 262617 12
360596 360342 24
360597 57680 24
360598 57680 24
360599 360342 24
360601 9855 24
360602 70494 24
360603 360604 24
360605 57548 24
360606 9855 24
360607 31192 24
360608 7624 12
360614 832 12
360614 2745 14
360614 250247 14
360615 41099 24
360627 8604 24
360634 94639 24
360635 94639 24
360636 19178 12
360638 57548 24
360639 360640 24
360641 293852 24
360642 108250 24
360643 3845 24
360644 2486 24
360645 8929 24
360646 360647 24
360648 93023 24
360649 2471 24
360651 2471 24
360652 72541 24
360653 360654 24
360655 278 24
360656 57396 24
360657 2486 24
360661 85533 24
360662 85533 24
360663 112503 24
360664 57558 24
360665 2486 24
360666 354132 24
360667 3012 24
360668 57558 24
360670 39356 24
360671 37774 12
360672 58267 24
360680 5554 24
360682 819 24
360684 457 24
360686 1067 24
351505 78975 2
351505 104931 12
360690 832 12
360690 40346 2
360691 360692 24
360693 115521 24
360695 47007 24
360696 33407 24
360700 6888 24
360701 440 24
360702 440 24
360703 360704 24
360705 192415 12
360706 245925 12
360707 141634 12
360708 93659 24
360709 440 24
360710 4672 24
360711 260271 8
360711 93659 24
360720 9039 24
360721 64603 24
360722 11260 12
360723 37992 12
360725 455 24
360726 25925 24
360726 170757 24
360730 1770 9
360730 50051 12
360731 4278 24
360732 360733 24
360734 6897 22
360741 56125 14
360744 13164 24
360745 360654 24
216069 8284 24
360746 4732 24
360747 9039 24
360748 11300 24
360749 51107 12
360750 360751 24
360752 52933 24
360753 4169 24
360754 19051 12
360755 10363 24
360756 340674 24
360757 360210 24
360759 5314 24
360760 64678 2
360761 112843 24
360763 1196 24
360764 32825 8
360764 3072 8
360765 11858 9
360766 2309 24
360767 105653 12
360768 73772 24
360772 43029 2
360773 188597 12
360773 188597 14
360776 51847 24
360778 324770 24
256834 41659 24
137387 143229 14
137387 1297 9
137387 360780 27
360781 70180 12
360781 360782 9
360784 14203 12
360784 1261 2
360785 178861 24
360786 80691 24
360787 241411 24
360788 98838 12
360791 360792 24
360794 2239 24
360795 2814 22
360796 2221 12
360797 1313 24
360798 161405 24
360801 4164 12
360804 360805 24
360807 19279 12
360807 19279 14
360809 25443 12
360810 283743 24
360813 360814 24
360815 25555 24
360816 4164 12
360819 459 24
360820 9357 8
360821 126855 12
360822 5508 24
360823 21430 24
360824 41099 24
360825 79322 24
360826 354031 24
360827 41099 24
360828 161602 24
360829 30799 24
360830 458 14
360830 458 22
360831 201655 24
360832 360833 24
360836 21981 14
360836 83135 12
360837 360838 24
360839 2309 24
360840 151301 24
360841 56118 24
360842 23259 24
360843 8236 24
360844 15249 12
360848 39998 24
360849 7975 24
360850 91742 24
360851 655 12
360852 40900 24
360858 84510 24
360859 164083 11
360860 360861 24
360867 6964 12
360868 3001 24
360869 1196 2
360869 4801 12
360871 134138 24
360873 9357 8
360874 105554 24
360875 832 24
360877 360878 24
360881 9039 12
360882 98899 24
360883 458 14
360883 458 22
360883 136111 9
360884 360885 24
360886 79778 24
360888 57548 24
360890 360891 24
360892 6574 12
360895 18786 24
360896 832 12
360897 2486 24
360898 69402 24
360899 19181 24
360900 11260 12
360901 92727 24
360902 92727 24
360903 92727 24
360904 92727 24
360905 92727 24
360906 92727 24
360907 92727 24
360908 92727 24
360909 92727 24
360910 92727 24
360913 92727 24
360914 92727 24
360915 92727 24
360916 92727 24
360917 92727 24
360918 1313 24
360919 92727 24
360920 52933 24
360921 89781 24
360922 92727 24
360923 92727 24
360924 92727 24
360925 92727 24
360926 93297 24
360927 11260 12
360928 360929 24
360930 10360 12
360933 360934 24
360935 2486 24
360936 18159 24
360937 360938 9
360937 5484 12
360937 5484 14
360937 8929 14
360939 360940 24
360942 360943 27
360944 360945 24
360946 59303 12
360949 196060 24
360952 3803 24
360955 9039 24
360956 56899 12
360957 130510 24
360961 2221 12
360962 2221 12
360963 9039 24
360964 260270 24
360964 260271 8
360965 1815 24
360966 8605 24
360967 40954 24
360968 41027 12
360969 40456 24
360985 272542 12
360986 24722 24
360987 70958 2
360988 57382 24
360989 15783 24
360990 57382 24
360991 57382 24
360992 26968 8
360993 57382 24
360994 57681 24
360995 57680 24
360996 81266 12
360997 57382 24
360998 57330 24
360999 57330 24
361004 832 2
361005 166761 24
361006 43553 24
361007 43553 24
361008 5314 24
361009 68479 24
361010 2309 2
361011 4164 24
361012 89776 24
361013 107118 9
361014 31873 24
361016 10701 12
361017 224252 24
361018 10351 24
361019 41670 24
361020 36749 24
361021 361022 27
361023 2059 24
361024 46159 24
361025 1911 24
361026 2627 9
361033 57548 24
361034 361035 8
361036 26968 8
361043 361044 24
361046 361047 24
361051 16691 8
361053 29279 12
361054 3970 8
361060 25443 12
361062 44401 8
361062 3069 8
361063 356 24
361064 12247 24
361065 181156 24
361066 7049 12
361067 32951 12
361070 83683 12
361071 207408 24
361072 3843 24
361074 34576 8
361074 118464 8
361075 458 22
361076 101028 12
361079 2821 12
361080 241411 24
361082 37000 2
14048 42578 2
361083 361084 24
361086 361087 24
361088 361089 24
361090 361091 24
361092 361093 24
361094 361095 24
361096 361097 24
361098 361099 24
361100 92660 2
361100 92660 14
361100 10690 9
361100 34878 12
361100 34878 14
361101 2221 12
361102 1792 24
361103 12405 24
361104 455 24
361105 2221 12
361112 356 24
361116 21789 22
361116 249861 12
361119 532 22
361121 356 24
361122 16502 24
361124 196695 24
361125 459 24
361127 361128 24
361131 57381 24
361134 361135 24
361136 135209 24
361137 57381 24
361138 3987 24
361139 39474 24
361140 361141 24
361142 3123 24
361143 3123 24
361144 59311 2
361145 232177 24
91465 35405 12
91465 285 22
361146 98629 9
361147 655 12
361148 36393 24
361149 31068 12
361150 41024 24
361153 37638 24
361154 74082 12
361154 655 2
361157 1760 24
361158 3123 24
361159 1634 24
361160 30206 24
361167 5151 24
361172 92438 24
361173 46199 24
361174 361175 24
361176 41670 24
361177 70180 24
361178 350296 24
361179 7332 24
165451 13500 12
361182 2011 24
361183 440 24
361184 57258 2
361185 1634 24
361190 48674 24
361191 98838 12
361192 331271 24
361193 6897 24
361194 1675 12
361199 46589 12
361200 55320 24
361205 142296 24
361206 361207 24
361208 39106 24
361209 361210 24
361211 361212 24
361213 361214 24
361215 361216 24
361217 361218 24
361219 324304 24
361220 318997 24
361222 361223 12
361224 127648 24
361225 64443 24
361226 79778 24
361227 9357 8
361229 2481 24
361230 82369 24
361233 35222 24
361238 361239 24
361243 64680 24
361244 361245 12
361246 361247 24
361248 15644 24
361249 13454 24
361250 26495 24
361252 361253 24
231288 7229 8
361254 99505 12
361254 22224 27
361255 361256 24
361258 9039 24
361259 361260 24
361261 262202 24
361266 13454 2
361266 361267 24
361271 289244 24
361272 9039 24
361273 361274 24
361275 361276 24
361277 361278 24
361279 361280 24
361281 361282 24
361283 361284 24
361285 361286 24
361287 361288 24
361289 6897 24
361290 361291 24
361292 361293 24
361294 12405 24
361295 9039 24
361296 832 24
361299 361300 14
361302 75445 24
361303 75445 24
361304 75445 24
361305 75445 24
361306 75445 24
361307 2486 24
361309 283858 24
361313 21987 12
361319 3123 24
361320 22224 27
361321 3123 24
361328 3123 24
212649 37288 27
212649 93473 14
223098 79665 24
361336 3123 24
114492 284 22
361345 356 24
361346 30744 24
361350 52403 24
361351 151940 24
361352 361353 24
361354 16120 24
361355 356 24
361356 362 14
361356 148002 14
361357 356 24
361361 7953 24
361362 26968 8
361371 64570 12
361372 9336 24
361373 361374 24
361375 31987 24
361376 70224 24
361377 361378 9
361381 66625 24
361382 30264 24
361383 91766 9
361384 361374 24
361385 30264 24
361386 51167 14
361386 243079 14
361386 3130 14
361387 30264 24
361388 192415 12
361389 1125 24
361391 79784 24
361392 361374 24
319550 100376 12
361397 361398 24
361399 3123 24
361400 33992 24
361401 3123 24
361403 653 24
361406 7049 24
361407 105739 24
361408 4241 8
361409 4241 8
361410 4241 8
361411 19002 2
361411 26968 8
361412 361413 24
361416 78644 24
361417 2309 2
361417 26968 8
361418 3831 12
361419 16133 12
361420 74711 12
361421 165455 14
361421 3130 14
361422 13990 8
361423 121984 24
361424 149069 24
361425 121984 24
361426 121984 24
361427 149069 24
361428 2017 8
361429 1065 24
361433 121984 24
361434 61387 24
361435 121984 24
361436 27683 14
361436 34878 12
361436 34878 2
361436 34878 14
361436 74368 9
361437 24630 22
361438 27683 14
361438 57258 2
361438 57293 14
361438 74368 9
361439 71878 24
361440 4278 22
361441 147048 12
361443 18773 12
361444 36372 24
361445 19293 24
361448 36372 24
361449 29825 2
361450 78462 24
361451 36372 24
361452 11042 9
361453 68481 24
361454 56659 12
361454 42512 2
361455 2700 24
361456 2700 24
361458 6982 24
361459 1196 12
361460 3992 12
361460 3431 8
361473 134442 24
361474 42574 24
361475 12578 24
361485 279 22
361485 37625 12
361486 5259 8
361486 39410 2
361487 16479 24
361488 35405 24
361491 84835 12
361491 22224 27
361492 69585 24
361493 361494 24
361495 69192 24
361496 179664 24
361497 234188 24
361498 7332 24
361499 40900 24
361500 19886 24
361501 31589 24
361503 44305 24
361504 75445 24
361510 356 24
361511 73947 24
361512 361513 24
361514 73947 24
361515 361516 24
361517 6129 8
361520 361521 24
361522 458 22
361522 6570 9
361523 361524 24
361525 42148 24
361526 25131 24
361527 137268 24
361528 2481 24
189490 1288 24
361530 12247 24
361538 70549 24
354058 284 24
284171 25523 12
284171 110404 14
361539 52113 24
361542 358644 24
361544 14212 24
361545 361546 24
361547 3123 24
361548 361549 24
361551 1178 2
361551 4278 22
361551 361552 9
361553 3123 24
361554 246643 24
361555 36372 24
361556 292329 24
361557 4733 12
361562 88560 24
361563 88560 24
361564 361565 24
93351 1313 22
93351 31960 24
93351 4076 2
361567 52113 24
361570 92723 24
361571 92723 24
361572 52372 12
361573 92738 24
361574 92724 24
361575 92747 24
361576 92732 24
361577 361578 24
361579 92727 24
361580 92740 24
361581 92740 24
361582 92740 24
361583 89781 24
361584 92734 24
361586 92734 24
361587 15357 12
361588 2592 24
361594 107468 24
361595 425 24
361596 361597 24
361598 279274 24
361599 279 22
361600 36372 24
361601 361602 24
361603 361602 24
361604 7973 24
361605 109704 8
361606 14257 14
361606 39627 12
361607 361602 24
361616 6335 24
361617 36372 24
361618 109704 8
361619 7458 24
361620 331271 14
361621 12176 12
361624 819 14
361624 3843 14
361624 7158 14
361625 26968 8
361625 32825 8
361626 66954 24
361627 136559 24
361628 25131 12
361629 95502 24
361630 36004 24
361631 209994 24
361632 94617 24
361633 143777 24
361635 27683 14
361635 57260 14
361636 143777 24
361639 439 22
361639 1196 12
361642 73 12
361643 819 24
361645 65705 14
361646 64621 12
361648 30206 24
361649 27683 14
361649 1763 9
361649 57260 14
361650 361651 24
361652 12672 24
361653 36372 24
361656 150784 24
361657 1099 24
361658 42498 2
361659 5508 24
361660 2231 12
361663 7653 2
361665 1760 2
361665 22224 27
361669 297107 24
361671 4454 12
361672 163476 24
361673 69103 24
361678 67810 24
361679 75413 24
361680 30206 24
361681 261820 14
361682 97204 25
361684 3987 24
361685 18773 24
361686 34862 24
361686 832 2
361689 27683 14
361689 34878 2
361689 34878 14
361689 74368 9
361690 2519 24
361691 39411 24
361697 282 24
361698 31873 24
361699 57350 24
361700 143777 24
361701 61159 24
361702 533 12
361702 534 14
361702 534 22
361702 30703 14
361702 34585 9
361703 361704 24
361705 19899 24
361706 361707 12
361706 361707 14
361708 361709 24
361715 42962 24
361716 361717 24
361718 361719 12
361718 361719 14
361721 7953 24
361722 3001 2
361722 19567 12
361724 57362 24
361725 91742 24
361726 361727 24
361728 8929 24
361729 7049 24
361731 41670 24
361735 57327 2
361735 67197 12
361736 819 24
361737 16502 24
361738 92660 2
361738 63688 12
361739 56700 24
361740 6795 24
361741 16502 24
361742 173261 9
361743 21553 24
361744 21553 24
361745 5314 24
361746 9039 24
361747 165049 24
361748 42594 12
361749 115621 24
237112 6982 12
361750 19002 2
361750 69724 12
361752 52372 24
361753 57564 24
361754 57697 24
361755 57697 24
361756 361757 24
361758 34853 12
361763 57697 24
361764 3123 24
361765 57697 24
361766 9039 24
361767 57697 24
361768 11763 2
361768 361769 24
361770 1313 22
361774 3123 24
361775 361776 24
361778 268752 24
271960 136683 24
361779 361780 24
361781 25965 14
361782 361780 24
361784 440 24
361787 280 24
361789 20663 24
361790 361791 24
361792 43738 11
361794 25443 12
361795 459 24
361797 1390 22
361798 153984 24
361799 57697 24
361800 57697 24
361804 1125 24
361805 4657 24
361806 20663 24
361807 36176 24
361808 52372 24
361814 57697 24
361815 2514 2
361815 61111 12
361816 27152 24
361817 57697 24
361818 9039 12
361819 57697 24
361820 2774 22
361821 130634 8
361821 260889 8
361824 327791 24
361825 361826 24
361827 21203 24
361828 361 22
361828 361829 2
361830 150070 24
361831 361832 12
361836 2700 24
361839 19051 12
361839 19051 2
361840 43886 12
361842 42962 14
361842 247567 12
361846 253583 12
361847 69618 24
361848 69431 24
361849 42578 2
361849 123233 24
361849 260271 8
361856 303180 24
361857 1313 24
361858 3431 8
361863 27680 27
361863 27681 27
361864 13454 24
361867 361868 24
361869 97483 8
194951 2821 12
361871 37992 24
361872 2205 12
361873 9039 24
361875 201470 24
361876 43553 24
361885 55171 12
361885 55171 14
361886 458 22
361887 16502 24
361893 36646 8
361894 92842 24
361895 357 12
361896 12070 24
361897 3431 8
361899 2223 12
361899 13348 2
361901 81 24
361902 459 24
361903 3431 8
361904 3431 8
361905 3431 8
361909 56125 14
361910 237312 24
361911 3431 8
361917 2627 9
361918 3123 24
361923 186325 12
361924 3431 8
361927 86441 24
361929 206957 24
361931 457 22
361932 206957 24
361933 34389 24
361934 90193 24
361935 361936 24
361937 2821 12
361953 84276 24
361954 19688 24
130888 539 12
361955 361956 24
361957 339556 24
361958 168258 24
361959 61232 24
361960 361961 24
361962 361963 24
361965 165049 24
361968 361963 24
361969 206957 24
361974 126638 24
361975 27131 24
361976 131169 24
361979 126638 24
361980 361981 24
361982 197723 24
361983 197723 24
361984 113169 24
361985 53328 24
361986 361936 24
361987 1045 9
361988 832 12
361988 458 22
361990 30611 12
361991 66559 24
361992 94639 24
361993 94639 24
361998 94639 24
361999 120717 24
362000 155494 24
362002 44401 8
362002 99393 8
362004 69490 12
362005 22670 24
362009 16526 2
362009 364 22
362011 21570 24
362015 98133 12
362016 25851 24
362021 58103 24
362023 160238 24
362024 16319 12
362024 13454 2
362025 362026 24
362028 362029 24
362036 57488 24
362038 27132 12
362039 360 22
362041 11953 24
362042 19886 24
362043 36863 24
362044 362045 12
362046 9039 24
362047 458 22
362047 6569 25
362047 127298 9
362048 112543 24
362049 37637 24
362050 37637 24
362051 362052 24
362061 56856 24
362062 51847 24
362063 8892 12
362064 9855 24
362067 73 2
362067 30949 12
362068 284 24
362072 362073 24
362076 57876 24
191657 2702 24
362078 41139 24
362080 51167 24
92853 89777 24
362083 219684 24
362085 5259 8
362085 43029 12
362086 94630 24
362087 310466 24
362089 201208 24
362090 48678 24
362091 11831 9
362092 362093 24
362094 59474 12
362094 69117 2
362096 252003 24
287355 167228 14
362099 361 14
362099 19567 14
362099 144832 12
362100 362101 24
362106 30206 24
362108 57548 24
362109 57548 24
362110 93095 24
362113 288026 24
362116 70140 24
362117 458 22
362118 241411 24
362119 458 22
362121 5508 24
362122 458 22
362123 36646 8
79203 206011 8
79203 2016 8
79203 315993 8
79203 362125 8
79203 331400 8
79203 362126 8
362127 4732 24
362129 54409 12
362129 70758 2
362129 27104 8
362130 29795 12
362131 18773 24
362132 4392 24
362133 4732 24
362135 40042 24
362136 439 22
362136 1196 2
362136 221514 24
362137 129547 12
362138 40042 24
362139 362140 24
362141 50051 24
362142 8284 24
362143 40042 24
362144 362140 24
362145 440 24
362146 362147 12
279618 440 24
362148 70356 24
362149 440 24
362150 362140 24
362151 16197 12
362154 26494 24
362155 43553 24
362157 362158 24
362163 362164 24
362165 4732 24
362166 1482 8
362167 4066 24
362168 14244 12
362169 84846 8
362169 362170 12
362171 67745 12
362172 789 2
362173 57663 24
362174 57616 24
362175 14212 24
362176 6795 24
362177 153189 9
134024 16526 24
362178 1261 24
362179 353145 24
362180 92789 24
362181 6574 2
362181 61907 24
362182 133828 24
362186 832 12
362187 68945 2
362187 115346 8
362187 362188 8
362193 1196 2
362193 5578 24
362195 348304 12
362198 26494 24
362199 26968 8
362200 10465 24
362202 455 24
362203 52206 24
362204 52343 12
362204 175279 14
362206 52182 24
362210 22417 24
362211 9039 24
362212 64596 24
362218 26494 24
362219 12405 24
362220 12405 24
362221 4732 24
362222 9039 24
29641 1771 12
362223 25443 12
362223 25443 2
362227 362228 24
362229 362230 24
362231 362232 24
362236 362237 24
362238 65255 14
362239 60402 12
362240 362241 9
362242 70219 2
362243 8929 24
362244 42077 25
362246 12487 14
362246 55242 14
362250 1045 25
362250 45512 12
362251 129585 24
362252 362253 24
362254 16873 14
362254 8540 14
362254 15650 2
362258 4278 24
362259 18147 24
362260 51544 24
362261 52372 24
362262 362263 24
362264 22562 14
362264 69046 12
362265 22417 24
362266 14212 24
362267 2221 12
362267 7363 22
362268 6795 24
362269 57726 24
362271 6481 24
362272 302838 8
362273 14203 24
362273 327155 24
362279 1675 12
362279 362280 8
362279 11447 8
362281 153166 24
362282 16526 24
362283 5484 24
362284 3207 22
362290 1356 24
362291 238780 24
362292 29811 24
362294 362295 24
362297 832 12
362298 30206 24
362301 40900 24
362302 2746 24
362303 1323 24
362305 9039 24
362309 3831 12
362309 36176 2
362310 32907 12
362312 238275 24
362313 18786 24
362319 96269 12
362320 18786 24
362321 18786 24
362322 45512 12
362323 533 24
362324 40237 24
362325 362326 24
362327 57512 24
362328 202059 24
362330 72496 2
362331 31068 12
362332 2808 24
362335 188916 24
362336 2309 2
362336 26968 8
362337 362338 24
362341 70717 24
362342 89776 24
362343 95841 24
362344 2017 8
362345 300930 24
362346 5509 14
362346 8019 14
362346 62615 12
362347 28268 2
362347 31611 8
362348 2017 8
362349 655 2
362350 11857 9
362350 59951 12
362350 133184 25
362350 281506 11
362351 102258 24
362354 362355 2
362356 123293 12
362357 438 24
204299 4936 12
204299 458 22
204299 1770 25
204299 362360 11
362362 362363 24
362364 300140 24
362365 300140 24
362366 2309 24
362367 300140 24
362368 2486 24
362368 291395 24
362369 57407 24
362370 7492 12
362374 2486 24
362380 154640 24
362381 57408 24
362382 51544 24
362384 832 24
362390 3123 24
362391 36539 24
362395 30206 24
362396 5256 8
362396 3068 8
362396 5259 8
362396 5260 8
362396 10694 8
362400 25925 24
362401 12585 24
362404 16502 24
362407 73947 24
362407 263864 24
362408 31589 24
362409 5314 24
362410 2309 12
362412 57548 24
362413 7363 22
362413 98838 12
362414 44585 24
362415 51544 24
362416 57564 24
362417 57564 24
362418 57565 24
362421 5256 8
362421 3068 8
362421 5259 8
362421 5260 8
362421 10694 8
362422 8143 24
362426 275959 24
362427 10360 12
362428 302838 8
362429 2821 12
362431 362432 24
362433 19293 24
362434 211636 24
362435 43841 24
362436 269573 24
362437 70829 24
362438 40237 24
362439 208758 24
362440 68479 24
362441 2239 24
362442 2239 24
362443 55406 12
362444 73947 24
362445 25237 24
362446 31987 24
362447 25237 24
362448 25237 24
362450 25237 24
362451 25237 24
362452 25237 24
362454 60231 2
362462 221993 24
362463 25976 14
362463 5121 14
362464 207867 24
362465 5303 14
362465 77263 12
362466 12647 12
362466 1482 8
362468 362469 24
119369 75416 12
362470 1370 12
362471 1911 24
362474 362475 24
362476 27110 12
362479 16889 9
362483 40237 24
362485 320601 24
362486 13454 24
362487 1196 12
362488 278 22
362488 145078 12
362490 31987 24
362494 2519 24
362499 7482 24
362500 362501 27
362500 107586 14
362502 2016 8
362503 3123 24
362504 279041 24
362505 3123 24
362506 64612 12
362506 352701 8
362507 3123 24
362508 2052 14
362509 362510 24
362512 4389 24
362513 2309 12
362513 39474 2
362514 64594 24
362515 57564 24
362516 57564 24
362517 362518 24
362520 68481 24
362521 57564 24
362522 1098 2
362522 31767 11
362522 32325 25
362522 11831 9
362523 57564 24
362524 26968 8
362524 655 12
362525 1634 2
362526 832 12
362530 70257 24
362532 5578 24
362533 64603 24
362534 43553 24
362535 25443 12
362536 59648 24
362537 27165 9
362538 57400 24
362539 3207 22
362540 57681 24
362542 25523 12
362542 655 2
362543 2570 12
362544 5151 24
362545 46944 24
362546 362547 24
362550 68521 24
362556 1911 24
362557 57400 24
362558 215098 24
362560 57400 24
362561 12580 12
362562 334444 24
362563 66434 24
362564 66583 24
362565 2011 12
362565 2011 2
362566 57465 24
362567 362568 24
362569 57465 24
362570 3845 12
362571 57466 24
362572 66586 24
362573 57400 24
362574 216685 24
362575 362576 24
362577 57400 24
362578 57400 24
362579 1389 24
362580 57400 24
362581 278 24
362582 92745 24
362583 1389 24
362584 104122 24
362585 66494 12
362586 13908 24
362587 9855 24
362588 13164 24
362589 832 2
362589 2000 8
362589 3069 8
362595 30775 24
362596 1830 8
362597 281898 14
362609 37637 24
362610 3123 24
362611 159985 24
362612 101145 24
362612 165970 24
362613 69459 2
362614 68479 24
362614 72655 24
362615 80727 24
362617 3987 24
362621 3068 8
362621 2309 12
362621 73 2
362621 6484 8
362622 73772 12
362623 278522 12
362625 360395 24
362626 231525 24
362627 360395 24
362628 63207 24
362629 64712 24
362630 70099 24
362631 360395 24
362632 360395 24
362633 84655 24
362634 360395 24
362635 360395 24
362636 360395 24
362637 360395 24
362638 360395 24
362641 362642 24
362643 122409 14
362644 67480 24
362647 207867 24
362648 122895 24
362649 20886 14
362649 5151 14
362651 144610 12
362652 10634 12
362653 4389 14
362653 360 14
362653 4384 14
362653 362654 14
362659 290289 12
362660 25443 12
362660 48768 14
362661 281056 24
362662 281056 24
362663 53446 8
362664 19498 24
362665 39889 9
362676 5256 8
362676 5562 8
362676 5563 8
362676 10694 8
362677 362678 24
362679 85602 24
362680 300380 24
362681 56708 12
362681 362682 8
362683 70745 24
362684 39184 12
362685 317783 24
362687 1313 14
362687 35222 14
362687 126515 14
362688 362682 8
174386 15650 24
362696 33724 8
362697 37161 24
362698 30206 24
362699 114079 24
362700 4076 12
362701 263150 24
362702 9039 24
362703 31589 24
362704 97483 8
362712 9039 24
362716 69841 12
362717 2480 9
362717 2480 25
362718 232800 9
362720 47520 12
362721 440 24
362722 440 24
362723 2765 24
362725 89780 24
362726 5256 8
362726 5258 8
362726 10262 12
362728 819 14
362728 362729 9
362730 62654 24
362731 3068 8
362731 5563 8
362731 109068 8
362731 5261 8
362731 41790 8
362732 1911 24
362733 5303 12
362734 362735 24
362736 33407 24
362739 5457 26
362740 292961 24
362747 3977 12
362748 18786 24
362750 23567 12
362752 1196 12
362753 12857 24
362754 75492 24
362755 36646 8
362756 1081 14
362757 53268 24
121318 539 12
121318 38273 9
121318 11857 25
121318 166371 14
362761 43271 24
362762 189302 12
362765 6151 12
362766 2471 2
362766 25523 12
362766 233784 25
362766 2447 9
362767 12856 14
362767 12856 22
362767 121984 14
362768 72550 12
362769 5508 12
362769 5258 8
362769 5259 8
362769 5260 8
362769 27104 8
362769 10694 8
362770 57338 24
362773 78617 12
362774 40456 24
362775 74285 12
362777 2471 12
362778 150523 24
362779 2309 12
362781 4732 24
362782 4732 24
362789 18786 24
362790 110987 24
362791 77578 24
362792 329144 24
362793 1655 24
362795 362796 24
362799 16197 24
362807 19181 24
362808 73 24
362810 18273 24
362811 162536 12
362812 93495 24
362814 2821 12
362815 40968 24
362816 21570 24
362817 362818 24
362819 314111 11
362820 3845 12
349066 362821 24
362822 362821 24
362823 10913 12
362824 356 24
362825 5508 24
362826 5258 8
362826 5259 8
362826 32825 8
362826 362827 8
362828 356 24
362829 362821 24
362830 1313 22
362830 832 24
362831 207867 24
362834 156640 12
362861 144728 24
362862 86987 24
362863 40456 24
362864 6569 9
362864 362865 14
362866 69751 24
362868 69583 24
362869 1634 24
362870 8284 12
362871 532 24
362873 2771 24
362874 4985 24
362877 438 24
362878 832 12
362879 229838 24
362880 362881 24
362882 43558 12
362883 2052 2
362887 655 12
362892 2471 24
362893 655 24
362894 43029 24
362895 112428 24
362896 2745 24
362897 206957 24
362898 261485 24
362920 60838 12
362920 60838 14
362921 31589 24
362922 70747 24
362927 78199 24
362928 819 14
362928 23562 12
362930 57471 24
362931 144455 9
362932 106599 9
362935 362936 24
362938 362939 24
362940 440 24
362941 29223 24
362942 362943 24
362944 362939 24
362947 52372 24
362950 3847 2
362951 362939 24
362952 281099 24
362954 2486 24
362955 2017 8
362956 25925 24
280657 832 24
362958 3992 12
362959 13500 24
362960 356 24
362961 1830 8
362962 41652 12
362963 1634 2
362963 55321 12
362965 9039 24
362968 1015 12
362969 7229 8
362971 7229 8
362973 22562 24
362976 11858 9
362979 2795 24
362980 6574 2
362982 9039 24
362984 61302 24
362988 285 22
362996 34254 12
362997 9039 24
362998 18286 24
362999 7229 8
363002 7332 24
363003 3207 22
363003 166291 12
363003 3845 2
363010 34254 12
363011 285 24
363014 2820 24
363017 1370 24
363018 3843 24
363022 29223 24
111708 539 24
363023 78263 24
107075 832 2
107075 18773 12
363025 53254 24
363026 30206 24
363027 54979 24
363028 55638 24
363029 78573 24
363033 66037 24
363034 30206 24
363037 57736 12
363037 57736 14
363038 73 12
363038 73 2
213932 3068 8
213932 5259 8
213932 57194 2
213932 44401 8
213932 5260 8
213932 10694 8
213932 194545 8
213932 5261 8
363039 316617 24
363040 362821 24
363055 360 22
363055 160954 9
312384 16800 12
363056 1830 8
363057 363058 24
362666 1015 12
362666 39889 9
362666 363060 11
363061 363058 24
363062 4985 12
363063 459 24
363068 69203 24
363069 19002 12
363071 12849 9
363072 206144 24
363073 16526 24
102752 458 14
102752 1771 12
102752 1771 2
102752 120205 11
102752 105952 8
102752 36835 8
363083 16526 24
283497 2471 12
363088 458 22
363093 97483 8
363094 40456 24
363095 99855 8
363096 1830 8
363097 11260 12
363098 30892 24
363104 119762 8
363108 363109 24
363110 8604 24
363111 160189 24
363112 119762 8
363113 9039 24
260108 279 24
363114 255119 24
363115 363116 24
363117 40331 12
363117 40331 2
363117 97483 8
363118 363119 24
363120 18786 24
363121 38722 12
363122 7595 24
363123 181820 24
363124 9039 24
363127 458 22
363128 3987 24
363130 22044 24
363131 458 22
363132 546 24
363133 64648 12
363133 64648 2
363137 46640 2
363139 832 2
363139 45512 12
363140 104931 12
363141 363142 24
363143 60863 12
363146 319793 24
363151 7645 8
363152 193 24
363156 15445 12
363157 105565 24
72820 36749 12
363158 458 24
363159 53246 24
363161 53212 24
363162 832 12
363163 30744 24
363164 31991 24
363165 1830 8
363166 16771 24
363167 3123 24
363168 120513 24
363169 193 24
363170 3207 22
363170 280678 2
363171 68479 24
363176 15797 22
363176 15798 12
363177 4732 24
363178 4732 24
363179 4732 24
363181 4882 24
363192 132777 9
363193 58196 24
363194 1196 24
363197 9336 24
363198 308312 24
363199 361 22
363202 29781 8
363203 3069 8
363204 363205 24
363206 2631 24
363207 4278 24
363212 73 2
363212 67258 12
363213 363214 24
363221 64710 12
363221 69527 2
363222 363223 24
363230 78164 12
363230 48304 2
363231 170283 8
363237 360 22
363237 11272 12
363238 120980 12
363239 354336 24
363242 9902 2
363243 78478 12
363244 363245 24
363246 57475 24
363247 57377 24
363248 347851 24
363249 57343 24
363250 8284 24
363251 40900 24
363252 4732 22
363253 16530 24
363255 117854 9
363256 108751 24
363257 363258 2
363259 18786 24
363260 822 9
363262 20592 24
363268 43728 24
363268 186098 24
363269 73947 24
363273 40237 24
363274 12585 24
363275 12578 24
363276 75445 24
363276 206234 24
363277 75445 24
363277 223152 24
363278 363279 24
363284 73947 24
363285 31987 24
363286 285955 24
363287 33457 12
363288 43553 24
363289 162666 24
363290 3123 26
363290 51154 12
363291 37553 24
363292 2486 24
363293 69841 12
363294 5508 12
363295 56773 24
363300 16879 12
363302 458 22
296786 832 24
296786 363303 24
363304 832 12
363307 16341 24
363310 107496 12
363311 458 22
363313 11260 12
363314 12405 24
363318 73 2
363318 62541 12
363320 68481 24
363322 8519 22
363328 57331 24
363329 75490 24
363341 8284 24
363342 1482 8
363343 12585 24
363344 144832 24
363344 1482 8
363345 52953 24
363346 2745 22
363347 33407 24
363349 1757 24
363350 27132 12
363351 156445 24
363352 41652 24
363353 280 24
363354 1830 8
363356 304858 24
363358 30923 12
363359 5508 24
363360 161517 12
363361 5508 2
363361 364 22
363365 66479 12
363369 35222 24
363370 1125 24
363371 219904 24
363372 2770 24
363373 31873 24
363376 162666 24
363377 1370 24
363378 57350 24
363379 8237 24
363383 7332 24
363384 57362 24
363385 57380 24
363386 23562 12
363387 57380 24
363393 39212 12
363394 58131 24
363398 65539 12
363399 2729 24
363401 119189 24
363402 36176 12
363403 363404 24
363405 119189 24
363406 119189 24
363407 61201 24
363408 102297 12
363408 26968 8
363409 119189 24
363410 119189 24
363411 119189 24
363412 363413 24
363415 41024 12
363416 67435 12
363417 2821 12
363419 32307 24
363420 58216 24
363421 35222 24
363422 363214 24
363423 363214 24
363424 33724 8
363424 154020 8
363425 7458 2
363426 363214 24
363427 363214 24
363428 2017 8
363428 3431 8
363428 363429 8
363428 27126 8
363431 363214 24
363432 1370 24
363433 146864 24
363434 26968 8
363435 3207 22
363436 145393 24
363437 7443 12
363438 8737 9
363438 110066 14
363443 30892 24
363446 169388 24
363447 83561 24
363448 2700 14
363448 13500 12
363451 24000 24
363452 68011 12
363453 356 24
363457 44440 2
363457 69266 12
363461 19051 24
363464 119762 8
363465 73772 12
363475 119189 24
363476 119189 24
363477 71405 12
363478 16319 12
363479 81 2
363479 24635 12
363482 1196 2
363483 363484 24
363485 363486 24
363487 92660 24
363488 119762 8
363488 34580 8
363490 543 24
363491 266719 24
363496 81 12
363497 169388 24
363560 58744 24
363561 119762 8
363562 222720 24
363563 9039 12
363563 9039 2
363564 57331 24
363565 2309 2
363566 57343 24
363567 57348 24
363568 8237 24
363569 45380 24
363570 8237 24
363571 45380 24
363572 57367 24
363573 17390 24
363574 109704 8
363575 17390 24
363576 40236 24
363577 231081 12
363578 198076 24
363579 363580 24
363581 57477 24
363582 57479 24
363583 363580 24
363586 363580 24
363588 363580 24
363589 440 24
363590 440 24
363591 363580 24
363592 70412 24
363593 363580 24
217591 832 12
363594 363595 24
363596 8237 24
363597 8237 24
363598 8237 24
363599 8237 24
363600 8604 24
363601 119189 24
363602 260515 24
363603 8605 24
363606 280759 24
363607 57358 24
363610 363580 24
363612 363580 24
363613 44130 24
363614 363580 24
363615 12585 24
363616 30744 24
363617 363580 24
363618 30744 24
363619 21981 24
95211 1196 12
363620 57450 24
363621 57450 24
363622 57472 24
363623 16502 24
363624 57473 24
363625 363626 24
363627 29795 24
363629 57483 24
363632 193 24
363634 2309 12
363635 13649 12
363638 655 12
363645 61078 2
363645 655 12
363646 457 24
363647 31873 24
363665 11305 24
363668 9225 8
363668 39474 2
363668 9226 8
363668 11862 8
363669 3845 12
363671 131676 24
363672 832 2
363674 57473 24
363675 57482 24
363676 57482 24
363677 57349 24
363678 57349 24
363679 18694 12
363679 73 2
363680 1865 8
363695 57302 24
363696 68514 12
363697 439 22
363697 11867 9
363698 2633 9
363698 363699 25
363700 146864 24
363702 312684 24
363703 146864 24
363704 129616 24
363705 458 14
363706 278 24
363708 131468 12
363709 41024 2
363710 100174 8
363711 363712 24
363720 7975 24
228553 7595 24
363724 5508 24
363726 455 24
363727 1634 12
363729 929 8
363729 655 2
363735 222787 14
363736 3987 24
363737 7332 24
363738 3251 9
363738 1046 8
363738 363739 25
363740 33724 8
363740 120424 8
363741 11857 9
363741 6034 25
363741 1046 8
363741 197417 14
363741 195384 11
363742 8604 24
363743 80315 14
363744 52182 24
363745 143801 9
363746 832 2
363749 1067 22
363749 145571 9
363750 363751 24
363755 216611 24
363757 43841 24
363758 126185 12
363758 152418 9
363761 68541 24
363762 6795 24
363763 363764 24
363765 44440 24
363766 57589 24
363767 57528 24
363768 40954 24
363769 16526 24
363770 60101 24
363771 832 12
363772 36176 24
363773 36176 24
363775 36176 24
363776 2700 24
363777 363778 24
363779 1815 24
363781 89079 24
363782 119293 24
363783 31987 24
363784 3272 14
363784 12487 14
363784 23324 12
363784 121348 9
363786 27571 12
363787 32343 24
363788 335417 24
363789 5256 8
363789 5258 8
363789 5259 8
363789 26968 8
363789 6566 8
363790 36176 24
363791 36089 2
363792 36176 24
363794 1370 24
363795 36176 24
363801 36176 24
363802 11721 12
363803 40330 12
363804 57394 24
363805 55319 24
363807 57726 24
363809 29795 24
363810 11950 24
363810 57616 24
363811 230575 24
363812 57669 24
363813 2370 8
363829 14212 24
363830 14212 24
363831 57634 24
363832 208758 24
363833 439 14
363833 3032 14
363833 363834 12
172479 2821 12
363836 27567 24
363837 363838 24
363839 1634 12
363842 655 12
363843 363844 24
363846 31873 24
363847 16903 24
363848 51775 9
363849 27683 14
363849 34878 12
363849 34878 14
363849 73 2
363849 73 14
363849 74368 9
363850 27683 14
363850 57293 14
363850 156040 9
363851 1675 12
363852 27683 14
363852 34878 12
363852 34878 2
363852 34878 14
363852 74368 9
363853 27683 14
363853 40953 2
363853 40953 14
363853 156040 9
363854 3123 24
363858 27683 14
363858 52345 2
363858 34878 12
363858 34878 14
363858 57292 14
363858 74368 9
363859 10039 12
363859 1114 9
363860 4076 14
363861 5256 8
363861 2221 12
363861 5258 8
363861 5259 8
363861 26968 8
363862 19181 24
363863 27683 14
363863 3123 14
363863 1114 9
363863 34878 12
363863 34878 14
363864 52372 24
363865 36176 24
363866 36176 24
363867 26968 8
363867 27131 12
363868 52372 24
363870 2309 12
363871 48768 24
363872 36176 24
363873 52372 24
363874 22417 24
363875 7956 2
363875 26968 8
363876 363877 12
363878 1792 24
363883 63136 12
363886 534 14
363886 534 22
363886 36004 12
363886 284648 14
363886 43282 9
363887 14203 2
363888 26968 8
363888 77314 12
363889 5151 24
212732 162726 14
363890 8929 24
363891 356 24
363895 363896 24
363900 123142 14
363903 655 24
363909 19547 12
363910 39875 8
363911 156464 24
363913 239865 12
363918 55638 12
363919 360 22
363919 363920 9
363921 2199 12
363923 35222 24
363926 832 12
363929 423 8
363930 2627 9
363930 423 8
363930 285 14
363930 5477 8
363930 363931 11
363930 109013 8
363934 7363 22
363935 4936 12
363935 458 22
363936 2305 24
363937 119762 8
363941 70707 24
363942 93066 9
363943 789 12
363950 57548 24
363957 30011 24
363958 174861 24
363959 57656 24
363960 57668 24
363961 2481 24
363962 2480 9
363962 364 14
363962 25964 14
363962 655 12
363963 57438 24
363964 147655 12
363965 57485 24
363969 57488 24
363970 57528 24
363971 14212 2
363972 57596 24
363974 6795 24
364022 832 24
364023 832 24
364024 57654 24
364044 57662 24
364045 57663 24
364059 1098 24
364060 98674 12
364062 8143 2
364062 60907 12
364063 98674 12
364064 19181 24
364065 352241 24
364066 25443 12
364069 9039 24
364070 121984 24
364071 122228 24
364072 364073 24
364074 38970 14
33986 35074 24
364075 25523 24
364076 3431 8
364077 81 2
364077 655 12
364093 655 12
364097 5304 24
364098 216611 24
364099 9039 24
364100 2701 12
364100 7049 2
364103 364104 24
364105 14212 24
364129 14212 24
364131 14212 24
364132 81 2
364132 104931 12
364133 19181 24
364134 33407 24
364136 5256 8
364136 3068 8
364136 10694 8
364136 98133 2
364137 19358 2
364138 149069 24
364141 364142 24
364143 2052 2
364143 268688 12
364162 30892 24
153832 2199 12
153832 364168 2
364169 151944 9
364170 363844 24
364171 363844 24
364172 7973 24
364173 363844 24
364174 40900 24
364175 364176 24
364180 363844 24
364181 7158 24
364182 37885 8
364182 204567 8
364182 46820 8
364183 100174 8
364184 57247 24
364185 1114 9
364185 7073 25
364185 354314 11
364186 4164 12
364189 48354 24
364190 36372 24
364191 356 24
364192 146864 24
364193 96269 24
364194 53631 24
364195 364196 24
245930 60593 24
364197 36372 24
364198 31264 12
364199 146864 24
364202 655 2
364203 64332 12
364205 9077 24
364206 81 12
364207 81 12
364208 57520 2
364208 19279 24
364210 12487 24
364214 12801 12
364215 7073 9
364215 151757 25
364216 12487 24
364217 12487 24
364218 364219 9
364218 156043 2
364218 304807 12
364220 363844 24
364221 8912 8
364224 363844 24
364225 363844 24
364226 363844 24
364227 219904 24
364228 4384 2
364231 832 24
364232 1326 24
364233 121032 24
364235 6888 24
364236 97483 8
364236 28487 24
364240 64377 12
364246 832 12
364247 832 12
364248 8284 12
364250 439 24
364251 2383 24
364252 363844 24
364253 363844 24
364254 66559 12
364255 363844 24
364256 3431 8
364257 363844 24
364258 22412 24
364259 238310 24
364260 30925 24
364261 89776 24
364267 3987 24
364268 39413 24
364269 360 22
364269 30860 12
364270 37992 12
364271 282 24
364272 51871 24
363628 7262 2
364279 2309 12
364279 26968 8
364281 24630 22
364282 655 12
364284 141725 24
364285 458 22
364287 89781 24
364288 113259 24
364290 168592 24
364291 26579 24
364293 6888 24
364294 84492 12
364298 333596 24
364301 264743 24
364302 48768 24
364303 98184 24
364304 48768 24
364305 22417 24
223184 7262 2
364307 22417 24
364308 22417 24
364309 2821 24
364310 22417 24
364311 22417 24
364312 269000 24
364313 61387 24
364314 36176 24
364315 36176 24
364316 36176 24
364317 332492 24
364318 36176 24
364319 36176 24
364320 52372 24
364321 52372 24
364322 52372 24
364323 52372 24
364324 52372 24
364325 73656 24
364326 15862 14
364326 9046 14
364327 281056 24
364328 52372 24
364329 52372 24
364330 655 12
364336 98287 24
364337 4882 24
364343 43553 24
364343 286729 24
364344 30206 24
364345 220 24
364348 46132 12
364349 30742 8
364350 364351 24
364352 364353 24
364354 364355 24
364358 1394 12
364358 2199 2
364359 364360 24
364364 26968 8
364366 48669 12
364368 60673 24
364369 29050 24
364370 100174 8
364373 30206 24
364376 188004 9
364377 26579 24
364378 19051 2
364380 62210 12
364384 2016 8
364384 286263 8
364384 22670 24
364384 364385 8
364387 362943 24
364388 57025 12
364390 7158 24
364391 364392 24
364394 345229 24
364396 364355 24
364397 364355 24
364398 364355 24
364400 364355 24
357084 154640 24
364401 46944 14
364405 1675 12
364406 364407 24
364409 6151 24
364411 16120 24
364417 57488 24
364418 1098 24
364419 57528 24
364420 57543 24
364421 57543 24
364422 57543 24
364423 1815 24
364424 8894 24
364425 2746 24
364426 9018 2
364426 13272 12
364427 212042 24
364428 2515 26
364428 41024 12
364428 96105 9
364429 69726 24
364430 36559 24
364431 45512 12
364432 27132 12
364433 57589 24
364434 57654 24
364435 57616 24
364436 57587 24
364445 34878 24
364446 282 24
364447 12587 24
364448 38321 24
364450 43558 24
364451 34878 24
364453 27683 24
364454 364455 24
364456 30565 24
364457 36176 24
364458 36176 24
364459 36176 24
364460 66415 24
364461 36176 24
364462 65322 24
364463 38321 24
364464 2515 26
364465 149724 24
364466 27683 24
364467 364468 24
364469 151940 24
364470 2515 26
364470 30664 2
364470 58390 12
364471 65907 24
364472 57266 24
364473 32343 12
364473 91534 9
364474 38321 24
364475 83683 24
364476 364477 24
364478 27684 24
364479 27684 24
364480 361 24
364483 4769 24
364485 38321 24
364486 364487 12
364488 36176 24
364489 39340 2
364490 36176 24
364491 36176 24
364494 53191 24
364495 36176 24
364496 36176 24
364497 36176 24
157636 8737 25
157636 35048 9
364498 94337 24
364499 39341 9
364500 254701 24
364501 36176 24
364502 364355 24
364503 364355 24
364504 36176 24
364505 36176 24
364506 36176 24
300231 24722 24
364507 52372 24
364508 52372 24
364511 52372 24
364512 52372 24
364513 52372 24
364514 52372 24
364515 166134 24
364523 43746 24
364523 200033 24
364524 198279 2
364525 539 12
364529 32325 9
364530 6129 8
364531 12852 24
364535 62426 12
364537 41771 12
364538 6569 9
364539 1815 24
364540 55441 2
364540 106885 12
364541 64188 12
364542 2221 12
364544 244807 12
364546 364355 24
364547 364548 24
364549 2221 12
364551 3845 12
364554 247885 24
364555 2221 12
364557 74037 24
364558 8538 24
364559 15788 24
364560 832 12
364561 26968 8
364562 52034 8
364565 335828 24
364566 2221 12
364567 54409 24
364568 3130 24
364569 364570 24
364571 36368 24
364572 56853 24
364573 458 22
364574 13500 24
364575 25289 22
364579 234556 24
364580 1313 24
364581 61078 12
364587 1098 24
364588 91057 24
364589 4457 24
96264 1313 14
96264 1313 22
96264 4936 2
96264 364590 9
96264 106747 11
364591 1830 8
364593 1482 8
364595 1830 8
364596 12405 24
364597 4733 24
364598 2746 24
364599 156436 24
364600 156436 24
364601 19181 24
364602 156436 24
364603 156436 24
364604 156436 24
364605 156436 24
364606 156436 24
364607 156436 24
364608 156436 24
364609 156436 24
364610 156436 24
364611 156436 24
364612 156436 24
364613 89781 24
364614 4457 24
364617 3012 24
364619 1634 2
364619 285 22
364620 203323 24
94254 1411 12
364621 364622 24
364627 364628 24
364629 64622 24
364630 57488 24
364631 364632 24
364633 46819 12
364636 309000 24
364637 364638 24
364639 213952 24
364641 364642 24
364643 2205 12
364644 364645 24
364646 69773 12
364648 5304 24
364649 43553 24
364650 57543 24
364651 57587 24
364652 51401 24
364653 33859 24
364654 7158 24
364655 229794 12
364657 25964 24
364661 51847 24
364662 16502 24
364663 135459 24
364664 364665 24
241646 16526 24
364666 187066 12
364667 57528 24
364668 57542 24
364669 17421 12
364669 534 14
364669 534 22
364669 13627 9
364669 364670 14
364671 150374 12
364672 364673 24
364674 55319 24
364675 139045 24
287673 20368 24
364679 36749 12
364682 173331 24
364683 8146 12
364683 39521 2
364684 5314 24
364688 26968 8
364690 5314 24
364691 52182 24
364692 52520 24
364693 5314 24
364694 5314 24
364696 57596 24
364697 57610 24
364700 1634 12
364701 364355 24
364702 35206 24
364708 5304 24
364709 364355 24
364710 364355 24
364711 364355 24
364712 1067 24
364713 5121 24
364715 364355 24
364720 43728 24
364722 438 14
364722 11316 14
364722 19688 14
364722 64612 2
364722 152522 9
364723 3845 12
364724 22227 24
364724 2494 2
364726 56682 24
364727 364728 24
364730 2063 12
364733 21681 24
364735 56854 24
364736 364737 19
364739 364355 24
364740 9357 8
364741 135073 24
364742 230887 27
364744 3787 12
364745 364355 24
364746 364355 24
364755 364355 24
364756 364355 24
364759 19051 2
364760 539 12
364761 440 22
364764 5256 8
364764 3068 8
364764 53191 12
364764 6484 8
364765 56702 24
364766 62587 24
364767 1196 2
364767 364768 24
364769 5265 9
364771 38043 24
364772 56699 24
364774 35405 12
364774 6129 8
364774 96381 8
364775 18786 24
345112 32325 25
345112 330036 11
345112 364776 11
364778 7073 25
364778 655 12
364778 23578 9
364780 57685 2
364780 33301 12
364781 5304 26
364781 157215 12
364793 655 24
364808 4389 24
364809 9100 14
364810 4379 9
364813 19181 24
364814 13454 24
364815 302692 24
364817 655 12
364821 1865 8
364822 1067 22
364823 242730 11
364824 20643 12
364825 38688 12
364825 38688 2
364826 13908 2
364827 2383 24
364828 16882 24
364829 54409 12
364831 364832 24
364833 52115 24
364834 93778 24
364835 39103 24
364836 67972 24
364839 4389 24
364841 119189 24
364853 364854 24
364858 16803 24
364859 2729 24
364860 4389 24
364861 81 12
364874 68521 12
364878 1411 12
364879 457 14
364879 13454 14
364880 2700 24
364881 364882 24
364883 339628 24
364890 94762 24
364897 162666 24
364898 3987 24
364900 534 24
364901 6858 24
364903 39411 12
364911 137810 24
364912 364913 24
364914 69523 24
364920 2016 8
364920 31214 8
204137 5266 24
364925 19181 24
364927 141456 24
364928 364929 24
364930 133860 24
364932 52113 12
364939 56005 24
364949 1798 24
364952 5256 8
364952 5562 8
364952 5259 8
364952 5563 8
364952 6484 8
364954 73 12
364955 57634 24
364960 57654 24
364961 84231 24
364963 208758 24
364964 364965 24
364967 364968 24
364969 546 12
364969 546 2
364969 37288 27
364970 5151 24
364971 57978 24
364972 364973 24
364974 364975 24
364976 160193 11
361030 98702 2
364980 57654 24
364981 57654 24
364982 57654 24
364983 57654 24
364984 57654 24
364985 25131 12
364987 364988 24
364989 57657 24
364990 347585 24
364992 57683 24
364993 2199 2
365005 3977 24
365007 119105 24
365015 304337 24
365018 48317 12
365020 52809 24
365021 13164 24
365022 126185 24
365023 235534 24
365025 108144 8
94255 1411 12
365026 5259 8
365028 75490 24
365029 2729 24
365030 19181 24
365031 1634 12
365032 255582 24
365033 73772 2
365040 139778 9
365017 296919 24
365043 357 12
365044 1082 22
365044 11260 2
365046 100489 24
365047 100489 24
365048 27563 24
365049 3977 12
365050 27563 24
365052 36393 24
365053 16502 24
365056 7332 24
332087 56906 2
365063 2009 12
365071 2309 24
365072 2331 8
365072 2370 8
329234 361 22
329234 16197 2
365079 440 24
365080 144612 12
365087 12857 24
365089 20371 24
365090 20371 24
365091 1814 14
365093 94480 12
365094 1178 24
365101 7073 25
365101 1045 9
365101 3130 14
365102 44525 24
365103 126716 12
365104 57723 24
365105 57721 24
365106 12247 12
365106 56985 2
365109 170187 24
365110 16526 24
365111 4769 24
365112 789 24
238331 3803 14
212733 3123 14
212733 162726 14
365114 79882 24
365115 57716 24
365116 4454 14
365117 3123 26
365118 365119 24
365120 1634 12
365123 365 24
365124 74929 24
229675 52372 14
229675 178160 9
365125 3987 24
365126 32319 24
365127 105683 9
365127 99278 27
365134 10701 24
365134 52034 8
365137 832 24
365137 1196 2
365140 12801 12
365141 1099 24
365142 38722 24
365143 109827 24
365144 294526 8
365145 53191 2
365149 48768 24
365150 365151 24
365152 48768 24
365153 48768 24
365157 19293 24
365159 4758 12
365160 365161 24
365162 76351 24
365163 19002 24
365164 1099 24
365165 1099 24
365166 365167 27
365169 4454 2
365169 4454 14
365169 15249 14
365169 365170 12
365171 56808 24
365172 3977 24
365174 56723 24
365175 1099 24
365180 210390 24
365181 98456 12
365181 52730 2
365185 365186 24
365187 546 12
365190 31987 24
365191 89780 24
365195 137244 24
365197 2486 24
365198 365199 12
365200 26498 24
365201 55665 24
365202 103686 11
365207 12022 12
365207 532 14
365208 44401 8
365208 100087 8
365213 196060 24
365214 3012 24
365215 37161 24
365219 9018 12
365220 57672 24
365221 57669 24
365222 57669 24
365223 107896 11
365224 219904 24
365225 18147 22
365225 1356 12
365226 57668 24
365227 57668 24
365228 57668 24
365230 22417 24
365231 22417 24
365232 22417 24
365233 22417 24
365234 69156 24
365235 40954 24
365236 110516 24
365237 44440 24
365238 44440 24
365239 14212 24
365240 14212 24
365243 14212 24
365244 14212 24
365245 42148 12
365245 39474 14
365246 9336 24
365247 56789 2
365249 16903 24
365252 57685 24
365253 57685 24
365254 31987 24
365255 108144 8
365256 2331 8
365258 57685 24
365260 57685 24
365261 57685 24
365262 57685 24
365263 57685 24
365264 57685 24
365265 57685 24
365266 57685 24
365267 1390 24
365268 57685 24
365272 5258 8
365272 5259 8
365272 73 12
365272 61078 2
365272 27104 8
365273 1178 12
365274 39411 24
365275 3977 24
365277 2745 24
365278 43728 24
365283 365284 24
365285 28487 24
365286 56873 24
365287 832 24
365289 3001 12
365291 81 2
365292 5322 24
365293 5322 24
365294 6574 2
365294 67162 12
365295 5322 24
365296 5322 24
365297 5322 24
365298 5322 24
73811 1196 2
365299 440 24
365300 19001 24
365301 3987 24
365306 533 12
365307 655 12
365307 655 2
365310 6178 24
365311 4732 22
365311 99981 9
365312 819 14
365312 81 14
365313 6129 8
365313 105294 12
365317 56892 12
365318 231170 24
365319 138377 24
365323 136488 12
365324 67542 24
365325 40237 24
365325 285116 24
365329 31987 24
365330 345808 8
365331 832 12
365331 832 2
365332 94480 12
365332 105683 9
346001 67013 8
346001 43558 12
365340 66289 12
365340 68365 14
365340 532 14
365341 68033 14
365341 532 14
365342 9094 24
211125 2751 24
365343 14160 12
365343 27104 8
365344 56668 24
365345 2517 24
365346 2517 24
365347 30206 24
365348 1178 12
365350 11197 12
365351 455 24
365352 19293 22
365352 114047 9
365353 306550 24
365354 56785 2
365355 2309 12
365361 13052 12
365371 5256 8
365371 3068 8
365371 5259 8
365371 3072 8
365373 15367 24
365374 227067 24
365375 365376 24
365379 5256 8
365379 5259 8
365382 3207 22
365387 3032 24
365389 56946 24
365391 50691 24
365392 2746 24
365393 365394 24
365395 365396 24
365397 365398 24
365399 365400 24
365401 365402 24
365403 365404 24
365405 365406 24
365407 365408 24
365409 365410 24
365411 41031 24
365412 365413 24
365414 365415 24
365416 365417 24
365418 365419 24
365420 365421 24
365423 23909 24
365424 31589 24
365426 202059 24
365427 127059 8
365428 458 22
365429 11260 12
365429 38439 2
365430 127059 8
365431 40237 24
365432 7332 24
365433 7332 24
365434 37637 24
365435 7332 24
365436 7332 24
365437 7332 24
365438 7332 24
365439 7332 24
365440 7332 24
365442 138269 8
365443 1389 24
365446 52372 24
365447 52372 24
365449 52372 24
365450 52373 24
365451 52373 24
365452 61387 24
365453 52373 24
365454 52373 24
365455 52373 24
365456 52372 24
365457 52372 24
365458 52372 24
365459 52373 24
365460 52372 24
365461 52372 24
365462 52372 24
365463 52373 24
365464 52373 24
365465 52373 24
365466 52373 24
365469 365470 24
365471 48616 24
365472 25851 24
365473 365474 24
365475 11763 12
365476 274965 24
365477 458 22
365477 46616 8
365479 234188 24
365480 57339 24
365481 8237 24
365482 365483 24
365484 5508 12
365485 365486 12
365487 19277 24
365488 39875 8
365488 4842 8
365493 359834 24
365494 438 24
365495 98838 12
365496 832 12
365497 57669 24
365498 19181 24
365499 365500 12
365504 6890 24
365505 3970 8
365506 218303 24
365507 40237 24
365508 40237 24
365509 40237 24
365510 40237 24
365510 282971 24
365511 40237 24
365512 40237 24
365513 40237 24
365515 56817 24
365519 61387 24
365520 365521 24
365522 40237 24
365523 19181 24
365524 36372 24
365525 280 24
365526 5564 8
365527 19181 24
365528 2309 12
365530 30925 24
365533 20591 26
365533 42498 12
365533 42498 2
365533 42498 14
365538 13454 2
365539 68469 24
365540 290114 24
365541 61111 2
365542 533 24
148243 36393 24
365543 819 24
365545 265357 24
365546 89396 24
365547 26968 8
365548 306907 24
114547 93435 14
365550 1911 12
365550 39355 8
365550 8781 8
365550 132118 8
365550 132119 8
365551 68165 12
365553 27132 24
365554 26094 24
365555 26968 8
365556 1814 12
365556 1814 2
365560 354336 24
365562 63691 24
365563 57564 24
365564 30206 24
365565 60673 12
365565 69280 2
365567 7330 2
365567 1313 22
365567 832 12
365568 55413 24
365571 13500 24
365572 36372 24
365573 36372 24
365576 3845 2
365577 3130 24
258312 24722 24
365580 79784 12
365581 136384 14
365582 132124 24
365583 11437 12
365584 7073 9
365584 56923 2
365585 3977 24
365586 120425 8
365588 5562 8
365588 3068 8
365588 5563 8
365588 10694 8
365588 5261 8
365588 297854 8
365588 41790 8
365589 457 24
365590 94618 24
365593 46132 24
365594 1911 24
365595 86751 24
365596 361 22
365597 46640 24
365598 655 12
365609 36393 24
365610 22670 24
365611 22670 24
365612 12585 24
365613 365614 24
365618 653 12
365619 10634 24
365620 36176 24
365621 36176 24
365622 36176 24
365623 36176 24
365624 1048 24
365625 52372 24
365626 52372 24
365627 1313 24
365628 40954 24
365629 364 24
365630 22417 24
365631 22417 24
365634 22417 24
365636 57654 24
365637 51401 24
365638 56005 24
25405 19668 8
25405 655 12
365640 57661 24
365641 1319 12
365642 42498 24
365644 131169 24
365645 57581 24
365646 6795 24
365649 16526 24
365651 57685 24
365652 78037 24
365653 14212 24
365654 14212 24
365655 14212 24
365656 14212 24
365657 14212 24
365659 57669 24
365660 57668 24
365661 48768 24
365662 1196 2
365663 197843 24
365664 457 22
365664 4457 12
365666 60939 12
365667 1196 24
365668 353548 24
365669 1830 8
365673 64307 24
365674 68481 24
365674 160304 24
365675 131156 12
365687 365688 12
365689 8284 12
365696 52372 24
365697 180120 12
365698 1 24
365700 365 22
365701 55315 24
365711 55315 24
365712 13454 12
365713 24721 24
365714 15367 12
176449 7492 12
365715 75413 12
365716 59625 2
365720 2751 24
365722 2700 24
365728 36782 2
365729 55319 2
365729 115348 8
365730 57125 24
365731 14203 2
365732 17424 12
365733 26968 8
365733 655 12
365734 1389 12
365735 68479 24
365735 72655 24
365740 15862 26
365741 2570 12
365741 2570 2
365742 84655 12
365743 18868 12
365745 30206 24
365746 1815 24
365747 4758 12
365748 2745 24
365750 26968 8
365751 4657 24
365756 48686 24
365757 6129 8
365757 94634 8
365757 161532 8
365757 3073 8
365758 1390 14
365758 41527 14
365759 36375 24
236553 3136 8
365760 26494 24
365761 20387 24
365769 57937 12
365770 3032 12
365771 1634 2
365771 29364 8
365778 10363 24
365780 1125 12
365780 1125 14
365780 438 14
365780 438 22
365780 52392 9
365781 19051 24
365783 365613 24
365784 2305 24
365786 832 24
365787 1830 8
16510 37885 8
16510 253823 24
365794 107911 24
365798 121084 8
365799 27165 9
365800 43841 24
365809 365810 12
365811 43841 24
365812 0 24
365813 12404 24
365813 458 22
365814 56125 14
365814 68825 12
365815 110839 24
365818 356 24
365819 2700 24
365820 73772 24
365821 2700 24
365823 30850 24
365824 25964 24
365825 2746 24
365828 99216 14
365829 365830 24
365831 4839 24
365833 4392 24
364838 365834 9
84911 209154 14
84911 3130 14
365836 31791 12
365839 2016 8
365840 361513 24
365841 8605 24
365842 361513 24
365844 365845 9
365847 16526 14
365847 364 14
365847 270341 12
365851 45449 24
365852 3843 24
365853 43746 24
365857 2017 8
365858 158604 24
365859 61246 24
365860 158604 24
365861 357 12
365862 12857 2
365864 56930 2
365865 9902 12
365866 1261 12
365867 41269 12
365868 35464 12
365870 2370 8
365871 36176 24
365872 36176 24
365873 158604 24
365874 25467 8
365875 1760 12
365877 18786 24
365878 360 22
365878 167677 2
365878 207175 12
365879 4676 24
365880 459 24
365881 195709 24
365882 75490 24
365883 38720 24
365887 29851 24
365888 29851 24
365889 39212 12
365890 43841 24
365891 40900 24
365892 56893 24
365893 93434 24
365894 81 12
365895 4063 24
365896 119762 8
365897 44440 12
365898 77856 8
365898 103707 8
365898 134768 2
365898 77860 8
365899 7653 2
365902 20591 26
365903 365904 24
365905 458 22
365905 2199 2
131488 11857 9
131488 11857 25
131488 108702 11
131488 7158 14
365907 832 12
365909 57726 24
365910 41652 12
365912 46290 24
365913 1178 12
9949 15357 12
365916 144114 24
365917 365918 24
365919 212438 12
365921 81 2
116720 33407 2
365925 18786 24
9950 365927 12
365928 2305 24
365929 51871 24
365932 44401 8
365932 98545 8
365933 832 24
365934 459 24
365935 1771 12
365936 16120 24
365937 365938 24
365939 12562 24
365942 89781 24
365943 12814 12
365943 655 2
365944 4389 24
365945 9076 12
365950 6964 12
365951 174894 24
365957 338790 14
365957 365958 14
365959 43558 24
365961 2016 8
365962 13454 2
365962 19899 12
365963 25131 24
365964 64570 24
365965 70399 24
365966 174894 24
365967 365 22
365968 360 24
365969 2807 22
365969 2015 8
365969 2016 8
365969 2074 8
365969 365970 8
365969 365971 8
365972 470 12
365972 18868 2
365973 2570 12
365973 2570 2
365974 2570 12
365974 2570 2
365976 36329 24
365977 470 2
365977 245925 12
365977 365978 27
365979 8605 24
365981 253081 24
365983 3845 12
365984 3207 22
365985 140316 24
365986 153574 24
365988 43578 14
365988 3845 14
365989 12247 24
365990 26968 8
365991 94060 24
365993 2059 24
365994 13806 24
365995 41024 2
365996 2988 24
365997 51871 24
365998 100034 24
366000 27567 24
11935 56820 12
366001 49242 9
366002 36542 24
366006 215098 12
366006 215098 2
366007 366008 27
366010 11260 12
366011 16530 24
94256 1411 12
366013 101293 12
366014 46640 24
366018 832 14
366018 458 22
244512 9425 12
244513 9425 12
366020 819 14
366020 41769 14
366020 78270 12
366021 366022 24
366023 174894 24
366024 59362 14
366024 2517 14
366025 3431 8
366046 1634 24
366047 64603 24
366048 19001 24
366050 15238 24
366051 35396 24
366052 6574 2
366052 655 24
366054 2221 12
366057 2221 12
366058 2221 12
366059 147655 12
366061 4279 24
366064 52604 24
366065 153117 24
366066 161669 24
366067 114800 24
366068 105653 24
366069 106938 24
366070 118004 8
366071 1370 12
366072 85600 24
366076 8284 24
366079 39103 24
366081 52372 24
366082 6982 24
366083 16479 2
366083 135482 12
366084 24722 24
366085 5258 8
366085 5259 8
366085 655 2
366085 41215 8
366085 34904 8
366091 195709 24
366092 25964 24
366096 13454 12
366097 11260 2
366098 97678 9
366098 822 25
366099 2746 24
366101 2519 24
366102 13500 12
121361 6574 2
366105 2821 12
366106 51847 24
366107 1390 24
366108 86987 2
366109 92745 24
366110 11305 12
366111 89807 24
366112 89807 24
366113 2344 24
366114 366115 24
366116 832 12
366118 93135 24
366119 366120 24
366121 532 24
366122 1099 24
366123 11261 24
366124 532 24
366125 16502 24
366126 25523 12
15452 3001 24
366127 3123 24
366128 16502 24
366129 315651 24
366131 240001 24
366132 36351 2
366132 15996 8
366132 41034 8
366132 39355 8
366132 132117 8
366133 37288 27
366136 92745 24
366137 832 24
139373 7956 12
139373 48008 14
366139 7158 24
366140 458 22
366141 0 24
366142 13454 24
366147 366148 12
366149 89764 24
366150 64603 24
366151 89764 24
366152 162594 24
366155 237242 12
366156 171074 24
366157 361 22
366157 19567 12
366158 93095 24
366159 4389 14
366160 5314 24
366161 76351 12
366162 81266 12
366162 81266 2
366163 19567 2
366163 25965 12
366164 197594 12
366165 539 12
366166 12647 24
366167 43841 24
366168 12857 12
366169 51847 24
366170 111224 12
366171 31873 24
366172 66206 24
366173 2239 24
366174 68479 24
366175 57548 24
366176 832 12
366176 5258 8
366176 26968 8
366177 80727 24
366178 131180 24
366179 18786 14
366180 197843 24
366181 2700 24
366184 56125 14
366184 66536 12
366185 655 14
366185 3130 14
366186 34862 24
366187 438 24
366188 2700 24
366189 2700 24
366190 366191 12
366192 90193 2
366194 2700 24
366195 93726 24
366196 2700 24
366197 16577 24
366198 88560 24
366199 89778 24
366200 89778 24
366203 93023 24
366204 13991 2
366205 50733 24
366206 832 12
366208 2700 24
366209 366210 24
366212 93023 24
366213 89766 24
45648 1634 12
366215 36393 24
366216 2700 24
366217 12801 12
366219 357 24
366220 174635 12
366221 366222 24
366223 6888 14
366223 168514 14
366224 27104 8
366225 366226 24
366227 3130 24
366228 338600 24
366229 366230 24
366231 25286 14
366232 57336 14
366233 46640 12
366234 3068 8
366234 48768 12
366234 5563 8
366234 6484 8
366234 41790 8
366235 46640 12
366236 46640 12
366237 213930 12
366238 2309 12
366238 2309 2
366239 239865 12
366240 46640 12
366241 36863 12
366243 2016 8
366243 1386 12
366243 2074 8
366244 43553 24
366245 11245 25
366245 7073 9
366246 18773 2
366247 19181 24
366248 18165 24
366248 18165 22
366249 5256 8
366249 3068 8
366249 5258 8
366249 5259 8
366249 27104 8
366250 103312 24
366251 19181 24
366252 1814 24
366253 12405 24
366254 5508 12
366255 56712 24
366257 2016 8
366258 37625 2
366259 81 2
366260 195709 24
366261 81 2
9951 1792 2
9951 98702 12
366265 1370 14
366266 6964 24
366267 1830 8
366270 356 14
366270 13500 2
366272 458 22
366274 100355 2
366275 27683 14
366275 10690 9
366275 57290 14
366276 8519 24
366276 104654 8
366277 81680 12
366279 4076 12
366280 247995 24
366281 63691 12
366282 136683 12
366283 3001 24
366284 366286 24
366287 152030 2
366292 17855 24
92879 89766 24
366293 366294 24
366295 366299 8
366300 89766 24
366301 12725 24
366302 89777 24
366303 89777 24
366304 89779 24
366306 89766 24
366309 50385 24
366310 95290 24
366312 162666 24
366313 1313 22
366314 216685 24
366315 4440 24
366316 4440 24
366317 4440 24
366318 24630 22
366319 123176 12
366325 104202 12
366333 179388 24
366334 179388 24
366335 179388 24
366335 366336 24
366337 179388 24
366338 179388 24
366339 179388 24
366340 179388 24
366341 179388 24
366342 179388 24
366343 179388 24
366344 179388 24
366345 179388 24
366346 179388 24
366347 179388 24
366348 179388 24
366349 179388 24
366350 179388 24
366351 179388 24
366352 179388 24
366353 179388 24
366354 179388 24
366355 179388 24
366356 179388 24
366357 179388 24
366358 179388 24
366361 179388 24
366362 131180 24
366363 131180 24
366364 56730 12
366365 63413 2
366370 10363 24
366371 41028 24
366372 458 22
366373 51579 24
366374 156334 24
92913 76130 24
93755 11857 9
93755 7158 14
93755 366375 8
366376 7332 24
366377 90227 2
366378 5562 8
366378 3068 8
366380 832 24
366381 353229 24
366383 64603 24
366384 68469 2
366386 2700 24
366387 1655 24
366390 2700 24
366391 22237 24
366397 2700 24
366398 4985 24
366399 120508 12
366400 2700 24
366401 2700 24
366403 48354 24
366405 43553 24
366406 832 12
359587 37637 24
366417 67121 12
366418 2059 24
366419 19551 12
366423 457 14
366423 16573 14
366424 7956 12
366425 13164 24
366323 3129 12
366428 8284 12
366429 234017 24
366430 1082 22
366431 341505 24
366432 832 24
366433 27683 14
366433 1114 9
366433 57274 12
366433 34878 2
366433 34878 14
366434 5256 8
366434 3068 8
366434 5259 8
366434 73 12
366434 41784 2
366439 27683 14
366439 40953 12
366439 40953 2
366439 40953 14
366439 100941 9
366440 198792 24
366447 25925 24
366448 81 2
366448 51088 12
366452 135546 12
366452 18773 14
366453 110902 24
366454 19181 24
366458 75445 24
366460 19181 24
366461 14256 8
366461 29223 12
366462 6259 12
366463 81 2
366463 25443 12
366464 98644 24
366465 343726 24
366466 366467 24
366468 19181 24
366469 3032 12
366469 97416 2
223419 164181 24
366470 19181 24
366471 20371 24
366472 168936 24
366473 354031 24
366474 2011 14
366474 2745 14
366475 4905 12
366476 19181 24
366478 2592 24
366479 19181 24
366480 64603 24
366481 31873 24
366483 5120 24
366487 11260 12
366487 11260 2
366488 361 22
366488 366489 12
366490 15239 12
366490 35074 14
366491 110952 24
366492 19181 24
366493 19547 12
366494 31924 8
366495 40900 24
31648 1196 12
366497 361 22
366498 3130 24
366499 24722 24
366500 19181 24
366501 115439 24
366502 43558 24
366503 19002 24
366504 250566 24
15168 37625 12
366505 60202 12
366506 13454 24
366507 19181 24
366508 21767 12
366509 81 2
366509 25852 24
366510 366511 24
366512 366513 24
366514 119189 24
366515 94120 24
366516 119189 24
366517 119189 24
366518 119189 24
366521 10372 24
366522 366523 9
366522 366524 12
366532 271825 11
366533 366534 24
366535 1099 24
366536 4384 24
366537 2383 24
366538 470 12
366539 366540 24
366543 81 24
366552 19181 24
366554 5314 24
366554 195879 24
366557 9336 24
366558 12585 24
366558 366559 24
366561 454 22
366561 13052 12
366562 128656 11
366563 366564 24
366566 62615 12
366566 66386 14
366568 31163 14
366569 43746 24
366570 18298 24
366571 81 12
366576 136683 2
366576 215098 12
366577 10690 9
366578 456 24
366579 366580 24
366581 360 24
366582 366583 24
366584 9336 24
366585 31987 24
366586 9336 24
366588 252224 24
366589 37637 24
366590 366591 12
366593 439 22
355390 25443 12
366599 136677 24
366603 832 24
366605 4936 12
366606 85533 24
366608 25964 24
366609 546 24
366610 122356 24
366612 30923 2
366613 1380 24
366614 2592 12
366614 438 22
366615 366616 24
162730 162726 14
366618 2481 24
366622 366623 24
116181 7158 24
183996 35009 12
366627 174894 24
366628 439 24
366629 9902 12
347287 2014 25
347287 32907 12
347287 2447 9
366632 68521 24
366634 19181 24
366635 64676 24
366636 25525 24
366637 366638 24
366642 3803 12
366645 11260 24
366646 139262 2
366646 29795 12
366647 12404 12
366649 95583 12
366651 11721 12
366652 69156 24
366653 655 24
348813 655 24
366655 832 12
366656 366657 24
366658 533 12
366659 1313 14
366659 439 22
366659 832 14
366659 366660 12
366661 360 22
366663 1313 24
366664 135546 24
366665 48768 12
212734 162726 14
366670 18773 24
366671 2821 24
366672 3130 14
366673 25131 12
366680 75492 24
366681 7953 24
366685 655 24
366689 12405 24
366690 172797 11
366691 36393 24
366693 16197 24
366694 15445 2
366694 655 12
366695 281555 24
366696 78975 24
366701 16196 24
366711 119762 8
366712 20611 12
366713 249089 24
366715 4076 24
366716 249089 24
366719 197292 24
366720 19544 24
366721 50547 12
366722 366723 24
366725 11305 24
366727 123469 12
8812 8665 8
8812 655 12
366730 534 14
366730 534 22
366730 2205 12
366730 2205 14
366732 4985 2
366732 120980 12
366735 2745 24
366736 24722 24
366737 366738 24
366739 251845 24
366740 249089 24
366741 186238 24
366743 366744 9
366745 366746 24
366747 26968 8
366748 12585 24
366748 366559 24
366749 6897 22
366749 9039 12
366749 366750 8
366751 27683 14
366751 40953 2
366751 40953 14
366751 156040 9
366752 366753 24
366754 27683 14
366754 57258 12
366754 57258 2
366754 57258 14
366754 156040 9
366761 57339 12
366763 61387 24
366764 15305 8
366765 6031 12
366767 8593 24
366768 68517 12
366770 18278 24
366771 249089 24
366773 27683 14
366773 107759 9
366773 57296 12
366773 57296 2
366773 57296 14
366774 27683 14
366774 34878 2
366774 34878 14
366774 156040 9
366776 249089 24
366779 43553 24
366781 31987 24
366783 249089 24
366785 27683 14
366785 40953 2
366785 40953 14
366785 27684 12
366785 14972 9
366786 16197 12
366787 546 2
366787 107539 12
366789 65636 24
366790 78975 24
366791 27683 14
366791 57258 2
366791 57258 14
366793 4440 24
366797 210177 24
366798 2309 24
366798 366799 8
366802 2309 12
366807 6574 12
366808 280 24
366813 1911 24
366814 5316 24
366822 11037 22
366822 185105 12
366827 8284 24
366828 294504 24
366829 84298 24
366830 366831 24
366832 36867 9
366832 655 12
366835 47507 24
366837 2059 24
366838 2059 24
366839 37885 8
366839 23586 9
366839 14249 25
366840 150070 24
366841 86081 12
366845 280456 24
120378 1313 24
366846 10065 12
120379 1313 24
366847 16803 12
366851 254958 24
366852 24722 24
231164 24722 24
366853 280 24
366854 40900 24
366855 9855 24
366856 9855 24
366857 9855 24
366858 9855 24
366859 146432 24
366860 366861 12
366864 363896 24
366865 4169 24
366868 4440 24
188325 5151 24
366869 5484 12
366872 11305 24
366873 3207 22
366874 35206 24
366875 26968 8
366876 19181 24
366878 192175 8
366879 22466 12
366879 1390 14
366879 7956 14
27702 243713 24
201953 539 24
366886 57367 2
366887 18147 24
366888 18147 24
43545 1411 12
366890 78975 24
366891 2750 14
366891 2751 14
366892 1780 22
366893 249089 24
366894 249089 24
366895 19181 24
366896 15790 24
366897 655 12
366898 19181 24
366899 249081 24
366900 19181 24
366901 19181 24
366902 1411 24
366903 89777 24
366904 89777 24
366905 52363 8
366905 275673 8
366906 10360 24
366907 88560 24
366908 89764 24
93084 89764 24
366912 81 12
366913 16809 24
366914 95486 24
366915 327126 24
80873 15249 12
366917 29874 24
366918 29874 24
366919 95486 24
73196 16809 24
73196 366920 19
366921 2074 8
366921 655 12
366924 108721 24
366925 366926 24
366927 43847 12
366928 210841 2
14408 11316 24
366929 357 12
366933 46246 12
366934 123018 24
366943 249089 24
366946 162594 24
366947 31192 24
366948 349224 25
366948 68056 12
366949 78975 24
366950 1292 24
366951 2059 24
366952 7484 24
366953 8284 12
366955 17379 24
366956 655 12
366960 179388 24
366961 179388 24
366962 179388 24
366963 179388 24
366964 179388 24
366965 179388 24
366966 179388 24
366967 179388 24
366968 179388 24
366969 179388 24
366970 179388 24
366971 179388 24
366972 179388 24
366973 179388 24
366974 179388 24
366975 179388 24
366976 179388 24
366977 179388 24
366978 179388 24
366979 179388 24
366980 179388 24
366981 25194 24
366982 158775 24
366983 55331 12
366983 55331 2
366991 69796 2
366993 15650 2
366994 455 14
366994 455 22
366994 104122 12
366995 3123 24
294142 19051 24
366997 115848 24
366998 33906 2
366999 359 24
367002 3068 8
367002 55816 12
367002 139605 8
367002 41790 8
367003 32319 24
367004 11437 12
356897 832 12
367005 5562 8
367005 3068 8
367005 109068 8
367005 139605 8
367006 7049 12
367007 3068 8
367007 58696 12
367007 41790 8
367008 18786 24
367009 40900 24
367010 53643 24
367011 19181 24
364008 81 2
364008 655 12
367014 6186 8
367014 12491 8
367020 40900 24
367021 56586 24
287356 31498 14
287356 167228 14
367022 12176 12
367025 55158 24
367027 207408 24
367028 62228 24
367033 1370 24
367034 42569 24
367035 1440 12
367035 8539 22
367036 1370 24
367037 2746 24
367038 367039 24
367040 78586 24
367044 2486 24
367044 367045 24
367048 89799 24
367049 67928 9
367049 206058 11
367049 4440 12
367052 367053 24
367054 285955 24
367055 158775 24
367056 320601 24
367057 212438 24
367058 78975 24
367060 282 24
367061 26495 24
367064 18538 24
367065 249089 24
367066 8604 22
367066 1326 14
367066 340914 9
367066 124960 12
367067 16806 24
367068 4389 24
367069 315936 24
367075 78975 24
367076 7973 14
367076 333775 14
367077 1099 24
367081 20728 12
367084 367085 24
367088 61387 24
367089 78660 12
367091 440 24
367092 46418 12
367094 42774 24
367096 78708 14
367098 655 24
367099 12707 24
367100 52034 8
367101 108144 8
367102 162179 24
367106 1390 22
367107 438 22
367108 539 24
367109 157432 12
367110 12707 24
367111 2745 24
367112 1196 12
24165 64019 12
367116 534 24
367117 534 24
367118 23928 24
367119 23928 24
367120 14403 24
367121 5173 8
367121 1830 8
367126 1081 24
367127 13454 2
367128 2993 24
367129 25196 24
367130 71104 12
367131 1757 24
367132 458 22
367134 210177 24
367137 207224 12
367138 149674 24
367139 17069 24
367140 80275 24
367140 166124 24
367141 4985 24
367144 1067 24
367152 36176 24
367153 355287 24
367154 534 24
367155 367156 24
367167 292714 12
367168 8146 24
367169 13990 8
367170 12247 12
367172 6897 24
367173 215098 24
367174 655 2
367179 8775 12
367180 20660 24
367181 7458 12
367182 367183 24
367184 655 24
367187 30264 24
367188 3845 12
367189 54787 24
367190 57971 24
367191 3845 2
367192 457 24
192081 4440 2
367193 118643 24
367194 68526 24
367203 440 24
367204 367205 24
367206 367207 24
367208 20342 24
367209 367210 24
367212 13164 24
367213 367214 24
367215 55322 2
367217 13500 24
367218 42077 9
367220 2052 24
367222 543 24
367223 106938 24
367225 832 12
367225 81 2
367227 316800 24
367236 68026 2
367239 56858 24
367242 15500 8
367243 12707 24
367244 124321 27
367245 15788 24
367246 832 24
367247 15064 9
367249 249450 12
367250 7158 24
251132 10611 12
367254 107944 24
367255 59800 24
367256 159985 24
367257 249089 24
367258 832 12
367258 458 22
367259 249089 24
367260 57581 12
367261 655 12
367265 78975 24
367266 126632 24
367267 107944 24
367268 1178 12
367272 1356 12
367274 832 12
142352 832 12
367275 1082 24
367279 367280 12
367281 367282 24
367283 1082 24
367284 31873 24
367285 61170 24
367286 40237 24
367287 40237 24
367288 40237 24
367291 59800 24
367292 101394 24
367293 5256 8
367293 3068 8
367293 5563 8
367293 3072 8
367294 107944 24
367295 367296 24
367297 107944 24
367298 2744 24
367299 367300 24
367301 93669 12
367303 45451 12
367305 367306 24
367307 2014 25
367307 13627 9
367309 24722 24
367312 37625 24
367313 126185 24
367314 41139 2
367314 73 12
367315 1098 12
367317 5256 8
367317 3068 8
367317 170483 12
367317 10694 8
367318 43553 24
367319 139310 24
367320 39237 24
367323 285 24
367324 31924 8
367325 285 24
367326 367327 24
367328 3207 22
367329 285 24
367330 255128 24
367331 367332 24
367333 43553 24
367334 249089 24
367335 31589 24
367336 2481 24
367337 56140 24
367338 24722 24
367341 367342 24
367343 249089 24
367347 4669 24
367350 832 24
367352 25250 24
367353 149809 24
367354 539 2
367355 61281 24
306401 18773 12
367356 8934 2
367356 56698 12
367356 115346 8
92698 89762 24
367357 1830 8
367357 3970 8
367358 197594 12
367360 12801 12
367360 12801 2
367361 43578 24
367362 57086 24
367363 43578 24
367364 142843 12
367365 12814 12
367365 30664 2
367370 46246 24
367372 35205 24
367373 5508 12
367374 12580 12
367376 358662 24
367377 79778 24
367378 149069 24
367378 367379 24
367380 6963 24
367381 285 24
367382 89777 24
367383 285 24
367385 285 24
367386 43578 24
36365 189753 2
367387 6963 24
367390 6963 24
367391 6963 24
367395 13500 12
367395 269980 8
367395 95641 8
367396 25964 24
367397 819 24
367398 106402 12
367399 31224 8
367402 1178 24
367405 73 12
367406 25443 12
228181 2821 12
367414 2821 12
367415 291523 24
367416 7049 24
367417 119762 8
367420 22562 12
367423 367424 14
367426 269980 8
367426 290720 8
367436 30760 12
367439 4278 24
367440 31904 2
367440 9094 12
367441 15305 8
367448 13454 2
367448 367449 12
367451 119762 8
367453 8236 24
367456 5314 24
367457 1830 8
367459 19293 24
367461 42578 2
367462 2732 24
367463 165663 24
367464 19181 24
367466 92489 24
351480 136941 12
367471 2821 12
367472 249089 24
367473 367474 24
367475 4733 24
367476 12585 24
367477 249089 24
367478 2729 24
367479 16563 8
367480 31960 24
367481 51871 24
367482 40900 24
367484 1196 12
367487 16329 24
367488 296733 24
367491 36219 12
367498 367499 24
367500 32343 12
367503 367504 24
367503 655 2
367505 285 24
367506 50567 12
367508 367509 14
367510 70817 24
367511 285 24
367512 5151 24
367513 285 24
367514 30925 24
367515 285 24
367516 101694 24
367517 2309 12
367519 8929 24
367520 285 24
367521 2519 24
367522 78199 24
367524 36749 2
367525 285 24
367527 3123 14
367527 68466 2
367527 68466 14
367528 210177 12
367529 3987 24
367530 1830 8
367531 6963 24
367532 13315 12
367533 24630 22
367534 2792 24
367535 280 24
367536 22670 24
367539 6963 24
367540 12585 24
367541 79247 24
367542 186325 24
367543 2745 24
367544 71726 24
367545 206192 24
367546 2745 24
367547 655 12
367552 367553 24
367554 2309 12
367555 114541 12
367559 8284 24
367560 4392 24
367561 2784 22
367562 141379 24
367565 1370 12
367566 1370 12
367567 148784 12
367568 146422 12
367569 94614 12
367569 104818 8
367570 54840 24
367571 2221 24
367572 85533 24
367573 44437 8
367575 2744 24
367576 53195 12
367576 44434 8
367576 44437 8
367577 3803 12
367577 143358 9
367581 3251 9
367581 832 12
367581 4076 2
367582 2745 24
367583 367584 24
367587 367588 24
367589 48660 2
367592 3001 24
367594 8284 24
367595 327309 24
367596 2306 12
367600 8591 24
367603 367604 24
367605 3068 8
367605 5563 8
367605 5260 8
367605 10694 8
367605 41790 8
99 16847 24
367606 3207 14
367606 2480 9
367606 20886 14
367606 93720 14
367607 55213 24
367608 3068 8
367608 5260 8
367609 2821 24
367612 276872 24
367613 367614 24
367615 55316 24
367616 832 12
367621 4076 12
367623 231509 24
367627 2821 24
367628 81 24
367632 367633 24
367637 2481 24
367638 37885 8
367639 59822 24
367640 56942 12
367641 162385 24
367642 15801 24
367643 249089 24
367644 37885 8
367644 133346 8
367645 93095 24
367646 93095 24
367647 93126 24
367648 93095 24
367649 93095 24
367650 93095 24
367651 93095 24
367653 93095 24
367654 93095 24
367655 30923 12
367655 30923 2
367656 16133 24
367657 53003 24
367658 38439 12
367659 210305 24
367660 97855 24
367661 171637 24
367662 152505 9
367663 3123 24
367664 241401 24
367665 197465 24
367670 367671 24
367672 3123 24
367675 3123 24
340355 11857 25
340355 145329 11
367686 11831 9
367687 37245 2
367688 1319 24
367689 364 24
367692 108636 12
367693 36497 24
367695 3123 24
367696 3123 24
367697 4389 24
367698 364 24
367699 3123 24
367700 293984 24
367701 20886 24
367702 3845 12
367705 3123 24
367706 36646 8
367707 36646 8
367708 268892 24
367709 71033 24
367710 5508 24
367711 280 24
367718 3977 24
367719 367720 24
214834 166 9
367722 11874 12
367723 2011 14
367723 2745 22
367723 10351 14
367724 367725 24
367727 655 12
367729 249089 24
367730 25443 24
367731 2701 2
367733 249089 24
367740 101370 24
367741 5508 2
367742 4164 24
367743 688 8
367744 2309 12
367746 3130 24
367747 10372 24
367748 367749 14
367748 3845 12
367751 153574 24
26651 125453 2
367759 31987 24
367760 142571 8
367764 40907 8
367765 2519 22
4927 2519 22
4927 16479 12
4927 16479 2
367766 161032 24
4879 2519 22
4879 16479 2
4879 122850 12
367769 8604 22
367769 1326 14
367769 51871 12
367769 340914 9
367772 367773 24
367774 281753 24
367775 367776 24
367777 114051 9
367777 100894 14
367777 96449 27
367782 367783 24
367784 2515 26
367785 67071 12
367786 367787 24
367788 12801 24
367789 3123 24
367790 8617 24
367792 3123 24
367795 42071 24
367798 5256 8
367798 5258 8
367798 55029 12
13161 1911 2
13161 172754 12
367799 1771 2
367799 6186 8
367800 20643 12
367800 1297 9
367802 14529 9
367802 360 14
367802 439 14
367802 12801 12
367802 285 14
367802 5564 8
367802 108982 25
367804 105653 12
367808 315418 12
367808 4440 2
367811 30742 8
367812 26968 8
367815 7975 2
367817 82924 24
367822 1067 22
367824 20591 26
367824 42498 2
367824 64761 14
367826 285 14
367826 285 22
367833 31960 12
367834 360 22
367834 55320 12
367834 367835 11
367834 8912 8
367842 1634 2
367842 6129 8
367842 94127 8
367843 1655 24
367844 655 24
367849 356 14
367850 104417 24
367857 29850 26
230603 60204 24
367858 13500 12
367859 11300 24
367860 23562 12
367861 7229 8
367863 31589 24
367865 7229 8
367866 3431 8
367867 18773 24
367868 80740 24
367869 80740 24
367870 789 24
367871 119189 24
367872 156432 24
367872 367873 24
367874 59822 24
367877 19567 12
367878 193540 12
367879 18786 24
367887 532 24
367888 6994 24
367889 9100 24
367894 367895 12
367898 40237 24
367899 40237 24
367900 40237 24
367901 16479 24
367902 367903 12
367905 2821 22
367905 13500 12
367906 40237 24
367910 85600 24
367911 2519 22
367912 8277 12
367914 263201 24
367915 1482 8
367918 7369 24
367919 122409 12
354636 21430 2
354636 86744 12
367920 66369 12
367921 1290 24
367929 2059 24
367930 253975 24
367932 3123 24
47812 1634 2
367933 29162 2
367933 301626 12
367938 3123 24
367939 61387 24
367940 3123 24
367941 546 2
367942 367943 24
175936 285 22
367945 3845 12
367946 30925 24
367958 2993 24
367959 457 14
367959 91214 14
367960 16530 24
367961 832 12
367962 2055 12
367963 40456 24
367966 32288 24
367972 46614 24
367973 24630 24
367974 360 22
367974 32905 12
367974 16926 25
367977 57125 24
367978 33988 24
367979 3123 24
367980 2486 24
367982 20371 24
367983 19888 24
367984 35464 2
367986 4063 2
367986 50385 12
367987 2821 12
367987 81 2
367988 8143 12
367989 19002 24
367990 73 24
367993 367994 24
367995 438 24
367997 819 26
367998 1 12
367999 72480 12
368001 349786 24
368002 4839 24
368003 53383 24
81137 3843 24
368004 65584 24
368005 364 24
336101 39103 24
368008 7484 24
368009 365 24
368010 368011 12
368012 101694 12
368015 1830 8
368016 18828 12
368017 45512 24
368019 52730 24
85068 534 22
85068 232738 24
368020 1178 24
368021 368022 24
368023 37637 24
368024 31893 24
368025 1067 24
368027 368028 24
368029 1098 12
368031 7956 12
368032 1290 24
368033 1290 24
368034 12801 12
368035 94639 24
368036 43728 24
368037 126716 12
368038 360 22
368038 1902 12
368039 368040 24
368039 47024 8
368042 1411 24
368042 127063 8
368043 82634 12
368046 1067 24
368048 274965 24
368049 832 12
368050 368051 24
368052 37637 24
368053 534 14
368053 534 22
368053 23567 14
368054 55500 12
368055 14203 12
368055 14203 14
368056 655 12
368057 134456 24
368061 8781 8
368066 1313 14
368067 94639 24
368072 1482 8
368076 36027 12
368079 24721 12
368080 81 2
368082 59362 24
368083 1082 22
368083 458 14
368083 210628 9
368085 2494 2
368086 368087 8
368093 35382 2
368093 55477 12
368094 655 24
368095 36176 24
368096 91200 12
368098 31873 24
368104 368105 24
368111 64289 24
368114 61281 24
368115 13908 2
368116 8892 12
368118 368119 24
368121 23321 12
368123 35206 26
368123 70277 12
368123 70353 2
368124 35206 26
368125 160189 24
191006 64593 12
368127 122769 2
368129 4076 12
368130 247193 24
368133 368134 24
368135 43558 12
368135 43558 2
368136 36393 24
368137 22417 24
368138 22417 24
368140 13500 12
368141 832 24
78507 10356 12
368142 22670 24
368143 13628 24
368147 28487 24
368152 111724 24
368153 36004 12
368169 50067 24
368170 31987 24
368171 3123 24
368178 2309 2
368178 12801 12
368179 159983 24
368180 22417 24
368182 3123 26
75995 368183 24
368199 368200 24
368201 43260 24
368204 2016 8
368204 2074 8
368204 31214 8
368205 145422 24
368206 144056 24
368207 163350 24
132510 12176 12
368209 56116 24
368210 154070 12
368211 11260 24
368212 116564 12
368212 368213 9
368214 8164 2
368215 2480 9
368215 197415 25
368215 655 12
368221 31893 24
368224 832 24
368230 1390 24
368234 126181 24
368235 440 22
368236 368237 12
35518 361 22
368244 268691 24
368247 439 22
368248 78574 24
368249 368250 24
368253 33407 24
368255 368256 24
368257 3845 12
368259 11260 24
368262 360 22
368262 368263 9
368265 66530 12
368266 40330 24
368269 36176 24
368270 365 24
368271 7332 24
368271 368272 24
368273 40900 24
368274 35206 26
368275 5554 24
368276 35206 26
368277 35206 26
368278 35206 26
368279 264062 24
368280 185198 24
368281 297035 11
368282 35206 26
368283 35206 26
368285 31589 24
368286 16319 12
368288 8143 12
368288 73 2
368289 1370 24
368292 19001 24
368293 2221 24
368298 19886 24
368299 368300 24
368305 48008 24
368306 48008 24
368308 31987 24
368309 2309 12
368311 4457 12
368312 458 14
368312 16771 12
368315 6994 12
368315 1655 26
368316 355800 24
368317 2519 22
368317 112397 12
368318 4278 14
368318 122356 14
368321 3123 24
368324 24833 24
368325 5120 12
368326 40080 12
368327 8929 24
368330 3123 24
368331 71051 2
368332 25932 12
368333 68591 12
368334 2745 22
368334 73656 24
368335 3123 24
368338 7653 12
368341 4680 24
368343 655 12
368344 168366 24
368345 11272 12
368346 285 24
368347 285 24
368350 285 24
368351 15445 12
368353 285 24
368354 232103 24
368355 3123 24
368356 83859 24
368370 4905 24
368373 153369 24
368374 68011 12
368375 368376 24
368377 27132 12
368377 27104 8
368378 25467 8
368379 29850 26
368379 29851 2
368380 24722 24
368385 90227 12
368386 16848 14
368387 59355 12
368392 10605 12
368393 16502 24
368394 52379 24
368397 3123 24
368398 7975 24
368399 156043 12
368400 3123 24
368401 2471 24
368402 6888 24
368403 2765 24
368407 264142 12
368410 20591 24
368411 13500 12
368412 3130 24
285509 13500 24
368418 31322 22
368419 1196 2
368419 22275 12
368422 1067 22
368423 52116 12
368424 55158 24
368425 368426 24
368431 197594 12
368432 36863 12
368437 162222 24
368438 80741 24
368439 320601 24
368440 216320 24
368441 285 22
368441 910 8
368442 910 8
368443 1261 24
368444 5508 12
368445 12707 24
368446 20886 24
368449 273706 24
368450 40237 24
368451 3123 24
368452 3123 24
368453 3123 24
368456 3123 24
368457 156436 24
368458 832 24
368459 15503 12
368460 20590 24
368462 18773 12
368463 3130 24
368464 49951 24
368465 42506 24
368466 57486 24
368467 26495 24
368471 173379 14
368474 457 14
368474 4457 14
368475 458 22
368476 2744 24
368477 285928 12
368477 69156 2
368478 60532 12
368479 117917 12
368480 5260 8
368480 10694 8
368480 357173 8
368481 57717 24
368486 2307 14
368487 131180 24
368489 43553 24
368492 230176 24
368493 18278 24
368494 55441 24
368495 832 2
368495 458 14
368502 156043 12
368503 1386 2
368503 56889 12
368504 190098 24
368505 1830 8
368509 2309 12
368510 101096 24
368511 183179 12
368513 31873 24
368514 285 24
368515 9336 24
368516 1313 14
368516 832 14
368518 132530 9
368521 368522 24
368523 285 24
368524 655 12
368525 3123 24
368526 362101 24
368527 43841 24
368528 167595 24
368529 52890 8
368530 2063 24
368531 285 24
368532 141741 24
368533 36865 12
368534 285 24
368535 16120 24
368537 54477 12
368538 2774 24
368540 4454 12
368544 2784 22
368545 368546 12
368547 368548 2
368551 234990 12
368553 2627 9
368554 3992 12
368555 1411 24
368556 278 22
368556 163504 9
174148 70180 24
368557 91915 8
368558 20368 22
368561 57400 12
368562 368563 24
368564 1757 2
368564 115346 8
368565 16847 2
368565 25443 12
72903 46738 22
368566 30949 2
368567 93760 8
368568 3068 8
368568 11254 8
368568 368569 8
368568 41790 8
368571 356 24
368572 111612 8
368573 3845 12
368574 47017 24
368575 363838 24
368576 119105 24
368577 2471 24
368578 4389 24
368579 7492 24
368580 66340 12
368581 57135 24
368582 145118 24
368583 1370 12
368584 52182 12
368587 4985 12
368588 174328 24
368589 2700 24
368592 16196 24
368593 41628 24
368594 43841 24
368595 368596 24
368597 81 12
368598 2017 8
368602 73947 24
368603 50733 24
368604 12578 24
368605 75445 24
368606 6887 24
368607 40900 24
368609 6887 24
368610 11955 24
368611 36497 24
368612 123117 12
368613 257259 24
368614 21570 2
368614 53213 12
368615 3123 24
368616 2052 24
368621 368622 12
368623 43841 24
368624 2486 24
368625 368626 24
368627 208758 24
368631 13454 2
368632 22390 2
368635 48008 12
368637 10308 8
368638 30925 24
368639 439 22
368639 198934 12
368640 655 2
368641 52118 12
368642 57685 12
368643 11042 9
368644 368645 24
368649 36863 24
368650 246712 24
368651 3123 24
368652 11955 24
368653 68469 2
368664 2309 12
368664 29959 2
368664 26968 8
328073 929 8
368665 16320 24
368666 10465 2
368667 48008 2
368667 29255 8
368668 280 24
368669 1099 24
368670 17164 12
368671 2745 24
368672 280 24
368673 31873 24
368674 5304 24
368675 368676 24
368677 34383 24
368680 43558 24
368681 119393 12
368682 34383 24
368684 34383 24
368685 25131 24
368687 8600 24
368688 62535 12
368689 106908 12
368690 93327 24
368691 368692 24
368694 106088 2
368695 2744 14
368695 470 14
368696 9048 24
368697 9048 24
368698 9336 24
368699 234115 24
368700 25131 2
368701 69264 2
368708 2331 8
368713 5464 24
193182 20886 24
368720 32343 2
368721 3845 24
368722 45421 12
368723 7073 25
368723 368724 8
368725 6994 12
368725 68048 2
368725 1655 26
368726 30850 12
368726 56833 2
368727 4936 12
368730 26968 8
368731 3068 8
368737 100894 24
368738 1015 12
368750 4389 24
368753 3129 12
368757 123170 24
368758 368759 14
368763 57208 24
220595 3207 14
220595 13500 14
368764 1370 12
368768 18786 24
368773 1384 24
368774 3207 24
368775 160638 8
368776 48304 2
368777 78434 12
368777 19279 2
368778 62641 24
368779 3976 9
368779 17335 12
368779 17335 14
368781 4454 12
368782 1297 9
368784 364 24
368785 10465 2
368785 115346 8
368786 364 24
368787 246746 24
368788 40236 24
368789 52182 12
368792 2686 2
368793 1370 12
368794 19181 24
368796 832 24
368797 655 12
368799 368800 24
368801 1196 12
368801 1196 14
368802 20371 24
368803 368804 24
368806 149103 24
368807 1370 24
368808 3847 24
368809 40900 24
368810 52653 12
368811 3845 12
368812 57548 24
368813 57548 24
368814 439 22
368814 284012 12
368816 40103 2
368817 3123 24
368820 95290 24
368822 832 12
368829 368830 24
368831 126185 24
368832 292799 12
368833 147922 24
368834 81 14
368834 91060 24
368835 24721 24
368838 285 22
368839 197942 24
368840 368841 24
368843 5314 24
368844 218303 24
368846 62498 24
368847 16526 24
368848 24722 24
368849 368850 2
368852 15650 12
368854 68514 12
368855 142457 24
368856 13454 2
368857 156426 24
368858 3987 24
368859 56653 24
368860 3987 24
368861 2221 24
368862 7458 12
368863 78657 24
368866 5256 8
368866 3068 8
368866 5258 8
368866 368867 12
368866 70961 2
368866 94634 8
368866 368868 8
368870 50733 24
368871 2481 12
368872 46640 24
368873 15249 12
368874 23320 9
368874 11874 12
368874 11874 14
368875 2700 24
368883 55338 24
368884 109001 27
368885 9094 12
368887 2700 24
368891 2700 24
368892 539 2
368892 186325 24
368892 532 22
368893 2700 24
368894 15862 26
368894 25554 2
368895 82634 12
368896 546 12
368898 133346 8
368898 368899 8
368900 368901 24
368905 142680 9
368906 440 24
368907 3001 24
368908 2745 24
368909 1384 24
368912 368913 24
368916 278 14
368916 38043 2
368916 368917 25
368918 40900 24
368919 136521 12
368920 459 24
368921 5256 8
368921 5562 8
368921 3068 8
368921 5563 8
368921 3072 8
368923 65541 24
368924 31661 24
368928 18786 24
368930 368931 14
53421 910 8
368934 37625 24
368942 57320 12
368943 1310 2
368944 50465 24
368946 11874 24
368953 15249 12
368954 20371 24
368955 69477 24
368956 19181 24
368957 368958 24
368959 368960 24
368961 13628 24
368962 5508 12
368964 202521 9
368964 20387 12
368964 248340 11
368965 40900 24
368966 68157 2
368966 68157 14
368967 368968 14
368969 19181 24
368970 323063 24
368971 363484 2
368971 132117 8
368971 8781 8
368971 132118 8
368972 221969 24
368973 69841 12
368976 19051 12
368977 91200 12
368979 207408 24
368980 5322 24
368981 5322 24
368982 2687 24
368983 52372 24
368984 2687 24
368985 18146 22
368987 31893 24
368988 2687 24
368989 169654 24
368990 2687 24
368992 12725 24
368993 368994 11
368995 91200 12
368996 31893 24
368997 43553 24
368999 832 24
369000 360 22
369000 9426 25
369001 58422 14
369002 36393 24
208354 1675 14
208354 57520 14
208354 655 12
369005 91200 12
369006 1634 2
369008 158495 24
369009 12176 24
369010 73643 24
369012 249089 24
369013 1196 24
369014 12176 12
369015 19181 24
369016 819 26
369016 1380 12
369017 201470 24
369018 9093 8
369019 52373 24
369020 43553 24
369021 87975 14
369022 8540 22
369024 832 2
369025 196887 24
369026 2309 12
369026 2309 2
369026 26968 8
369028 45512 12
369029 369030 24
369031 1792 24
369033 352064 24
369034 343217 11
369034 2005 25
369036 45512 12
369043 18786 24
369045 306907 24
369048 161657 12
369049 5457 24
369050 5554 12
369051 19279 12
369051 19279 14
369051 112420 9
369055 58261 2
369055 58545 12
369060 105473 24
369061 11857 9
369061 180434 11
369061 201780 8
369064 458 22
369066 26968 8
369067 369068 24
369069 31873 24
369070 1313 14
369070 135714 14
369071 272395 12
369073 5508 2
369073 5508 14
369073 5509 14
369073 67086 12
369073 369074 27
369075 459 24
369076 1313 24
369077 127657 24
369078 46640 24
369080 369081 24
369082 66479 12
369083 4167 12
369083 2016 8
369086 369087 24
369089 47184 12
369103 357 24
369104 369105 24
369106 3068 8
369106 5259 8
369106 5260 8
369106 32825 8
369106 3072 8
369107 11260 24
369108 4668 24
369109 8163 12
369113 41024 14
369114 369115 24
369120 819 24
369121 56118 24
369122 126194 24
369124 655 24
369125 12814 24
369126 144056 24
369127 2309 24
287357 31498 14
287357 167228 14
369128 136384 12
369129 39466 12
369129 285 22
369129 313371 9
369131 36375 24
369132 8929 24
369134 459 24
369135 91533 12
369135 3845 2
369136 50840 24
369137 4164 12
369138 40900 24
369139 832 12
369139 832 14
369142 46159 2
369142 56746 12
369145 18786 24
369146 89807 24
369147 89807 24
369148 89807 24
369149 89807 24
369150 89807 24
369153 89807 24
369154 19051 12
369157 89807 24
369158 2221 12
369159 74082 12
369160 89807 24
369161 89807 24
369162 40900 24
369164 89808 24
369165 4772 24
369166 18786 24
369167 39103 12
369168 40237 24
369168 285116 24
369169 4164 12
369170 369171 24
369172 1815 24
369173 89807 24
369174 89807 24
369175 89807 24
369176 89807 24
369177 15503 12
369178 369179 24
369180 5258 8
369180 22918 8
369181 369182 24
369184 4677 24
369185 1390 22
369185 7956 12
369187 39998 24
369188 441 24
369189 57085 24
369189 369190 24
369191 1830 8
369192 172814 24
369197 12395 12
369197 369198 14
369197 171946 9
369199 78563 24
369200 369201 24
369202 141862 24
369203 281345 24
369204 37416 2
369205 41027 24
369206 1482 8
369206 97483 8
369210 31498 24
369219 19567 2
369219 253066 24
369219 115587 8
369223 262130 24
369226 172325 24
369227 2383 14
369228 369229 8
369230 16479 12
369233 15935 24
369237 48241 24
369239 31987 24
369241 36497 24
221672 22437 2
369242 7158 24
369243 14203 24
369244 48241 24
369245 3272 12
369246 196933 24
369247 2821 12
369248 832 12
369249 335614 24
369250 39411 24
369252 6574 2
369252 3130 24
369255 18165 24
369260 457 14
369260 13454 14
290316 73947 24
369261 369262 24
369263 348595 8
369263 281836 8
369265 40900 24
369266 6335 24
369267 2221 12
369268 546 12
369270 2221 24
369271 2700 24
369272 191381 14
369272 51441 12
369272 51441 14
369272 99259 9
369274 16479 12
369275 26968 8
369277 8781 8
369278 41769 24
369279 1125 12
369279 438 22
369280 1757 24
369281 284 24
369282 25131 12
343590 1069 22
369289 11668 11
369292 1099 24
369293 39410 12
369294 369295 24
369296 318719 12
369297 12487 24
369300 80582 24
369301 10699 24
369302 44441 12
369303 1261 2
369309 40900 24
369310 6574 2
369312 11955 24
369313 459 24
369314 1082 14
369314 11042 9
369314 11042 25
369315 81 12
369317 10360 12
369318 119762 8
369321 201470 24
369322 19181 24
369325 29643 2
369326 133711 24
369327 19181 24
369328 369329 14
369330 18786 24
369331 44413 12
369331 369332 9
369333 539 2
369334 68499 12
106370 13454 24
369335 11260 12
369339 2223 12
369339 2224 2
369339 304992 11
369344 18786 24
369345 160003 14
369367 10699 24
369368 8589 24
369369 2486 24
369370 18786 24
369371 655 12
369373 46298 24
369375 2331 8
369381 832 12
369382 357 12
369383 5256 8
369383 3068 8
369383 5260 8
369383 10694 8
369383 41790 8
369383 3072 8
369383 12176 12
369384 6888 22
369384 369385 25
369384 12491 8
369384 96615 8
369386 208758 24
369388 48241 24
369389 168714 24
369390 14740 12
369391 2016 8
369392 360 22
369392 423 8
369392 369393 11
369394 135048 24
369397 48241 24
369401 48241 24
369402 48241 24
369403 369404 12
369407 1196 2
9952 1911 2
9952 131375 12
369408 174041 24
369409 458 22
369410 832 12
369411 5121 24
369413 1380 24
369414 26968 8
369414 655 12
369415 48241 24
369420 6962 24
369421 4164 24
369422 280 24
369423 43558 24
369424 274693 24
369425 2305 24
369426 2305 24
369429 37637 24
369431 51154 12
369432 90193 12
369433 139379 9
369434 16803 12
369437 369438 24
369440 336780 24
369441 9850 24
369442 9850 24
369443 9850 24
369445 24722 24
369453 369454 24
369455 61635 24
369456 79784 12
369457 274585 24
369458 31589 24
369459 13421 12
369460 48241 24
369461 64268 12
369463 215993 2
369464 32343 2
369464 26968 8
369465 1099 24
369466 48241 24
369467 70837 12
369468 48241 24
369469 71032 24
369472 439 24
369474 37637 24
369475 438 24
369476 113481 24
369477 1830 8
369478 8605 24
369479 12849 9
369479 655 12
369480 39412 24
369481 126559 12
369482 149674 24
369483 24722 24
369484 19552 24
369485 35382 24
369487 4668 24
369488 7114 8
369488 64929 2
369488 6129 8
369488 3073 8
369489 6259 12
369490 248480 24
369491 369492 24
369493 25523 12
369494 39106 24
369495 5508 14
369495 5509 14
369495 369074 27
369495 655 12
369496 244427 11
369501 14529 9
369502 40907 8
369505 173965 12
369511 18773 24
369515 50459 8
369516 13350 12
369524 655 12
369525 274965 24
369526 832 2
369527 3068 8
369527 5260 8
369527 655 12
369527 10694 8
369527 41790 8
369528 31893 24
369529 125657 27
369530 153240 25
369530 11260 2
369530 11042 9
369531 86751 2
369532 789 12
369535 18786 24
369536 330397 24
369537 202059 24
369538 18786 24
369544 456 24
369545 94326 12
369546 174623 22
369547 3123 14
369547 9029 14
369548 38043 12
369549 38043 12
369550 267721 24
369554 3845 24
369555 369556 24
369557 116170 24
369558 47098 24
369559 832 24
369560 40237 24
369561 12707 24
369562 13454 2
369565 8519 24
369566 16502 24
369567 18117 12
369569 186846 12
369570 369571 24
369572 48241 24
369574 369575 24
369576 6151 24
369577 6888 24
369578 18117 12
369579 78640 12
369583 20384 24
369586 48241 24
369587 369588 12
369589 832 24
369590 43841 24
369592 87295 24
369594 252520 24
369595 459 24
369597 122956 12
369599 220 2
369599 32951 12
369601 40900 24
369602 26968 8
369604 110404 24
369605 39889 9
369608 48241 24
369609 70180 24
369610 136384 24
369615 41784 24
369616 44440 24
369617 278 22
369617 23562 2
369617 38043 12
369619 48768 24
369620 2224 24
369625 278 22
369625 2011 2
369626 41542 24
369628 42498 24
369630 653 24
369631 7229 8
369632 186238 24
369635 7229 8
369636 7229 8
369637 1634 24
369639 11874 24
369640 125304 2
369641 8237 12
369642 317461 24
369643 160714 24
369644 16493 24
369646 29048 24
369647 16526 2
369648 1380 24
369649 94117 24
369651 7114 8
369651 1 12
369651 54840 2
369651 6129 8
369652 105653 24
369653 9093 8
369654 29048 24
369657 210056 24
369658 789 24
369659 16803 12
369660 2821 12
369661 4278 22
369662 369663 12
369665 284 24
369666 18786 24
369669 19051 12
369669 19051 2
369669 53446 8
369670 224071 24
369671 48650 24
369672 323105 24
80407 92660 2
80407 15367 12
369673 36646 8
369674 457 22
369675 249089 24
369676 4457 24
369677 2774 24
369678 249089 24
369679 31163 24
369680 186238 24
369681 186238 24
369682 186238 24
369683 186238 24
369684 38720 24
369686 2744 24
369687 18786 24
369688 152030 12
369689 2751 24
369690 60795 12
369691 11938 24
369692 1760 12
369693 1370 24
369694 1370 24
369700 1099 24
369701 59300 12
340125 3845 12
369703 12707 24
369706 190517 24
369708 12707 24
369709 12707 24
369712 16319 12
369713 369714 24
369715 12707 24
369716 278 22
369716 23562 2
369717 12707 24
369718 34862 24
369719 1830 8
369727 36497 24
369728 2063 12
369729 7956 12
369730 14244 2
369731 1067 14
369731 369732 14
369731 148238 9
369733 218303 24
369738 31498 24
369739 26494 24
369740 313381 24
369741 369742 24
369743 353229 24
369744 832 24
369749 19002 12
121866 655 24
369750 68182 2
369751 18279 24
369752 2481 24
369753 70236 2
369755 285 22
369756 369757 24
369758 19181 24
369759 37638 24
369760 75445 24
369762 48241 24
369763 31589 24
369765 1015 12
369765 2017 8
369765 363429 8
369766 31589 24
364882 31589 24
369770 8781 8
369771 31589 24
369772 31589 24
369773 31589 24
369774 73 2
369775 5423 24
369776 1010 24
369777 74929 12
369777 8781 8
369778 56125 2
369778 56125 14
369780 209 24
369781 258981 24
369782 8781 8
369783 56005 24
369784 533 24
369785 2515 26
369785 41024 2
369785 61162 12
369785 54243 9
369786 4457 12
369790 73947 24
369791 1045 25
369791 37553 2
369791 139483 9
369792 70571 24
369793 6574 24
369794 543 24
369795 4389 24
369796 470 24
369797 64593 12
369801 19552 24
369802 361 24
360015 2199 24
360015 31488 8
369803 2746 24
369804 81 12
369804 87970 9
369804 68003 14
369805 3803 2
369806 2821 12
369807 19279 24
369808 819 14
369808 7158 14
369809 168382 24
369810 56665 24
369811 20384 24
369812 369813 12
369814 54853 24
369815 7595 24
369816 261485 24
369817 73 2
369817 1297 9
369819 18117 24
369820 19551 24
369821 2700 24
369822 2205 24
369823 22417 12
369826 46045 24
369828 2016 8
369828 2074 8
369828 369829 8
369830 162678 24
369831 255299 24
369832 8929 24
369833 91212 12
369835 171635 8
162946 70458 24
369836 14339 12
369837 81 2
369838 11874 12
369839 1634 12
369839 285 22
369840 8034 12
369841 29223 24
369842 114800 24
369843 832 12
369844 655 12
369845 39103 24
369846 153117 24
369847 6994 24
369848 1757 24
369849 161669 24
369850 11953 24
369851 18786 24
369852 43553 24
369853 284 22
369854 43553 24
369855 43553 24
369856 43553 24
369857 369858 24
369859 43553 24
369860 2686 12
339521 2532 24
369861 114051 9
369861 2210 14
369864 44298 12
369865 19002 12
369866 22485 24
369867 19181 24
369868 369869 24
369870 3123 24
369871 266911 2
369871 3845 12
369872 123391 12
369873 31893 24
369874 7369 24
369875 369876 24
369877 175279 24
369878 25925 24
369879 61387 24
116362 534 22
116362 94777 24
369880 1196 12
369881 56982 24
369882 234188 24
369883 161669 12
369884 458 22
369884 13272 12
369885 16509 24
369886 56877 12
369887 218303 24
369888 3001 24
369889 2331 8
369891 135048 24
369897 229956 24
369898 3977 24
369902 8617 24
369903 3977 24
369904 43553 24
369905 43553 24
369906 43553 24
369907 43553 24
369908 43553 24
369909 123457 12
369910 369911 24
369912 43553 24
369913 78398 12
369919 201095 24
369920 470 12
369920 470 2
369923 2993 24
369924 3123 24
369925 19544 24
369926 165957 24
369927 43553 24
369939 19181 24
369941 458 22
45606 1634 12
369942 247393 24
246242 15249 12
369951 3845 12
369958 120980 24
369960 3207 14
369960 5151 14
369960 102753 25
369962 1313 24
369963 18773 12
369964 4905 2
369965 242578 12
369966 70745 24
369968 235690 24
369969 42077 9
369972 2517 24
244500 655 12
369975 108468 24
369976 29172 12
369977 369978 24
369979 46819 12
369980 369981 24
369982 1830 8
369983 48354 2
369983 68511 12
369984 48674 24
369985 1196 12
369985 1196 2
369986 12814 24
369987 55047 12
369988 8735 24
369989 369990 24
369991 11261 24
214547 124181 9
187485 29223 24
369993 40900 24
369997 2515 26
369997 15239 2
369997 96105 9
369998 66954 24
369999 197973 24
370000 61737 12
370001 3123 26
370002 259387 24
370003 56230 24
370004 3068 8
370004 5258 8
370004 5259 8
370004 6484 8
370005 16479 24
370006 201520 24
370007 153240 9
370007 370008 8
370007 29528 8
370010 4392 24
370011 112068 12
370012 56990 24
370015 56859 24
370018 15367 12
370019 56713 12
370024 2821 12
370025 2383 24
370026 99505 24
370027 215876 24
370028 458 24
370031 68483 12
370032 101694 12
370033 370034 9
370036 156428 24
370041 13270 24
370042 160295 14
370043 370044 24
370045 240391 24
370046 156426 24
370047 60112 12
370048 55413 12
370049 115346 8
370050 4392 24
370051 3123 24
370052 44388 8
370053 57543 2
370054 370055 14
370056 832 24
370057 195709 24
370058 213705 24
370060 42575 8
370061 4392 24
370062 8934 24
370065 12578 24
370066 8248 24
370067 159985 24
370068 31192 24
370069 3069 8
370070 57382 24
370071 66583 12
370072 77578 12
370073 147838 24
370074 6994 2
370074 68483 12
370075 370076 24
370078 370079 24
370080 17479 8
370094 2821 12
370097 117093 2
370097 62738 12
370097 26968 8
370098 438 24
370099 52953 24
370100 438 24
370101 370102 24
370106 150439 24
370107 3001 24
370108 123030 12
370109 78446 24
370110 52372 24
370111 22227 12
370112 370113 24
370118 370119 24
370120 18147 24
370121 37992 24
370130 459 24
370131 2063 2
370132 2700 24
370133 44441 12
370134 4389 24
370135 5151 24
370136 14740 24
370139 10690 9
370140 27567 24
370141 459 24
370143 439 22
121502 22183 12
121502 52372 2
370146 9048 24
370147 370148 24
370149 48241 12
117187 33407 12
117187 302788 11
370152 2794 24
370153 5508 12
370154 14203 2
370157 56916 24
370158 56892 12
370159 125304 12
370160 25443 12
314222 200568 14
370161 124382 12
370162 361 24
314223 439 14
370164 45302 12
370165 68625 24
370166 8164 24
370171 81 2
370174 20591 26
370175 2471 12
370176 25308 24
370177 102287 12
370178 69203 24
370179 3971 12
370180 21762 12
370180 21762 14
370180 370181 9
370182 14203 12
370183 265174 24
370184 52204 9
370184 42077 25
370188 370189 24
370190 2016 8
370190 2074 8
370191 135048 24
370192 45305 24
370193 45305 24
370194 2700 24
314224 819 14
370197 2700 24
370198 2700 24
370199 43728 24
370200 2700 24
370201 83546 24
370202 458 22
370202 1770 25
370202 288755 11
370202 370203 8
370204 370205 24
370209 31893 24
370212 5258 8
370212 2481 12
370212 11254 8
370212 44276 8
370212 41789 8
370212 370213 8
370212 370214 8
370215 104222 12
370216 9127 24
370217 36782 12
370218 22485 24
370219 11541 2
370239 370240 24
370241 23562 12
370241 23562 2
370244 20319 24
243785 19293 22
243785 135048 14
243785 89087 14
243785 227789 14
243785 73772 12
370246 7363 22
370251 439 22
370252 2774 24
370253 370254 24
370255 36393 24
370256 1830 8
370257 1370 24
370260 261198 24
370261 148011 24
370264 50459 8
370265 10039 12
370265 423 8
370266 423 8
370266 54853 12
370266 2321 8
370267 91221 12
369393 4063 12
369393 423 8
369393 370268 25
370269 655 12
370270 1370 24
370271 370272 11
370274 159985 24
370277 161145 24
370278 108666 24
370279 38970 2
370280 160030 24
370281 539 12
370282 5508 24
370284 191131 24
370285 1326 24
370286 44892 9
370288 36176 24
370289 370290 24
370291 57471 24
370292 458 22
370292 7956 12
370292 14375 9
370293 156445 24
370294 23567 24
370295 41027 24
370296 350393 24
322751 458 22
370298 3130 24
370299 7653 24
370303 67910 12
370305 3987 24
370306 12578 24
370311 3845 12
370313 360 24
370314 98524 12
370315 29360 2
370315 24721 12
370316 88640 24
370317 43746 24
370318 159916 27
370319 261820 24
370320 36375 24
370322 61551 24
370323 39106 24
370325 38951 24
370328 12893 24
370330 18773 24
370335 8277 12
370337 3431 8
370337 7229 8
370339 11260 12
55898 220 2
370342 108464 24
370344 832 14
370344 121348 9
370345 3068 8
370350 9127 24
370351 2813 24
299867 19002 12
370354 11953 24
370355 832 2
370356 4279 24
370357 140119 24
370358 3431 8
370360 3431 8
370360 7229 8
370361 256682 24
370363 138252 12
370364 135366 12
370364 6484 8
370365 41027 24
370369 370370 24
370371 70785 12
370371 27104 8
370372 94063 24
370373 10634 24
370374 250368 24
370379 4279 24
370380 1389 12
370382 3001 24
370383 11260 12
253813 13406 12
370386 370387 24
370388 8600 24
370393 8600 24
370394 2744 22
370394 470 12
370394 470 2
370401 72889 24
370402 230985 24
370403 285 24
370404 458 22
370405 38689 12
370406 88640 24
370407 16199 24
370408 18117 24
370410 232601 12
370411 370412 24
370413 370414 24
370415 9100 24
370417 370418 24
370420 370421 24
370422 59475 24
370427 370428 24
370429 19293 24
370430 2745 22
370430 370431 24
370432 21762 2
370432 13991 12
370433 370434 24
370435 313548 24
370438 230985 24
370445 2745 22
370449 459 24
370450 163022 2
370450 370451 12
370453 41031 24
370454 64593 24
370455 41031 24
370456 122654 24
370457 3886 14
370457 539 12
370459 13500 12
370460 822 9
370469 19181 24
370486 68183 12
370487 40042 24
370488 2700 24
370489 370490 24
370492 8929 26
370493 348946 24
370494 35222 24
370495 54279 24
370496 58536 12
370497 43746 24
370498 57740 12
370501 2486 24
346933 5314 24
370502 332779 24
370503 2014 9
370504 52604 12
370505 37992 24
370508 70846 24
370509 15305 8
370524 370290 24
370525 440 22
370532 59800 24
231820 6207 9
231820 66909 14
231820 67124 12
370533 3130 24
14006 98838 12
370537 41027 24
370539 40900 24
370540 26968 8
370541 35222 24
370542 43578 24
370543 12713 9
370544 25932 12
370545 118677 24
370546 288158 24
370550 370551 24
370552 88640 24
370553 88640 24
370554 50465 24
370555 370556 24
370557 36542 12
370558 4278 22
370559 29068 12
370560 17177 24
370561 361 22
370562 2309 12
370562 91915 8
370567 8143 12
370568 160238 24
370569 78705 24
370570 819 24
370571 2763 24
370572 179470 24
370574 458 22
370576 819 24
370577 1830 8
182233 370578 2
370580 1830 8
370581 370582 24
370583 72563 12
370586 13335 24
370589 144056 24
370590 357 2
370591 144056 24
370592 12405 24
370594 125876 24
370595 355800 24
78390 1911 2
370600 40900 24
78392 1911 2
370601 18786 24
370602 370603 24
370604 233814 24
370605 2206 12
370606 5508 12
370607 5112 24
317272 3012 24
370612 370613 24
370614 11721 12
370617 79955 24
370618 6186 8
370626 11953 22
370627 50733 24
370627 257730 24
370628 1760 24
370629 370556 24
370630 88640 24
370631 105193 24
370633 370556 24
370634 18828 24
370635 129448 24
370636 6994 12
370636 56125 14
370637 8735 24
370640 2344 2
370643 26498 24
370644 8604 24
370645 125304 12
370645 125304 2
370646 370647 24
370648 1771 24
370649 17069 24
370650 153967 24
370651 5303 14
370651 25443 12
370652 98133 14
370653 285 22
370654 22044 24
370655 151889 12
370656 37073 12
370656 4440 14
370659 1911 24
370660 302570 24
370661 2745 22
370661 105193 24
370662 302570 24
370663 335202 12
370664 78973 24
370665 41415 24
370666 370667 24
370668 222967 24
370669 99505 12
370671 177893 24
370672 52379 24
370673 7653 24
370678 1814 14
370678 61846 12
370679 1814 12
370680 370681 24
370682 459 24
370683 16120 24
370684 56997 12
370685 22562 12
370686 440 24
370687 59396 24
370688 31987 24
370689 36497 24
370690 46711 12
370690 370691 27
370692 36497 24
370693 20387 12
370693 11261 2
370694 459 24
370695 15443 24
370696 5303 14
370696 33908 12
370697 256682 24
370698 31873 24
370699 459 24
370701 370702 24
370705 10899 24
370706 3123 24
370707 8892 24
370708 21789 22
370708 50838 12
370708 1261 2
370709 77730 24
370710 301626 12
370711 2303 24
370712 18773 24
370716 2486 24
370716 370717 24
370718 5303 14
370718 147740 12
370719 3845 12
370721 1370 14
370722 2486 24
370723 13500 24
370724 43553 24
370725 1370 12
370726 1370 12
370727 16526 12
370727 364 14
370727 328468 14
370727 97087 27
370727 129997 9
370727 370728 27
370729 1370 12
370730 1082 24
370731 1370 14
370732 370733 12
84566 13649 12
370734 370735 24
370736 370737 24
370738 41034 8
370738 8781 8
370739 339628 24
370740 339628 24
370742 24635 24
370743 4905 12
370744 20387 2
370745 44450 24
370746 7049 24
370747 47017 24
370748 11260 14
370749 438 24
370750 18773 24
370751 2821 12
370752 4758 12
370753 832 12
370753 458 22
370756 108144 8
370756 301674 12
370758 31893 24
370759 15249 12
370759 108144 8
370760 2481 24
370761 285 22
36730 23252 2
370772 144056 24
370774 37625 24
370776 370777 2
370779 35074 12
370780 18786 24
370781 279 22
370781 271052 11
370781 4440 12
370782 4677 24
370783 5509 24
370784 454 24
370785 6888 24
370786 7229 8
370787 1048 24
370788 73 24
370789 2206 12
370790 2774 24
370791 457 22
370793 269274 24
370794 7653 24
370795 160947 24
370796 8603 24
370797 17379 24
370798 655 24
370801 43841 24
370802 1760 12
370804 361 22
370806 126185 24
370807 35222 24
370808 95032 12
370808 98539 8
370810 225272 2
370810 101289 12
370810 98539 8
370811 2746 24
370812 30923 24
370814 38161 24
370815 7975 2
370819 1760 12
370820 63499 24
370821 73 2
370821 10694 8
370824 370825 24
370828 7363 22
370828 112537 9
370829 18786 14
370830 120518 2
370831 440 24
370832 3977 12
370833 26968 8
370834 29643 12
370835 25443 12
370835 1045 9
156991 30850 12
156991 30850 2
370841 156437 24
370846 458 22
370846 4076 12
370847 6034 9
370848 46640 12
370849 655 14
370849 7158 14
370849 370850 9
370851 370852 24
370853 103708 24
370854 42077 9
370854 52372 12
370855 3123 24
370857 88640 24
370858 360 22
370859 31873 24
370860 103708 24
370861 2519 22
370861 44413 24
370862 3123 24
370863 339628 24
370864 327319 12
370865 339628 24
370866 147838 12
370868 339628 24
370869 339628 24
370870 17379 24
370871 39184 24
370872 370873 24
370874 58163 24
370875 56976 24
370880 56906 24
370881 78706 12
370881 78706 14
370881 102957 9
370882 3123 24
370883 6994 24
370884 3123 24
370885 370886 24
245828 370887 9
370888 24833 2
370888 141194 12
370893 78705 24
370894 2017 8
370897 5508 24
370898 256682 24
370899 370900 24
370901 34254 24
370902 440 24
370903 193211 24
370904 256682 24
370905 1814 14
370905 17390 12
370906 1814 14
370906 17390 12
370907 5303 14
370907 33908 12
370908 438 24
370910 51154 12
370911 438 24
370912 5303 14
370912 12247 12
370913 1069 22
370914 5303 14
370914 25443 12
370915 5303 14
370918 78398 12
370919 440 24
370920 25807 12
370921 25807 12
370922 2309 14
370925 2309 14
370925 32907 12
370926 78197 24
370927 230985 24
370928 7484 14
331368 3001 24
370929 47098 24
370930 230985 24
370931 655 2
370936 56663 12
370937 48354 24
370938 62426 2
370938 62473 12
370949 56749 24
370950 63691 12
370951 370952 24
370953 166300 24
370954 49608 24
370958 174894 24
370959 1384 24
370963 13052 24
370964 7073 9
370964 4012 14
370968 2221 2
370970 1196 12
370971 370972 12
370973 13649 24
370974 655 12
370975 16197 24
370976 458 24
370979 1911 24
370980 1099 24
370981 11260 12
370982 2206 12
370983 121030 11
251097 52796 24
370985 4985 24
370986 95032 12
370987 370988 24
370989 31987 24
370990 4985 24
370991 7332 24
370993 219904 24
370994 269274 24
82217 37637 24
370996 14529 9
370996 29279 12
370996 258252 14
370997 2814 24
370998 127458 12
371000 3001 24
371000 1482 8
371006 57522 2
371007 16903 24
371008 1319 24
371009 339585 24
371013 1313 24
371014 371015 24
371016 37625 12
371017 655 2
371019 159916 27
371022 50733 24
5071 20590 12
371025 68736 24
263485 10763 24
371026 38970 12
371026 57697 2
371026 371027 9
371028 54477 12
371028 121348 9
371029 4169 24
371030 43746 24
371032 301626 12
371033 39106 24
371034 1370 12
371035 1370 14
371036 30258 24
371037 1370 12
371038 1370 12
371039 1370 12
371041 2765 14
371041 83128 14
371045 3431 8
371045 7229 8
371049 655 12
371050 156437 24
371051 156437 24
371052 53003 24
371053 75413 12
371057 371058 24
371059 357 12
371062 58203 24
371063 56798 2
371066 371067 24
371068 230985 24
254836 5560 2
371070 156437 24
371071 230985 24
371072 156437 24
371073 156437 24
371074 230985 24
371075 362263 24
371076 1370 12
371077 1760 2
371078 371075 24
371086 44401 8
371086 32825 8
371087 5554 12
371088 12247 24
371091 3977 12
371092 1902 2
371092 18815 12
371092 8781 8
371093 230985 24
371094 230985 24
371096 14212 12
371097 121084 8
371098 230985 24
371099 230985 24
371101 230985 24
371102 230985 24
371104 46640 12
371105 230985 24
371106 360 22
371111 40237 24
371112 86751 24
371113 3845 12
371114 1792 24
371115 31770 12
371116 5256 8
371116 3068 8
371116 5563 8
371117 832 12
371119 57274 14
371126 123281 12
371127 1370 12
371128 30925 24
371132 32343 2
371133 18786 24
371138 371139 24
371140 15357 24
371147 5151 24
371148 371149 24
371150 454 22
371150 183176 2
371149 20664 24
371166 26968 8
371167 2821 12
371167 2821 2
371168 56607 12
371169 371170 24
371171 19547 12
371172 16526 2
371172 117197 22
371173 371174 24
371175 371176 24
371177 85533 24
371178 85533 24
371179 371180 2
371181 136683 2
371182 85534 24
371183 94234 24
371184 18786 24
371185 19293 22
371185 135048 14
371185 89087 14
371185 371186 9
371188 161411 24
371189 40900 24
371195 2486 24
371196 64603 24
371197 46132 12
371201 132930 27
371201 371202 9
371204 2309 12
254658 69351 12
371205 81 12
371206 56005 2
371207 77855 8
371207 371209 12
371211 371212 24
371213 26498 2
371213 149363 12
371232 57507 24
371233 348946 24
371234 4169 14
371235 13908 12
371238 179561 12
371239 75445 24
371240 1760 2
371240 10898 12
371244 279 22
371245 179561 12
371246 341212 8
371246 193225 8
371246 193226 8
371246 193227 8
371246 193228 8
371248 285 24
371248 371249 24
371253 144327 24
371254 84655 12
371260 1760 12
371261 4012 24
371264 1760 24
371266 4279 24
371267 36004 12
371268 91997 24
371269 3068 8
371269 56804 2
371273 1370 12
371274 14249 9
371275 1370 12
371276 5456 24
371278 36393 24
371280 60616 12
371281 61747 12
371284 24833 24
371285 1370 12
371286 1370 12
371287 440 22
371288 16847 12
371289 137282 9
371292 9039 24
371293 4985 12
371297 43558 12
371297 43558 2
371298 62579 24
371299 31589 24
371299 31590 24
371300 122949 24
371301 87970 9
371301 58427 12
371301 371302 27
371301 371303 27
371304 6963 22
154944 29795 12
371305 89807 24
371307 89807 24
371309 89807 24
371310 89807 24
371311 7973 24
371312 89807 24
371313 1048 22
371314 89807 24
371319 183193 27
256631 162726 14
371326 110245 12
371327 315399 24
371328 10899 12
371330 8146 12
371330 15064 9
371330 317075 27
371331 1380 24
371335 58868 24
371336 7477 8
371341 184732 14
264855 371342 24
371344 12405 24
371346 284 14
371346 10360 12
371346 10360 14
371348 1634 12
371348 285 22
371349 2309 2
371351 2515 26
371351 61096 12
371351 54243 9
371353 144056 24
371355 30028 24
371361 8892 12
371364 250797 24
371365 147740 24
371366 158495 24
371367 285 22
371367 48657 24
371369 1390 24
371372 13454 24
371373 16196 24
371374 31987 24
371375 38316 24
371376 152030 24
371376 371377 24
371378 39103 12
371379 3845 2
371380 1356 2
371380 167414 24
371381 4454 12
371382 95290 24
371383 201704 24
371385 3129 24
371387 180120 12
371396 1261 12
371397 52201 9
371400 31987 24
371403 36497 24
371404 26494 24
371405 1792 12
371406 6888 24
371407 1760 12
371409 2309 12
371409 26968 8
371410 106212 12
371410 13628 2
371411 832 2
371412 5256 8
371412 22390 12
371412 5259 8
371412 26968 8
371412 11254 8
371412 101332 8
371412 44276 8
371412 41789 8
371413 3845 12
371414 8236 12
371415 360 22
371415 10899 12
371416 3207 22
371417 1411 12
371417 282 22
371418 2744 24
371424 5258 8
371424 64743 12
371424 26968 8
371424 50431 8
371424 41790 8
371426 318250 24
371429 371430 12
371431 36497 24
371432 36497 24
371433 36497 24
371434 56681 24
371435 1292 24
371436 45433 22
371436 113216 9
371441 9127 24
371442 267962 24
371443 1902 2
371443 36905 12
371443 8781 8
371444 249319 8
371444 269981 8
371445 2344 12
371448 36752 12
371449 3251 9
371449 32343 12
371449 65363 14
371450 44273 9
371450 12801 12
371450 19483 14
354219 36905 12
371453 3803 24
371454 134480 24
371455 7363 22
371455 74882 9
371458 7584 24
371459 178227 24
371463 144056 24
371473 2224 24
371476 120425 8
371477 25525 14
371477 30850 12
371477 57914 14
371480 110999 2
371482 61553 12
371483 57663 24
371487 32325 9
371488 26094 12
371488 3072 8
371489 1757 24
371490 2821 12
371491 18773 12
371493 152030 24
371494 32319 24
371495 321955 24
371497 11955 24
371498 3068 8
371498 109068 8
371499 123909 14
371499 294003 12
371500 21553 24
371501 81 12
371502 50426 24
371503 371504 24
371505 16493 24
371506 11874 24
371507 56118 12
371511 42498 24
371512 1313 14
371512 2005 25
371513 5304 26
371514 1313 14
371514 458 22
371517 5151 24
371518 5304 26
371518 269804 12
371519 371520 24
371521 5256 8
371521 5259 8
371521 39411 2
371521 371522 8
371521 41789 8
371521 34904 8
371521 11256 8
371521 8892 12
371523 278 22
371523 38043 12
371524 10360 12
371525 16197 24
371527 146481 8
371527 44437 8
371529 68351 12
371529 371530 14
371531 1655 24
371532 97190 11
81210 21901 14
371533 371534 24
371536 5316 24
371537 1634 2
371537 35405 24
371538 162179 24
371541 3845 12
371542 1482 8
371543 56318 12
371544 371545 24
371546 6259 14
371546 11857 9
371547 3845 12
371548 40237 24
371550 41784 12
371551 162179 24
371553 35045 24
371558 371559 24
371560 12405 24
371561 3207 22
371561 3130 14
371562 12585 24
371563 210177 12
371563 210177 2
371563 371564 9
371565 2517 24
371566 1067 22
371566 371567 14
371569 371570 24
371571 4384 24
371574 371575 24
371576 10810 24
371577 34383 24
371578 12857 24
371579 172601 8
371580 30925 24
371581 832 24
371594 156919 14
371595 37637 24
371596 19181 24
371597 169048 12
371598 34878 24
371599 108144 8
371600 5258 8
371600 26968 8
371601 47017 24
371602 140992 24
371606 3803 12
371606 355638 14
371607 200062 24
371608 371609 24
371610 56667 12
371611 36497 24
371611 36498 24
371612 371613 24
371615 371616 24
371617 371618 24
371619 44168 24
371623 149069 24
371624 6964 12
371624 6964 2
371625 371626 24
371627 11260 12
371628 32309 8
371628 49152 8
371629 24722 24
371630 186148 24
371632 11260 14
371633 4384 24
371636 13500 12
194213 285786 24
371637 105845 27
371638 39466 12
371639 40900 24
371640 144056 24
371641 8929 24
371642 365 14
371642 365 22
371642 173628 2
371642 371643 11
371645 41595 2
371646 36648 11
371648 29068 24
371649 30923 12
371650 43896 24
371653 2486 24
371654 9048 24
371655 2486 24
371662 250368 24
371663 52372 2
371664 12405 24
371665 49988 24
371666 48081 12
371670 97087 27
371670 371671 9
371670 370728 27
371672 52729 24
371673 208758 24
371674 109045 12
371675 221662 24
371676 56838 24
267299 165455 14
41042 1634 2
186369 165455 14
371679 182648 24
371680 110391 24
371681 9048 24
371682 254698 24
371683 68201 12
371683 532 22
371687 4732 22
371688 1196 12
371694 68011 24
371697 371698 24
371699 371700 24
371701 371702 24
371703 371704 24
371705 539 24
371710 104592 24
371712 164348 12
371716 2239 24
371717 5259 8
371717 5260 8
371718 35222 14
371718 91116 14
371718 4076 12
371719 51852 24
371720 126592 24
371721 371722 24
371723 167434 12
371725 40237 24
371730 1067 22
371731 221116 24
371748 2239 24
371748 227791 24
371749 15367 2
371749 66458 24
371750 27131 12
371751 20590 24
15238 458 24
371752 458 24
371755 98955 24
371756 25523 12
371757 58261 12
371758 1655 26
371759 27132 24
371762 9039 24
371763 273706 24
371764 2017 8
371765 37637 24
371766 4985 12
15904 361 22
15904 271273 12
371767 10241 12
371770 73 24
371771 10690 9
371771 19547 12
371772 18786 24
371773 52732 24
371774 19181 24
371775 458 22
371776 26968 8
371777 832 12
371778 47017 24
371779 280 24
371780 49977 8
371781 54323 12
371781 5260 8
371781 50431 8
371781 32825 8
371781 10694 8
162731 162726 14
371782 3130 14
371783 371784 24
371785 5151 24
371786 13069 24
371787 371788 24
371789 458 22
371790 371791 24
371793 349588 24
243208 44525 2
371794 222692 24
371795 46048 24
371796 78187 14
371796 371797 9
371798 24722 24
371799 136157 12
371800 11260 24
371801 289670 24
371802 31498 24
300761 24722 24
371803 371804 24
371805 292961 24
371806 180420 24
371807 655 12
371808 331746 24
371809 371810 9
371811 7073 9
371811 19279 12
371811 19279 14
371813 279566 14
371815 533 12
371823 18786 24
371825 204772 24
371826 208758 24
371829 24722 24
371830 60564 24
371833 371834 24
371835 19181 24
371836 108144 8
371837 56955 24
371839 11437 12
371839 133275 9
371841 1390 14
371842 371843 12
371846 79247 24
371847 108111 24
371848 2745 24
371849 37638 24
371849 94797 24
5190 42506 12
371850 37638 24
371851 36335 24
371852 371853 24
371854 7332 24
371855 13406 2
371856 1015 24
371858 7332 24
371859 1830 8
371860 108464 24
371862 457 22
371862 4457 12
371863 371864 24
371865 1325 12
371866 371867 24
371871 5314 24
371872 18773 12
371873 12405 24
371875 929 8
371876 4392 24
371882 91064 12
371883 26495 2
371883 371884 12
371887 2732 24
371890 1015 24
371891 371892 24
371894 2732 24
371895 74538 12
371896 39106 24
371898 204772 24
371902 168452 11
371903 43841 24
371907 1902 24
371910 14203 12
371912 371913 12
371914 3001 24
371915 3130 24
371916 26546 24
371917 2732 24
371922 371923 24
371925 264235 24
371927 19002 24
371929 39521 24
371930 1261 24
371931 3207 24
371932 154633 24
371933 2629 12
371934 18786 24
371936 82924 24
371937 81 12
371937 56839 2
371938 61183 24
371939 819 26
371940 31960 24
371942 30206 14
371943 41269 24
371944 32150 24
371945 539 14
371945 532 22
371946 37288 27
371947 48304 12
371948 18786 24
299969 819 14
299969 81 14
371954 42143 2
371954 78656 12
371958 438 24
371959 79762 24
371960 438 24
371961 247778 24
371962 15788 24
371963 17379 24
371965 15788 24
371966 19547 24
371967 70690 24
371969 108980 24
371970 1 24
371971 81 2
371972 36027 24
371973 106888 24
371974 75413 24
371975 371976 24
371977 91533 24
371978 20592 24
371980 1386 24
371981 41029 24
371984 1380 24
371985 29851 24
371986 1082 24
371987 12176 24
371988 75413 12
371990 83683 12
371991 5508 12
371995 371996 19
371997 162179 24
372001 78198 12
372001 6564 9
372002 10810 24
372003 5508 12
372003 26968 8
270903 73 12
372008 2729 14
372009 30860 12
372010 1370 14
372010 365 14
372011 1370 14
372011 365 14
372012 819 26
372014 371892 24
372015 2746 22
372016 372017 24
372018 5562 8
372018 3068 8
372018 6484 8
372022 105473 24
372023 1099 24
68473 11272 12
68473 2205 2
372024 16197 24
372025 16502 24
372026 176049 24
372027 655 24
372028 1760 24
30160 1471 11
30160 10344 11
30160 28268 2
372030 832 12
372030 11721 2
372039 1292 24
372040 16502 24
372040 274948 24
372041 25131 12
372045 372046 12
372047 9225 8
372049 221116 24
372050 8781 8
372053 1325 2
372053 470 12
372055 8910 9
372055 3845 12
372056 10701 12
372061 78975 12
372064 3207 22
372086 34862 24
372087 15801 22
372087 28489 12
372092 1178 24
372093 372094 24
372095 56988 14
372096 34862 24
372097 253066 12
372098 25925 24
372099 61387 24
372100 1196 12
372100 1196 2
372101 7332 24
372104 8277 24
372104 655 2
372105 33407 24
372106 5508 12
372107 15788 24
372108 364 24
372109 372110 12
372111 57937 24
372112 34254 2
372112 37288 27
372115 61783 24
372116 19051 24
372122 3970 8
372123 3323 24
372124 18828 24
372125 7492 12
372126 6574 12
372127 6569 9
372127 7956 12
372127 3845 2
372128 73 24
372129 8735 24
372130 3207 24
372131 18996 24
372132 42077 9
372132 15414 12
372133 3012 24
372134 3845 24
372135 8892 24
151093 3207 22
151093 8910 25
151093 11831 9
372139 372140 24
372142 169388 24
164611 5508 12
372156 1830 8
372156 1865 8
372156 2331 8
372162 35206 24
372163 146031 24
372164 458 22
138591 126185 2
138591 40958 12
372178 372179 24
372180 23562 2
372183 4076 12
372187 39474 2
372188 1830 8
372189 210056 24
372190 1830 8
372191 372192 24
372193 2309 24
372194 458 22
372195 25289 22
372196 25289 22
372197 2223 12
372198 136959 24
372201 37750 24
372202 8143 24
372203 5151 24
372204 653 24
372205 2481 24
372206 71064 24
372207 62120 12
372208 206192 24
372209 12856 22
372209 121984 12
372210 145070 24
372216 5151 24
372217 55500 24
372219 24833 24
372224 20590 12
372225 176049 12
372225 33407 2
372227 0 24
372228 101694 12
372229 8146 12
372230 46820 8
372231 458 22
372232 61243 24
372233 6982 12
372234 108980 24
372235 15367 2
372236 162393 24
372237 10360 2
372238 372239 24
372240 15249 12
372241 20591 24
372245 5304 24
372249 65110 24
372250 15357 12
372252 68088 24
372253 8146 2
372255 25443 12
372255 28492 9
372255 423 8
372256 248323 24
372257 237100 24
372261 34580 8
372262 42565 24
372263 372264 24
372265 98352 24
372266 41028 14
372266 188004 9
372270 372271 24
372274 10699 24
372275 10699 24
372276 10699 24
372277 10699 24
372278 10699 24
372279 10699 24
372281 290114 24
372282 2381 22
372282 44413 24
372282 44413 2
306465 543 24
372284 7332 24
372285 454 24
372286 372287 24
372288 13991 12
372289 121984 24
372290 360 22
372293 457 22
372293 123123 12
372294 135499 24
372295 372296 24
372297 316490 24
372298 55124 12
372299 372300 24
372302 212088 24
372303 218303 24
372304 372305 24
372306 42077 25
372307 6888 24
372314 1675 12
372315 5508 2
372316 26968 8
372317 7332 24
372318 331551 24
372319 372320 24
372321 14203 12
372321 26968 8
372325 458 22
372327 61387 24
372329 7363 22
372330 109919 24
372331 5314 24
265163 2016 8
265163 2074 8
372332 832 24
372332 2016 8
372332 2074 8
372332 372333 8
372332 295499 8
372334 3123 24
372340 12857 24
372341 195709 24
372343 1125 24
372344 122831 24
372345 8034 12
372345 26968 8
372346 16847 24
372347 37637 24
372349 1370 12
372351 1815 14
372351 1370 12
372352 2768 12
372353 2768 12
372355 64677 24
372356 2016 8
372359 655 12
372361 220 24
372362 19181 24
372363 6963 22
372363 372364 24
372367 215637 24
372368 215805 24
372369 2221 12
372370 94577 24
372371 18117 14
372371 532 14
372372 372373 24
372374 1657 12
372374 84697 14
372375 84697 14
372376 47017 24
105608 18142 24
372377 278 14
372377 278 22
372377 2686 14
372377 38043 12
372377 372378 9
372381 2745 24
372385 1196 12
372386 372387 24
372388 78503 12
372395 40907 8
372396 300382 24
372397 1634 2
372398 30206 24
372399 30206 24
372400 74082 12
372401 131260 24
372402 72712 12
372408 18538 22
372408 2329 24
372410 372411 24
372412 13176 14
372412 8538 14
372412 13649 14
372413 303532 14
372415 204772 24
372416 28487 24
372417 458 22
372417 30744 12
372417 30744 2
372421 3845 12
372423 539 24
372425 10699 24
74705 46159 2
74705 56713 12
372426 372427 8
372426 372428 8
372426 18773 12
372430 372431 24
372432 258981 24
372433 12578 24
372435 52102 24
372436 24630 22
372436 136683 12
372438 372439 24
372441 218536 24
372442 832 2
372442 48008 12
372443 58591 12
372445 136488 12
372445 136488 2
372446 372447 24
372448 832 14
372448 458 14
372448 48008 12
372449 819 14
372449 81 14
372449 1370 12
372450 200905 24
372451 470 2
372451 172166 24
372452 819 24
372453 39355 8
372453 132118 8
372453 277428 8
372455 47507 12
372460 73606 24
372464 1792 24
372465 2700 24
372467 2729 24
372468 177388 24
372469 2729 24
372470 55171 14
372470 15239 12
372470 96105 9
372474 1065 24
372475 48768 24
372476 3803 12
372477 10351 24
372478 1313 22
372478 1323 12
372479 31589 24
372480 8737 9
372481 5112 12
372482 4454 14
372482 28489 12
372483 43839 12
372484 819 24
372485 22275 12
372488 284 24
372490 73 24
372491 284 24
372492 30744 24
94490 2011 2
372496 9100 24
372497 30664 2
372497 31416 25
115478 61628 12
372499 28487 24
372502 372503 24
372504 3843 24
372505 31987 24
372506 3068 8
372506 109068 8
372506 41790 8
372507 5120 24
121614 10391 11
372511 25544 24
372512 1356 2
372513 301842 24
372514 21430 12
372515 361 22
372515 103707 8
372515 372516 24
372515 115587 8
372517 231045 24
372518 17167 12
372519 3130 24
372523 31893 24
372524 19279 24
372527 655 12
372557 42577 12
177108 1313 14
177108 832 14
372560 1370 12
372561 215993 12
372562 5256 8
372562 5258 8
372562 102297 12
372563 3987 24
372572 27683 14
372572 57268 14
372573 108197 12
372573 12849 9
372575 295062 24
372576 16493 24
372578 2331 8
372582 22466 2
372583 26495 12
372587 1634 2
372587 61828 24
372590 52182 24
372591 43553 24
372592 3845 12
372593 7332 24
372594 2700 24
372595 41031 24
372596 41031 24
372597 4384 2
372598 457 22
372602 38316 24
372604 372605 14
372606 35222 24
372607 372608 12
372607 372608 14
372609 25523 2
372610 28496 9
372610 372612 11
372610 372613 11
255647 372614 24
372615 81680 12
372617 47098 12
220895 35222 24
372618 21570 12
372619 32150 12
372619 107759 9
372620 372621 24
372622 16329 24
372623 105683 9
372624 372625 24
372626 167416 24
372627 372628 12
372629 84835 24
372630 82634 24
372631 7229 8
372632 440 24
372633 37553 24
372634 3431 8
372634 7229 8
372647 12698 24
372649 41031 24
372650 3431 8
372650 7229 8
372654 1099 24
372655 5112 2
372656 4454 12
372657 3431 8
372657 7229 8
372660 280261 12
372661 1830 8
372662 50733 24
372663 3431 8
372664 280 24
372665 3987 24
372668 174894 24
372669 3072 8
372670 19181 24
372671 2309 12
372671 2309 2
331456 1634 24
372674 77998 12
372675 8034 2
372676 8034 12
372676 86708 9
372677 135493 24
372678 832 24
372678 337856 24
372679 42077 9
372681 2309 12
372682 3431 8
372683 3431 8
372683 7229 8
372684 7229 8
372689 204299 11
372690 9048 14
372692 533 24
372693 1370 12
372694 73 12
372695 9048 24
372696 63472 12
372697 3431 8
372699 655 12
372701 4164 12
372707 1654 12
372708 32951 24
372713 84746 12
372716 2333 14
372718 2744 14
372718 2333 14
372719 285 22
372720 6144 24
372721 37885 8
210846 9902 12
372722 3431 8
42120 4384 12
372728 3431 8
372728 7229 8
372731 3207 14
372731 162726 14
372735 457 24
372736 2016 8
372736 205862 12
372736 2074 8
372737 3130 24
372738 372739 24
372740 20590 12
372744 125453 24
372745 37012 2
372747 41321 24
372748 372749 12
372750 46640 24
372751 13454 12
372752 81 24
372755 3001 24
372756 103708 24
372765 82903 9
372766 160638 8
372767 130258 8
372767 103653 8
372767 235434 8
372768 12857 24
372769 20377 24
372770 3845 24
372771 20377 24
372775 1482 8
372776 309364 24
372777 54782 12
372778 372779 24
372780 43746 24
372782 1067 22
372783 43553 24
372784 43746 24
372785 46961 24
372786 7073 9
372786 7073 25
372787 533 24
372791 3130 24
372813 6897 22
372814 43553 24
372815 327481 24
372817 56756 12
372818 19567 24
372819 52809 24
372820 43553 24
372824 372825 24
372826 37625 12
372829 56995 12
372834 42077 25
372835 22099 8
372839 96217 12
372841 2993 24
372842 145393 24
372843 2303 24
372845 20377 24
372846 48768 14
372848 61210 12
372849 75445 24
372851 372852 12
372853 59211 24
372857 5258 8
372857 5259 8
372859 355638 24
372861 361 14
372861 26494 14
372861 26495 2
372861 26495 14
372862 372863 24
372864 11763 12
372865 78398 12
372873 349181 12
372873 80745 2
372874 71143 24
372875 5562 8
372875 3068 8
372875 5563 8
372876 2794 24
372878 3123 24
372882 2700 24
372883 13640 12
372883 348595 8
372887 13500 12
372887 56862 2
372888 45433 24
372892 52343 12
372893 372894 24
372895 40900 24
372905 18786 24
372906 46908 12
372907 22216 12
372908 18786 24
372909 13454 24
372909 170268 8
372912 24723 24
372913 20591 24
372914 2480 9
372923 16847 12
372923 1297 9
372924 18773 24
372925 18538 22
372928 1067 24
372941 36089 12
372944 105473 24
372946 96381 8
372947 147740 12
372948 1792 12
372949 196166 24
372950 2014 9
372950 372952 11
372954 195709 24
372955 2821 12
372958 360 14
372958 360 22
372958 1902 2
372958 96445 9
372958 372960 11
372961 62707 12
372964 5314 24
372964 195879 24
372965 5314 24
372966 3001 24
372967 5314 24
372968 9039 24
372969 206192 24
372970 3803 24
372971 5314 24
372972 176049 24
372973 372974 24
196893 172094 24
372975 372976 12
372978 3803 12
372979 225514 12
372979 97483 8
372980 5314 24
372980 195879 24
372981 5314 24
372982 203748 12
372984 43553 24
372987 285 22
372988 4279 24
372989 174894 24
372991 243929 8
372991 95640 8
372991 372992 8
372993 3123 24
372995 9039 24
372996 31589 24
372999 21681 12
373000 95841 24
373001 193 2
373003 3251 9
373003 7458 12
373004 373005 12
373006 20643 12
373007 438 24
373008 373009 24
373010 7458 12
373013 285 24
373014 16502 24
373015 20342 24
373016 136438 24
373017 272694 24
373018 88640 24
373019 1067 24
373020 360 22
373021 140642 24
373022 3845 12
373022 43558 2
373023 8538 24
198501 4440 12
373024 50051 12
373024 52206 2
373025 373026 24
373027 1370 12
373028 68532 12
373029 26968 8
373030 25309 24
373031 18786 24
373032 16573 12
373033 74959 24
373034 147482 24
373035 72889 24
373036 58196 24
373037 33407 12
373037 33407 2
373039 2517 24
373040 39411 12
373043 10701 12
373044 15782 24
373045 35382 14
373046 55171 24
220599 78714 14
373047 297929 24
373048 2746 24
373050 2746 24
373051 2700 24
373052 47017 24
373053 47017 24
373054 15650 12
373055 75492 24
373056 373057 24
373058 19293 24
373059 251045 24
373062 54840 2
373062 64678 12
373063 3130 24
373064 30011 24
373065 103708 24
373066 32951 24
84109 19547 12
373067 373068 24
373083 2063 2
373084 59017 24
373085 42498 12
373086 2570 12
373086 9111 9
373086 9111 25
373086 1069 22
373086 148609 2
373089 165455 14
373092 23321 24
373093 2744 24
373096 373097 24
184070 165455 14
373102 219691 24
373105 459 24
212735 162726 14
373109 2481 24
373116 15238 12
373117 67917 24
373118 78610 24
373119 210739 24
373120 22437 24
373122 533 24
373122 2017 8
373124 307816 12
373127 93434 12
373128 5256 8
373128 5258 8
373128 78635 12
373128 26968 8
373133 3987 24
373136 37992 24
373144 50733 24
373145 109627 24
373146 2016 8
373148 23562 24
373149 373150 24
373152 57084 2
373152 66522 12
373156 66710 12
373156 655 2
373157 4164 12
373158 9048 24
373159 1067 22
373160 13991 12
373162 1634 24
373163 43728 24
373164 43553 24
265836 2221 24
373165 2486 24
373166 8604 24
373168 2305 24
373169 68477 24
373171 58634 24
373172 282273 24
373173 2210 24
373176 373177 24
373178 1902 12
373181 43553 24
373182 31987 24
373183 1902 12
373184 80275 24
373185 37638 24
373186 2309 24
373187 294836 12
373188 26968 8
373189 89079 2
373192 82924 24
373193 819 14
373193 7158 14
373194 1196 24
373195 230172 24
373196 61076 24
373199 373200 24
373201 10634 12
373202 373203 24
373204 832 24
373207 373208 24
373209 832 2
373209 470 12
373210 144056 24
202525 8236 12
373211 1313 24
373212 82924 24
373213 373214 24
373215 373216 24
373228 9336 24
373228 108664 24
373229 57596 12
373230 21430 12
373233 31987 24
373237 31987 24
373238 13500 12
373253 789 12
373254 43553 24
373259 539 24
373260 22670 24
373261 2687 22
373262 10810 14
373263 35206 14
373263 35205 14
373263 4882 12
373264 81266 12
373265 84456 12
373266 36176 24
373276 33985 12
373277 174247 24
373279 38722 12
45306 46711 12
373287 0 24
373288 1384 24
373289 10611 24
373292 18773 24
373293 61803 24
373294 2517 24
373295 1196 24
373296 819 24
373297 81 2
373298 93023 24
373299 457 24
373300 12707 24
373301 48008 12
373301 24173 27
373301 148292 9
373302 373303 24
373304 832 2
373304 94762 12
373305 12435 2
373305 8780 8
373305 94772 12
373305 8781 8
373306 43841 24
373307 68148 24
373308 32031 9
373309 18773 24
373310 25925 24
373311 197382 24
373312 49152 8
373313 212042 24
373314 373315 24
373317 43841 24
373317 43842 24
373318 48768 24
373321 43841 24
373322 7158 24
373327 246137 24
373328 246137 24
373329 373330 24
373331 372439 24
373332 373333 24
373334 171627 24
373335 195810 24
373339 5120 14
373340 3843 24
373341 70817 24
373344 60838 24
373345 232087 24
373346 373347 24
373348 373349 24
373350 231096 24
373351 36332 24
373352 36332 24
373353 73606 24
373354 61687 24
373355 183165 24
373356 249217 24
373357 832 12
373358 268892 24
373361 30209 24
373362 373333 24
373363 129467 24
373364 123428 24
373365 84153 24
373366 373367 24
373368 84153 24
373369 145425 24
373370 171627 24
373371 268892 24
373372 123428 24
373373 101965 24
373374 373349 24
373378 245291 24
373379 373380 24
373381 84153 24
373382 373383 24
373384 49407 24
373385 232087 24
373386 156052 24
373387 373388 24
373389 170317 24
373390 243673 24
373391 373392 24
373393 221328 24
373394 373395 24
373396 268892 24
373397 197382 24
373398 229385 24
373399 9100 14
373399 106599 9
373400 201123 24
373401 69110 12
373402 50067 24
373403 245335 24
373404 245335 24
373405 168951 24
373406 373347 24
373407 1792 12
373408 152994 24
373409 8929 24
373410 58515 24
373414 50385 12
373415 64570 24
373416 8775 12
373417 26498 2
373418 68274 24
373419 789 12
373420 37625 24
373422 15305 8
373425 3845 12
373426 13500 24
373429 340951 24
373430 373431 24
373432 82924 24
373433 93662 24
373434 373435 14
373437 655 12
373439 21430 12
373440 1196 24
373441 1370 12
373442 204409 24
373443 373444 24
373445 373446 24
373447 1196 12
373448 29850 26
373449 75445 24
373450 36497 24
373451 47017 24
373453 457 24
373454 133346 8
373455 49977 8
373458 2700 24
373459 320953 24
373460 36749 12
373462 25443 12
373464 2701 12
373465 8929 24
373466 373467 8
373468 197549 24
373473 373474 12
373476 278 24
373478 18786 24
373479 285 22
373479 39212 12
373480 18786 24
373481 373482 24
373485 2515 24
373487 146473 24
373488 4278 24
373489 73772 12
373494 141625 12
373495 208758 24
258791 8519 22
215363 162726 14
373496 1370 12
373497 95640 8
373497 95638 8
215364 162726 14
373498 5508 12
373501 655 12
373504 25498 9
373506 2814 24
373507 3845 12
131777 3032 12
131777 45641 2
373508 10701 24
373509 138287 24
373513 66084 12
373514 157804 24
373515 156451 24
373516 97386 24
373518 91881 24
373519 373520 24
373523 359 22
373524 42564 12
373525 52953 24
373526 2519 22
373526 102363 24
373527 373528 24
373530 22044 24
373535 150070 24
373536 222380 24
373537 7332 24
373538 25196 24
373539 5112 24
373539 832 2
373540 12487 24
373541 534 22
373542 27104 8
373543 789 24
84567 13649 12
84568 13649 12
373545 74612 24
373547 2074 8
373552 373553 12
373554 13454 24
373555 4985 24
373556 43553 24
373556 286729 24
373557 43553 24
373558 6897 22
373558 40456 24
373559 37638 24
373559 129038 24
373560 655 12
373561 373562 24
373563 458 22
373563 3073 8
373564 3123 24
373565 3123 24
373566 3123 24
373567 135507 24
373568 31924 8
373569 2219 24
373570 81 2
373570 373571 24
373576 789 12
373577 43553 24
373578 43553 24
373579 43553 24
373582 268674 12
373583 1792 12
373584 1360 12
373585 3123 24
373586 1902 24
373587 2383 24
373588 373590 12
373591 7363 22
373591 84898 9
373592 121984 24
373593 3207 24
373595 373596 24
373597 373598 24
373599 43553 24
373600 31589 24
373601 64580 24
373602 4659 24
373603 30028 24
373604 40237 24
373605 373606 24
373611 21553 24
373612 21553 24
373613 98838 12
373614 3843 24
373615 3207 22
373619 18868 12
373619 373620 2
373622 50067 24
373623 140078 24
373624 20422 24
373625 12405 24
373628 2059 24
373630 18786 24
373631 6897 22
373632 1313 22
373633 2774 22
373634 2221 12
373635 1313 22
373636 2481 12
373637 2744 14
373637 25771 14
373657 373658 24
373659 150070 24
373660 3001 24
373661 18786 24
373664 4241 8
373665 42573 2
373665 373666 8
373665 104818 8
373669 5256 8
373669 5260 8
373670 13454 2
373670 123264 12
373671 16562 8
373671 16563 8
373671 21430 2
373672 18786 24
373673 36646 8
194055 655 12
373678 52119 2
373678 71096 12
373682 71104 2
373688 19293 22
373688 114051 9
373688 373689 14
373688 162864 14
373690 5256 8
373690 5258 8
373690 26968 8
373691 1098 2
373692 249319 8
373692 95640 8
373693 1067 22
373693 2206 24
373696 18773 12
373697 41030 2
373698 71142 2
373700 41030 12
373700 41030 2
373702 41030 2
373704 71142 12
373704 71142 2
373706 5484 12
373707 70953 2
373709 25443 12
373709 655 2
373710 12405 24
373711 18828 24
373712 832 2
373713 373714 24
373716 195709 24
373718 25196 24
373719 49152 8
373720 49152 8
373721 373722 12
373723 3123 24
373724 49152 8
373725 3123 24
115755 458 22
373730 174894 24
373731 1067 24
373732 40237 24
373733 533 12
373735 532 22
373737 89778 24
373738 32309 8
373738 98133 2
373739 1394 24
373740 10363 24
373741 1394 24
373742 373743 24
373744 73 2
373745 32309 8
373746 373747 24
373748 32309 8
373749 269781 24
373750 28268 12
356221 360 22
356221 29540 11
356221 178881 9
356221 430 8
356221 24270 2
373751 94949 12
373756 32309 8
373757 832 2
373760 43553 24
373760 282656 24
373761 43553 24
373762 43553 24
373762 282656 24
373763 191646 8
373764 43553 24
373764 282656 24
373765 43553 24
373766 126310 24
373767 43553 24
373768 43553 24
373769 458 22
373771 25925 24
373773 186238 24
373774 5258 8
373775 1634 24
373776 13350 24
373777 43558 12
373782 94249 12
373782 93795 9
373782 2517 14
373783 275817 24
373784 6481 24
373785 373786 24
373787 114630 12
373788 110346 24
373789 121984 24
373790 12435 12
373791 5508 2
373791 1 12
373792 2687 24
373793 373794 24
373800 9100 24
373801 13350 24
332331 373802 24
373803 6031 24
373804 5256 8
373804 3068 8
373804 60961 12
373804 5563 8
373804 10694 8
373804 41790 8
373805 3123 24
373806 67381 12
373807 16803 12
373807 2333 2
373808 1356 24
373809 4733 24
373810 21762 24
373812 37625 24
373813 44323 24
373814 183490 24
373815 1792 24
373815 1902 2
373816 373817 24
373818 29360 12
373819 373820 24
373821 1792 12
373822 373823 24
373824 373825 24
373826 51847 24
373827 373828 24
373829 373830 24
373831 373832 24
373833 373834 24
373835 832 12
373836 9018 12
373836 832 14
373836 39411 14
373838 240001 24
373840 2219 24
373843 51847 24
373844 4012 24
373845 15238 24
373846 46640 24
373848 50067 24
373851 8248 2
373852 178227 24
373853 1313 22
373853 832 12
373854 176049 24
373854 4857 2
373855 11437 24
373858 189351 24
373859 2224 24
373860 43746 24
373861 47017 24
373862 47017 24
373864 20886 24
373865 12857 2
115488 361 22
373866 93803 24
373869 5256 8
373869 3068 8
373869 5260 8
373869 10694 8
373869 5261 8
373870 131985 12
373871 221993 24
373872 42077 9
373874 832 12
373875 98284 12
373876 56875 24
373877 31893 24
373878 2309 12
373878 26968 8
373879 1082 14
373879 1082 22
373879 276300 11
373879 1297 9
373881 26968 8
373881 161530 8
373883 18786 24
373888 66552 12
373888 26968 8
373889 5121 24
373895 26495 2
373896 26968 8
373896 94943 8
373897 10562 12
373897 10562 2
373902 2486 24
373903 3323 12
373903 26968 8
373904 5121 24
373905 38970 24
373906 1083 24
373907 46640 24
373908 5484 24
373917 1291 12
373917 1291 2
373918 5121 24
373919 358721 24
373920 60611 24
210538 12857 24
373922 22044 12
220601 31498 14
373923 5121 24
373924 457 22
373924 313976 12
373925 373926 12
373928 42077 9
373932 121984 24
373936 8603 24
373937 84648 24
373938 43553 24
373939 7973 14
373940 43553 24
373941 373942 24
373943 43553 24
373944 43553 24
373944 282656 24
373945 1356 24
373946 43553 24
373946 282656 24
373947 1313 24
373948 18786 24
373949 18786 24
373950 43553 24
373951 43553 24
373952 193 24
373953 73947 24
373957 1370 24
373958 5314 24
373959 1792 12
351437 5314 24
373960 18786 24
373961 5314 24
373962 361 14
373962 19567 14
373963 827 12
373964 5314 24
373964 279338 24
373965 43553 24
373965 282656 24
373966 43553 24
373967 5314 24
373968 43553 24
373969 43553 24
373970 5314 24
373971 43553 24
373972 2519 24
373973 43553 24
373974 43553 24
373975 43553 24
373975 125983 24
373976 5314 24
373977 43553 24
373977 125983 24
373978 43553 24
373979 43553 24
373980 43553 24
373981 43553 24
373984 43553 24
373984 125983 24
373985 43553 24
373985 125983 24
373986 1390 22
373989 43746 24
373993 5508 2
373996 29643 24
373997 5314 24
373998 5314 24
373999 192888 24
374000 5314 24
374000 279338 24
374001 5314 24
374002 170210 14
374003 92083 24
374004 5314 24
374004 279338 24
374007 5314 24
374008 5314 24
374008 279338 24
374009 23321 12
374009 46201 2
374009 32825 8
374010 20886 24
374011 5314 24
374012 655 2
374013 1792 12
374014 1313 22
374016 2199 12
374017 78398 12
374018 129579 24
374019 1356 24
374023 84456 24
374024 361 22
374024 236391 2
231274 122409 12
374025 13649 24
374028 32318 12
374028 25996 14
374028 324413 27
374029 6887 24
374036 26598 24
374037 369556 24
374038 5314 24
374038 279338 24
374039 374040 24
374041 5314 24
374042 5314 24
374043 5314 24
374044 73 24
374046 789 12
374051 4392 24
374052 1634 12
374052 1634 2
374057 30203 24
374060 95641 8
374070 122409 24
374071 25061 12
374072 144056 24
374073 13806 12
374074 1902 12
374075 2344 2
374076 356 24
374077 1902 12
374078 35206 24
374079 5314 24
374079 279338 24
374080 8600 24
374083 5314 24
374084 284 22
374085 5314 24
374085 279338 24
374086 162179 24
374087 819 24
374093 162179 24
374094 356 24
374095 37993 14
374096 1384 24
374100 832 12
374103 162179 24
374104 162179 24
374105 162179 24
374106 162179 24
374107 162179 24
374108 188638 12
374108 37750 14
374110 79322 24
374111 44130 24
374112 43553 24
374112 125983 24
374115 22275 2
374116 17177 24
374117 18786 24
374118 2629 12
374118 374119 9
374120 374121 24
374122 216850 12
374123 2017 8
374124 38551 12
374126 2519 22
374126 16479 24
374127 73 12
374129 27104 8
374130 13908 2
374130 13908 14
374130 112424 9
374131 18786 24
374132 832 12
374133 18786 24
374134 2746 24
374136 1634 14
374136 285 14
374137 36782 24
374138 9077 14
374138 374139 9
374140 439 22
374141 7332 24
374143 42077 25
374143 42161 9
374144 35205 24
374145 2746 24
75991 374146 24
374147 26968 8
374147 161530 8
374148 18773 12
374149 36863 12
374150 1380 24
374151 91247 9
374151 93661 12
374152 18773 24
374153 8929 24
374154 1098 24
374155 18773 24
374158 173646 24
374159 2205 24
374159 374160 8
374161 5314 24
374162 18786 24
374163 5314 24
374165 5314 24
374166 73772 24
374168 64120 12
374169 3431 8
374169 7229 8
374170 2370 8
374174 5314 24
374175 18786 24
374176 5314 24
374176 279338 24
374177 7229 8
374178 5314 24
374179 44431 12
374181 3207 22
374181 8910 9
374182 13454 2
374182 19899 12
374187 18786 24
374191 23252 24
374192 52469 24
374194 1792 12
374195 52534 24
374196 186238 24
374197 43553 24
374197 125983 24
374198 43553 24
374198 125983 24
374199 114630 24
374200 43553 24
374201 43553 24
374201 125983 24
374203 43553 24
374203 125983 24
374204 43553 24
374205 374206 24
374207 139880 9
374208 4279 24
374215 80222 24
374216 458 22
374217 18786 24
374218 106460 24
374219 25131 24
374221 17335 24
374222 374223 24
374226 4389 24
374228 57595 24
374229 18149 24
374230 4389 24
374231 26968 8
374232 5314 24
374233 149442 8
374234 154326 24
374235 5509 24
374236 1634 24
374236 285 22
374237 374238 24
374239 26968 8
374240 3068 8
374241 832 12
374242 1911 24
374243 3987 24
374244 13500 12
374245 38970 12
374248 134605 24
374249 38720 24
374250 285 24
374253 90193 24
374254 8237 12
374254 12849 9
374255 162110 12
374255 133346 8
374256 154301 12
374258 83683 12
374259 1125 12
374262 1760 12
374265 536 12
374267 1771 12
374268 51847 24
374271 64623 12
374274 3803 2
374275 1760 12
374275 374277 2
374278 12801 2
374279 84835 2
374280 11949 24
374282 374283 24
374287 80222 24
374288 3130 24
374289 53395 24
374290 18145 24
374306 3123 24
374307 43746 24
374308 305940 8
374319 8248 24
374320 181841 24
374321 7363 22
374322 2807 24
374323 121561 24
15104 2821 24
374324 18786 24
374325 2016 8
374325 42512 12
374325 2074 8
374326 18786 24
374328 2016 8
374328 2074 8
374329 1902 12
374332 3431 8
374332 7229 8
374334 16479 12
374335 3431 8
374335 7229 8
374336 439 24
374339 52933 24
374340 45512 12
374341 3068 8
374341 19547 12
374342 470 24
374343 7332 24
163534 124824 8
163534 22104 8
374344 19051 12
374345 26968 8
374345 110698 2
374348 22000 12
374349 147859 24
374350 32241 12
374351 299438 12
374351 146481 8
374351 44434 8
374351 44437 8
374352 1830 8
374353 170177 24
98838 7363 24
374356 12404 24
374358 40854 24
374359 123449 12
374360 2821 24
374362 38439 12
374363 18786 24
374364 3001 24
374365 361 24
374367 14244 12
374368 141625 12
374373 363712 24
374374 81243 24
374375 3001 24
374377 15367 2
374378 655 24
374379 98838 12
374380 93137 24
374381 7956 12
374381 655 2
374384 655 24
374388 1389 12
374389 360 14
374389 285 22
374390 1634 12
374391 31589 24
374392 25807 12
374393 5314 24
374394 4454 12
374396 278 24
374397 5314 24
374398 5314 24
374399 1313 14
6187 1313 14
6187 6186 8
6187 11831 9
374406 374407 24
374408 374409 24
374410 5151 24
374413 258981 24
374414 5256 8
374414 5258 8
374414 26968 8
374415 50733 24
374416 62118 14
374416 48311 9
374419 20886 24
374420 1046 8
374420 74593 8
374420 189033 11
374420 132569 8
374422 1792 12
374425 4732 22
374425 186857 12
374426 2016 8
374426 2074 8
374427 53288 9
374428 5508 24
374430 84835 24
374431 26968 8
374432 29162 12
374433 123464 12
374434 46589 12
374435 73 14
374436 7477 8
374437 374438 24
374439 3977 24
374440 66475 12
374440 124181 9
374440 374441 25
374442 89778 24
374443 16808 12
374444 109704 8
374445 66912 12
374446 29360 12
374447 1389 12
374450 114630 24
374451 184914 24
374454 277 14
374454 281 14
374454 1634 12
374454 285 22
374454 90387 9
374455 6795 24
374456 2309 2
374456 26968 8
374457 108357 24
374458 2570 24
374460 3129 2
374462 73 2
374462 374463 9
374464 6574 2
374465 220 24
374467 374468 24
374469 374470 24
374471 374472 24
374473 84697 24
374474 55158 24
374475 65636 12
374475 152952 27
374477 2801 24
374481 70838 12
374482 374483 24
374484 47017 24
374485 47016 24
374486 81 12
374491 3123 24
374492 46820 8
374492 43558 12
374507 13315 24
374508 73 12
374509 1384 24
374511 5554 12
374511 5554 2
374512 2063 24
374517 14529 9
374517 90193 12
374518 360 22
374518 10899 12
374519 91062 24
374520 5256 8
374520 3068 8
374520 5259 8
374521 91062 24
374524 107520 12
374525 2017 8
374526 5258 8
374526 26968 8
374527 1082 22
374527 160189 24
374528 144056 24
374529 91057 24
374532 374533 24
374534 80740 24
374537 37477 24
31890 2223 24
374543 1067 22
374547 1067 22
374548 3843 24
374549 7158 24
374550 141356 8
374551 3068 8
374551 5261 8
374551 368569 8
374551 41790 8
374552 30949 24
374553 320953 14
374554 3068 8
374554 5259 8
374554 8143 12
374554 5260 8
374554 98133 2
374555 439 22
374556 14203 2
374557 1067 14
374557 2729 14
374557 2729 22
374557 439 14
374557 40958 2
374557 1069 14
374558 40900 24
374559 374560 24
374562 0 24
374565 1634 12
374565 11260 2
374566 374567 24
374571 0 24
374572 241411 24
374573 103496 12
374574 374575 24
374576 95032 2
374577 7595 24
374578 82634 12
374579 11950 24
374580 368622 12
374581 11950 24
374582 11260 12
374583 374584 24
374588 53009 24
374590 1760 2
374591 46640 12
374595 2745 24
374596 82634 12
374597 3123 24
374598 8645 24
374600 2519 24
374603 9902 24
374604 8538 24
374607 11260 12
374608 26968 8
374608 655 2
374609 186238 24
374610 317783 24
374611 186238 24
374612 186238 24
374613 186238 24
374616 34383 24
374617 186238 24
374618 2993 24
374619 186238 24
374620 374621 24
374622 26968 8
374623 41031 24
374624 81 12
374625 144056 24
374626 8236 2
374626 26968 8
374627 291855 24
374628 144056 24
374629 26968 8
374630 300382 24
374631 7158 24
374632 341505 24
374633 2016 8
374633 30775 12
374633 30775 2
374633 2074 8
374634 1760 2
374637 69487 24
374639 458 22
374639 11721 12
374640 374641 24
374642 4985 14
374643 52115 24
374645 1792 12
374645 3207 14
374645 5151 14
374654 74492 12
374655 221681 24
374658 1634 12
374658 6129 8
374658 176149 8
374659 26968 8
374660 31987 24
374661 141196 12
374661 4733 2
374661 121084 8
374662 374663 24
374664 52809 24
374665 89799 24
374666 832 2
374667 183179 12
374668 89779 24
374669 5120 12
374669 5258 8
374669 32825 8
374669 362827 8
374670 141089 24
374671 3123 24
374672 4389 24
374673 6888 24
374674 93023 24
374679 6888 24
374680 832 12
374681 89777 24
374682 3987 24
374683 1830 8
374684 91992 24
374685 112693 24
374689 14203 24
374690 20591 24
374691 20591 24
374692 20591 24
374693 20591 24
374694 20591 24
374696 84835 12
374697 152231 12
374698 4985 14
374698 458 22
374700 3987 24
374704 144461 24
374705 61370 24
374707 4278 24
374708 655 24
374709 11874 24
374710 282 22
318861 19051 2
374713 374714 24
374715 79247 24
374716 19899 24
374721 56958 24
374722 832 2
374723 374724 12
374725 10768 22
374725 374726 24
374731 374732 24
374733 30950 12
374734 2821 12
374736 5258 8
374736 1015 12
374736 32825 8
374736 362827 8
374737 374738 24
374739 5256 8
374739 5259 8
374739 3072 8
374739 172601 8
374740 142993 24
374741 56986 24
374742 374743 24
374744 142993 24
374745 374746 24
2509 374749 24
374570 546 12
374752 3130 24
374753 374746 24
374754 153117 24
374758 2515 14
374758 60987 14
374758 69646 12
374760 374761 24
374762 68167 12
374763 5258 8
374763 26968 8
374764 35222 24
374765 112646 14
374765 1297 9
374766 23567 24
374767 346639 24
374769 1655 24
374770 100894 24
374771 6963 22
374772 374773 24
374774 12814 12
374775 43728 24
374777 123311 12
374778 458 22
374778 52392 9
374779 29781 8
374780 3845 2
374781 4279 24
374782 84835 12
374783 2745 24
374784 374785 24
374788 29223 12
374788 29223 14
374789 374790 12
374789 207647 14
374791 17335 2
374791 5260 8
374791 299771 8
374791 3072 8
374794 12487 24
374795 5120 12
374795 5258 8
374795 32825 8
374795 362827 8
374796 223463 12
374796 223463 14
374797 65334 24
374800 43746 24
374800 200033 24
374801 51847 24
374802 362 24
374806 34383 24
374807 2745 24
374808 73 24
374809 361 22
374809 27222 12
374810 242055 24
374811 1380 24
374812 202059 24
374813 73947 24
374814 202059 24
374817 40330 2
374817 231840 12
374820 202059 24
374821 202059 24
374822 202059 24
374823 202059 24
374825 202059 24
374826 1830 8
374833 73 12
374833 26968 8
374834 8929 24
374835 1760 2
374836 36278 12
374836 36278 2
374837 7492 2
374838 8224 8
244659 3977 24
374839 16133 12
374840 221681 24
374841 66589 24
374842 8538 24
126496 96988 14
126496 57156 12
126496 88367 9
374843 1196 12
374843 1196 2
374844 235638 12
374844 235638 14
374845 1178 12
374846 470 24
374846 2333 2
374848 73 2
374848 27104 8
374848 94634 8
374848 98131 8
374848 184687 8
374848 374849 8
374848 161532 8
374850 61111 12
374851 2016 8
374851 2074 8
374852 198691 24
374853 126521 24
374856 142993 24
374857 81 2
374858 374859 24
374860 204372 24
374861 16197 24
374862 16197 24
374863 16197 24
374866 819 24
374867 254782 27
374868 142993 24
374869 39474 24
374870 2016 8
374870 57564 2
374870 2017 8
374872 1792 12
374873 39410 24
374874 11540 9
374874 42077 25
374875 3431 8
374876 6151 12
374876 118134 9
92067 81 24
374877 57508 12
374878 99843 24
374879 186859 12
374880 30925 24
374881 16133 12
374882 3012 24
374883 4164 12
374883 4164 14
374883 2221 2
374883 2221 14
374883 7363 14
374883 20368 14
374884 136683 12
374885 15650 24
374886 93435 14
374887 819 24
374888 532 24
374889 20590 24
374894 235534 24
374895 55029 12
374896 1482 8
374897 3845 12
374897 3845 2
374899 832 2
374902 655 24
374903 98352 12
374904 8781 8
374905 36027 12
374906 534 22
74369 27683 14
74369 8737 9
74369 34878 12
74369 34878 14
374907 117029 8
312230 250636 24
374909 124300 12
374909 146481 8
374913 832 12
374915 1082 24
374916 18786 24
374917 31498 24
374918 216320 24
79714 21681 2
79714 105263 12
162732 162726 14
374919 20591 24
374920 31960 12
374922 3845 12
374924 40900 24
374925 192634 9
374926 40900 24
374927 40900 24
374932 145079 24
374933 68481 24
374934 2795 24
374935 104818 8
374936 1015 12
374937 2795 22
374937 374938 24
374939 374940 24
374941 216611 24
374942 216611 24
374943 1634 12
374943 285 22
374944 4389 24
374945 7073 9
374946 40522 14
374947 34579 8
374947 126708 8
374948 8538 24
374949 147259 12
374950 11769 2
374950 198647 12
374951 1663 24
374952 458 22
374953 258845 2
374954 46640 12
374956 80275 24
374957 1634 2
374957 93412 12
374958 68481 24
374959 148279 24
374960 38316 24
374961 38316 24
374962 5151 24
374964 179664 24
374965 832 2
374966 22390 12
374970 80275 24
374971 3068 8
374971 94127 8
374971 105294 2
374972 36329 12
374973 52534 24
374977 43553 24
374978 2016 8
374978 2074 8
374979 1178 2
374979 10252 27
374980 374981 12
374982 12578 24
374985 9100 24
374986 2729 14
374986 438 14
374986 11953 14
374992 2745 24
374993 454 24
374996 9847 24
374997 9847 24
374999 9847 24
375000 37625 12
375001 36035 9
375003 9048 24
375004 57004 24
375005 248480 24
375009 7049 24
375010 55171 2
375011 37992 24
375012 145209 24
375013 16903 12
375014 3843 24
375014 78572 2
375015 31589 24
375028 24721 24
375029 1 24
375030 30029 11
375032 375033 24
375034 1114 9
375034 201535 12
375035 3272 24
375036 375037 24
375038 155193 12
375039 1902 12
375040 375041 24
375043 57450 24
375044 2486 24
340264 31498 14
340264 167228 14
375045 65915 24
375047 2700 24
375052 98133 24
375053 13454 12
375056 2700 24
375057 43578 24
375058 1634 14
375058 285 22
375062 3845 12
375063 18786 24
375064 47017 24
375065 26968 8
375066 109001 27
375066 36646 8
375067 362 24
375068 65539 12
375073 86081 12
375073 86081 14
375073 375074 9
375077 4076 2
76274 193 24
375078 131676 12
375078 126716 24
375079 2700 24
375080 36176 24
375080 41665 2
375081 166371 24
375083 5258 8
375083 26968 8
375083 292302 2
375088 13454 12
375089 70830 24
375090 35405 14
375090 285 14
375090 285 22
375091 12405 24
375092 2016 8
375092 65047 12
375095 2447 9
375096 2309 12
375096 57274 14
375097 9048 14
375098 18786 24
375099 66884 12
375100 15249 2
375101 207106 24
375102 61952 2
375102 66832 24
375104 229956 24
375105 3068 8
375105 5258 8
375105 5259 8
375105 43679 12
375105 5260 8
375105 10694 8
375106 129842 24
375107 43746 24
375108 33906 24
375109 18786 24
375110 458 24
375113 18786 24
375114 2821 12
375116 21762 24
375117 1634 12
375117 1634 2
375117 42575 8
375117 119564 8
375119 375120 24
375121 40237 24
375122 46900 24
375123 285620 24
375124 1196 12
375124 1196 14
375127 18148 12
375128 43553 24
375129 43553 24
375130 43553 24
375130 125983 24
375131 43553 24
375132 43553 24
375132 125983 24
375133 43553 24
375133 125983 24
375142 43553 24
375143 142459 24
375144 142459 24
375145 40900 24
375146 314758 9
375146 375147 27
375148 92083 24
375150 827 14
375151 75445 24
375152 7653 24
375153 206192 24
375154 375155 24
375157 48768 24
375158 48768 24
375159 262738 24
375160 48768 24
375163 2700 24
375164 113440 24
375165 8600 24
375166 156856 24
375167 156856 24
375168 23562 12
375169 156856 24
375170 3136 8
375171 375172 24
375173 8600 24
375174 8600 24
375175 156856 24
375176 8600 24
375177 8600 24
375178 8600 24
375179 8600 24
375180 8600 24
375181 8600 24
375182 8600 24
375183 8600 24
375184 8600 24
375185 8600 24
375188 655 12
375188 655 2
375189 282 24
375190 174349 12
375191 26968 8
282763 655 24
375192 1792 2
375192 534 24
375193 202215 24
375194 65420 24
375199 93023 24
375200 48489 24
375201 3987 24
375202 3001 24
375203 1792 12
375204 25443 12
375205 31589 24
375206 30799 24
375207 85533 24
196933 85533 24
375208 3845 12
375209 2221 12
375210 375037 24
375211 8600 24
375212 8600 24
375213 8600 24
375214 8600 24
375215 8600 24
375216 2795 22
375217 819 14
375217 54783 14
375217 7158 14
375219 12849 9
375220 832 24
375221 375222 24
375229 46819 12
375230 51847 24
375231 214272 24
375232 106336 12
375233 19181 24
375234 40900 24
375236 375237 24
375238 8602 24
375240 125214 24
375242 375243 24
375244 357 12
375245 438 24
375246 31770 12
375246 9226 8
375246 31771 9
375246 1297 25
375248 11260 24
375249 47017 24
375250 375037 24
375253 375037 24
375254 73947 24
375255 375256 24
375257 1815 24
375258 140316 24
375259 5258 8
375259 26968 8
24623 1069 22
375260 4936 12
375260 458 22
375261 18786 24
375262 175921 12
375263 29050 2
375264 375265 12
375266 11197 12
375267 51107 12
375268 375269 24
375270 108144 8
375271 114541 12
375272 105193 12
375273 43553 24
375273 125983 24
375274 43553 24
375274 125983 24
375275 43553 24
375276 43553 24
375277 43553 24
375278 43553 24
375279 23567 12
375281 43553 24
375282 43553 24
375282 125983 24
375287 135048 24
375288 4389 24
375289 163209 24
375290 97483 8
375292 72784 2
375293 13454 2
375293 19899 12
375294 4389 24
375295 53248 12
375296 198068 24
375297 375298 24
375299 4389 24
375300 375301 24
375302 4389 24
375303 13454 12
375304 1390 24
375305 2744 24
375306 235534 24
375307 68514 12
375307 26968 8
375307 10694 8
375309 108468 24
375311 439 24
375314 53003 24
375318 130189 9
375318 375319 14
375320 63411 2
375321 48650 12
375321 48650 14
375321 349462 9
375323 2381 22
375323 9111 9
375323 2383 14
88482 50733 24
375325 789 24
375326 47016 24
375328 16133 12
375329 47017 24
1061 1902 2
1061 2519 22
1061 52809 12
375331 1313 24
375332 49408 12
375333 56005 12
375334 41628 24
375335 23291 24
375336 242234 24
375337 25925 24
375339 12814 24
375340 26968 8
375340 146891 12
375343 1196 12
375343 30923 2
329439 452 2
375345 274965 24
375359 79322 24
375361 2309 12
375362 149795 11
375364 1634 12
375364 285 22
375365 5314 24
375366 37637 24
375366 140826 24
375367 101694 12
375368 59497 24
375369 5316 24
375374 94104 12
375375 41024 2
375375 43847 12
375376 13454 14
375376 4457 12
375377 1760 24
375378 2514 12
375379 1830 8
375379 17479 8
375391 832 24
196158 3139 8
332492 75445 24
375410 235534 24
375412 36497 24
375413 33854 24
375417 5258 8
375417 5259 8
375417 56858 12
375417 26968 8
375418 36027 24
375419 15305 8
92176 5120 12
92176 375421 8
375426 539 2
375429 29795 12
375430 1865 8
375430 2331 8
375430 17479 8
375439 3130 24
375440 16479 24
375449 1297 9
375452 3123 24
333141 70280 14
333141 70458 12
375458 13454 2
375458 19899 12
375463 13454 2
375463 19899 12
91731 10806 2
91731 375467 9
91731 375467 25
375468 439 24
375468 1196 2
375469 1675 24
375470 46819 12
375476 43553 24
375477 43553 24
375478 43553 24
375478 125983 24
375479 43553 24
375480 43553 24
375481 18166 12
375482 43553 24
375483 43553 24
375483 272302 24
375484 43553 24
375485 43553 24
375485 272302 24
375486 43553 24
375487 43553 24
375488 43553 24
375490 127452 27
375491 1292 24
375492 156981 24
375493 361 22
375493 313832 12
375464 13454 12
375464 123142 2
375495 655 12
375496 85601 24
375497 33908 24
375500 2221 12
375500 2598 14
375500 84898 9
375500 84898 25
277357 1482 8
277357 126218 12
277357 97483 8
375501 8034 12
352480 26495 24
352480 97483 8
375502 2011 2
375503 40330 24
375503 40330 12
375512 73 12
375513 1911 2
375513 6897 22
375513 40456 12
375514 124382 12
375516 43578 24
375517 1760 2
375519 368546 12
375519 3845 2
375521 14203 12
375523 14213 12
375525 31987 24
375526 125301 24
375528 13500 24
375529 6994 12
375534 3843 14
375535 48674 24
375538 73 12
375539 4440 24
375540 6890 24
375542 3845 12
375543 65539 24
375545 62644 12
375545 62644 14
375547 37637 24
375548 31589 24
375549 13052 24
375551 5258 8
375551 56879 12
375551 26968 8
375552 162179 24
375553 94179 24
375557 4076 24
375558 46640 24
375559 67162 12
375560 5173 8
375560 2017 8
375561 13454 12
375562 5258 8
375562 13908 12
375562 26968 8
375563 169654 24
375566 458 22
375567 1370 24
375568 38316 24
375572 375573 24
375574 2224 12
375575 181554 24
375579 61281 24
375580 19051 2
375584 129934 24
375587 78451 24
375588 210349 24
375589 40958 24
375593 150070 24
375594 4985 24
375594 458 22
375595 15107 8
375596 14529 9
375597 58536 14
375598 25523 12
375599 3068 8
375599 5258 8
375605 1069 24
375608 187417 24
375610 375611 12
375613 41321 24
375614 2821 24
375615 2014 9
375615 30203 14
375615 53191 12
375616 23320 25
375616 1770 9
375619 15249 12
375630 69362 12
375632 189186 8
375633 8934 12
375633 6994 14
375633 204247 27
375633 1655 14
375636 3032 2
375637 189186 8
375638 375639 24
375640 1760 24
375641 189186 8
375642 1098 12
375643 165663 12
375644 62504 12
375645 189186 8
375648 4389 24
375649 33992 12
375650 5578 24
375658 68534 24
375660 13454 24
375660 13454 2
375661 9336 24
375662 43553 24
375664 16809 24
375672 39998 24
375673 34950 14
375673 56005 14
375674 117266 12
375675 1323 2
375675 37288 27
375676 459 24
375677 26968 8
375678 5258 8
375678 57723 12
375678 26968 8
375679 5258 8
375679 14213 12
375679 26968 8
375680 5120 2
375680 25498 9
375682 12585 24
375682 129440 24
375683 81 2
375683 26968 8
375684 360 24
375685 26968 8
375689 26968 8
375690 26968 8
169712 29360 12
375694 375695 8
375696 37161 24
375697 1125 24
375699 5258 8
375699 26968 8
375700 1380 24
375701 5258 8
375701 26968 8
375702 5256 8
375702 5258 8
375702 5259 8
375702 26968 8
375702 32825 8
375703 12578 24
375704 5258 8
375704 78432 12
375704 26968 8
375705 36905 12
375708 60306 24
375709 2016 8
375710 129012 24
375711 30929 24
375712 32319 24
375713 1178 24
375714 79784 12
375715 71127 12
375717 280 24
375720 2331 8
375721 184155 24
375722 285 24
375726 140629 24
375727 3136 8
375727 110187 12
375728 2494 24
375731 12814 12
375732 375733 24
375734 4389 24
272143 23562 12
375735 83846 12
375736 4389 24
375737 26094 24
375738 364 22
375739 8929 24
375740 4389 24
375741 819 24
375742 1048 22
375743 1313 22
169502 6259 12
169502 7229 8
375744 3123 24
375745 61256 24
375746 3123 24
375749 25443 12
375750 7332 24
375753 246995 9
375754 48650 24
375755 111224 24
375761 36749 12
375764 64603 24
375765 47017 24
375766 41407 12
375770 69225 24
375775 5256 8
375775 3068 8
375775 10694 8
375775 5261 8
375776 46820 8
375777 5457 26
375778 25250 12
375779 5258 8
375779 26968 8
375780 3207 24
375781 21366 24
375782 26968 8
375783 3207 22
375786 3123 26
375786 169388 14
375786 27571 2
375787 110414 24
375788 321551 24
182021 56799 12
375797 13454 12
375798 32319 24
375799 375800 24
375801 4389 24
375802 4389 24
375804 43029 2
375806 260146 24
375807 534 24
375808 375809 24
375810 12857 24
375811 13164 24
375812 7441 24
375813 20663 12
375820 11260 12
375833 539 2
375844 282 24
375852 26968 8
375854 1634 12
375855 39466 2
375856 285 24
375856 375857 24
375858 332496 12
375862 12247 2
375863 26494 24
375865 27218 24
375866 458 22
375872 26968 8
375875 146892 24
375876 48669 12
375881 375882 24
375883 653 12
375884 30465 12
375887 1902 12
375889 1370 24
375890 43553 24
375891 43553 24
375892 43553 24
375892 272302 24
375893 43553 24
375894 43553 24
375895 10081 12
375896 532 14
375896 358465 14
375897 48008 24
375899 108144 8
375900 5258 8
375900 60650 12
375900 26968 8
375902 5258 8
375902 26968 8
375903 21762 24
375903 2017 8
375904 5258 8
375904 31068 12
375904 26968 8
375907 8538 24
375908 61387 24
375909 200887 24
375910 93023 24
375913 2700 24
375914 112693 24
375915 264206 24
375916 285 22
375916 39212 12
354797 2016 8
354797 7975 12
354797 2074 8
375919 170827 24
375920 2627 9
375920 349224 25
375921 295583 27
375925 2016 8
375926 3207 22
375927 32318 14
375927 371797 9
375928 214746 24
375929 375930 24
375931 360 22
375932 78589 24
375933 21476 24
375935 61349 24
375936 52653 12
375937 61349 24
375938 819 14
375938 56697 14
375938 50821 9
375939 68477 24
375940 375941 24
375942 32334 24
375943 375944 24
375945 110416 24
375946 31589 24
375946 221704 24
375947 375948 9
375949 99393 8
375953 73643 24
375957 32825 8
375959 278 24
375963 115848 24
375964 73643 24
375965 73643 24
375966 73643 24
375967 73643 24
375968 73643 24
375969 73643 24
375970 7953 12
375971 31589 24
375972 17390 12
375973 31589 24
375974 13500 12
375975 45698 24
375976 186353 24
375977 1792 24
375977 22417 2
375978 28165 24
375979 54477 24
375980 25254 2
375981 20696 12
375982 43029 12
375983 73643 24
375984 375985 24
375986 78398 24
375987 220 24
375988 375989 8
375993 45159 12
375994 65704 14
371024 285 22
375997 6890 24
375998 4076 2
375999 5258 8
375999 56893 12
375999 11874 2
375999 26968 8
376000 18786 24
376001 20661 24
376002 93685 24
376004 150744 24
376007 3001 12
376009 162594 24
376011 31873 24
376013 11437 14
376014 454 24
376018 61256 24
376019 5258 8
376019 5554 12
376019 26968 8
376020 43841 24
376021 94324 24
376022 24630 22
376022 136683 12
376022 15064 9
376023 5256 8
376023 3068 8
376023 58074 12
376023 26968 8
376023 32825 8
376023 3072 8
376024 1125 12
376025 5256 8
376025 5258 8
376025 5259 8
376025 68171 12
376025 26968 8
141616 832 24
376028 8603 24
376029 180494 24
376032 234188 24
376033 60663 12
376033 26968 8
376034 5258 8
376034 69039 12
376034 26968 8
376035 5258 8
376035 148270 12
376035 26968 8
376038 454 24
376039 5258 8
376039 78164 12
376039 26968 8
376040 5256 8
376040 5258 8
376040 5259 8
376040 59267 12
376040 26968 8
376040 11254 8
376040 41216 8
376041 5258 8
376041 26968 8
376044 438 24
376045 37161 24
376046 57548 24
376047 361 14
376047 16197 14
376048 50733 24
376049 62244 12
376050 376051 24
376052 362 24
376053 376054 24
376055 54409 12
376055 26968 8
376056 187144 9
376057 349592 24
376058 376059 24
376060 653 2
376061 1313 22
376061 74086 8
376061 48008 12
376064 655 24
376065 95610 12
376075 5258 8
376075 56183 12
376075 26968 8
376076 5258 8
376076 26968 8
6227 25443 12
376078 276165 24
376079 5258 8
376079 26968 8
376079 98133 12
376080 9336 24
376081 5258 8
376081 62860 12
376081 26968 8
376082 5258 8
376082 72417 12
376082 26968 8
376083 5258 8
376083 26968 8
376084 122654 24
376085 365 24
376086 373347 24
376087 56654 2
376087 67400 24
376090 4772 24
376091 5258 8
376091 2309 12
376091 26968 8
376092 120829 24
376093 57832 2
376093 68015 12
376094 264235 24
376095 439 22
376095 376096 12
376099 171627 24
376100 82924 24
376101 4772 24
376102 275959 24
376107 376108 24
376109 148011 24
376110 129243 24
376111 52204 9
376111 376112 14
376111 238480 12
376113 4389 24
376114 376115 14
376116 4440 24
376117 161689 24
376118 5120 12
376120 4389 24
376121 2700 24
376122 158117 24
376125 37637 24
376126 112533 24
376127 52204 9
376127 131159 12
376127 131159 14
376129 3431 8
376130 49988 14
376131 2700 24
376132 3431 8
376132 7229 8
376135 66583 12
376137 376138 12
376139 78628 24
376140 110089 24
376142 68048 14
376145 357 12
376146 108751 24
376147 376148 24
376149 1370 12
376149 13500 2
376149 37885 8
376150 78526 12
174508 15367 2
174508 15249 24
376153 46819 12
376154 73 2
9139 16479 12
376155 47017 24
376157 3068 8
376157 68856 12
376157 5260 8
376157 10694 8
376158 47017 24
376159 56303 12
376160 376161 24
376163 60661 12
376163 12849 9
376163 376164 25
333608 205931 9
333608 655 12
333608 7158 14
376165 9894 27
376166 117303 24
376168 110410 24
376169 198068 24
376171 57125 12
376174 5256 8
376174 5258 8
376174 42498 12
376174 26968 8
376175 819 24
376180 13500 12
376181 376182 24
376186 5256 8
376186 3068 8
376186 5258 8
376186 5259 8
376186 55151 12
376186 54477 2
376186 26968 8
376186 5563 8
376186 32825 8
376187 41321 24
376188 39103 12
376189 41321 24
376191 11260 24
376192 21570 24
376193 11437 2
376193 215996 12
376193 29255 8
376193 99855 8
376193 3069 8
376194 94284 24
376195 11261 24
376198 4389 24
376199 51847 24
376200 262866 12
376201 6888 22
376201 1760 12
376204 5256 8
376204 5258 8
376204 5259 8
376204 56125 2
376204 26968 8
376204 32825 8
376205 5258 8
376205 26968 8
376206 361 22
376207 2221 12
376210 5258 8
376210 26968 8
376215 19899 12
376215 41317 2
376215 13411 8
376216 20590 12
376217 45449 24
376218 202059 24
376223 376224 24
376225 196060 24
376230 1196 12
376230 1196 2
376233 5258 8
376233 26968 8
376234 98142 24
376237 5256 8
376237 5258 8
376237 26968 8
376238 4727 22
376241 5112 24
376242 4392 24
376245 279 22
376246 20886 24
376247 68157 24
376248 158495 2
376248 376249 12
376253 361 22
376254 12176 12
376255 376256 24
376257 14740 12
376257 48711 9
376259 4772 24
376260 376261 24
376263 53088 24
376264 59800 24
376265 1015 24
376266 35488 24
376267 1313 24
376268 539 24
376269 66939 24
376271 5258 8
376271 194769 12
376271 26968 8
376272 5258 8
376272 20343 2
376272 64377 12
376272 26968 8
376273 5258 8
376273 68148 12
376273 26968 8
376274 819 24
376275 2221 14
376275 7363 14
376275 7363 22
376277 18297 24
376278 1370 2
376278 16562 8
376278 16563 8
376278 20730 8
376278 109468 8
376278 251998 12
376279 5258 8
376279 26968 8
376281 376282 24
376283 114630 24
376284 43553 24
376285 43553 24
376285 272302 24
376286 43553 24
376287 10360 24
376288 4389 24
376289 92128 12
376289 8892 2
376290 285 24
376291 4669 24
376292 10719 24
376293 357 12
376294 16530 24
376295 18786 24
376296 13454 24
376299 104795 24
376300 104795 24
376301 280 24
376303 4728 24
376304 20696 12
376305 5258 8
376305 36863 12
376305 36863 2
376305 5260 8
376306 1634 2
376306 174438 12
31046 8284 12
376307 376308 24
376309 57848 24
376311 3207 22
376312 440 22
376312 255751 12
376314 655 12
376315 67013 8
376316 361 22
376316 1482 8
376317 48241 12
376318 2700 24
376325 376326 12
376328 36176 12
376329 34254 12
376330 3251 9
376331 376332 24
376333 11949 24
376334 7484 2
376335 56978 24
376336 13500 12
376337 54323 12
376337 2074 8
376338 2746 22
376338 49408 12
376339 354031 24
376342 8143 2
376343 86757 12
376344 20371 24
173735 66503 12
173735 124181 9
173735 173967 27
376345 242234 24
376346 2017 8
376347 7956 12
376347 98545 8
376349 1048 24
376350 32150 12
376354 42514 24
376355 376356 24
376357 109918 14
376358 7492 24
376359 2700 24
376363 26968 8
376363 655 12
376364 7973 24
376365 376366 24
376367 126194 24
376368 18773 24
376369 31068 24
376370 18773 24
376371 41503 24
376374 456 22
376374 80582 24
376378 458 14
376378 1770 9
376379 1655 24
376380 25131 12
376385 2592 2
376386 1634 2
376386 365 22
376386 193 24
376387 12672 24
376388 84510 24
376389 7441 24
376390 454 24
376391 4732 24
376393 353272 24
376394 458 24
376395 376396 12
376397 311396 24
376398 50733 24
376398 50734 24
376399 9856 12
376400 5258 8
376400 26968 8
376401 5258 8
376401 60804 12
376401 26968 8
376402 151397 24
376403 5256 8
376403 5258 8
376403 5259 8
376403 26968 8
376406 11839 8
376406 458 22
376406 1771 14
376406 268587 11
376406 72800 8
376408 5258 8
376408 26968 8
376409 12851 24
376410 12247 12
376410 5258 8
376410 26968 8
376411 1760 12
376412 376413 24
376414 5258 8
376414 24833 12
376414 26968 8
376414 10694 8
376415 37638 24
376417 1771 12
376418 5258 8
376418 26968 8
376419 376420 24
376421 5258 8
376421 56902 12
376421 26968 8
376422 5257 8
376422 61078 12
376422 173739 9
376423 13454 12
376423 13411 8
376424 32150 12
376425 19181 24
376426 43841 24
376427 85533 24
376428 5258 8
376428 26968 8
376431 46614 24
376432 56992 12
376433 3845 24
376434 1292 24
376435 5258 8
376435 73 12
376435 26968 8
376438 5258 8
376438 26968 8
376441 5256 8
376441 3068 8
376441 5258 8
376441 5259 8
376441 26968 8
376442 5258 8
376442 61843 12
376442 26968 8
376442 25131 2
376443 3129 12
376444 1830 8
376445 5258 8
376445 68868 12
376445 26968 8
376446 376447 12
376448 15650 12
376449 5258 8
376449 26968 8
376450 2016 8
376451 146505 8
376452 13500 12
376453 8248 24
376455 26968 8
376456 25554 12
376456 2074 8
376457 85526 9
376458 5258 8
376458 26968 8
376459 6259 12
376460 5258 8
376460 26968 8
376465 5258 8
376465 26968 8
376466 20696 12
376468 55171 2
376469 5120 12
376469 5258 8
376469 26968 8
376470 5258 8
376470 26968 8
376471 35222 24
376472 5258 8
376472 61580 12
376472 26968 8
376474 5258 8
376474 26968 8
376477 5258 8
376477 60895 12
376477 26968 8
376478 2009 2
376478 36027 12
376479 64233 2
376479 95638 8
376480 5258 8
376480 26968 8
376480 25131 2
376481 5464 24
376482 1068 24
38172 55320 12
376485 8593 24
376486 8593 24
376489 4389 24
376490 4389 24
376491 19293 24
376492 4389 24
376493 15238 12
376494 30011 12
376497 280 24
376498 3992 12
376499 60557 12
376501 54413 2
376504 2486 24
376505 56820 12
376506 21762 12
376506 376507 14
376506 87704 9
376508 1068 24
376511 280 24
376512 108466 12
376513 13315 12
54339 30925 14
376514 1065 24
376515 190900 24
376516 360 22
376516 80078 12
376517 376518 12
376522 376523 14
376522 168649 9
376524 60129 12
376524 60129 2
376525 154019 8
376527 11858 9
376529 57004 24
376531 29643 2
376531 21430 12
376533 259655 14
376534 25964 24
376536 45641 24
376541 370181 9
376542 233003 2
376543 56976 12
376544 84835 12
376545 36375 24
376546 66773 24
376547 173280 24
376548 376549 14
376550 53446 8
376550 116944 12
376551 11437 12
376551 11260 2
376552 285955 24
376553 376554 8
198432 29643 2
376555 376556 24
376557 257164 24
376558 136414 14
376559 376560 12
376559 376560 14
376561 3431 8
376563 7229 8
376564 154070 12
376565 113507 24
376568 68470 24
376569 5256 8
376569 5258 8
376569 5259 8
376569 26968 8
190815 3207 14
376570 2223 12
376571 376572 24
53375 534 22
376573 192175 8
376574 819 24
376577 275047 24
376578 165663 24
376579 13454 24
376580 4384 12
376581 61677 12
376582 18165 24
376583 18165 24
376586 376587 24
376588 125304 12
376589 5258 8
376589 56404 12
376589 26968 8
376590 52372 12
376591 5258 8
376591 376592 12
376591 26968 8
376594 5258 8
376594 26968 8
376594 99840 12
376595 364 14
376595 12647 12
376595 25964 14
376595 204233 9
376595 22248 8
376595 190699 8
376595 376597 8
376595 358164 11
376599 16199 12
376600 5258 8
376600 26968 8
376601 5258 8
376601 26968 8
376601 655 12
376602 18165 24
376603 5258 8
376603 26968 8
376604 4389 24
376605 5258 8
376605 26968 8
376606 4389 24
376607 5258 8
376607 60647 12
376607 26968 8
376608 35222 24
376609 4389 24
376610 5258 8
376610 26968 8
376611 13454 2
376611 19899 12
376612 19899 12
376613 5258 8
376613 59167 12
376613 26968 8
376614 61231 24
376615 2744 24
376616 5258 8
376616 26968 8
376617 1634 2
376617 13454 12
376618 5508 12
376619 5258 8
376619 56660 12
376619 26968 8
376620 4389 24
376621 98448 2
376624 376625 24
376627 1634 12
376627 2017 8
376629 35222 24
376630 2219 24
376631 56723 12
329235 3001 2
376632 61969 12
376635 280 24
376636 105145 12
376637 108144 8
376638 190285 24
376639 80903 12
376640 2016 8
376641 819 14
376641 108057 9
376642 154377 24
376643 78185 12
376643 107877 8
376644 376645 24
376646 190285 24
376647 2309 24
376649 3123 24
376650 5508 12
376651 18786 24
376652 1441 24
376653 376654 14
376655 73947 24
376655 263864 24
376657 2074 8
376659 329963 24
376661 1482 8
376663 30011 12
376666 41670 12
376667 4389 24
376670 216611 24
376671 78185 12
376672 252765 24
376679 1814 12
376680 376681 24
376682 104662 12
376683 61664 12
376684 185661 12
376685 1830 8
376686 32319 24
376687 436 11
376688 44295 12
376689 70758 2
376691 61076 24
376692 360 24
376694 36497 24
376695 22670 24
376696 19899 24
376696 4457 2
376697 319472 24
376699 10372 24
376700 40900 24
376701 165437 12
376702 107877 8
376703 2701 12
376705 1769 11
376706 356993 12
376708 37638 24
376709 43841 24
376710 190285 24
376711 190285 24
376716 190285 24
376719 376720 24
376727 1356 24
376728 34878 12
376729 171627 24
376732 1655 24
376733 1655 24
376734 1291 12
376734 20387 2
376735 376736 12
376735 159947 2
376735 159947 14
376737 376738 24
376739 33908 12
376739 376740 14
376741 25443 12
376742 264059 14
376742 376743 9
376744 15828 9
376746 370181 9
376747 263037 14
376747 376748 9
376749 54787 12
376749 289594 8
376749 282303 8
376749 376750 8
376751 12491 8
376752 49543 24
376753 4169 12
376753 4169 14
376754 376755 24
376756 5151 24
305833 13454 12
376759 2821 12
376760 121519 2
376761 239677 24
376762 239677 24
376763 2309 2
376763 30664 12
376763 376764 9
376765 18786 24
376766 2821 12
376768 359720 8
376768 376750 8
376769 2821 12
376771 239677 24
376772 1482 8
376773 33407 24
376774 376775 24
376777 127624 2
376779 11305 24
376783 1370 24
376784 18273 24
376787 31611 8
376788 32307 24
376791 16479 12
376791 147776 27
376792 57564 24
376793 8781 8
376794 67669 12
376795 190285 24
376796 3803 24
376800 75445 24
376801 454 24
376802 147655 12
376803 65011 24
376804 181898 2
376804 376805 12
376806 88640 24
376807 50067 24
376811 7653 24
376812 2745 14
376819 376820 24
376822 50733 24
376823 306463 24
376824 73 2
376824 655 12
376825 64593 12
376826 65011 24
376827 37992 12
376828 353595 24
376829 94069 24
376830 179664 24
376833 65317 12
376834 144056 24
376835 1634 12
376835 285 22
376836 1313 22
376837 2210 24
376838 191219 24
376839 61231 24
376840 79931 24
376844 36089 12
376845 74285 24
376846 11197 12
376851 42077 9
376852 11953 24
376853 1757 24
376854 3992 24
376855 116525 24
376856 3992 24
376857 31589 24
376858 832 24
376859 3992 24
376860 145218 24
376864 82924 24
376865 1634 12
376867 3068 8
376867 5563 8
376867 41790 8
376868 47017 24
376869 2221 12
376869 2598 14
376869 84898 9
376869 84898 25
376876 5256 8
376876 3068 8
376876 78153 12
376876 41213 8
376876 10694 8
376876 6484 8
376876 10696 8
376877 376878 24
376879 280 24
376880 12801 12
376881 268752 24
376882 307095 24
376883 183165 24
376884 92489 24
376885 1323 24
376886 70656 14
376886 350330 9
376887 57367 24
376888 376889 24
376890 64621 24
376891 376892 24
376893 1067 22
376894 470 24
375888 376896 2
376897 93095 24
212736 162726 14
376901 73947 24
376903 278 22
376903 50465 12
376905 44440 2
360409 7332 24
376908 64176 12
376909 441 24
376911 43558 24
376912 376913 14
376912 68182 12
376914 15239 24
376919 2074 8
376920 2221 12
376920 832 2
376921 52730 24
376922 1411 12
376922 1411 2
376922 282 22
376926 73606 24
376928 58261 2
376928 50438 12
376929 97204 9
376929 109592 27
376930 15249 2
376932 8604 24
376934 73947 24
376935 166400 24
376936 164348 12
376939 39410 2
376939 60799 12
376940 15239 12
376941 10372 24
376942 12176 24
376947 3130 24
376948 1830 8
376949 30950 24
376951 68552 24
376956 61336 24
376957 1757 12
376961 68469 24
376964 25309 24
376968 13454 2
376971 281836 8
376978 235574 24
376979 1390 24
376980 93300 12
376981 11955 24
376983 53446 8
376984 93685 24
376985 61281 24
345357 4985 12
376987 193398 24
376988 48008 12
376989 12404 24
376991 89799 24
376992 284 22
376993 70226 2
376994 21762 24
376995 18117 12
376996 34862 12
376997 1325 24
376998 3130 24
376999 1069 24
377000 3803 24
377003 6887 24
377007 655 24
377008 377009 24
377012 46711 24
377014 5120 24
377016 58025 24
52380 120315 24
377017 7653 12
377018 377019 24
377020 57241 12
377027 278 22
377028 3129 24
32722 440 14
32722 8775 12
32722 8775 2
377037 129445 24
377039 12538 14
377039 31586 9
377040 25253 14
377040 377041 14
377042 127214 24
377043 13500 24
377044 3130 24
377045 13500 24
377046 455 24
377047 74517 24
377048 112147 24
377049 177831 24
377050 1634 24
377052 439 22
377052 7482 24
377054 59822 24
377055 53254 2
377055 26968 8
377055 1261 12
377056 3977 2
377056 56858 12
377057 153166 24
377058 181820 24
377059 83683 2
377059 83683 14
377059 377060 14
377059 41784 12
377059 99287 9
377061 13052 24
377062 1196 12
377062 106860 2
377065 6888 22
377066 17379 24
377067 2017 8
377070 5256 8
377070 2009 2
377070 2009 14
377072 12247 2
377073 19498 24
377076 39103 24
377078 304851 24
377079 1830 8
377080 374560 24
377081 117821 24
377082 377083 24
377084 42077 9
377084 6795 2
377085 209055 24
377086 57548 24
377087 43731 24
377088 3136 8
377090 36749 12
377093 25290 2
377096 123952 12
377097 68279 24
377103 68237 24
377104 33252 24
377105 309498 12
377106 19001 14
377106 51871 12
377107 7262 12
377107 7832 8
377110 19668 8
377111 5304 24
377112 377113 24
377114 107586 12
377115 1325 24
377117 206192 24
377129 62289 12
377130 25413 24
377133 12405 24
377134 26968 8
377135 2631 26
377135 36027 2
377136 67272 12
377137 95641 8
377139 46762 24
7658 2221 12
377142 819 24
377143 60931 24
377146 95641 8
377146 172968 8
377147 9268 24
377148 457 24
377150 18786 24
377151 119393 24
377157 80582 12
377159 61281 24
377162 79882 12
377164 154019 8
377165 340499 24
377176 162393 24
377177 228025 9
377178 162393 24
377179 162393 24
377180 162393 24
377181 1065 24
377182 35222 24
377188 162393 24
377193 3803 24
377194 80582 24
377206 39627 2
377207 2051 24
377208 4389 24
377210 3032 24
377212 458 22
377213 832 2
377213 93592 24
146172 832 12
377226 50067 24
377229 34176 12
377232 357 24
377233 238544 24
377234 2017 8
377235 78517 24
377243 78398 12
377243 78398 2
377244 2700 24
377254 40236 24
377255 3129 12
377255 26968 8
377261 21430 24
377286 2303 24
377292 1830 8
377295 11874 12
163556 162726 14
377297 2519 24
377298 141196 12
377299 13500 24
377300 141196 12
377300 280645 22
377306 4169 12
377309 20886 14
377309 163881 14
377310 11437 12
377310 377311 8
377312 280 24
377313 819 24
283864 1356 12
377314 74846 8
134683 43219 24
377315 2701 12
377316 18773 24
377317 73947 24
377323 11307 12
377323 169008 9
377324 98524 12
377325 9336 24
377326 2570 2
377327 75490 24
377328 5258 8
377328 26968 8
377329 11763 12
377329 377330 9
173736 67172 12
377332 218303 24
377335 45449 12
377336 16771 12
377337 12696 24
377338 377339 24
377340 2770 24
377341 120142 24
377346 73947 24
377347 60231 24
377348 3803 2
377349 11763 12
377351 43553 24
377352 43746 24
377353 86751 12
377354 94577 24
377358 37637 24
377358 290136 24
377359 4733 2
377360 94577 24
377361 2016 8
377361 60647 12
377362 68165 2
377363 40900 24
377364 377365 24
377368 2228 24
377371 19547 24
377374 19547 24
377375 7229 8
377376 5256 8
377376 5258 8
377376 133355 8
377376 163121 8
377376 223300 8
377377 20886 24
377378 2017 8
377381 295054 24
377382 5256 8
377382 3068 8
377382 70676 2
377382 5260 8
377383 454 24
377384 40456 24
377385 12672 24
377386 12672 24
377388 439 22
377389 3803 24
377392 458 22
377392 86441 14
377393 57629 2
377394 131676 12
377395 377396 24
377397 2206 24
377398 34383 24
377399 377400 24
377401 121617 24
377402 121617 24
377403 2750 24
131136 1045 9
131136 1045 25
131136 11861 8
131136 377404 11
377405 33407 2
377406 9336 24
377407 458 22
377408 42114 2
377408 249754 12
377409 61920 2
377410 83274 24
377410 655 2
377412 158495 24
377422 4179 14
377423 377424 9
377425 7332 24
377431 1390 22
377431 2199 12
377432 2016 8
377432 2074 8
377433 17421 24
377437 101689 24
377439 3068 8
377441 25519 24
377442 377443 24
377444 1356 24
377445 23562 2
377447 308911 24
377449 25061 12
377450 543 24
377451 26968 8
377451 655 12
377454 819 14
377454 4454 14
377454 3843 14
377456 458 22
377456 48008 12
377457 41151 24
377458 31873 24
377459 4076 12
377460 26968 8
377461 20343 12
377462 2745 24
377463 254580 24
377453 655 12
377467 1830 8
377467 2016 8
377468 2700 24
377470 7330 24
377471 67161 24
377472 217573 8
377472 377473 8
377474 73947 24
377476 78339 24
377477 31589 24
377478 1655 24
377479 1830 8
377480 43553 24
377480 272302 24
377483 112506 24
377484 73947 24
377485 13640 12
377486 136683 24
377487 10360 24
377490 1261 24
377491 4454 12
377494 73947 24
377496 51222 12
377497 8600 24
377498 309776 24
377501 377502 24
377503 57472 24
377504 73947 24
377505 69363 12
377506 1178 24
377508 2993 24
377514 2052 24
377515 1082 24
377516 73947 24
42657 165663 24
377517 183887 12
377518 33301 2
377519 337856 24
377520 50691 24
377522 210841 24
377523 15650 24
377525 48650 12
377525 78204 14
377526 18148 24
377528 46201 24
377530 30925 24
377540 30775 12
377540 249798 14
377541 68517 12
377541 68517 14
377542 377543 24
377544 98495 24
377545 208770 24
377546 16803 24
377547 136954 24
377548 16526 2
377548 377549 24
377550 311975 24
377554 98051 24
377555 1325 24
377556 183176 12
377559 105227 12
135686 18773 24
377564 64700 24
377565 2329 24
377566 832 12
377566 458 22
377566 15064 25
377568 36335 24
377569 5508 24
377571 377572 24
377575 173628 12
377576 41031 24
152528 546 24
377577 18773 12
377578 53009 24
202455 20886 24
377579 832 24
377580 457 22
377581 61256 24
377584 50733 24
377585 4169 12
377585 4169 14
377586 50733 24
377586 257730 24
377587 86338 24
377588 2517 24
377589 377590 12
377591 31488 8
377592 458 22
377592 126933 9
377593 50733 24
377594 4164 12
377596 6034 9
377596 15357 2
377596 150778 12
377596 122025 11
377598 61815 12
377599 832 24
377600 256537 24
377601 57530 24
377602 50733 24
377603 210177 24
377606 377607 24
377608 58804 24
377609 655 2
377610 66452 12
377610 91915 8
377611 101145 24
377612 36176 24
377613 1634 24
377614 5340 24
377615 11857 9
377615 30850 14
377616 20660 24
377618 43553 24
377619 43553 24
377620 43553 24
377623 43553 24
377627 8248 2
377628 43553 24
377629 546 12
377629 29255 8
377629 377630 8
377629 377631 8
377632 109045 12
377633 2486 24
377636 832 12
377636 458 22
377637 58090 24
377640 273706 24
377641 546 12
377650 37288 27
377651 11541 12
377653 377654 24
377655 8143 12
377656 297735 24
377657 303086 24
377658 16120 24
377659 3136 8
377660 36863 24
377661 8143 2
377661 26968 8
377662 832 24
377665 2729 24
377666 377667 24
377672 31488 8
377675 57558 24
377676 11260 24
377677 25443 24
377680 12247 24
377681 16502 24
377682 377683 24
377684 31589 24
377685 78462 12
377685 3130 14
377686 99393 8
377686 3072 8
377687 40900 24
200145 33252 24
377691 195319 24
377694 30206 24
377697 7361 12
377697 7362 22
377698 280 24
377699 16509 2
377702 1370 2
212737 162726 14
377703 54783 12
377704 76532 12
377705 36542 12
377706 198076 24
377707 52392 9
377711 25131 12
377714 69721 24
377715 24114 24
377718 7229 8
377721 31960 2
377722 5554 12
377723 1386 12
377724 18786 24
377733 38970 24
377736 7229 8
377737 377738 24
377740 91062 24
377741 1757 12
377742 55315 24
377743 74812 24
377746 1048 24
377747 141196 12
377747 141196 2
377748 136954 24
377750 7956 12
377761 222307 24
377762 93023 24
377763 216611 24
377764 18147 24
377765 216611 24
377766 377767 24
377768 25290 24
377780 539 2
377782 19293 22
377782 114051 9
377782 100894 14
377783 135048 14
377783 114051 9
377783 141708 14
377784 10634 24
377785 135048 14
377785 100894 14
377785 18192 14
377785 377786 14
377788 297816 24
377789 357 12
377790 19293 22
377790 377791 14
377790 377792 14
377794 91915 8
377796 280 24
377800 37450 12
27703 243713 24
377801 1634 2
377803 4772 24
377804 57558 24
377808 41030 2
377809 9847 24
377810 108810 24
377811 3001 12
377812 377813 24
377814 222199 11
377815 100174 8
377820 26968 8
377807 655 24
377824 2701 24
377825 91915 8
377826 52809 24
377829 377830 24
377832 307235 24
377833 26968 8
377833 655 12
377834 107239 24
377835 3001 24
377841 178658 24
377842 284012 24
377843 2333 24
377844 194631 24
377845 377846 24
377847 33407 24
377854 2333 24
377856 819 14
377856 3843 14
377856 56914 14
377856 135110 9
377857 364 22
160971 377859 11
377860 25131 12
377862 7158 14
377863 54085 12
377863 26968 8
377865 56613 12
377865 15239 2
377866 292171 24
377871 12672 24
377872 208478 24
377873 18828 12
377874 243150 24
377875 12672 24
377876 311811 24
377878 16479 2
377878 135322 12
377878 132955 9
377878 128331 11
377879 7229 8
377893 24630 14
377893 24630 22
377893 136683 12
377893 136683 2
377893 136683 14
377893 264180 14
377894 136683 24
377895 4167 12
377898 43558 12
377899 280 24
377900 12247 24
377901 144056 24
377902 377903 24
377904 280 24
377905 13500 12
377906 357 2
377906 37288 27
377907 13454 2
377907 19899 12
377908 73 12
377909 8591 24
377910 8591 24
377911 8591 24
377912 8591 24
298641 162726 14
377918 1313 14
377918 1313 22
377919 1902 2
377919 8780 8
377923 18773 24
377925 1655 24
377927 1068 24
377928 56995 24
377929 34383 24
377930 61387 24
377932 63538 12
377933 377934 24
377936 4392 24
377939 1792 24
377940 50733 24
377942 2768 24
377943 2016 8
377943 2017 8
377943 2074 8
377944 61231 24
377946 56297 12
377947 278 24
377948 377949 24
377952 458 22
377954 458 22
377962 56839 12
377963 25242 24
377964 81 24
377966 269727 14
377966 101836 9
377968 377969 24
377970 4279 24
377972 68481 24
377973 534 22
377975 64603 24
377976 377977 24
248631 22586 24
377981 1048 24
377982 47017 24
377984 1048 24
377987 60040 24
377988 28487 24
71014 655 12
377989 36027 12
377991 20592 12
377992 14203 14
378004 378005 24
378006 34383 24
378007 108466 12
378009 360 22
378009 1902 12
378009 1902 2
378010 56889 24
378015 197382 24
378020 2745 22
378023 34171 12
378024 50067 24
378028 23562 12
378034 79778 24
378038 79778 24
378039 74780 24
378043 37637 24
378050 1902 2
378051 50733 24
378052 172832 24
378053 78360 12
378053 115348 8
378054 16771 12
378055 79778 24
378056 79778 24
378057 35488 24
378061 79778 24
378062 64064 24
378063 79778 24
378064 11949 14
378065 4279 24
378067 107520 14
378067 27152 12
378068 38970 12
378069 79778 24
378070 439 22
378070 35222 14
378070 3032 12
378072 2494 2
378072 12176 12
378075 832 12
378076 6574 12
378077 75413 2
378077 378078 12
378079 61387 24
378080 2700 14
378080 239467 14
378081 280 24
378082 18868 24
378083 378084 24
378085 16497 24
378087 79778 24
378090 113394 12
378091 31498 24
378092 36752 2
378098 1815 24
378099 19899 12
378103 1471 11
378103 23554 11
378104 15650 12
378105 3275 24
378106 106908 24
378107 360 24
378111 69523 12
378112 20387 12
378120 655 12
378120 655 2
378121 172166 12
378123 81 24
378124 454 24
378131 43553 24
378132 454 24
378133 43553 24
378134 43553 24
378134 272302 24
378135 43553 24
378135 272302 24
378136 43553 24
378137 43553 24
378138 2821 12
378139 43553 24
378139 272302 24
378140 43553 24
378141 43553 24
378141 272302 24
378142 105193 24
378143 43553 24
378144 43553 24
378145 43553 24
378146 43553 24
378146 272302 24
378147 43553 24
378147 272302 24
378148 11721 12
378149 3001 24
378157 61256 24
378158 61281 24
378159 97204 25
378159 143358 9
378159 79322 14
378160 64623 12
378161 45421 12
378162 79778 24
378163 79778 24
378164 81 12
378165 79778 24
378168 31960 12
378169 43746 24
378170 43553 24
378171 43553 24
378172 43553 24
378173 43553 24
378174 43553 24
378174 272302 24
378177 43553 24
378178 129236 24
378179 43553 24
378179 272302 24
378180 43553 24
378180 272302 24
378181 43553 24
378182 43553 24
378182 272302 24
378183 168258 12
378184 16133 12
378185 43553 24
378185 272302 24
378186 43553 24
378186 272302 24
378187 43553 24
378188 7441 24
378189 43553 24
378189 272302 24
378190 43553 24
378191 43553 24
378192 43553 24
378193 43553 24
378194 43553 24
378194 272302 24
378195 1356 24
378201 51847 24
378202 1760 24
378207 378208 24
378209 51529 24
378210 16133 24
378215 61281 24
378216 5316 24
378217 832 12
378219 93687 24
378220 1114 9
378222 27150 12
378223 543 24
378224 3001 2
378224 104662 12
378225 13649 12
378226 56980 24
378227 79778 24
378228 3123 24
378229 96365 24
378230 12585 24
378231 57022 24
378234 269832 24
378235 1196 24
378236 29781 8
378237 120681 24
378238 57546 24
378240 22014 12
253814 13406 12
253814 378244 2
378245 52809 24
378246 37377 12
378247 80222 24
215771 37377 12
378256 1792 24
378257 57422 12
378258 2745 24
378262 79778 24
378265 229415 12
378266 61496 24
378267 59637 12
378267 59637 14
378268 2750 22
378269 37637 24
378269 140826 24
378270 14403 24
378271 1125 24
378272 29781 8
378273 79778 24
378274 300126 12
378276 378277 24
328800 23320 9
328800 228380 25
378280 19051 12
378283 79778 24
378284 29781 8
378287 61281 24
378289 107496 24
378290 470 24
378291 29781 8
378292 118231 11
378293 41099 24
378294 126185 12
378295 29161 11
378296 29781 8
378298 4384 12
378298 1114 25
378298 169898 11
378299 458 22
378300 29781 8
378301 75492 24
378302 284 22
378302 187066 12
378302 378303 9
378304 1196 14
378305 31873 24
378306 67922 12
378312 11260 12
378313 83135 24
378320 12672 24
378321 134480 24
378322 8591 24
378323 8591 24
378324 12672 24
378325 15367 24
378326 7332 24
378327 457 24
378331 5484 12
378333 18786 24
182234 56693 24
182234 378334 8
378335 39235 24
378336 4384 12
378340 6888 14
378340 1760 14
378340 99505 12
378341 207408 24
378342 327504 14
378342 355826 9
378342 3130 14
378343 3831 2
378344 1178 24
378345 11042 9
378346 125667 2
378351 66836 12
378352 73 12
378353 378354 24
281635 259988 2
378355 13454 24
378359 67933 2
378360 454 24
378361 470 24
378363 34878 14
378363 8892 12
378364 378365 24
378373 832 2
378375 9856 2
378375 378376 12
378377 172166 24
378378 454 24
378379 16197 24
378380 204761 24
378381 2486 24
378382 378383 24
378384 89777 24
378385 81243 24
378386 2205 24
378387 72910 24
378388 50733 24
378388 257730 24
378389 49407 24
378390 46417 24
378391 50733 24
378392 41030 12
378393 378394 24
378395 16120 24
378401 50733 24
378401 257730 24
378402 2745 24
378403 539 24
378403 539 2
378405 43553 24
378406 43553 24
378406 286729 24
378407 43553 24
378407 286729 24
378408 3207 22
378410 61908 12
378412 655 12
378412 189888 9
378414 357 12
378424 13398 11
378425 144056 24
378426 146422 12
378429 65541 14
378430 43553 24
378431 43553 24
378432 43553 24
378433 43553 24
378435 25523 12
378436 11260 24
378438 2729 24
378439 1323 12
378440 73 12
378441 452 12
378442 56465 12
378442 15239 14
48618 458 22
378447 458 22
378451 2993 24
378452 237821 24
378455 2059 24
378456 2059 24
378457 36707 24
378459 688 8
378459 154688 8
378460 58769 24
378461 4164 12
378461 458 22
378462 52947 24
378463 117358 24
378464 378465 24
378470 1048 22
378473 378474 24
378476 6481 12
378477 24630 24
378478 7441 24
378479 35206 24
378482 7362 24
378485 9048 24
378486 378487 24
378488 40900 24
378489 261753 24
378490 59800 24
378499 140976 24
378500 459 24
378501 459 24
378502 9077 24
378503 4386 19
80352 2017 8
378506 3431 8
378506 7229 8
378507 11437 12
378508 95123 12
378509 158521 12
378514 36863 24
378515 102287 14
378515 378516 12
378517 25443 12
378517 186150 14
378518 109890 12
378518 109890 14
378518 25498 9
378519 269804 12
378519 269804 14
378520 102805 14
378523 3431 8
378523 7229 8
378524 378525 24
378526 226575 24
378528 15357 12
378529 269021 24
378530 454 24
378531 115348 8
378532 454 24
378533 3803 24
378534 454 24
378535 454 24
378536 34254 12
378537 2219 24
378538 454 24
378539 12578 24
378540 454 24
378541 1069 22
378542 320601 24
378543 142810 12
378544 81368 24
378545 26579 24
378546 320601 24
378549 320601 24
378551 1292 24
378552 22390 24
378553 22490 24
378554 22390 24
378555 454 24
378556 22390 24
378557 454 24
378559 73 14
378560 2792 24
378561 30923 24
378565 320601 24
378566 11615 24
378567 22390 12
378567 26968 8
378568 3130 24
378569 458 22
378570 8593 24
378571 89808 12
378571 89808 2
378572 38316 24
378575 378576 9
378577 5151 24
378579 15935 12
378579 91915 8
378580 9093 8
378581 51088 12
378586 2514 12
378586 78232 2
378589 2051 24
378592 68167 24
378593 2486 24
378594 440 24
378596 80222 24
378597 62625 12
378597 91915 8
378600 26495 24
378601 16604 24
378603 6259 24
378604 7584 14
378605 5256 8
378605 5258 8
378605 26968 8
378606 91915 8
378611 289200 24
378612 8531 14
378612 146860 9
378616 378617 24
378618 8781 8
378619 47017 24
378620 378621 14
220604 7158 14
220604 279566 14
378622 360 22
378623 346639 24
378624 263150 24
378625 5173 8
378626 47017 24
378627 73 12
378627 73 2
220605 7158 14
220605 279566 14
378628 3987 24
378629 125214 24
378630 378631 24
378632 260865 24
378633 141302 24
378645 3001 12
378646 52892 8
378648 52344 24
378649 378650 24
378658 459 24
378659 378660 24
378661 1389 2
378662 22390 2
378662 58018 12
378663 46417 24
378664 5508 24
378665 285 24
378666 9902 24
378667 378668 24
378669 78617 12
378670 41314 12
378672 378673 24
378674 69580 12
378675 378676 24
378679 378680 24
378681 378682 24
378683 378684 24
378685 378686 24
378687 819 24
378688 378689 24
378690 1015 24
378692 9048 24
378700 819 24
378701 144056 24
378704 217046 24
378705 1394 24
378707 12435 12
378708 269021 24
21336 73 24
378709 4410 24
378710 378711 24
378714 4440 12
378717 40900 14
378717 39103 14
378717 106402 12
378723 274447 24
378724 12404 12
378725 2303 24
378727 38316 24
378728 454 24
378729 35222 24
378730 36393 24
378731 454 24
378732 123379 24
378742 123379 24
378743 158388 11
378744 22714 19
378761 89800 12
378762 458 22
378763 260994 24
378764 61387 24
378765 134225 11
378766 67983 24
378767 67983 24
378768 67946 24
378769 260994 24
378770 67968 24
378771 17390 24
378772 260994 24
194436 2744 22
194436 178881 9
378776 260994 24
378777 7332 24
378779 80222 24
378780 80222 24
378781 285 22
378782 153166 24
378786 31987 24
378787 103708 24
43258 91742 24
378793 1482 8
378795 1634 24
378797 94480 12
378799 832 12
378801 29360 24
378802 8892 24
378803 7332 24
378804 18773 2
378821 219904 24
378822 21477 12
200146 250636 24
378824 1792 2
378824 109318 24
378825 2570 2
378826 47017 24
378828 378829 24
378830 378831 24
378832 378833 24
378834 26968 8
378835 1196 2
378837 9039 24
378838 26968 8
378839 378840 24
378841 57558 24
378842 3251 9
378842 68469 2
378843 28165 12
378843 26968 8
378844 47017 24
139265 3831 12
139265 29540 11
139265 4859 8
378845 454 24
378847 438 24
378848 832 24
378849 29777 8
378849 76762 8
378849 29781 8
378850 99505 12
378851 819 24
271261 7975 12
271261 56723 2
378853 832 24
378854 38970 12
378854 38970 2
378854 26968 8
378855 8538 24
378856 35222 24
378857 45512 24
378858 80222 24
378859 80222 24
378861 1830 8
378862 8019 12
378864 2016 8
378864 2074 8
378865 262886 12
109252 73 24
378867 3845 12
378869 378870 24
378873 45512 24
378874 3843 24
378875 5256 8
378875 5258 8
378875 5259 8
378875 15249 12
378875 26968 8
378875 163121 8
378876 70525 14
378877 2745 24
378878 2329 24
378879 61387 24
378880 2074 8
378881 9048 24
378882 3431 8
378889 364 24
378890 3431 8
378904 25525 24
378905 3431 8
378914 655 24
378915 3431 8
378921 5266 24
378929 36863 24
378930 378931 9
378930 378932 25
378930 377740 12
378933 132765 24
378934 69156 12
378937 2074 8
378938 44349 12
378939 9048 24
378940 280 24
378942 68167 12
378943 35396 2
378943 186588 12
378943 27104 8
378944 78462 24
378945 3843 24
378946 3843 24
378947 108213 24
378948 9048 24
378951 37625 2
378952 56771 24
378953 378954 12
378955 64233 24
378959 208758 24
378960 378961 24
378962 10898 12
378963 190285 24
378964 12585 24
378965 190285 24
378966 378967 24
378968 3129 12
378969 2017 8
378971 1370 24
378972 3431 8
378982 3431 8
378985 3431 8
378988 46944 24
378993 378994 24
378995 73 12
378996 43553 24
378997 74342 24
378998 43553 24
378999 43553 24
378999 286729 24
379001 23567 14
379002 3068 8
379002 57520 2
379002 32825 8
379002 3072 8
379002 36027 12
379003 366 14
379003 26603 14
379016 125304 12
379017 13500 12
164177 12647 2
379018 50733 24
379019 5578 24
379023 61019 12
379024 15239 2
379025 80078 12
379025 8781 8
379028 454 24
379029 6259 24
379030 79778 24
379030 379031 24
379032 454 24
379033 379034 24
379035 19295 24
379037 29959 12
379037 26968 8
293860 100945 14
293860 105880 14
379038 210704 12
379039 457 22
379039 94618 24
379040 91915 8
379041 78644 24
379043 96365 24
379045 16133 12
379045 379046 8
379048 191646 8
379049 3323 24
379052 45421 24
139244 25554 14
139244 60338 12
139244 40243 9
379054 240780 24
379059 2016 8
379061 72909 2
379062 66863 24
379063 279 22
379064 3987 24
379065 43553 24
379066 43553 24
379066 282656 24
379067 379068 24
379069 43553 24
379069 125983 24
147419 1319 12
379070 43553 24
379070 125983 24
379071 653 12
379074 237801 24
379075 32325 9
379076 91274 24
379077 15239 24
379096 21477 24
379098 53002 24
379101 29850 24
379102 2221 12
379109 832 12
379110 319471 24
379115 57767 12
379116 69411 24
379119 6186 8
379120 454 24
379122 98545 8
379128 220 24
379133 16873 24
379134 70457 12
379135 46589 24
379141 7073 9
379142 5256 8
379142 7114 8
379142 3068 8
379142 78258 12
379142 10694 8
379146 61256 24
379147 81 12
379151 532 24
379152 52604 24
379153 2700 24
379154 114677 14
379154 42161 9
379156 45449 12
379157 2221 12
379158 379159 24
379160 30321 2
379160 173940 12
379161 60052 12
379164 5508 12
379168 2700 24
379169 55171 24
379170 61593 24
379171 277835 24
379172 61002 24
169407 10690 9
169407 49242 25
169407 25131 12
379173 43553 24
379173 272302 24
379174 43553 24
379176 43553 24
379177 43553 24
379177 286729 24
379178 43553 24
379179 43553 24
379180 285 24
379180 379181 24
379182 277835 24
379183 43553 24
379184 451 24
379185 20593 24
379186 37729 24
379187 5304 26
379187 6259 2
379188 379189 24
379192 13454 24
379195 62426 12
379196 70676 14
379199 52730 12
379199 348079 27
379199 4440 2
379201 108464 24
379202 20663 2
379203 108636 2
379204 454 24
379205 454 24
379210 129603 12
379213 454 24
379214 3987 24
379215 20593 24
379216 16530 24
379217 250454 24
379218 298416 14
379224 192816 12
379225 80745 12
379225 80745 2
379226 64301 24
379227 46773 24
379229 285 24
379230 49316 2
379230 322860 12
379231 25131 12
379236 1319 12
379237 100894 12
379237 100894 14
379239 46773 24
379240 293347 24
379241 73 2
379241 26968 8
379242 13500 24
379247 2821 12
379248 42077 9
379249 83563 24
379251 655 12
379253 69885 12
379257 26968 8
379259 26968 8
379263 37637 24
379264 6964 2
379264 26968 8
379265 35209 24
379266 20664 24
379267 145974 24
379268 379269 24
379270 16803 24
379276 12814 12
379276 15239 2
379279 60549 12
379280 109209 24
379281 655 12
379282 70654 24
379283 68011 2
379284 3977 24
379285 219684 24
379286 66696 24
379288 115621 24
379289 2309 12
33676 1015 12
379291 1325 24
379296 379297 24
379298 379299 24
379300 89080 8
379301 18786 24
379302 1098 12
379302 35488 2
379302 44401 8
379302 3069 8
379303 219400 24
379304 7441 24
379311 17167 24
379312 136488 24
379313 25525 24
379314 12672 24
379316 832 12
379317 99968 24
379319 35206 14
379319 70272 14
379319 70356 12
379320 70277 14
379322 2016 8
379323 379324 24
379325 2015 8
379325 2016 8
379325 19279 12
379325 2074 8
379328 87970 9
379328 70272 14
379331 35206 14
379331 70361 14
379332 1178 12
379333 83708 12
379333 63050 2
379334 11615 12
379334 8781 8
379335 1015 12
379338 1098 24
379339 46773 24
379340 58121 12
379343 3068 8
379343 25523 12
379343 5260 8
379343 5261 8
379344 2821 12
379345 57767 14
379345 379346 9
379347 52102 12
379348 2014 9
379348 56920 2
379348 125304 12
379349 67221 12
256633 162726 14
379350 6335 24
379352 3123 24
379354 365 22
379355 91533 2
379355 26968 8
379358 379359 24
379361 458 22
379364 91062 24
379368 379369 24
379370 61256 24
379371 155767 24
379372 452 24
379373 198312 24
379374 40237 24
379375 2746 24
379376 4839 24
379377 379378 24
379383 299162 24
379384 61231 24
379386 3970 8
379387 458 22
379390 379391 24
141857 11042 9
379392 25309 24
379395 458 22
379403 171635 8
379404 12405 24
379405 145974 24
379408 218303 24
379410 26968 8
379410 655 12
379411 204731 24
379412 26968 8
379418 56986 12
379419 117823 24
379420 3987 24
379421 819 24
379422 246110 24
379423 174894 24
379424 26968 8
379425 209616 24
379427 38970 24
379428 196477 24
379429 294003 2
379434 42506 12
379434 26968 8
379435 12487 24
379436 458 22
379438 250877 24
379439 235574 24
379440 1045 9
379440 73 2
379440 59294 12
379441 819 24
379445 379446 24
379447 36542 24
379450 3992 12
379450 1830 8
379451 6994 2
379452 3123 24
379454 8277 2
379456 56939 12
379457 655 12
379458 65070 24
379459 75445 24
379460 110180 24
379461 3129 24
379462 94480 12
379464 2221 12
379465 2221 12
379468 2221 12
379469 2221 12
379470 1634 24
379471 2221 12
379472 2221 12
379475 2221 12
379476 6574 24
379477 25443 2
379477 24635 24
379478 379479 24
379480 110176 24
379482 47507 24
379483 379484 24
379485 1814 2
379486 182847 24
379487 379488 24
118111 1045 9
379489 112543 24
379492 58961 12
379493 1815 24
379494 79804 24
379495 379496 24
162734 162726 14
379497 2821 12
379507 57685 2
379508 19051 2
379509 26968 8
379511 256044 24
379526 219904 24
379536 379537 24
379538 126181 24
379539 37637 24
379540 12672 24
379541 6994 2
379542 68568 12
379542 275995 9
379543 32502 24
379544 12857 12
379547 29795 12
379549 3001 24
379550 11955 24
379551 162387 24
379560 379561 24
379562 144832 24
379564 25131 12
379570 379571 24
379576 153121 24
379577 34254 24
379586 832 2
379586 458 22
379590 5508 24
379591 261198 24
379592 43096 24
379593 534 22
379593 93066 25
379594 209357 14
379599 13315 12
379599 26968 8
379602 9357 8
379602 139764 12
379603 832 12
379604 216611 24
379605 92083 24
379607 61965 2
379607 26968 8
379609 438 24
379612 2745 24
379616 361 22
379617 26968 8
379618 379299 24
379619 12562 24
379620 379269 24
379625 819 24
379626 2701 12
379627 819 24
379628 9039 14
379628 28483 9
379629 379630 24
379633 16847 24
379634 25443 12
379634 2447 9
379636 81368 24
379637 13908 24
379638 6994 12
379640 5484 12
379641 832 12
379641 122000 9
379642 81 2
379642 13628 24
379643 7362 24
379644 40456 2
379645 36863 24
379649 36863 24
379652 5554 12
379655 30611 12
379656 26968 8
379657 379658 24
379659 181662 24
379665 147482 12
379666 70900 12
379668 26968 8
379669 379034 24
379672 39448 12
379672 26968 8
379672 4440 2
379673 62201 14
379673 3993 9
379676 15579 12
379678 3001 24
379679 379680 24
379683 18117 24
379683 1634 2
379683 532 22
379684 74711 12
379688 6186 8
379691 299162 24
379692 379693 24
379694 832 12
379694 2701 2
379695 378465 24
379701 43558 12
379702 75492 24
379703 19051 24
379704 438 24
379705 311761 24
379706 42140 8
379707 89779 24
379708 81 2
379708 655 12
379709 285 24
379717 146891 12
379718 2016 8
379718 2074 8
379719 543 24
379720 12487 24
379721 10899 12
379722 26968 8
379722 4440 2
379723 543 24
379726 365 22
379726 330035 25
379726 226038 12
379726 7158 14
379726 822 9
379727 1792 12
379728 1792 24
379729 78154 12
379730 156449 24
379731 60066 2
379731 60497 12
379732 18147 24
379733 3012 24
379734 4389 24
379735 8143 12
379736 379299 24
379737 37637 24
379738 0 24
379739 1830 8
379740 3068 8
379740 169593 8
379741 6795 12
379742 2494 2
379743 3129 12
379743 3129 2
205697 3123 14
205697 162725 14
379744 3129 24
379744 3129 2
379745 1675 12
379746 819 24
379747 534 22
379747 23567 24
327428 3803 24
379748 66758 24
379749 379750 24
379751 819 24
379754 108144 8
379755 379756 24
379757 379758 12
379759 25288 24
379760 3803 12
379761 30892 24
379762 38316 24
379763 285 22
379764 19181 24
379765 30852 24
379766 10634 12
379767 120205 11
379768 1830 8
379780 299162 24
379783 227887 24
379784 5121 24
38021 5162 11
379785 5121 24
379788 19181 24
379792 360 14
379792 360 22
379792 10899 2
379792 31042 9
379792 379794 11
43583 4169 12
379795 379792 11
379796 353272 24
379797 1313 24
379798 360 22
379798 10806 12
379798 31042 9
379799 163200 24
379800 7158 24
379801 3085 24
379802 45421 24
379803 29850 24
379804 3130 24
379805 4384 24
379807 29643 2
379807 206154 12
379808 1098 24
379809 36351 24
1433 1196 2
379817 31987 24
379818 31987 24
379819 41024 12
379819 78566 14
379820 50135 24
277149 8284 12
379825 1068 24
379826 379827 24
379828 46640 12
379829 2333 24
379830 27132 12
379831 217542 24
379835 8540 22
379835 30611 24
379835 30611 2
379836 379837 12
379838 4389 24
379839 19051 24
379839 19051 12
379839 19051 2
379841 100894 24
379844 70902 12
379844 108982 9
379845 458 22
379845 52953 14
379846 454 24
379847 2309 12
379848 454 24
379849 454 24
379857 50733 24
379859 36375 24
379860 187417 24
379861 62631 12
379861 65981 2
379861 26968 8
379862 81 24
379863 122447 24
379864 454 24
379865 147924 24
379866 5508 12
379867 20844 12
379868 454 24
379869 53739 12
379870 379871 12
379872 4985 24
379873 195709 24
379875 379876 9
379877 655 24
379878 104590 24
379880 18538 24
379881 458 22
379885 33301 12
379887 12585 24
379888 2206 24
379889 73 2
379890 10465 24
379891 318061 24
379892 361 22
379892 379893 12
379897 1356 2
379898 92660 24
379900 1356 24
379901 440 24
379903 30206 24
379904 78665 24
379905 5562 8
379905 3068 8
379905 6484 8
379908 1675 24
379909 3977 24
379911 454 24
379912 1634 24
379913 929 8
379914 73 12
379915 454 24
379918 454 24
379919 11261 24
379920 454 24
379921 361 22
379923 5304 26
379924 3977 12
379925 379299 24
379926 36375 24
379927 42572 24
379935 46614 24
379936 56985 24
379939 25932 12
379940 539 12
379940 539 2
379946 12647 12
379948 64621 12
379948 64621 2
379949 19002 12
379949 19002 14
379949 379950 9
379953 30664 24
379954 1911 2
379955 11260 24
379957 7363 24
379958 37625 2
379964 7363 24
379968 4440 2
379969 379970 24
379971 215993 12
379972 4167 12
379973 364 22
379973 267084 12
379974 89807 24
379975 197594 12
379976 252686 24
379977 56747 12
379982 25525 24
379983 296620 12
379984 379985 24
379986 439 22
379987 539 24
379989 1390 22
52463 832 24
379990 454 24
379991 454 24
379992 454 24
121701 1792 2
379993 114630 12
379995 113999 24
380000 11763 12
380001 3251 9
380001 114450 25
380001 380005 11
380006 655 24
380007 43578 24
380008 832 12
380017 380018 24
380019 11004 12
380020 9127 24
380021 4384 24
380025 380026 24
380027 6570 9
380028 26495 12
380029 2486 24
380030 66782 24
380031 26968 8
380032 2447 9
380032 34421 27
380041 832 2
380041 15064 9
380042 350093 2
380043 278 22
380044 5256 8
380044 3068 8
380044 5258 8
380044 60673 12
380044 26968 8
380044 10694 8
380044 41790 8
380045 37753 24
380046 202727 24
380047 13272 24
380048 5508 12
380050 819 24
380051 46614 26
380052 26968 8
380053 819 24
380054 819 24
380055 9048 24
380056 9048 24
380057 46193 2
380057 26968 8
380062 819 24
380063 23259 12
380063 70716 2
380063 26968 8
380064 819 24
380065 4772 24
380066 3987 24
380067 3987 24
380068 4772 24
380069 271616 24
380070 3987 24
380071 34383 24
380072 26968 8
380076 9336 24
380077 9046 12
380077 158819 9
380078 380079 24
380080 216611 24
380081 24722 24
380082 20590 24
380089 360 22
380089 94175 24
380090 210056 24
380091 9336 14
380091 22322 14
380091 281327 25
380091 150104 8
380092 832 2
380092 3803 12
345683 380093 12
345683 3845 2
380095 380096 24
380097 4389 24
380098 80741 24
380099 19002 24
380100 454 24
380101 8892 12
380102 48660 24
380103 13500 12
380104 380105 24
380106 454 24
380107 454 24
380108 454 24
380109 454 24
380110 454 24
380111 380112 9
380113 30949 24
380114 3068 8
380114 5563 8
380114 10694 8
380114 6484 8
380114 41790 8
380115 4389 24
380116 4389 24
380117 36497 24
380119 68488 12
380121 161145 24
380122 2074 8
380123 197927 2
380127 3129 12
380128 3130 24
380129 380130 12
380131 655 12
380132 13640 12
380133 15650 12
380134 21552 22
380136 4060 8
380137 69664 14
380138 18786 24
380139 1065 24
380140 210947 9
380141 8277 12
380142 69399 12
380142 54477 14
380142 121348 9
380143 1771 2
380143 31960 12
380144 78557 14
380144 78640 12
380144 380145 9
380146 272630 24
380147 142680 9
380148 12487 14
380148 69841 14
380148 42669 12
380148 170175 9
380149 70189 14
380149 380150 9
380151 69297 12
380151 69297 14
380152 6151 24
380153 819 24
380154 819 24
380155 819 24
380156 819 24
380157 819 24
380158 26968 8
380159 54970 24
380162 819 24
380163 819 24
380164 819 24
380166 26968 8
380167 21762 24
380168 150778 24
380169 26968 8
380173 832 14
380175 81 12
380176 2774 22
380177 9855 24
380180 100034 24
380181 5562 8
380181 5258 8
380181 5259 8
380181 12538 12
380181 5563 8
380182 8146 24
380183 1082 24
380184 80740 24
380185 37910 24
162735 162726 14
380189 0 24
380190 4772 24
166669 1313 22
166669 4985 12
380191 31987 24
380191 243286 24
380192 380193 24
380194 13454 2
380195 458 22
380196 832 12
380197 142680 9
380197 78610 14
380198 1069 24
380199 36176 2
380199 110634 12
380200 46944 12
380201 42323 11
380202 141194 2
380202 20643 12
380206 16196 24
380207 66417 12
358165 25964 24
380208 2687 22
380208 20434 14
380211 6566 8
380211 98545 8
380212 1319 12
380212 360 22
380213 2221 12
380215 2221 12
380216 264474 24
380217 17335 2
380217 63828 12
380219 85603 24
380220 371892 24
380221 18815 12
380223 108144 8
380224 26968 8
380225 125304 12
380225 125304 2
380228 26968 8
380228 32825 8
380229 15996 8
380229 65911 12
380229 8780 8
380230 2471 24
380232 4279 24
380233 41024 2
380234 107864 27
380234 194396 27
380235 81 2
380236 52102 2
380237 115848 24
380239 34176 12
380241 122019 24
380242 454 24
380243 380244 12
380245 122019 24
380246 122019 24
380247 122019 24
380248 285 22
380248 10345 9
380248 83842 25
380251 3993 9
380252 5121 24
380254 454 24
380255 26968 8
380256 18148 24
380257 454 24
380260 5120 12
380260 5258 8
380260 26968 8
380264 13270 24
380265 459 24
380266 66415 24
380268 27571 24
380272 380273 24
380274 10465 24
380275 30664 24
380276 15367 24
380277 3987 24
380278 8163 24
380281 380273 24
380282 9855 24
380283 1047 24
380283 131375 2
380289 380290 24
380291 36219 24
256636 162726 14
380293 25254 24
380294 2807 24
380295 73 24
380297 2807 24
380298 64603 24
380302 8780 8
380303 31873 24
380304 25925 24
380305 132677 24
380306 13500 2
380306 37885 8
380306 43555 9
380306 43558 12
380307 5314 24
380308 20886 24
380309 5314 24
380313 188500 24
380315 39411 24
380317 1196 2
380317 21987 12
380321 1771 2
380321 25254 12
380322 20886 24
380323 248066 24
380324 18773 24
380325 37625 24
380329 3068 8
380329 133355 8
380329 180120 12
380329 109068 8
380329 223300 8
380329 41790 8
380330 4278 24
380331 19051 12
380331 105566 2
380332 4164 12
380333 40103 12
380334 4278 24
380335 2074 8
380336 380337 24
380343 7363 22
380344 273966 24
380347 68469 2
380347 26968 8
380347 655 12
380348 380349 24
380350 380351 24
380354 26968 8
380357 20319 12
380362 4440 24
278060 380363 8
380364 36569 24
380365 21552 24
380369 73772 2
380369 212438 12
380370 380371 24
380372 380373 24
380374 43841 24
380374 43842 24
380375 360 24
380378 361 22
380378 40330 2
380378 177388 12
380378 380379 9
380380 68469 12
380384 360 22
380385 130258 8
380386 17379 24
380387 73772 24
380388 43553 24
380389 1760 24
380390 77883 24
380391 454 24
380392 454 24
380393 237328 24
380394 153967 24
380397 361 24
380397 143485 12
199749 5508 24
380399 380400 24
380401 454 24
380402 31323 19
380403 454 24
380404 361 24
380406 454 24
380407 380408 24
380407 92438 2
380409 819 14
380409 81 14
380409 2017 8
380411 4389 24
380412 289045 24
380413 356415 8
380413 356416 8
380413 193226 8
380413 215098 2
380414 459 24
380415 1390 24
380416 30850 12
380416 171736 9
380417 16502 24
380418 283027 8
380419 365 22
380420 3001 12
380421 5259 8
380421 26968 8
380421 27104 8
380422 171342 24
380423 98629 9
380425 380426 24
380427 25443 12
380427 25443 2
380427 26968 8
380428 193 12
380429 16502 24
380430 243929 8
380430 283027 8
380430 282303 8
380430 5484 12
380432 365 22
380433 2821 12
380433 92489 14
380433 109001 27
380434 5258 8
380434 26968 8
380435 543 24
380437 361 24
380439 380440 24
380441 440 24
380442 27571 24
380448 1325 24
380450 136384 24
380451 380452 24
380453 26968 8
380454 380455 24
380457 282 24
380460 15996 8
380460 8780 8
380465 655 12
380467 29795 24
380468 7956 12
380471 46944 24
380472 459 24
380474 140078 2
380475 7363 22
380478 146905 11
380478 329946 11
380480 45159 12
380482 56122 24
354129 165455 14
380483 56985 24
380486 380487 24
380490 62426 12
380490 62502 14
380490 6564 9
380491 67745 2
380494 380495 24
380496 1114 9
380496 42077 25
380496 13991 12
380496 23017 11
380500 832 24
380501 380502 24
380503 533 24
380504 43809 24
380505 380506 24
380509 149916 9
380510 8934 24
380511 7973 24
380512 7595 12
380512 186715 8
380513 123376 12
380514 39237 12
380515 30664 12
380521 94639 24
380523 380524 24
380525 12487 24
380526 1814 2
380527 57726 2
380528 5258 8
380528 208941 12
380529 539 24
380532 26968 8
380533 40900 24
380534 380535 24
380536 19544 24
380538 2037 24
380539 360 22
380540 5457 24
380546 301842 24
380547 38720 24
380548 94639 24
380549 40900 24
380550 33985 24
380551 6888 22
380552 62502 12
380552 62657 14
380552 3993 9
380555 10351 24
380556 14256 8
380557 305958 24
380558 4680 24
380559 11272 24
380559 285 22
380560 250368 24
380561 54413 24
380564 15788 24
380565 380566 24
380567 24722 24
380568 61377 24
380571 455 24
380572 459 24
380573 108827 11
380574 4389 24
380577 48008 24
380578 98524 12
380579 54151 24
380580 15238 24
380584 132677 24
380585 64593 12
380586 379034 24
380588 36004 24
380589 106402 12
380590 190858 8
380590 77860 8
380591 380592 24
380593 106402 12
380594 57677 24
380595 229956 24
380598 380599 24
380603 70416 24
380605 28489 12
240998 1313 14
240998 832 14
380606 66340 12
380607 25131 24
380609 19547 2
380609 23321 12
380612 100687 24
380614 4389 24
380617 1830 8
380618 75413 24
380619 5258 8
380619 66466 12
380619 26968 8
380620 3068 8
380620 6566 8
380621 34383 24
380624 56128 24
380625 50459 8
380626 105880 24
380627 8605 12
380628 26592 24
380629 10351 24
380630 6897 22
380642 4164 12
367597 64800 2
380644 243855 24
380645 123704 24
380646 105880 24
380647 458 22
380648 31893 24
380649 29795 12
380650 16502 24
380651 126986 24
380654 136384 2
380656 2821 2
380657 50067 24
380658 126986 24
380675 380676 14
380679 126986 24
380680 13398 11
380684 8143 24
380685 1830 8
380686 14203 2
380687 2700 24
380692 7492 12
380692 181144 9
380693 171688 24
380694 6481 24
380696 10806 12
380697 376892 24
380698 4440 2
380699 832 12
380700 3323 12
380702 108464 24
380703 3068 8
380703 2701 2
380704 1830 8
380705 25413 12
380706 40237 24
380707 31661 2
380707 12176 12
380708 357 24
380709 380710 24
380711 543 24
380712 70231 12
380713 13454 12
380716 78155 12
380717 162726 14
380718 8533 24
380719 2744 24
380721 19293 24
380722 2481 24
380723 36646 8
380724 819 26
380725 136683 12
380725 19589 2
380726 832 24
380728 212042 24
380729 1655 24
380730 7492 12
380733 380734 24
380735 25196 24
380736 285 24
380736 380737 24
380738 58450 12
380739 380740 24
380741 40550 12
380741 26968 8
380742 356 14
380742 357 14
380743 106402 12
380744 365 24
380745 380746 9
380747 12404 12
380751 380752 24
380753 380754 24
380755 11261 12
380756 35222 24
380757 106402 12
380761 16197 14
380762 4680 24
380763 7332 24
380765 43553 24
380767 48768 12
380768 263389 24
380769 2370 8
380769 7477 8
380770 125304 24
380771 17069 24
380772 26579 24
380773 470 2
380777 37885 8
380778 18166 24
380779 454 24
380780 8646 24
380781 5314 24
380782 454 24
380783 295510 24
380784 454 24
380785 39412 24
380786 454 24
380787 454 24
380788 2016 8
380788 153637 9
380788 59096 12
380788 127912 8
380791 69297 12
380793 26968 8
380794 4680 24
380797 129113 24
380798 832 2
380798 123704 24
380803 73 2
380803 26968 8
380804 454 24
380805 454 24
380806 454 24
380807 454 24
380808 15445 12
380809 454 24
380810 454 24
380811 458 22
380812 454 24
380813 454 24
175250 58218 24
380814 250283 24
380815 5256 8
380815 5258 8
380816 177658 24
380817 5509 24
380818 336323 11
380819 7492 24
380823 2701 12
380833 30203 2
380835 5562 8
380835 3068 8
380835 5260 8
380835 10694 8
380835 5261 8
380836 1 12
380837 13500 12
380850 13500 12
380851 3227 12
380852 360 24
380854 79784 12
380855 169145 24
380856 48678 24
380857 0 24
380858 16509 12
380862 1390 24
191807 1771 24
380867 156509 24
380868 20728 12
380870 306304 24
380873 380874 24
380875 73606 24
380876 380877 24
380878 60306 12
380880 15249 2
380881 380882 24
380885 37774 12
380886 41315 12
380887 458 22
380888 21762 24
134618 361 22
134618 85647 12
380889 60204 12
380889 12849 9
380893 124699 24
380894 227610 24
380898 380899 24
380900 84456 12
380900 10351 14
380903 159488 24
380904 1196 12
380906 2221 12
380906 7363 22
380907 220071 24
380908 5564 8
380918 8604 24
380921 282 24
380922 25925 24
380929 929 8
380931 16479 24
380932 454 24
380934 299162 24
380935 4389 24
380936 6888 24
380937 12857 24
380939 196887 24
380940 458 24
380941 37885 8
380941 204567 8
380942 380943 24
380944 8146 24
380945 337228 24
380946 81368 24
380947 832 24
380949 2633 25
380950 361 24
380953 4772 24
380954 380955 24
380957 37625 2
380958 36932 8
380959 2221 2
380959 52947 24
380960 78706 24
380961 73 2
380962 4732 14
380962 133761 14
380963 56856 2
380963 281836 8
380964 458 22
380965 1297 9
380966 159106 24
380967 438 24
380968 94355 24
380969 78444 24
380973 25443 12
380978 61848 24
212739 819 14
380979 380980 24
162737 819 14
380983 8892 2
380987 380988 24
380990 29255 8
380991 1815 24
380993 819 24
380994 22417 24
380995 1261 12
380998 380999 24
381000 2988 24
381003 2017 8
381004 70758 12
381008 2627 9
381008 10690 25
381008 381009 11
381010 458 22
381011 20591 24
381012 832 12
259122 193 12
381019 66475 12
381023 39410 24
381024 9018 24
381025 91062 24
381026 45421 24
381027 320221 24
381028 17379 24
381029 42578 2
381031 22390 24
381032 70361 24
96434 13454 12
96434 42578 2
381033 3207 22
381035 31893 24
381036 5564 8
381037 457 22
381037 42566 12
381038 381039 24
381040 2206 24
381041 2744 22
381044 2206 24
381047 123379 24
381048 7330 2
381048 154070 12
381049 68521 12
381050 233477 24
162738 162726 14
324102 1902 24
381059 275166 24
381062 21762 24
381063 5351 24
381064 361 22
381065 56769 24
381066 156380 12
381068 95032 2
381069 22390 12
381070 246712 24
381072 16479 12
381072 132955 9
381073 381074 24
381075 4985 24
381078 18773 12
381079 25196 24
381080 36542 12
381081 145981 19
381082 18786 24
381084 1634 2
381084 285 22
381085 308315 24
381086 439 22
381087 2746 24
381088 2746 24
381091 534 22
381092 30923 12
381093 381094 24
381095 381096 24
381097 12562 24
381098 2519 14
381098 2519 22
381099 64278 24
381100 112397 12
381101 12562 24
381102 5121 24
381103 11260 2
381104 227610 24
381111 4164 12
381111 10494 9
381112 68469 2
381112 14244 24
381113 57707 24
45982 42578 2
381114 58018 2
381115 8034 12
381116 12176 12
381117 2744 22
381117 470 12
381119 381039 24
381120 543 24
381121 6897 22
381121 381122 9
381121 381123 25
381124 26495 24
381125 4839 24
381126 48616 12
381127 381128 24
381129 3803 12
381130 2059 24
381131 43841 24
381132 32318 24
381133 40900 24
381134 61370 24
381137 12404 24
381141 1902 2
381148 819 26
381152 285 24
381158 18773 24
381159 126986 24
381162 250410 27
381163 68296 24
381165 16573 24
381167 832 12
381172 57709 12
381173 59670 12
381173 91915 8
381174 7158 24
381175 37625 2
381175 91214 12
381176 43553 24
381177 1792 24
381179 2745 22
381180 440 24
381181 361 24
125643 458 22
125643 41264 25
381189 45512 12
381190 16479 12
381191 9336 24
381192 1323 12
381193 9048 24
381194 5304 24
381196 2017 8
381197 5304 24
381198 1411 24
381199 61387 24
381200 832 12
381201 74082 12
381201 230864 8
381202 78198 24
381203 12851 24
381204 25290 24
381205 115621 24
381206 93391 24
381208 7653 12
381210 1911 24
381211 2309 12
381212 2732 24
381215 12672 24
381216 9048 24
381220 819 14
381220 1675 12
381220 56683 14
381221 1760 12
381221 109045 2
381222 306538 24
381223 33854 24
381224 438 24
381225 381226 24
381227 20886 24
381228 25414 2
381229 250410 27
381230 2742 24
381231 11437 12
381231 154019 8
381232 154019 8
381233 13052 24
381234 86081 14
381234 381235 9
381236 381237 14
381247 68515 14
381248 102805 12
381248 219041 14
381248 74568 9
381249 381250 12
381249 84492 14
381249 156937 9
381251 15249 24
381252 294003 14
381252 63774 12
381252 81146 9
381253 3001 24
381255 2746 24
381256 655 14
381256 7158 14
381257 136157 12
381257 136157 14
381257 381258 9
381259 381260 12
381259 29223 14
381261 1482 8
381262 57320 12
381262 376750 8
381264 233848 14
381265 1830 8
381266 5578 24
381268 78164 24
381269 4169 14
381269 38970 12
381274 26968 8
381275 15414 12
381277 31661 14
381277 52204 9
381277 381278 12
131768 18275 14
381279 11540 9
381279 70745 12
381281 381250 14
381281 66037 12
381282 381283 14
381284 26968 8
381285 376750 8
381286 32727 11
381287 29223 12
381287 29223 14
381288 92489 24
381289 13454 12
381289 13454 2
381290 29223 14
381290 31771 9
381291 62551 14
381292 381293 12
381292 381293 14
381294 381295 14
381297 43558 12
381299 361 22
381299 40330 2
381302 12404 24
381303 381304 9
381305 179664 24
381306 261753 24
381307 206192 24
381308 532 24
381309 288423 14
381310 12404 24
381311 43553 24
381312 43553 24
381312 286729 24
381313 43553 24
381314 206192 24
381315 43553 24
381316 43553 24
381317 822 9
381317 143033 8
381320 206192 24
381321 822 9
381321 143033 8
381322 381323 24
381324 193 24
381325 45512 12
381326 210719 24
381327 79955 24
381328 381329 24
381330 10634 2
381330 532 22
381331 381332 24
381333 25964 24
381334 2309 12
381335 223463 14
381338 5508 2
381338 110970 24
381339 1370 24
381340 381341 24
381344 381345 14
381344 381346 12
381347 5304 24
381348 31589 24
381349 61256 24
381350 5304 24
381351 19002 12
381352 381353 12
381352 381353 14
381354 40237 24
381355 5304 24
381356 5304 24
381357 5304 24
381358 5304 24
381359 1370 24
381360 1313 14
381360 12585 14
381360 458 14
381360 129245 14
381361 42578 2
381363 5304 24
381364 9336 24
381365 381366 24
381367 5304 24
381368 5304 24
381369 5484 12
381370 5304 24
381371 2309 12
381371 64570 2
381372 440 24
381373 5304 24
381374 37171 24
381375 381376 24
381377 36393 24
381378 23562 12
381382 135483 12
381382 3845 2
381382 164559 9
381383 5508 14
381383 285 22
381383 7158 14
381383 381384 11
381385 20886 24
381394 3977 24
381395 3068 8
381395 66414 12
381395 10694 8
381395 5261 8
381396 65442 24
381397 381398 24
381399 5256 8
381399 5562 8
381399 3068 8
381405 3431 8
381406 246712 24
381407 40456 24
381408 819 26
381409 381410 9
381411 2700 24
381412 57331 24
381415 1125 12
381416 224445 24
381417 52372 12
381418 18147 22
381418 1356 12
381419 32343 12
381420 2059 24
381421 6259 12
381421 2016 8
381422 61370 24
381425 50135 12
381426 458 22
381428 18815 12
381429 12487 14
381429 381430 14
381429 70180 14
381431 381432 24
381433 61273 24
381434 285 24
381437 381438 24
381440 25131 24
381445 10355 24
381446 3130 24
381447 13990 8
381448 381449 24
381451 456 22
381453 1757 12
381453 26968 8
324510 832 12
381454 84456 12
381459 133455 24
381460 381461 24
381462 35206 24
381463 141680 14
381464 2221 14
381464 7363 14
381464 7363 22
381465 23909 12
381465 381466 14
381467 142843 12
381468 278 22
381471 5304 24
381472 5304 24
381473 5304 24
381474 5304 24
381475 381476 24
381477 5304 24
381478 5304 24
381479 5304 24
381480 36375 24
381483 20591 24
381484 269980 8
381484 269981 8
381486 31893 24
381488 56859 24
381489 29104 24
381490 7049 12
381491 17855 24
381492 24722 24
381493 381494 24
381495 11763 12
381495 269980 8
381495 95641 8
381495 172968 8
381497 1386 24
381498 106088 12
381498 12849 9
381499 31893 24
381500 18786 24
381502 2519 22
381502 122850 12
381502 132955 9
381503 819 26
381504 459 24
381505 34952 24
381506 1380 12
381507 1098 24
381509 15788 24
381510 459 14
381510 21430 14
381511 52953 24
381513 2784 22
381514 438 24
381516 1178 12
381516 37885 8
381516 8910 9
381517 15788 24
381518 64603 24
381519 20368 24
381520 832 2
381520 81 12
381521 18773 12
180041 119376 11
381523 5508 12
381525 235638 12
381525 381353 14
381526 381527 24
381528 235638 14
381528 78351 12
381528 14951 9
381529 144754 12
381529 144754 14
381530 186588 12
381530 186588 14
381532 1634 24
381533 5508 2
381533 655 12
381536 2063 12
381538 168403 12
381538 168403 14
381539 36871 24
381540 210841 24
381542 86081 12
381542 86081 14
381543 162868 12
381543 162868 14
381544 360 22
381545 106402 24
381546 381547 14
381546 381548 12
381549 1760 12
381550 1634 24
381551 126706 24
381552 37625 2
381553 256265 24
381558 62535 24
381559 81 2
381559 655 24
381560 93435 14
381560 78164 12
381566 381567 8
381581 67039 24
381582 3845 12
381584 21430 12
381585 365 22
381585 29162 12
381586 6186 8
381592 107420 24
381593 16196 24
381594 4389 24
381595 27683 24
381597 7492 12
381598 2200 9
381603 190625 24
381604 39103 24
381611 141708 12
381612 93592 24
381613 2009 24
381614 73 24
381615 58152 24
381618 381619 24
381626 381627 24
381628 2016 8
381629 31893 24
381632 12672 24
381635 533 12
381643 10351 24
381644 90941 9
381645 6994 14
381646 1048 22
381647 79322 24
381649 215098 12
381650 365 24
381651 121750 24
381652 832 12
381652 1771 2
381653 109346 2
381654 381655 24
381656 18894 12
381657 4384 12
381659 458 22
381665 291165 24
381666 381667 24
381668 20591 24
381669 261753 24
381670 126513 24
381671 291134 24
381672 1099 24
381675 31893 24
381676 107759 9
381676 79247 14
381676 381677 27
381678 360 24
381679 5151 24
381679 67013 8
381680 29360 12
381681 7158 24
381682 31893 24
381683 47647 12
381683 78398 2
381684 789 12
264043 1634 2
381686 25498 9
264044 1634 2
381688 3207 14
381688 5151 14
9831 13454 2
9831 4457 12
381689 13454 12
381690 171829 14
381693 48650 12
381693 48650 14
381693 349462 9
381694 48650 12
381694 48650 14
381695 215996 12
381696 95032 12
381697 2821 24
381698 27218 24
381700 18147 24
381701 18275 24
381704 364 24
381705 381706 14
381705 381707 12
381705 381708 9
381709 365 24
381710 377365 24
381711 198273 8
381717 377365 24
381718 4076 12
381719 21762 24
381720 18786 24
381721 163200 24
381722 159106 12
381723 45512 12
381724 40900 24
381725 40900 24
381726 83274 24
381728 98955 24
381732 132456 24
381733 4389 24
381735 93023 24
381740 220 2
381740 2016 8
381741 64603 24
381751 7595 12
381752 9336 24
381752 108664 24
381753 25443 12
381755 37638 24
381756 43841 24
381758 353229 24
381759 89777 24
381762 89781 24
381763 137268 24
381765 6994 2
381766 43841 24
381767 40103 12
381771 37637 24
381783 381784 9
381785 532 22
381786 3207 24
381787 381788 2
381793 1757 24
381795 78975 24
381798 655 2
381799 14256 8
381801 106088 12
381803 18171 24
381804 655 12
381814 19001 24
381815 5457 14
381815 31416 9
381815 1297 25
381816 2074 8
381819 60784 12
381820 247393 24
381821 360 22
381821 100947 12
381821 381822 8
381823 16771 12
381824 4389 24
381825 9039 24
381827 3845 12
381828 107053 24
381830 52204 9
381831 10039 24
381832 2821 24
381834 1830 8
381835 48678 24
381836 78181 24
381838 73947 24
381839 25555 24
381840 8781 8
381841 5508 24
381842 1178 24
381844 25131 24
381846 2700 24
38037 32031 9
381848 85647 24
381850 361 24
381851 15500 8
381852 3977 12
381853 90387 9
381854 81 24
381855 2700 24
381856 361 24
381857 18773 12
381859 361 24
381860 37171 24
381861 25888 8
381864 21762 12
381864 26968 8
381868 381869 24
381870 12176 12
381871 3068 8
381871 41790 8
381872 458 22
381876 1313 22
381877 33301 12
381878 5258 8
381878 5259 8
381879 532 24
381880 47507 24
381881 47507 24
381882 10701 2
381884 189351 24
381885 8781 8
162739 11949 14
381886 236267 12
381888 43745 12
381888 188004 9
381889 52730 12
349 381890 12
381891 45449 2
381891 381892 9
381894 61387 24
381895 30206 24
381896 75445 24
381896 206234 24
381897 440 24
381898 81 2
381898 62244 12
381899 5508 12
381900 381901 24
381902 360891 24
381903 30860 24
381904 111726 24
381906 37637 24
381907 381908 24
381909 353272 24
381910 267703 2
381911 10701 2
381912 2746 22
381917 18868 12
381917 18868 2
381918 3001 24
381922 360 14
381922 360 22
381922 10262 2
381922 90070 25
381922 37486 9
381923 2519 24
381926 2059 24
381929 57548 24
381930 61387 24
381934 5256 8
381934 3068 8
381934 5259 8
381934 27104 8
381934 655 12
381935 56991 24
381936 2223 24
381937 16196 24
381938 22586 24
381940 381941 24
381942 20886 14
381942 5151 14
381950 3207 22
381951 147436 24
381954 1902 24
381955 79322 24
381956 16196 24
381958 381959 24
381960 11874 12
381961 1675 12
381962 381963 24
381964 381965 24
381966 1634 12
381967 184542 24
381968 94234 24
381971 2700 24
381972 2744 24
381973 73947 24
381974 2744 24
381975 61720 2
381980 1830 8
381981 40236 24
381983 6259 12
381983 56892 2
381984 12852 24
381986 9039 24
130893 1634 2
130893 23562 24
381987 789 2
381989 16530 24
381989 195036 24
381991 15305 8
381992 73947 24
381993 4279 24
381994 8236 2
381994 64585 12
381996 2221 12
381997 4389 24
381998 20643 2
381998 254499 27
381998 252669 27
381999 218534 24
382000 42147 24
382001 3843 24
382002 110988 12
382007 61387 24
382008 15185 2
382009 832 24
382010 150976 24
382011 20591 24
382012 27132 2
382013 3207 14
382013 3207 22
382014 5564 8
382015 31893 24
382017 533 12
382017 4677 22
382018 2471 12
382027 382028 24
382029 69109 12
382030 166375 24
382031 60130 24
382032 459 22
382032 21430 12
382034 43553 24
382035 43553 24
382036 43553 24
382037 43553 24
382038 43553 24
382039 48008 24
382040 439 24
382042 2381 22
382042 1325 2
382042 192989 12
382043 361 24
382044 458 22
382045 382046 24
93352 1313 22
382047 4389 24
382048 22485 24
382052 100894 24
382052 237100 24
382053 25925 24
382054 1830 8
382055 24722 24
382056 148604 12
382057 382058 24
382059 18773 12
382060 382061 24
382062 9039 12
382068 382069 12
382072 382073 24
382079 250520 24
382080 382081 24
382082 2700 24
382083 8146 12
162040 382085 24
382092 2519 22
382092 185105 12
382094 204350 24
382096 13454 2
382097 107759 9
382097 105473 14
382097 78486 12
382098 12852 24
382099 233305 2
382099 3845 12
382100 3845 2
382105 190578 12
382106 150137 24
382107 246062 24
382108 81 12
382109 4389 24
382110 69841 24
382111 124382 24
382113 118240 24
382114 159985 24
382115 543 24
382116 136384 12
382117 31987 24
382117 243286 24
382118 5151 24
382120 11953 24
382122 382123 24
382124 1792 24
382125 18815 12
382126 382127 24
382128 6897 24
382129 378465 24
382130 4076 24
382131 18828 24
382132 205055 9
382132 382133 12
382134 245386 24
382135 284 24
382136 31924 8
382137 13454 24
382138 382139 24
382140 20434 24
382142 151403 24
382144 5256 8
382144 3068 8
382144 57336 2
382144 65211 12
382144 10694 8
382147 655 12
382148 263389 24
382149 4279 24
382151 25131 24
382157 180044 14
382158 16803 12
382159 43841 24
382160 73947 24
382172 459 24
382173 102297 24
382174 12176 24
382175 8587 24
382176 1830 8
382178 382179 24
382180 13335 12
382181 50547 24
382182 13454 12
382182 42578 2
382183 71879 12
382185 382186 24
382187 43679 2
382187 3431 8
382197 20661 24
382198 2063 2
382198 112420 9
382201 31893 24
382202 30925 14
382203 68157 12
382203 68157 2
382204 4457 12
382205 81680 12
382206 70739 24
382207 21552 24
382208 295062 24
382210 100894 24
382211 543 24
382217 543 24
382218 543 24
382219 543 24
382223 543 24
277511 532 24
382224 438 24
382225 117126 22
382227 37637 24
382228 18786 24
382230 382231 24
382233 1323 12
382234 382235 24
382238 360 22
382242 157361 24
382248 2199 24
382251 374121 24
382252 382253 24
382254 832 24
382255 168699 24
382256 50748 24
382257 185233 12
382258 382259 24
382260 36871 24
382261 179518 24
382262 243946 24
382264 1370 24
382266 382267 12
382268 12404 12
382269 46640 2
382270 81146 9
382273 78707 24
382274 293349 24
382282 67010 24
382283 6994 2
382283 66782 12
382284 12247 12
382285 5564 8
382286 46908 12
382287 338872 24
382288 5120 24
382289 26498 12
382291 60317 12
382291 71142 2
382293 1356 24
382294 1634 24
382301 266425 24
382304 1069 24
382305 27131 24
382308 351164 24
382309 439 22
382309 540 2
382309 102876 24
382311 73947 24
382312 2016 8
382313 26968 8
382313 382314 2
382315 139880 9
382318 101013 24
382319 26968 8
382320 2744 22
382321 46640 12
382322 65788 24
382323 14203 12
382323 26968 8
382325 59800 24
382326 149069 24
382327 26968 8
382328 282 24
382329 41155 12
382330 126708 8
382331 45641 24
382333 87970 9
382333 64224 14
382333 98133 12
382334 197549 24
382335 0 14
382335 54938 14
382335 9358 9
382336 70852 12
382337 42077 9
382342 360 22
382343 92107 24
382346 166051 24
382347 56707 24
382348 17390 24
382349 373385 24
382350 17390 24
382351 271609 24
382352 26968 8
382353 44734 12
382353 27165 9
382354 2309 12
382355 382356 24
382357 382358 24
382360 263201 24
382361 70877 24
382362 152994 24
382364 360518 24
382365 15781 25
382366 154377 24
382367 112424 9
382367 294526 8
382368 19181 24
382369 1911 12
382370 19181 24
382372 19181 24
382373 1099 24
382375 3001 2
382377 1125 12
382377 438 22
382378 3207 22
382379 18694 24
382380 6178 24
382381 183176 2
382382 8143 24
382382 8143 2
382383 250368 24
382384 185335 24
382385 108777 24
382386 198066 24
382388 104122 2
382389 53189 24
382390 382391 24
382392 543 24
382393 337683 24
382394 196599 24
382395 102926 24
382396 31960 24
382397 50051 24
382398 79196 24
382399 55171 12
382400 127004 24
382401 80275 24
382402 372976 24
382403 107586 12
382404 2226 24
382405 126404 25
382406 1370 24
382407 18148 24
382409 246324 24
382410 382411 24
382412 189169 24
382414 6994 14
382415 107063 24
382416 142515 24
382417 19181 24
382418 2745 22
382419 92784 24
382420 192944 24
382421 127346 24
382422 104931 24
382423 157804 24
382424 25443 12
382425 6566 8
382425 3069 8
382425 98545 8
382431 12176 12
382434 43848 12
382435 30925 24
382436 8604 22
382436 1326 14
382436 340914 9
382437 235961 24
382438 1390 24
382440 58783 24
382441 33724 8
382441 120424 8
382442 58074 24
382444 141741 24
382445 1082 24
382446 470 12
382447 40522 2
382448 382449 24
382451 22390 12
382452 36393 24
382453 5508 12
382453 93435 14
382453 31586 9
382456 59675 24
382460 382461 12
382463 133216 12
233078 382464 8
382466 112543 24
382467 336365 12
382468 655 24
382469 19001 24
382470 93023 24
382474 2517 24
382480 61749 12
382482 382483 24
382484 30925 24
382485 79778 24
382486 382487 8
382486 382488 8
382489 5457 24
382490 63952 12
382491 58249 24
382492 440 24
382495 57776 12
382495 382496 27
382498 18786 24
382499 30744 24
382500 382501 24
382508 382509 24
382510 382511 24
382512 36368 24
382513 31893 24
382514 10810 12
382515 1297 9
382519 19552 24
382520 183193 27
382521 2471 12
382524 35206 24
382525 41030 2
382526 206192 24
382527 4169 2
382527 58424 12
382530 382531 12
382532 68484 2
382533 278 22
382533 29162 12
382533 50465 2
382534 252224 2
382535 156040 25
382535 302222 9
382536 281842 8
382536 36027 12
382537 307623 24
382538 31893 24
382540 31893 24
382543 132654 24
382545 34862 12
382546 278 22
382547 278 22
382548 278 22
382549 154377 24
382550 31893 24
382551 31893 24
382552 1196 2
382552 39015 12
382553 165957 24
382555 206192 24
382558 382559 24
382560 382561 24
370245 19293 24
382562 382563 24
382564 6888 24
382565 24721 24
382567 282 24
382568 7634 22
382569 9315 11
382570 440 24
382571 11874 12
382572 31987 24
382573 10363 24
382574 5258 8
382574 5259 8
382574 26968 8
382575 204637 24
382576 196060 24
382577 129236 24
382579 6964 12
382580 42578 2
382580 91212 12
382581 382582 24
45983 42578 2
45983 37004 12
382584 12647 24
382586 2381 14
382586 2381 22
382586 2519 14
382586 1069 14
382586 131156 2
382587 5509 24
382588 33724 8
382588 120424 8
382592 382593 24
382594 294526 8
382595 37637 24
382597 9902 12
382598 5508 24
382600 4076 12
382601 4985 12
382602 382603 24
382611 382612 24
100468 655 24
382613 57952 24
382616 5256 8
382616 77578 12
382616 5260 8
382616 27104 8
382616 3072 8
382617 172276 24
382618 57956 24
382619 6259 2
382619 41652 12
382621 11874 24
382622 19547 12
382623 325083 24
382628 2206 12
382629 1911 24
382630 105473 24
86961 1380 24
382631 54323 14
382636 41139 2
382636 12176 12
382637 109904 24
201995 61746 24
382638 108464 24
382646 7634 24
382648 5151 24
382649 2480 9
382649 655 12
382657 31893 24
382658 36393 24
382660 6204 9
382661 31893 24
382662 22914 14
382663 108464 24
382665 382666 24
382667 382668 24
382669 135377 9
382670 31893 24
382671 15443 12
382671 47507 2
382671 382672 25
382673 36351 24
382674 31893 24
382675 7158 24
382676 49951 24
382677 32951 12
382678 46944 12
382679 108464 24
382682 382683 24
382684 31893 24
382685 1313 22
382687 31893 24
382688 3129 12
382692 70743 12
382693 68060 12
382693 6995 9
382694 7332 24
382698 146214 24
382699 18117 24
382700 20591 24
382701 4733 12
382702 142686 24
382708 8929 24
382709 6481 24
382710 361 22
382710 144802 12
382711 26498 24
382712 533 12
382712 534 22
382712 34585 9
382712 90688 11
382717 13500 24
382718 35206 24
382719 91218 12
382720 16806 24
382721 31893 24
382723 282 22
382724 459 24
382725 68766 24
382726 156443 24
382728 16133 12
382729 4457 12
382729 42578 2
382733 266794 24
382736 15783 14
382740 382741 24
382742 64593 12
382744 5304 26
382745 9847 24
382746 9847 24
382747 832 12
382748 9847 24
382751 1634 24
382751 1634 2
382751 285 22
382752 172276 24
382753 2770 24
382754 832 2
382754 45512 12
382755 20591 24
382762 50067 24
331546 832 24
382765 54409 24
382766 56985 2
382768 2627 9
382768 382769 11
382768 102957 25
382772 35222 24
382773 4985 12
382778 68011 24
382779 294773 24
382787 53288 9
382787 48354 14
382788 48768 24
382789 249888 12
382790 69822 12
382794 93660 24
382798 19001 14
382798 89092 25
382798 97678 9
382800 300382 24
382801 440 24
382802 61281 24
382803 73947 24
382807 37424 14
382808 70691 12
382810 3068 8
382810 5563 8
382810 10694 8
382810 6484 8
382810 41790 8
382811 543 24
382812 30850 24
382813 135546 12
382814 458 22
382814 382815 25
382814 317500 11
382817 546 12
382817 13454 2
382817 458 22
382818 382819 12
382824 83128 24
382826 94609 24
382827 1792 2
382827 41034 8
382827 8781 8
382827 132118 8
382827 132119 8
382827 382828 8
382831 382832 24
382835 68466 12
382836 819 24
382837 25555 24
382853 56377 12
382854 73772 24
382855 207867 24
382856 19293 22
382856 377791 14
382856 382857 24
382856 382857 14
382858 382859 24
382863 187767 8
382864 12405 24
382865 13348 2
382866 12405 24
382867 44401 8
382868 12405 24
382873 1196 2
382874 12405 24
382875 2770 24
382876 12405 24
382877 27132 12
382877 7076 9
382878 12405 24
382879 16493 24
382880 43679 24
382881 16493 24
382884 15238 12
382885 12405 24
382886 16493 24
382887 138878 24
382888 38970 24
382889 1125 24
382890 1655 24
382891 45512 12
382892 42072 24
382896 1655 24
382900 1313 22
382900 10342 9
382902 206192 24
382904 30210 24
382908 108464 24
382910 382911 24
382912 95841 24
382915 108464 24
382917 261753 24
382919 2059 24
382920 31589 24
118522 832 2
118522 832 14
118522 19958 11
118522 5164 9
118522 9317 8
118522 356221 11
382921 2309 24
382922 2598 24
382923 37637 24
24624 278 14
24624 1634 14
24624 1770 9
24624 9095 25
24624 92438 14
382925 382926 24
382927 30892 24
382928 94639 24
382933 382934 24
382935 360 22
382935 10899 12
382936 258171 24
382937 5258 8
382937 63096 12
382938 7492 12
382939 6897 24
382940 108464 24
382942 30892 24
382943 9100 24
382945 274965 24
382947 3977 24
382948 206192 24
382952 226807 12
382953 382954 24
382956 43029 12
382956 43029 14
382961 73 2
382962 174894 24
382963 362 24
382964 362 24
382966 2770 24
382967 362 24
382968 174894 24
382971 362 24
382974 4076 24
382975 154377 24
382976 655 12
382977 8519 22
200179 832 24
382980 40237 24
382990 56110 24
382991 230864 8
382992 8617 24
382993 62223 12
382994 8617 24
382995 154377 24
382996 63169 12
382997 154377 24
382998 123279 24
382999 11272 12
382999 11272 2
382999 8781 8
383000 41026 2
383001 8617 24
383002 73947 24
383003 16803 24
383004 8617 24
383007 8617 24
383009 8617 24
383010 125405 24
383011 169654 24
383017 56144 24
383022 1830 8
383023 819 24
383024 12801 24
383025 185582 24
383027 155494 24
383028 31893 24
383029 78478 12
383031 31893 24
383032 18146 22
383032 83964 9
383032 383033 12
383034 26968 8
383035 106088 12
383035 26968 8
383036 2821 12
383040 73947 24
383041 9029 2
383042 31893 24
383043 31893 24
383045 26968 8
383046 31893 24
383047 1830 8
383048 354802 24
383049 31893 24
383050 26968 8
383051 13454 24
383052 31893 24
383053 138712 24
383054 9029 12
383055 655 12
302157 162725 14
383059 655 2
383059 3130 14
383065 2821 12
383066 119316 12
383067 197726 24
383068 76176 24
383069 11540 9
383090 36863 2
383091 46048 24
383095 653 12
383096 383097 8
383098 5121 24
383102 30925 24
383103 360 22
383108 1370 2
383108 16562 8
383108 16563 8
383108 31610 8
383108 16564 8
383108 85607 8
383109 29162 12
383111 1370 12
383112 3431 8
383113 108144 8
383114 383115 24
383116 5121 24
383117 56969 12
383118 2519 22
383118 102363 12
383119 1082 24
383120 210344 24
383121 5564 8
383123 383124 24
383125 81 2
383126 3001 24
383127 81680 12
383130 357 12
383131 13806 12
383132 18786 24
383133 16803 12
383133 16803 2
383134 73947 24
383135 171076 12
383136 16526 12
383141 383142 24
383143 33147 2
383144 34580 8
383145 41030 12
383145 383146 14
383147 99505 24
383148 219904 24
383149 99505 24
383150 832 12
383151 383152 24
383154 97483 8
383155 97483 8
383157 12814 24
383158 3012 24
383159 1911 12
383160 74578 12
383162 5120 24
383163 62004 12
383165 45628 12
383166 129236 24
383167 383168 24
383169 832 12
383170 197521 24
383171 1634 12
383171 46711 2
383172 314019 2
383177 655 24
383186 31987 24
383187 383188 24
383189 109827 24
383190 109827 24
383192 3845 12
383193 85533 24
383194 111726 24
383195 383196 24
383199 37625 2
383200 7634 24
383202 273545 24
383203 26968 8
383204 383205 24
383206 266342 24
383207 34383 24
383208 383209 24
383214 3803 24
383216 8284 24
383217 73947 24
383218 134480 24
383220 383221 24
383222 81 2
383222 298707 12
383223 43841 24
383228 26968 8
383231 26968 8
383232 8781 8
383233 47507 24
383236 57336 24
383237 63421 24
383238 3987 24
383239 383240 24
383241 3068 8
383241 5259 8
383241 15249 12
383241 41213 8
383241 13409 8
383241 3072 8
383241 383242 8
383243 98072 24
383244 54840 24
383245 4857 14
383246 1313 24
383248 20886 24
383249 30892 24
383250 190720 24
383251 832 2
383251 3068 8
383252 68479 24
383253 6201 24
383257 1370 24
383258 46640 24
383259 78661 12
383263 64569 24
383264 42498 2
383266 48354 24
383267 819 14
383267 135237 9
383268 52372 24
383269 819 14
383270 22417 24
383271 57695 24
383283 3845 12
383283 3845 2
383284 383285 24
383286 31589 24
383287 57573 24
291467 66570 24
383288 22417 24
383291 11260 12
383291 11042 9
383292 57558 24
383293 3068 8
383293 5258 8
383293 5259 8
383293 73 2
383293 63321 12
383293 32825 8
383293 6484 8
383293 213948 8
383294 30799 12
383295 30799 12
383296 383297 8
383300 6335 24
383301 58249 24
383302 1380 24
383303 470 24
383304 655 12
383304 655 2
383313 10810 24
383314 58025 24
383315 46961 2
383315 383317 9
383318 360 22
383318 383319 9
383320 68560 24
383323 32150 12
383323 655 2
383324 130753 24
383325 19547 12
383325 5260 8
383325 10694 8
383326 84648 24
383328 383329 24
383336 13454 12
383336 42578 2
383340 457 24
383341 383342 24
383350 33908 12
383351 44388 8
383353 32309 8
383354 13454 12
383356 105157 24
383357 7332 24
383358 13500 24
383362 105157 24
383365 1082 24
383366 546 12
383366 1196 2
383366 1390 22
383367 56729 24
383368 18773 24
383369 8284 12
383370 458 22
383371 458 22
383372 27218 12
383376 108464 24
383377 16133 24
383388 46614 26
383391 13454 12
383391 42578 2
383392 12585 24
383393 97653 24
383397 33893 24
383398 156475 8
383398 2005 25
383399 11260 24
383400 229956 24
383402 5508 12
383403 94220 12
383405 364353 24
383407 26968 8
383408 26968 8
383409 83859 12
383409 26968 8
383410 18147 24
383413 12847 12
383414 26968 8
383415 31589 24
383416 18147 24
383417 2016 8
383418 3987 24
383419 383420 24
383421 158775 24
383422 43553 24
383422 286729 24
383423 26968 8
383424 383425 24
383426 18146 22
383429 6888 24
383430 4164 12
383430 458 22
383431 655 12
383432 44525 12
383433 186300 24
383434 7049 24
383436 360 22
383436 16803 12
383436 2570 2
383437 3845 12
383438 57548 24
383439 91062 24
383440 20664 24
383442 49407 24
249535 4936 2
249535 458 14
249535 1770 9
249535 1770 25
249535 4076 12
383444 49407 24
271053 1390 14
271053 458 22
271053 285 14
383445 52729 24
383446 53254 12
329022 91062 24
383447 4076 24
383448 42498 12
383449 2471 2
383450 31873 24
383450 79129 24
383451 37638 24
383452 123077 24
383454 73 12
383457 470 24
383458 36007 12
383459 1830 8
383462 68258 24
383464 7332 24
383465 237328 24
383470 16635 24
383471 73947 24
383472 5258 8
383472 5259 8
383472 26968 8
383472 5260 8
383472 10694 8
383473 89411 24
187486 6335 24
383478 12405 24
383479 12405 24
383480 5173 8
383481 383482 14
383483 12405 24
383484 12405 24
383485 22670 24
383486 74368 9
383487 1099 24
383492 66854 12
383495 41031 24
383496 12405 24
383497 56854 24
383498 12405 24
383499 2700 24
383500 54970 24
383503 55156 24
383508 9336 24
383509 111459 24
383510 12405 24
383511 8591 24
383512 8591 24
383513 68503 24
383514 8591 24
383515 31893 24
383516 6893 24
383517 8591 24
383518 8591 24
383519 3130 24
383520 31893 24
383521 31893 24
383522 3001 24
383525 31893 24
383526 207336 12
383527 4733 12
383528 470 12
383529 32905 12
383530 61433 2
383531 383532 12
383533 26495 12
383534 31893 24
383535 180931 12
383536 56730 14
383536 21430 12
383540 31893 24
383541 456 14
383541 21430 12
383544 136683 12
383545 31893 24
383548 91062 24
383551 136683 12
383552 20664 24
383553 58261 24
383554 80740 24
383555 46417 24
383556 49407 24
383557 85601 24
44224 55315 24
383558 49407 24
383559 46417 24
383560 91060 24
383561 4457 12
383562 31893 24
383563 37637 24
383564 253872 24
383565 31893 24
383576 303086 24
383577 10699 24
383578 534 24
383579 383580 12
383579 383580 14
383581 1082 24
383582 207650 14
383582 383583 12
383582 74568 9
383585 832 12
383586 4384 12
383587 11615 12
383588 240254 24
383589 43553 24
383596 13454 2
383596 4457 12
383597 543 24
383598 16873 22
383599 655 2
383600 13640 12
383600 26968 8
383601 18773 14
383602 61281 24
383603 19181 24
383604 2309 12
383604 26968 8
383605 40560 24
383607 1292 24
383608 26968 8
383611 4440 12
383612 186365 24
383615 205857 24
383616 26968 8
383617 3970 8
383628 26968 8
383630 171829 2
383639 65108 24
383640 383641 24
383642 5508 2
383645 1370 12
383645 193 14
383646 1356 12
383647 16562 8
383647 269271 8
383648 2221 24
383649 2700 24
383650 11300 24
383651 161657 12
383652 2059 24
383653 3992 14
383653 28116 9
383660 136384 12
383660 216343 9
383661 8929 24
383664 36863 2
383665 6994 24
383666 452 12
383666 452 2
383667 41024 24
383668 124687 9
383669 46819 12
383670 91064 24
383671 31960 24
383678 213444 12
383681 539 24
383682 9039 2
383685 70525 24
383691 360 22
383691 10344 11
383691 1902 2
383694 22227 12
383695 73 2
383695 26968 8
383696 653 24
383697 19279 24
383698 16562 8
383698 16563 8
383699 103046 24
383700 73 2
383700 26968 8
383701 50204 12
383701 71033 2
383702 26968 8
383703 85600 24
383704 85601 24
383705 56934 24
383706 383707 24
383713 123355 12
383714 26968 8
383715 12405 24
383716 12405 24
383717 16502 24
383718 26968 8
383719 1125 24
383720 12405 24
383721 3977 2
383721 26968 8
383722 12405 24
383723 4985 12
383724 12405 24
383726 50067 24
383727 1440 12
383728 47017 24
383731 7477 8
383732 1634 12
383739 1771 12
383740 68898 12
383741 2309 2
383741 26968 8
383742 68481 24
383743 60784 12
383743 26968 8
383744 285 24
383745 26968 8
383746 112543 24
383747 1065 24
383748 26968 8
383749 31893 24
383750 26968 8
383750 89411 2
383753 18786 24
383754 26968 8
383756 68182 12
383756 36027 2
383757 35405 24
383758 98838 24
383759 91195 9
383760 383761 9
383762 70458 12
383762 70458 14
383763 35206 14
383763 35205 14
383763 6335 12
383765 26968 8
383766 288900 12
383767 26968 8
383768 26968 8
383770 26968 8
383771 11763 12
383782 1757 24
249016 14389 12
249016 1114 9
249016 1114 25
249016 23017 11
383785 31893 24
383786 31893 24
383787 383788 24
383789 254580 24
383790 5256 8
383790 3068 8
383790 5259 8
383791 31893 24
383792 52508 12
383793 31893 24
383794 31904 24
383796 26592 24
383797 26592 24
383798 26592 24
383799 26592 24
383800 26592 24
383801 26592 24
383802 26592 24
383803 26592 24
383804 26592 24
383806 26592 24
383807 26592 24
383808 26592 24
383809 26592 24
383810 26592 24
383811 26592 24
383812 26592 24
383813 26592 24
383814 26592 24
383815 26592 24
383816 26592 24
383822 1313 14
383822 458 22
383822 11721 12
383822 10342 25
383824 534 22
383824 40456 2
383834 31893 24
383835 31893 24
383836 383837 24
383838 58184 12
383839 2221 24
383840 36176 24
383841 156437 24
383841 383842 24
383843 383844 24
383850 7363 22
383850 112060 9
383851 243855 24
383870 12585 24
383872 32343 2
383873 346059 24
383874 32343 2
383877 195709 24
383878 383879 24
383880 13454 12
383880 123481 2
383881 56785 2
383883 383884 24
383885 23928 24
383886 41542 12
383887 265343 24
383888 68138 12
383888 70801 2
383890 200876 24
383891 200876 24
383892 200876 24
383894 3977 14
383895 139928 9
383896 458 14
383896 458 22
383896 139185 9
383897 832 12
383899 383900 24
383901 4164 2
383901 29255 8
383906 114630 24
195438 383900 24
383907 54970 12
383908 36393 24
383908 289395 24
383909 57663 24
124093 49977 8
383912 10694 8
383913 1067 24
383914 458 24
383915 33407 24
383916 48975 24
383917 234195 24
383918 79882 12
268414 5508 2
268414 7073 9
268414 68380 12
268414 126601 25
383922 383923 24
383924 31960 2
383925 1084 24
383926 9902 12
383927 383928 24
383929 383930 24
383931 73947 24
383935 43578 24
383936 459 24
383938 35405 12
383938 285 22
383939 439 22
383940 1386 24
383944 10754 24
383945 89776 24
383949 31893 24
383950 25523 12
383950 26968 8
383951 12801 12
383952 365 24
383953 73947 24
383954 11950 24
383955 1290 24
383957 78975 24
383958 204381 24
383960 31893 24
383962 79778 24
383963 31893 24
383964 383965 14
383967 454 24
383968 5508 12
383969 25237 24
383970 25237 24
383973 25237 24
383974 9100 24
383975 14213 12
383975 333137 14
383977 15305 8
383978 19293 24
383979 58694 12
383980 70361 14
383981 110519 24
383982 5258 8
383982 52372 12
383982 27104 8
383987 357 12
383988 12405 24
383989 280 24
383990 383707 24
383991 280 24
383992 12405 24
383994 280 24
383995 12405 24
383996 12405 24
383997 12405 24
383998 280 24
383999 280 24
384000 18773 24
384001 70847 24
384002 280 24
384003 70257 14
384004 35206 14
384004 70457 14
384004 70458 12
384005 280 24
384006 70231 14
384007 1313 22
384008 280 24
384009 1792 24
384010 70409 14
384011 280 24
384013 35206 14
384013 70322 14
384014 280 24
384015 3992 12
384016 35206 14
384016 70318 14
384016 70458 12
384017 97653 24
384018 35206 14
384018 70405 14
384019 7953 12
384020 35206 14
384024 2762 24
384025 2762 24
384026 2762 24
384027 2762 24
384028 2762 24
384029 6964 24
384030 233003 24
384031 31987 24
384032 31893 24
384033 31893 24
384036 359 22
384038 31893 24
384039 31893 24
384043 457 24
384044 94639 24
384045 378376 24
384049 13454 24
384050 4384 24
384051 84155 24
384064 59800 24
384067 1634 2
384069 655 12
384070 459 24
384073 459 24
384074 384075 24
384084 832 12
384090 136417 9
384091 357 12
384092 1389 24
384093 36497 24
384093 36498 24
384095 384096 24
384097 832 2
384097 384098 24
384099 30206 26
384099 56723 12
384099 384100 9
384099 122409 14
384102 4389 24
384103 43553 24
384105 42072 2
384105 126404 9
384106 43578 24
384107 280 24
384108 6574 24
384109 273706 24
384111 169205 24
384115 819 24
384116 8284 12
384118 438 24
384119 280 24
384120 52403 12
384123 140978 24
384124 43841 24
384126 173139 24
384127 143974 24
384128 280 24
384129 30852 24
384130 140119 24
384131 18894 24
384132 458 22
384133 280 24
384134 108197 24
384135 382593 24
384136 5258 8
384136 5259 8
384136 26968 8
384136 32825 8
384137 832 12
384138 46944 24
384139 315724 24
384140 31960 12
384141 31893 24
384142 36007 24
384143 150778 24
384146 384147 24
384150 171829 24
384152 138269 8
384153 135366 24
384154 74368 9
384154 82936 25
384161 83708 24
384162 3123 24
384163 3130 24
384164 4389 24
384165 2205 24
384167 13500 14
384168 3992 24
384169 29360 24
384170 280 24
384171 73947 24
384172 29850 26
384173 29850 26
352291 57351 24
384174 121984 24
384175 163887 24
384176 4772 24
384177 29850 26
384178 5256 8
384178 3068 8
384178 5259 8
384178 32825 8
384179 2309 12
384180 58299 24
384181 295474 24
384182 58474 24
384183 59010 24
384188 384189 14
384190 57657 24
384191 7458 12
384192 59502 24
384194 11652 24
384195 59271 24
199387 21681 12
199387 384196 9
384197 35464 24
384198 20591 24
384201 31589 24
384202 59267 24
384203 832 12
384214 41139 12
384215 30028 24
384216 382593 24
384217 76351 24
384218 42148 24
384219 30028 24
384222 2051 24
384223 16526 24
384224 3011 12
384225 6964 12
384226 202668 2
384227 5508 24
384228 285620 24
384229 832 24
384230 9039 24
384231 7332 24
384232 1771 24
384233 24721 24
384234 9018 2
384235 2011 2
384236 151942 24
384237 156464 24
384240 384241 24
384242 42578 2
384245 1196 2
384245 384246 12
384247 12578 24
384248 3123 24
384249 1196 24
384249 1196 2
384250 122409 14
384251 2239 24
384252 6964 24
384253 24721 24
384254 384255 24
384256 37729 24
384257 2239 24
384258 5578 24
384260 2239 24
384263 832 24
384264 458 22
384264 124382 24
384265 384266 24
384267 8604 24
384268 2239 24
384269 56659 24
384270 2239 24
384271 24721 24
384272 61768 12
384274 24721 24
384275 56820 12
384276 4668 24
384277 52933 24
384278 36393 24
384279 3068 8
384279 5258 8
384279 5259 8
384279 57508 2
384279 63062 12
384279 27104 8
384280 30892 24
32064 81 24
384287 118240 24
384287 118240 2
384288 15996 8
384288 85598 12
384288 8780 8
384288 39355 8
384289 384290 24
384292 5509 24
384293 13454 24
384296 39212 12
384297 54413 12
384300 35222 24
384301 148866 24
384302 24721 24
384303 99505 12
384305 59220 12
384308 80275 24
384310 2017 8
384311 1911 24
384312 12893 24
384313 384314 24
384315 2514 24
384316 832 2
384319 14529 9
384320 73947 24
384321 819 14
384321 135073 14
384321 2309 12
384321 25498 9
384322 13454 24
384323 66568 12
384324 1292 24
384325 453 24
384326 117872 24
384327 3130 24
384328 50067 24
384334 293862 24
384335 141302 24
384339 37637 24
384340 37637 24
384348 57548 24
384349 31893 24
384351 145422 24
384352 59220 24
384353 56986 24
384354 91057 24
384355 55330 24
384356 94630 24
72837 85601 24
384357 59617 24
384358 20886 24
81211 21901 14
384359 92878 24
384360 29360 12
384361 21762 2
384362 26592 24
384364 195319 24
384365 16199 24
384367 47017 24
384368 5484 12
384369 5258 8
384369 27104 8
384382 11260 12
384383 11260 12
384387 30892 24
384388 16479 2
384389 36749 12
384391 2016 8
384392 30892 24
384395 1325 12
384395 8284 2
384404 1394 2
384404 384405 9
384407 458 22
384408 40560 24
384409 40560 24
384410 31893 24
384411 40560 24
384412 40560 24
384413 40560 24
384414 40560 24
384415 40560 24
384416 31893 24
384417 40560 24
384418 40560 24
384419 40560 24
384420 67999 24
384421 31893 24
384422 31893 24
384425 40560 24
384426 223835 9
384427 57119 24
384428 141741 24
384430 2686 12
384432 13164 24
384433 1814 12
384434 1389 24
384436 1389 24
384439 1389 24
384440 2486 24
384441 360 24
384442 349588 24
384443 30892 24
384444 2751 24
384445 1370 24
384451 532 24
384452 18773 12
384454 331398 24
384463 30892 24
384464 384465 24
384466 384467 24
384471 269021 24
209564 122895 12
384473 64620 24
384474 46290 24
384487 384488 12
384489 1047 24
384490 19181 24
384491 19181 24
384492 37638 24
384493 361 14
384493 361 22
384493 77855 8
384493 77856 8
384493 384494 9
384495 37638 24
384496 459 24
384497 42077 25
384497 102957 9
384498 1313 22
384499 145726 12
384502 43578 24
384503 55500 12
384504 325684 24
384505 37638 24
384508 35205 24
384510 31967 12
384511 94639 24
384512 3987 24
384515 384516 24
384517 384518 24
384519 384520 27
384521 94639 24
384523 37637 24
384524 3012 24
384525 68549 24
384526 62118 14
384526 384527 9
384528 384529 24
384537 1390 24
384539 30892 24
384540 439 24
384550 19478 11
384555 1356 24
384557 832 2
384558 2515 26
384558 61063 2
384559 3845 12
384560 96469 9
384560 78443 14
384560 227380 27
384561 81 12
384567 2774 24
384568 93130 24
35279 1634 12
384569 46246 12
384570 2700 24
384571 1830 8
384572 2700 24
384573 20591 24
40094 55315 24
384574 184542 24
384575 655 2
384575 7482 12
107806 5509 24
384576 32907 24
384579 62093 2
384581 70412 24
384583 1655 24
384584 1313 24
384584 832 2
384587 25555 24
384588 186859 24
384589 62675 12
384589 95583 14
384590 68469 24
384591 5258 8
384591 27104 8
384592 57717 24
384593 140119 24
384594 282 24
384595 1370 12
384596 112015 24
384598 373380 24
384599 373380 24
384600 372439 24
384601 199933 24
384602 112160 24
384603 112160 24
384604 60298 24
384606 69841 2
384606 78661 12
384607 306304 24
384608 173646 24
384609 171627 24
384610 112172 24
384611 112172 24
384612 173646 24
384613 112172 24
384614 171627 24
384615 94577 24
384616 384617 24
384618 112172 24
384619 373347 24
384620 58025 12
384621 2515 26
384621 61076 2
384622 78154 24
384624 40560 24
189175 384625 14
384626 60826 24
142163 2633 9
142163 194528 14
384632 60893 24
384633 20886 24
384634 48008 24
384635 1114 9
384635 73 2
384637 67966 24
384638 4389 24
384639 174735 24
384640 19899 12
384641 62473 12
384641 48311 9
384641 384642 27
384641 384643 27
384644 13454 24
329645 121984 24
113334 42578 2
384645 1389 24
384646 225750 8
384647 1911 24
384648 1082 22
384649 1082 14
384650 18146 24
384651 18786 24
384652 55213 24
384653 21552 24
384654 73772 2
384654 114541 24
384655 57378 24
384656 21552 24
384657 11272 24
384658 15503 12
384659 1370 14
384659 384660 12
384661 12725 24
384662 42578 2
384665 280 24
384666 384667 14
384668 2200 9
384669 160030 22
384670 92687 24
384673 27132 12
384674 361 22
384674 19567 12
384675 384676 8
384675 384677 12
384678 89776 24
384679 1411 12
384679 1411 2
117828 1792 2
384681 31586 9
384682 1390 22
384682 7956 12
384683 384684 24
384685 1634 2
384685 285 22
384686 46961 24
384687 71096 24
384690 1370 24
384693 168948 24
384695 103633 8
384696 9268 24
384698 9039 24
384699 384700 24
384701 9039 24
384702 40456 24
384704 75445 24
384704 206234 24
384705 9039 24
384706 142534 8
384707 75445 24
384708 75445 24
384708 206234 24
384709 75445 24
384710 73947 24
384711 316359 24
384712 384713 24
384719 73947 24
384720 58783 24
384721 121084 8
23728 384722 12
384725 58783 24
384726 31870 24
384727 9039 24
384728 1297 25
384729 64468 12
384731 224445 24
384733 9039 24
384738 105182 24
384739 146902 12
384742 105182 24
384747 5258 8
384747 62999 2
384754 384755 24
384756 73054 24
384757 2821 12
384758 273469 24
384759 6574 2
384760 2687 24
384761 109156 24
384762 84925 24
384763 74704 24
384764 1313 22
384767 19051 2
384768 84925 24
384771 84925 24
384772 15249 12
384773 105179 24
384775 384776 24
384777 55315 24
384778 49407 24
384779 384780 24
384781 384782 24
384783 105179 24
384784 1370 2
384784 84746 12
384785 384786 24
384787 78635 24
384792 64063 12
384793 156043 12
384793 279384 2
384794 69167 24
384795 3207 22
384795 14244 12
384796 69943 24
384800 78648 24
384801 51167 14
384801 243079 14
384801 3130 14
384802 338106 24
384808 5256 8
384808 3068 8
384808 19002 12
384809 31893 24
384810 69822 24
384811 31893 24
384813 31893 24
384814 69336 24
384815 41650 24
384817 82924 24
384818 34950 24
384819 63832 24
384820 1313 22
384821 202059 24
384822 69713 24
384823 164771 12
384823 384824 9
384825 459 24
384826 64456 12
384827 69916 24
384828 384829 24
384830 69745 24
384831 21476 24
384832 69634 24
384833 63345 14
384833 74609 12
384834 52933 24
384835 374238 24
384836 31893 24
384837 204299 11
384838 365 22
384839 360 22
384840 31893 24
384841 31893 24
384842 4167 24
384846 31893 24
384847 98133 24
305777 19293 24
384848 98134 24
384850 98134 24
384851 4936 12
384852 98134 24
384857 105157 24
384858 384859 24
384860 360 22
384861 31893 24
384862 40900 24
384863 2239 24
384864 33893 24
384865 46417 24
384866 50837 24
384867 1313 22
384868 1178 12
384869 85600 24
384870 384871 24
384873 1196 24
384876 16803 24
384878 1196 24
320490 10898 12
384880 384881 24
384884 75445 24
384885 455 22
384885 3803 12
384885 104122 14
384885 384887 8
384888 75445 24
384889 75445 24
384889 206234 24
384890 23562 12
384891 534 22
384891 23567 12
384892 5509 24
384893 84835 12
384894 196887 24
384895 4384 12
96435 13454 12
384898 37377 12
384900 281555 24
384901 2486 24
384902 5316 24
384903 73947 24
384904 384905 24
384906 4389 22
384907 458 22
384908 9336 24
384909 35222 24
384910 127915 12
384912 384913 2
384912 384914 12
384917 18773 24
384921 94762 24
384922 33407 12
384923 9039 24
384924 92682 24
384926 39106 24
384927 58362 24
384928 46552 24
384929 384930 8
384931 105179 24
384934 384935 24
384936 9039 24
384937 42985 12
384940 105157 24
384942 89776 24
384944 285 24
384945 58868 24
384952 3130 24
384957 58873 24
384958 12585 24
384955 29643 12
384962 2515 26
384963 98524 24
384964 93193 24
384966 1655 24
384967 384968 27
384969 459 14
384969 21430 14
384970 25250 2
384971 171565 24
384973 6994 2
384973 36863 12
384974 37288 27
384975 89780 24
384976 73947 24
17249 17198 14
384977 96557 24
384978 655 12
384979 103707 8
384983 89763 24
384986 11260 12
384987 364 22
384990 4985 12
384991 3068 8
212504 70444 2
384993 222592 12
384996 19051 12
384996 19051 2
384997 48660 12
384997 73 2
384998 68167 12
384999 2221 12
384999 832 2
385000 64623 24
385001 109719 24
385002 2821 12
385003 109719 24
385004 124382 12
385005 188010 24
385007 1099 24
385009 347511 9
385011 43841 24
385012 2016 8
385012 7458 12
385012 2074 8
385012 187927 8
385018 2309 24
385018 2309 2
385021 56747 12
385022 385023 24
385025 52933 24
108058 17143 11
385031 126181 24
385032 5322 24
385035 457 14
385036 31893 24
385037 31893 24
385038 31323 19
385039 1356 2
385039 15996 8
385040 18773 24
385041 8646 24
385042 30923 12
385045 1082 24
385046 440 24
385047 9902 12
385048 63499 12
385049 832 24
385050 3001 24
385058 15799 24
385059 378465 24
385060 121984 24
385065 153367 24
385066 534 24
385067 55925 24
385068 93668 24
385069 1389 24
385072 165436 24
385073 1389 24
385074 385075 8
385077 18694 12
385078 29850 24
385080 57508 14
385081 385082 12
385081 279919 2
385084 58885 24
385085 73 12
385086 285 24
385087 2016 8
385087 135209 24
385088 93061 24
385089 58896 24
385090 58896 24
385091 37638 24
385091 94797 24
385092 1048 24
385093 58897 24
385094 58901 24
385098 385099 24
385100 22387 24
385102 34577 8
385104 832 24
385105 5508 12
385107 385099 24
385108 385109 24
385111 282 24
385112 58911 24
385113 193182 24
385114 1261 12
385115 37638 24
385116 209997 8
385119 1370 24
385120 32951 12
385120 91915 8
260681 47507 24
385122 58916 24
385123 99393 8
385123 3069 8
385124 26968 8
385125 385126 24
385128 20771 8
385130 385131 24
385132 336026 24
385133 58918 24
385135 9039 2
385135 6129 8
385135 6566 8
385136 336026 24
385137 58921 24
385138 91915 8
385139 58923 24
385140 336026 24
340462 167228 14
385143 41359 24
385144 282 24
385145 108751 24
385146 3845 12
345246 16526 14
345246 364 22
385147 185572 24
385148 25443 12
385148 25443 2
385149 41359 24
385151 2309 24
385152 41359 24
385153 73947 24
385156 456 22
385156 470 12
385156 40604 8
385157 73947 24
385160 41359 24
385161 385162 24
385164 88536 24
385165 2515 26
385165 30664 12
385165 61149 2
385166 88536 24
385167 188494 12
385171 2221 12
385172 57508 12
385173 437 22
385173 441 24
385174 34950 24
385175 2570 12
385176 221661 12
385176 385177 8
385176 385178 8
385179 5322 24
385180 112543 24
385181 26968 8
385183 145393 24
385184 3845 12
385185 33301 12
385185 26968 8
385187 819 24
385188 33301 12
385188 26968 8
385189 5256 8
385189 5562 8
385189 3068 8
385189 60549 12
385189 5261 8
385189 98133 2
385190 26968 8
385190 385191 12
385192 31068 12
385193 385194 12
385197 11260 12
385198 46640 2
385201 832 12
385201 458 22
385202 58058 12
385204 13667 12
385204 362654 14
385205 2063 24
385206 385207 12
385208 1370 14
385208 86744 12
385209 123379 24
385210 1830 8
385214 2515 26
385215 12672 24
385216 15793 24
385218 385219 24
385220 4389 24
385221 6165 24
385222 117872 24
385225 127603 12
385226 123379 24
385227 31893 24
385228 31893 24
385229 351434 14
385230 1792 12
385233 31893 24
385234 343957 24
385235 385236 12
385237 31893 24
385238 19552 24
385239 42077 9
385239 54787 12
385239 655 2
385240 31893 24
385241 385242 24
385243 56893 24
385244 31893 24
385245 15935 24
385246 819 24
385248 2333 12
385249 31893 24
385250 20387 24
385251 2206 24
385251 2206 2
385252 14160 24
385257 7158 24
385258 6481 24
385259 385260 24
385261 534 22
385261 46188 12
385262 385263 24
385265 458 22
385266 48674 24
385267 93089 24
385268 91062 24
385269 123379 24
385270 385271 14
385273 123379 24
385274 67961 24
385275 123379 24
385276 285 22
385277 123379 24
385278 123379 24
385280 123379 24
385284 337228 24
385285 1771 14
385285 9317 8
385285 233238 11
385285 2004 8
385285 159464 8
385285 11831 9
385285 2005 25
219245 126592 24
385286 278 22
385286 42077 9
385287 337228 24
385288 385289 24
385292 832 2
385292 2744 22
385292 24661 12
385293 93122 24
385294 385295 24
385296 30949 12
385296 31224 8
385297 3977 24
385300 2059 24
385300 385301 24
385302 13454 24
385304 10634 12
385305 88536 24
385306 129243 24
385308 57685 12
385310 88536 24
385315 37637 24
385316 336026 24
385317 278 24
385319 40045 24
385320 89800 24
385321 336026 24
385322 20886 24
255411 458 22
385324 58230 24
385326 385327 24
385330 13454 24
385330 42570 2
385331 58867 24
385332 193 24
385333 56119 24
385334 7049 24
385335 241271 24
385337 385338 24
385339 354893 24
385340 59800 24
385341 533 24
385342 1370 24
385343 819 24
385344 73947 24
10468 8737 9
10468 8737 25
385345 3977 24
385349 6186 8
385350 184745 12
385350 303622 2
385353 33301 12
385354 8591 24
385358 345478 24
385361 63551 24
385362 58867 24
385363 58866 24
385364 57791 24
385365 58866 24
385366 58866 24
385367 8591 24
385368 99393 8
385368 18773 2
385369 29162 12
385370 57956 24
385371 8605 12
385372 35222 24
385373 35222 24
385374 35222 24
385375 267598 24
385376 35222 24
385377 35222 24
385378 40405 12
385379 35222 24
385380 35222 24
385381 35222 24
385382 35222 24
385383 35222 24
385384 35222 24
385385 1370 14
385385 365 14
385385 29162 12
385386 1370 14
385386 365 14
385386 301626 12
385387 149136 11
385388 6259 12
385389 655 2
385390 11197 12
385391 68479 24
385392 73947 24
385393 385394 24
385395 1771 24
385396 4218 8
385398 385399 24
385400 832 24
385401 832 2
385401 385402 24
385404 45422 24
385405 93285 24
385406 280 24
385407 73947 24
385408 2221 24
385409 31967 12
385410 18165 24
385412 15996 8
385415 1830 8
385416 232103 24
385417 44388 8
385418 128017 24
385421 69427 24
385425 123379 24
385426 284 24
385427 385428 24
385429 58249 24
385431 58249 24
385432 40900 24
385433 58249 24
385434 73 24
385435 21430 12
385436 109719 24
385437 58249 24
385439 832 12
385441 457 14
385441 94714 14
385442 4389 24
385443 93663 24
385444 52947 24
385451 2821 12
385452 385453 24
385454 1313 22
385454 68869 2
385456 15239 12
385457 5258 8
385457 26968 8
385459 63654 24
385460 110416 24
385461 109719 24
385462 655 12
385464 3130 24
385465 5258 8
385465 50547 12
385465 26968 8
385466 31893 24
385468 31893 24
385469 145726 24
385470 145726 24
385471 45512 12
385472 145726 24
385473 31893 24
385474 31893 24
385475 31893 24
385487 145726 24
385488 31893 24
385489 31893 24
385490 44441 24
385491 44441 24
385492 31893 24
385493 31893 24
385494 70837 12
385495 206192 24
385496 206192 24
385497 22275 12
385498 206192 24
385499 206192 24
385500 206192 24
385501 206192 24
385502 206192 24
385503 206192 24
385504 206192 24
385505 206192 24
385506 206192 24
385507 206192 24
385508 206192 24
385509 206192 24
385510 206192 24
385511 206192 24
385512 206192 24
385513 206192 24
385514 206192 24
385515 206192 24
385516 206192 24
385517 206192 24
385518 206192 24
385519 206192 24
385520 206192 24
385521 206192 24
385522 206192 24
385523 206192 24
385524 206192 24
385525 206192 24
385526 206192 24
385527 206192 24
385528 385529 24
385530 57548 24
385531 57548 24
385531 79681 24
385532 61703 24
385533 36375 24
385534 1634 2
385534 285 22
385535 278 24
385536 77856 8
385536 107586 2
385537 197871 24
385538 385539 24
385540 18773 24
385541 5258 8
385541 5259 8
385541 57343 2
385541 26968 8
385541 10694 8
385542 385543 24
385546 40456 24
385547 161232 24
385548 10871 9
385549 2784 24
385550 385551 24
385552 75445 24
385552 223152 24
385553 4383 22
385554 533 24
385556 533 24
385557 229275 24
385558 75445 24
385559 12647 24
385560 31893 24
385561 58249 24
385562 35382 12
385564 20844 12
385323 458 22
385565 4389 24
385566 58249 24
385570 58249 24
385571 34862 24
385572 88536 24
189202 23909 14
385583 385584 8
385591 2016 8
385592 14740 12
385600 75445 24
385602 75445 24
19534 141194 12
385603 284 24
385604 336026 24
385605 223152 24
385606 3845 24
385607 89763 24
385609 56713 2
385615 89763 24
385616 3845 24
385617 89763 24
385620 91209 12
385621 1380 24
385622 832 2
385623 1048 22
385624 336026 24
385625 385626 24
385627 261753 24
385628 41359 24
385630 336026 24
385631 81660 9
385634 2331 8
385640 16530 24
385645 80222 24
385646 81 24
385647 5120 12
385647 1297 9
385648 3803 24
385649 385650 24
385651 4389 24
385652 832 2
385653 25925 24
385654 73 2
385655 229056 24
385656 4164 12
385657 2381 22
385659 3001 24
385660 19547 24
385661 7158 24
385662 255299 24
385663 261372 24
385664 5258 8
385664 5259 8
385664 68482 12
385664 26968 8
385666 457 14
385666 4457 14
385670 457 14
385670 13454 14
385671 20591 24
385672 5504 12
385673 457 14
385673 4457 14
385674 89776 24
385675 25523 12
385676 56853 24
385677 285 24
385678 385679 12
385678 26968 8
385682 3068 8
385682 5258 8
385682 5259 8
385682 5260 8
385682 32825 8
385682 10694 8
385682 5261 8
385683 68894 24
385684 385685 24
385686 19358 2
385687 457 14
385687 13454 14
385688 457 14
385688 4457 14
385689 457 14
385689 13454 14
385690 285633 12
385691 75110 8
385692 285 24
385693 3272 2
385694 8604 24
385695 23321 12
385696 5303 24
385699 222307 24
385700 28116 9
385700 3978 8
385702 105566 12
385708 1634 12
385708 153299 9
385709 101096 24
385711 31893 24
385722 2700 24
385725 31893 24
385726 19051 12
385726 19051 2
385727 31893 24
385728 11437 24
385730 31893 24
385731 458 22
385733 3068 8
385733 27104 8
385734 49608 24
385735 5566 9
385737 31893 24
385738 31893 24
385739 16197 24
385739 40330 12
385742 31893 24
385748 2037 14
385748 220 14
385749 458 22
385751 30799 12
385751 42512 2
385758 385759 24
385760 3123 24
385761 68504 24
385765 458 22
385766 2770 24
385767 534 22
385768 4164 24
385772 63754 24
385775 108691 24
385776 85533 24
385777 7458 12
385779 24721 24
385780 8600 24
385782 458 22
385784 4164 12
385785 4389 24
385786 19552 24
385787 35222 24
385788 41359 24
385790 3845 12
385793 88536 24
385794 59602 12
385798 9039 24
385799 27567 24
385800 162914 24
385801 43578 24
385802 52182 24
385803 31960 12
385807 2381 22
385807 1325 2
385807 167856 12
385808 2486 24
385809 2744 24
109677 3032 2
109677 910 8
385812 112417 12
385815 12647 24
385816 50045 12
385817 151397 24
385818 56853 24
385820 17069 24
385823 14203 12
385826 58225 24
385827 75445 24
385828 75445 24
385828 206234 24
385829 2011 12
385830 75445 24
385830 206234 24
385831 75445 24
385831 206234 24
385832 75445 24
385833 819 24
385834 1178 12
385836 4936 2
385838 92438 12
385838 92438 2
385839 4164 12
385840 36375 24
385841 31873 24
385842 3136 8
385843 36375 24
257797 1313 24
385849 3323 24
385852 1196 24
385855 280 24
385856 832 2
385856 385857 24
385858 23321 12
385859 74704 12
385860 35491 24
385861 385862 24
385863 24642 19
385869 5578 24
385870 67081 24
385871 58287 24
385872 88560 24
385873 263101 24
385874 2063 24
385875 49477 12
385877 46944 24
385878 41025 26
385878 63550 12
385878 63550 2
385880 31893 24
385883 31893 24
385884 31893 24
385885 2494 2
385885 6574 12
385886 56665 12
385888 31893 24
385890 31893 24
385891 47017 24
385892 9048 24
385893 93327 24
385894 14256 8
385895 16197 24
385896 6897 24
385897 6129 8
385898 4985 24
385899 16357 14
385900 314612 24
385901 7953 24
385902 2051 24
385903 58339 24
385904 58339 24
385910 24722 24
385911 24722 24
385912 90941 9
385914 105300 24
385915 40900 24
385916 5258 8
385916 50431 8
385916 10694 8
385918 40900 24
385920 195319 24
385926 337979 24
385928 91057 24
122740 91949 24
385929 18148 24
385930 79778 24
385931 218303 24
385939 8934 12
385939 6994 2
385940 539 24
385942 546 12
385943 9039 24
385946 543 24
385954 7362 24
385959 3123 24
385964 218536 24
385966 43578 24
385969 35222 24
385971 38951 2
385971 26968 8
385972 3123 24
385977 43578 24
385979 385980 24
385981 175750 11
385982 3130 14
385983 2515 24
385984 16197 24
385985 385986 24
385987 385988 24
385989 49608 24
385991 3123 24
385992 7975 12
385994 93201 12
385995 543 24
385996 41031 24
385999 93495 24
386000 30892 12
386009 18815 2
386009 386010 12
386011 261468 8
386013 18147 24
386014 3123 24
328553 52341 12
328553 52341 14
386021 2486 24
386021 386022 24
386028 206192 24
386029 7653 12
386030 73947 24
386031 3123 24
386038 73947 24
386041 2309 2
386042 56713 24
386046 4389 24
386047 68481 24
386048 16479 2
386048 42884 12
386049 36497 24
386050 48768 24
386051 108144 8
386052 36646 8
386053 69916 24
386054 1830 8
386058 50067 24
386067 48304 12
386068 5508 12
386071 9039 24
386072 34950 24
386073 18786 24
386074 9039 24
386075 3130 24
386079 120681 24
386081 252022 12
386082 2821 2
386082 539 12
386083 3129 12
386083 281842 8
386084 386085 24
386086 2514 24
386087 5258 8
386087 26968 8
255662 29851 12
386090 2178 24
386091 91062 24
386092 51847 24
386093 78656 12
82157 1067 22
82157 2206 12
40002 210811 2
386095 80582 12
386095 80582 14
386095 338385 27
386096 9127 24
386099 4278 24
386100 224263 24
386101 46944 24
386105 819 24
386106 9902 14
386106 305597 9
386106 7158 14
386106 102957 25
386107 57032 24
386108 5562 8
386108 3068 8
386108 8277 12
386108 5563 8
386108 5261 8
386109 11260 12
386109 117854 9
386113 2309 2
386114 116661 12
386115 91286 24
386116 186846 12
386120 18773 12
386121 13176 24
386122 91286 24
386123 3977 24
157559 2517 24
386124 109919 24
386131 131163 24
386134 206192 24
386135 91062 24
386136 7363 22
386137 12857 24
386139 386140 24
386141 386142 24
386143 73947 24
386144 1196 2
386144 141196 12
386145 376282 24
386147 1313 14
386147 37637 14
386147 87147 14
386148 158604 24
386149 9039 24
386150 9039 24
386151 12200 12
386152 78199 24
386154 92891 24
386156 126519 24
386159 5322 24
386160 167828 8
386160 18773 12
386161 285 24
386162 261753 24
386163 20371 24
386164 386165 24
386166 386167 24
386168 256418 24
386169 40456 24
386170 42578 24
45002 275825 24
386172 1069 24
386173 18773 24
386174 60601 24
386175 163209 24
386176 165563 24
386177 51847 24
386178 2219 24
386179 121471 12
95657 13454 2
95657 94714 12
386181 220 2
386182 2745 24
386183 1048 22
386183 50426 12
386184 212042 24
43948 104724 24
386185 2016 8
386185 8167 24
386186 15357 12
386186 15357 2
386187 92767 24
386188 272111 14
386189 30925 24
386190 83563 24
386191 55315 24
386192 57558 24
386193 73947 24
386195 50204 12
386196 380566 24
386197 43260 12
386198 19668 8
386199 1178 14
386199 189034 8
386199 386200 8
386199 386201 9
386202 30892 24
386203 19279 24
386204 117126 22
386205 117126 22
386206 386207 27
386208 5258 8
386208 26968 8
386209 200819 24
386210 4733 2
386211 56183 24
386212 102297 24
386213 249583 24
386214 1356 2
386214 117126 22
386215 81 2
386216 73947 24
386217 144056 24
386218 73947 24
386219 13315 24
386220 31498 24
386222 107520 12
386224 386225 24
386226 178933 24
386227 386228 24
386229 832 12
386229 99393 8
386229 34905 8
386230 30892 24
386231 1815 24
386232 126294 24
386233 29255 8
386234 73947 24
386236 30892 24
386237 386238 24
386239 210739 24
386242 73 12
386244 7492 12
386244 1815 14
386244 61952 14
386245 2750 14
386245 2751 14
386246 1815 14
386246 17335 12
386246 61952 14
386247 534 24
386249 21430 2
386250 1313 24
386251 1411 24
386253 16196 24
386254 16509 24
386255 40900 24
386256 165455 14
386257 13454 2
386257 41100 12
386259 2486 24
386260 3976 25
386260 17335 2
386260 60160 12
386263 109827 14
386269 2017 8
386270 131793 12
386271 2700 24
386280 2517 24
386281 1902 12
386281 8781 8
386282 15305 8
386291 110411 24
386292 56765 12
386293 12487 14
386294 655 24
386295 8929 24
386296 125408 24
386297 69549 12
386298 46944 12
386299 94180 9
386303 3207 14
386303 3207 22
386304 31893 24
386306 43553 24
386307 40237 24
386308 4936 2
386308 48008 12
386312 1634 12
386314 1082 24
386315 210739 24
386316 75445 24
386317 30892 24
386318 280641 24
386319 9039 24
386320 386321 24
386322 36393 24
386323 5112 12
386332 5313 24
386334 261753 24
386335 655 12
386337 386338 24
386339 386340 24
386341 386342 24
386343 60570 24
386344 29850 24
386345 20591 24
386346 29850 24
386347 29850 24
386348 22111 2
386348 141196 12
386349 2074 8
386350 1313 14
386350 11721 12
386350 120877 14
386351 205931 9
386351 386352 8
386351 655 12
386353 1791 11
386355 206192 24
386361 455 24
386362 455 24
386363 20382 12
386364 455 24
386365 3068 8
386365 5259 8
386365 10694 8
386365 113724 8
386367 188004 9
386368 10690 9
386368 10690 25
386368 655 12
386369 160238 24
386372 1634 12
386372 1634 2
386372 137409 8
386374 25333 24
386375 386376 24
14941 78517 12
14941 109665 9
386377 139880 9
386377 12538 12
386377 109919 14
386377 254499 27
386378 13628 12
386378 172352 9
386379 6964 24
386381 2221 12
386384 166400 12
386385 73947 24
386386 8167 24
386387 73947 24
386391 58222 24
386392 5112 24
386393 73947 24
386393 263864 24
386394 2199 24
386395 313505 24
386396 73947 24
386397 196048 24
386399 2221 12
386400 141196 12
386401 368843 24
386402 58351 24
386403 58351 24
386404 313505 24
386405 386342 24
386406 109991 25
386407 38045 24
386408 386409 24
386410 57170 12
386410 3845 2
386411 59413 2
386411 31205 12
386411 86708 9
386413 56926 24
386414 57688 24
386415 156640 12
386416 88560 24
386417 386418 24
386419 362654 24
386420 440 24
386421 178345 24
386422 257320 24
386425 37638 24
386428 99393 8
386429 16502 24
386430 11763 12
386431 386432 24
386433 196048 24
386434 73947 24
386435 2700 24
386436 2221 12
386445 539 2
386445 97855 12
386446 6889 24
386447 216728 12
386450 278 22
386451 1675 12
386452 163881 12
386453 386454 24
386455 139989 8
386455 386456 8
386460 30203 12
386461 2700 24
386467 89411 12
386468 66037 12
386471 13462 24
386472 25554 12
386473 458 22
386474 208758 24
386475 20886 24
386476 3845 24
386477 5151 24
386480 49978 8
386481 31893 24
386482 4457 12
74572 360 22
74572 10806 12
386483 31893 24
386495 195709 24
386496 386497 24
386498 386499 24
386502 20886 24
386503 20886 24
386504 4440 12
386505 16573 12
386509 386510 24
386511 41504 24
386512 386513 24
386518 458 22
386520 195709 24
386521 1634 12
386521 32031 9
386525 9077 24
386530 40237 24
386531 5151 24
386532 79778 24
386532 232700 24
386533 2770 24
386534 16771 12
386535 10044 11
386536 2016 8
386539 5151 24
386540 27104 8
386541 62675 12
386542 6574 2
386542 58783 12
386544 31589 24
386545 207018 24
386547 5314 24
386548 75861 24
386549 8143 14
386549 28117 9
386550 114630 24
386555 14212 24
386557 7458 24
386558 98674 12
386558 98674 2
386562 386563 14
386564 386565 24
386566 2700 24
386567 100688 24
386568 1099 24
386569 91742 24
223123 546 24
386571 44401 8
386571 99393 8
386572 38439 12
386573 77870 2
386574 156453 24
386576 13500 2
386577 5164 9
386578 1675 24
386579 1390 24
386589 75445 24
386590 30206 14
386590 2014 9
386593 85533 24
386594 5508 2
386600 43728 24
386601 386602 24
386604 246137 24
386605 2515 26
386605 30664 2
386606 386607 24
386608 12578 24
279659 2344 12
386609 386610 24
386611 386612 24
386613 52113 12
386613 26968 8
386615 1048 22
386616 99843 24
386617 386618 24
386619 39468 2
386619 57419 12
386619 26968 8
386624 295430 24
386625 653 12
386626 32318 12
386629 386630 24
386631 832 12
386632 386633 24
386634 156043 12
386635 156043 12
386636 140976 24
386637 386638 24
386639 25523 12
386640 91057 24
386641 3068 8
386641 5259 8
386641 5260 8
386641 655 12
386641 10694 8
386642 8531 12
386643 386644 24
386645 61002 24
386646 386647 24
386648 17479 8
386653 360 14
386653 360 22
386653 5164 9
386653 5164 25
386653 386655 11
386656 24630 24
386657 112084 24
386658 56991 24
386659 386660 24
386661 386662 24
386663 99275 12
386664 3207 22
386664 193182 24
386665 37073 12
386666 386667 24
386668 56991 24
386673 21430 12
386674 52933 24
386675 458 22
386675 3803 24
386676 819 24
386677 386678 24
386679 28507 9
386680 37992 12
386681 56991 24
386682 17855 24
386683 37242 11
386687 5303 12
386688 356 24
386693 220340 12
386694 3068 8
386701 17379 24
386702 386703 24
386704 386705 24
386706 386707 24
386708 94946 24
386709 180777 24
386710 307642 24
386711 312708 24
386712 12200 12
386713 6887 24
386714 312696 24
386715 140623 24
386716 140631 24
386717 25131 12
386718 140627 24
386719 386720 24
386721 75445 24
386723 312705 24
386724 13069 24
386725 386726 24
386728 378446 24
386729 140625 24
386730 378454 24
386731 2700 24
386732 5112 24
386733 2011 12
386734 297504 24
386739 227554 24
386740 19181 24
386741 19181 24
386742 381476 24
386747 360 22
284621 4440 24
386749 543 24
386750 280 24
386751 8284 12
386752 85533 24
386753 12647 24
386754 32233 2
386755 12647 24
386756 64471 24
386757 18165 24
386758 101694 2
386761 16196 24
386762 65401 24
386766 5314 24
386766 127003 24
386767 191646 8
386770 5256 8
386770 3068 8
386770 133355 8
386770 298416 12
386770 143618 8
386770 41788 8
386770 109068 8
386770 11254 8
386770 99353 8
386770 101332 8
386770 44276 8
386770 229367 8
386770 41790 8
386771 1261 12
386772 5314 24
386776 1045 9
386776 64678 2
386776 140992 12
386777 150070 24
386783 386784 12
386785 12856 22
386786 29959 12
386788 25288 24
386789 1047 24
386790 67911 2
386790 68040 12
386793 58866 24
386794 91915 8
386795 18121 12
386798 3207 24
232243 5314 24
272885 1792 2
272885 1902 12
386799 386800 24
386801 58866 24
386802 1655 24
100416 1402 14
386803 58866 24
7342 5509 24
386805 3845 12
386808 456 14
386808 456 22
386808 6151 14
386808 7595 2
386808 40604 8
386808 338760 11
386820 94355 14
386821 13991 2
386822 54232 24
386823 12247 24
386824 94324 24
386826 386827 24
386830 457 14
386830 41317 14
386833 1048 24
386834 386835 24
386840 44305 24
386843 5151 24
386844 1048 24
386845 19051 2
386846 75860 12
386847 3977 24
9769 18145 22
386854 32969 24
386855 546 12
386857 45512 24
386858 55145 12
386860 64456 12
29274 7049 12
386867 206192 24
386873 31893 24
386878 198068 24
386879 357 12
386880 44151 24
386881 73 2
386882 386883 24
386884 195319 24
386886 24722 24
386887 6994 24
386888 3977 24
386889 655 24
386893 66872 2
386893 51222 12
386894 143033 8
386895 10810 2
386896 14529 9
386897 6994 24
386900 269802 24
386901 819 24
386904 294304 24
386906 148196 24
386907 10687 24
386908 93135 24
386909 129448 24
386909 189186 8
386910 31893 24
386911 386912 24
386913 1370 12
386913 38183 2
386914 31893 24
386915 386916 24
386917 31893 24
386918 6888 24
386919 2059 24
386920 244707 24
386921 386922 24
386923 107496 12
386924 248102 24
386925 18786 24
386936 386937 24
386938 250801 24
386939 31430 12
386939 8780 8
188429 2592 2
188429 11316 22
386941 80582 24
103728 12857 24
386944 532 24
386946 22227 12
386947 25443 12
386948 832 12
386949 386950 24
386951 8540 24
386952 386953 14
386954 5508 24
386958 1370 24
386961 18148 2
386964 2221 24
386965 50733 24
386966 386967 24
386970 1675 12
386970 139990 8
386971 9357 8
386972 539 12
386973 250464 24
386974 109045 12
386975 1760 12
386978 168119 24
386979 99505 12
386980 10351 24
386981 99505 12
386982 1830 8
386984 58866 24
386985 49152 8
386986 832 24
386987 58866 24
386988 20319 12
256723 278 24
386989 183213 12
386990 48768 24
386991 45380 12
386991 12849 9
386992 48304 24
386993 353206 12
386993 7229 8
386997 73947 24
386998 36176 24
386999 58866 24
387000 10634 12
387001 387002 24
387004 58866 24
387005 2770 24
387006 41031 24
387007 98133 12
387007 98133 2
387008 315399 24
387009 387010 8
387009 30247 8
387011 58866 24
387016 103043 24
387017 387018 24
387019 2059 24
387022 1830 8
387023 52115 2
387024 58866 24
387025 73947 24
387026 73947 24
387028 832 12
387028 655 2
387029 539 12
387029 532 22
387029 387030 8
387031 58866 24
387032 2700 24
387033 58866 24
387034 172166 12
387034 229442 2
387036 251045 24
387037 387038 24
387039 387040 24
387041 2687 24
387042 2486 24
387043 3068 8
387043 5259 8
387043 22562 12
387043 5260 8
387043 10694 8
387044 2486 24
387045 207867 24
387057 387058 24
387059 7492 12
387059 81 2
232005 56125 2
387060 387061 24
387062 70009 14
387063 387064 24
387065 2770 24
387075 207867 24
387076 29669 24
387077 15249 12
387078 387079 24
387080 1617 8
387081 1313 22
387083 29669 24
387084 5484 12
387085 8143 12
387086 41024 12
387091 387092 24
387093 48616 12
387094 18286 24
387095 252686 24
387096 1634 24
387098 1370 24
387099 252686 24
387100 4389 24
387101 3831 12
387103 31893 24
387106 2494 2
387107 58249 24
387108 832 24
387109 31893 24
387110 2794 24
387111 31893 24
387112 31893 24
387114 31893 24
387115 387116 24
387118 36749 12
387119 1313 22
387119 832 12
387120 58866 24
387121 387122 24
387123 86159 24
387124 14403 24
387127 387128 24
387131 30925 24
387132 458 22
387133 2219 24
387134 4392 24
387135 127063 8
387136 19547 12
387137 440 22
387138 166299 9
387139 386908 24
387140 38316 24
387141 8143 12
387142 98674 2
387145 156423 24
387146 12801 12
387147 79882 2
387147 4076 12
387148 12022 12
387154 43553 24
387156 68512 24
387158 61520 12
387158 71224 2
387159 387160 24
387161 75445 24
387162 387163 24
387165 387166 24
387167 439 22
387167 1196 12
387168 67272 12
387169 164331 12
387170 83789 12
387174 374438 24
387175 387176 24
387177 248480 24
387183 20319 24
387184 69997 12
387195 285 24
387197 1313 22
387197 104931 12
387199 73947 24
387200 387201 24
387202 7454 8
387205 1196 24
387206 156423 24
387207 70362 12
387208 73947 24
387209 387210 24
387211 5151 24
387212 104935 9
387214 819 24
387215 112543 24
387216 59648 14
387216 93795 9
387217 245472 24
387218 12849 9
387220 387221 24
387222 57339 14
387222 387223 9
387224 50135 12
387225 73947 24
387226 73947 24
387228 2016 8
387229 57589 24
387230 4440 24
387231 186325 24
387232 9850 24
387233 58596 24
387234 11260 12
387236 1792 2
387238 2017 8
387239 20590 24
387240 94628 24
387241 387242 2
387243 56976 12
387245 278 24
387246 73947 24
387248 16479 24
387249 89777 24
387250 64596 24
387251 73947 24
387252 6994 12
387253 12585 24
387254 50733 24
387255 5256 8
387255 5562 8
387255 3068 8
387255 5260 8
387255 10694 8
387255 5261 8
387256 26968 8
387258 8780 8
387263 66896 12
387264 163887 24
387265 195319 24
387266 4076 12
387270 221777 24
387271 458 22
387271 51107 12
387272 2762 24
387273 2762 24
387274 2762 24
387275 312700 24
387279 387280 24
387281 387282 24
387283 161314 24
256637 162725 14
387284 387285 24
387290 387291 24
387292 135730 9
387293 8617 24
387294 362654 14
16896 15367 12
387297 387298 24
387299 1792 12
387300 387301 24
387302 5120 2
387302 60611 12
387302 32825 8
387302 6484 8
387303 1830 8
387304 163887 24
387305 31987 24
387305 194336 24
387307 5151 24
387308 141708 24
387309 2700 24
387311 41318 24
387312 274965 24
387314 4733 24
387315 122356 24
387316 30206 24
387317 132549 9
387321 56858 12
387322 380244 24
387323 387324 24
387325 104738 9
387326 41031 24
387327 387328 24
387329 387330 24
387331 96829 24
387332 41031 24
387333 25544 24
387334 387335 24
42999 1411 2
387340 31893 24
387350 2221 12
387352 66620 12
387353 299162 24
387354 1389 24
387357 5322 24
387360 52947 24
387361 52953 24
387362 52953 24
387363 52953 24
109900 1411 2
387365 387366 24
387367 374083 24
387368 1048 24
387369 10372 24
387370 387371 24
387373 1323 12
387377 250174 12
387386 31661 24
387390 91915 8
387391 156856 24
387392 108751 24
387393 45380 12
387397 387398 24
387399 31661 12
387399 81 2
387406 42506 2
387411 2016 8
387411 2074 8
387412 91915 8
387413 1319 12
387413 8781 8
387414 113159 12
387415 5173 8
387415 39184 24
387416 357 24
387417 459 24
336094 55315 24
387418 36373 24
387419 285 24
387424 459 24
387425 387426 24
387427 439 22
387427 112004 12
387428 11307 12
387430 73947 24
387431 261753 24
387432 458 22
387432 171741 25
387433 653 12
387435 73947 24
387436 2383 24
387439 73947 24
387440 5304 24
306911 1770 25
306911 14502 8
387441 163887 24
387442 59367 24
387443 61213 2
387446 365 24
387447 138656 24
387448 56889 2
387451 4383 22
387451 387452 12
387453 162957 11
387454 25289 22
387455 73947 24
387456 66428 12
387463 459 24
387464 303624 24
387465 387466 11
387469 189576 24
387470 126181 24
387471 73947 24
387472 387473 24
387474 387475 24
387476 458 22
387478 39998 24
387479 63552 24
387480 18773 12
387481 106402 12
387482 3803 24
387483 39103 12
387484 15010 24
387485 372046 24
387486 89321 24
387487 387488 24
387489 6888 24
387490 10634 12
387492 5258 8
387492 70189 12
387492 26968 8
387492 387493 2
387494 8019 12
387494 27104 8
387496 387497 24
387498 259111 24
387499 4167 2
387499 30949 12
387502 387503 24
387504 387505 24
387506 387507 24
387508 387509 24
387510 147835 9
387511 151716 24
387512 387513 24
387517 387518 24
387519 1386 2
387519 114296 12
387521 1386 2
387522 10360 24
387523 387524 24
387525 387526 24
387527 387528 24
387532 6889 24
387533 220 24
387535 4801 12
387536 46640 24
387537 18773 12
387539 33725 8
387541 3130 24
387543 210739 24
387544 6897 22
387544 92894 12
387545 198076 24
387547 72712 12
387551 456 24
387554 16196 24
387555 832 12
387556 387557 24
162743 162726 14
387573 2486 24
387574 182758 24
387576 5151 24
387577 144056 24
387578 38951 24
387579 2309 2
387580 130483 8
387586 387587 24
387590 2011 14
387590 2745 14
387591 20886 24
387594 13176 24
387601 5457 24
387609 68477 24
387612 73 2
387613 131260 24
387614 1390 24
387615 12247 12
387615 655 2
387616 64593 24
387617 35222 24
387618 46834 24
387619 70671 24
387621 44401 8
387622 3843 24
387623 5509 24
387624 7363 22
387625 3843 24
387626 50135 24
387627 184598 24
387628 2687 14
387628 254238 14
387628 387629 14
387631 3843 24
387632 3843 24
387633 21552 24
387634 6481 14
387634 1297 9
387634 2517 14
387635 37638 24
387637 3843 24
387638 3843 24
387639 364 24
387640 2486 24
387641 42147 24
387642 134036 24
387643 1125 24
387644 38720 24
387645 47647 24
387646 68351 24
387647 73947 24
387648 68499 24
387650 144056 24
387651 41024 2
387651 58755 12
387652 4985 12
387653 387654 24
387655 285 24
387655 387656 24
387658 113008 24
387659 31893 24
387660 3843 24
387661 73947 24
387663 134036 24
387664 25443 24
387665 2700 24
387668 42147 24
387669 58697 24
387673 52034 8
387675 182791 24
387677 57507 24
387678 387679 12
387680 34862 2
387680 284 22
5118 4167 24
387681 86751 12
387682 9048 24
387683 7158 24
387688 2514 24
387689 31661 2
387692 1634 2
387692 387693 24
387694 26495 24
387697 166371 24
387698 183652 24
387699 387700 24
387701 387702 24
387704 62599 12
387704 63538 14
387710 8163 12
387712 387713 24
387714 16479 24
387718 387719 24
387720 387721 24
387722 361 14
387722 26494 14
387722 26495 14
387723 2732 24
387724 104202 24
387726 46640 24
387727 370733 12
387728 362654 24
387729 163209 24
387730 198068 24
387732 73947 24
387737 16493 24
387738 148723 24
387739 387740 24
387742 438 24
387743 73947 24
387744 2519 24
387745 73947 24
387746 73772 12
387747 1792 24
387748 1313 22
387749 33407 24
387750 1313 24
387753 122133 24
387754 156423 24
387756 33407 24
387757 1760 2
387757 93300 12
387758 156423 24
387761 387762 24
387763 2592 24
387764 73947 24
387765 38316 24
387770 84492 12
387771 35222 24
387774 378465 24
387778 387779 24
387782 274965 24
387787 1065 24
387789 139310 24
387793 285 22
387796 5317 2
387796 314019 12
387801 37992 24
387805 11874 24
387806 66175 2
387807 52947 24
387808 4383 22
387809 98395 24
387810 655 24
387811 55340 12
387812 58830 12
387813 3431 8
387815 387816 24
387818 387819 24
387820 54043 12
387823 387825 24
387827 67162 12
387829 819 24
387830 1261 2
387831 655 12
387833 13500 12
387834 5316 24
387835 5316 24
387836 73947 24
387838 73947 24
387839 30834 11
387841 68469 24
387842 3129 12
387843 3831 24
387843 67912 2
387844 470 24
387845 37073 12
387846 37073 12
387847 16873 22
387847 15650 2
387847 46607 12
387849 2700 24
387850 73947 24
387852 1370 12
387852 34856 9
387853 2700 24
387854 163022 24
387855 2383 24
387856 73947 24
387857 24722 24
387858 470 12
387860 56005 12
387861 1196 2
387862 2017 8
387864 37073 12
387865 37073 12
387866 64237 24
387867 5256 8
387867 7114 8
387867 3068 8
387867 5259 8
387868 18786 24
387869 6994 24
387870 41031 24
387871 3431 8
387885 35483 24
387887 4060 8
387892 26094 12
387893 66475 12
387893 91254 9
387894 273706 24
387897 31893 24
387898 31893 24
387899 29850 24
387912 387913 9
387914 174894 24
387915 31893 24
387921 1634 2
387922 31893 24
387924 1634 24
387925 31893 24
387926 31893 24
387927 439 22
387927 387928 12
387931 387932 24
387933 31893 24
387934 31893 24
387935 31893 24
387936 38433 9
387937 31893 24
387939 78644 12
387939 387940 8
387941 80275 24
387942 387943 12
387944 75445 24
387945 50733 24
387945 257730 24
387946 387947 24
387949 439 14
387949 30923 12
387949 30923 14
387950 37625 12
387951 25964 2
387954 163149 12
387955 129467 24
387961 4389 24
387962 832 2
387963 3845 12
387964 166 9
387964 193 12
387965 333027 24
387966 46706 9
387967 26968 8
387968 2303 24
387969 156856 24
387970 12671 24
387971 156856 24
387972 40522 24
387976 38951 12
387979 24722 24
387980 6335 24
387981 2481 12
387990 36375 24
387991 32150 24
387993 36905 12
387994 41503 24
387995 57386 12
387996 439 24
387997 2519 24
387998 73 12
387999 30203 12
387999 61846 2
388000 43578 24
388001 156856 24
388002 43578 24
388003 156856 24
388004 655 24
388006 361 24
388007 4389 24
388008 4772 24
388012 5112 12
388012 132549 9
388014 1015 24
388015 278 22
388017 458 22
388022 1292 24
388026 388027 24
388032 193148 9
388033 339879 24
388034 1196 2
388034 2206 24
388036 30611 24
388037 112543 24
388038 8540 24
388039 388040 24
388046 388047 24
388050 73947 24
388051 832 12
388051 458 22
388052 73947 24
388053 20663 24
18862 29287 12
388054 119316 24
388055 832 12
388056 324830 12
388057 3992 24
388058 136138 14
388059 388060 24
388061 141192 12
388061 139723 25
388061 108091 8
388061 162958 8
388061 30147 9
388061 388062 11
388064 57791 24
388065 21570 24
388066 5457 24
388067 15305 8
388068 18275 24
388071 15305 8
388072 5173 8
388073 10701 2
388073 16562 8
388073 16563 8
388073 16564 8
388073 20730 8
388073 85607 8
388074 7953 12
388082 388083 24
388084 110520 24
388086 52206 24
388087 26494 24
388088 15862 24
388089 299162 24
388090 108464 24
388091 26094 12
388093 5112 12
388096 58866 24
388106 39184 24
388107 46640 12
388108 31893 24
388109 33301 12
388110 187417 24
388111 31893 24
388112 31893 24
388113 12404 12
388114 100894 12
388117 156856 24
388118 156856 24
388119 156856 24
388120 832 24
388121 251354 24
388122 261198 24
388127 1114 9
388128 20611 24
388133 2519 24
388134 24630 22
388138 388139 24
388142 16604 24
363595 57330 24
388143 31987 24
388144 91915 8
388145 40103 12
388146 35222 24
388147 299162 24
388149 357919 24
187348 832 12
388152 10634 24
388153 67736 12
388153 6335 2
388154 832 2
388163 299162 24
388164 123362 12
388165 136945 24
388166 388167 24
388168 388169 24
388170 13350 2
388171 91226 12
388172 16572 27
388172 15360 9
388181 26968 8
388182 5508 12
388182 17335 2
388187 46820 8
388188 458 22
388189 14213 24
388192 141013 24
388193 388194 24
388195 2627 9
388195 2627 25
388195 388196 8
388195 388197 11
388195 1261 14
388198 193 24
388199 173379 12
388199 4440 14
388200 12849 9
388201 2795 22
388202 282 24
388203 452 14
388205 2750 24
388206 108466 12
388207 1125 2
388207 8781 8
388208 388209 24
388210 19053 24
388211 264235 24
388214 158581 24
388215 44401 8
388217 388218 19
388219 75445 24
388220 11260 12
388221 532 24
388223 168258 12
388224 8164 2
388224 27104 8
388224 6484 8
388225 3843 24
388226 19051 2
388226 98644 12
388227 388228 24
388229 161657 12
388235 2514 2
388236 43841 24
388239 388240 24
388241 388242 24
388243 40103 24
388244 73947 24
388245 73947 24
388246 6994 12
388246 220 2
388253 246763 24
388254 73947 24
388255 73947 24
388256 93758 24
388257 7653 24
388259 3272 2
388263 149674 24
388265 92082 24
388266 819 24
388267 146746 24
388273 122769 12
388280 113008 24
388282 388283 24
388284 163957 24
388285 3001 2
388285 203797 24
388288 113008 24
388289 155069 24
388290 19113 24
388291 5484 12
388295 24630 22
388297 19544 24
388298 8929 24
388299 388300 24
388307 31893 24
388309 5258 8
388309 26968 8
388310 175359 24
388311 299162 24
388314 31893 24
388315 41652 24
388316 193618 12
200147 183532 24
388317 261820 12
388317 388319 8
388321 2309 12
388322 13176 24
388328 145393 24
388331 819 24
388332 197382 24
388333 134535 24
371321 333232 24
388335 16509 12
388336 388337 24
388338 212053 24
388339 96271 12
388340 31893 24
388341 284437 24
388342 7073 9
388344 31893 24
388345 1098 12
388346 11763 24
388347 292799 24
388348 388349 24
388350 8284 12
388351 31893 24
388352 8775 12
388353 11763 24
82044 1634 2
82044 3032 12
388354 388355 24
388356 31893 24
388357 30611 24
388358 80275 24
388359 80275 24
388360 31893 24
388361 31893 24
116593 1902 2
388362 31893 24
388363 97483 8
388364 1634 2
388365 439 22
388366 365500 24
388367 12647 2
388369 388370 24
388371 439 22
388373 272995 24
388374 72909 24
388375 2221 12
388375 243969 2
388377 264235 24
388378 832 24
388379 8602 14
388379 388382 8
388383 8600 24
388384 193 12
388387 1634 2
388387 55322 12
388388 13176 24
388389 5151 24
388396 122409 12
388399 532 24
388400 145079 12
388402 144610 12
388403 37161 24
388404 285 22
388406 67145 12
388406 15239 2
388406 96105 9
388407 1830 8
388408 122915 12
388409 29959 12
388409 31214 8
388410 2700 24
388411 24630 22
388412 1760 24
388413 388414 24
388415 277888 24
388416 832 12
388417 78660 24
388421 11874 24
388422 108702 11
388423 361 22
388423 40330 2
388429 15249 12
388434 40456 24
388441 35206 24
388442 3001 24
388444 2011 12
388444 2745 22
388445 2745 22
388446 2745 22
295923 4164 24
388456 46614 26
388458 10356 24
388462 2700 24
388464 2686 24
388465 8277 24
388467 11857 9
388468 39474 24
388469 73947 24
388470 18145 22
388471 78451 24
388472 16502 24
388473 18145 22
388474 2486 24
388475 2821 24
388476 43841 24
388477 23259 12
388478 36176 12
388479 79955 24
388481 73947 24
388482 81658 24
388483 81113 8
388485 70738 14
388485 173261 9
388486 13176 24
388487 5554 24
388488 1067 22
388489 114541 12
388490 31589 24
388491 1196 2
388492 25332 24
388493 141302 24
36746 2570 2
388494 18145 22
388495 13272 12
388497 832 12
388504 10634 12
388505 61238 24
388506 44283 12
388507 68296 12
388508 365 22
388508 37748 12
388509 159171 24
388510 373068 24
388511 388512 24
388513 13176 24
388514 33407 12
388514 33407 2
388519 20592 24
388520 95290 24
388525 440 22
388526 61042 12
388532 12405 24
388533 246712 24
388534 136683 24
388535 655 24
388536 11763 24
388537 161318 24
388538 22670 24
388542 161621 24
388543 2774 24
388544 31893 24
388545 57548 24
388546 31893 24
388547 31893 24
388548 274965 24
388549 31893 24
388550 2745 22
388551 5316 24
388552 18773 24
388553 19379 24
388557 178273 24
388558 388559 24
388560 439 22
388561 3987 24
379794 10899 12
379794 10899 2
379794 31042 9
379794 31042 25
388562 2745 22
388563 19498 24
388564 458 22
388566 89777 24
388567 439 22
388568 52372 24
388569 1370 24
388574 162107 24
388575 218303 24
388576 5112 12
388577 161328 24
388578 190900 24
388579 3068 8
388579 5563 8
388579 5260 8
388579 6484 8
388581 59648 12
388581 93795 9
388582 75492 24
388585 3068 8
388585 6129 8
388586 8604 24
388587 95486 24
388588 3803 24
388589 56894 2
388589 7158 24
388591 177456 24
388594 1865 8
388597 23567 24
388599 41024 14
388599 96105 9
388599 77314 12
388600 67013 8
388601 35222 14
388601 74783 14
388602 29050 24
300463 43578 24
388604 1319 24
388605 2344 24
388606 7158 24
281636 193 2
388607 25131 12
388608 16847 12
388609 29223 12
388610 2486 24
388611 154640 24
388612 58115 24
388613 379269 24
388614 388615 24
388616 5509 14
388616 58025 14
388618 379269 24
388619 302041 24
388620 379269 24
388621 29643 2
273720 379269 24
388627 388628 24
388629 69392 12
388641 67042 24
388642 6151 2
388643 25932 12
388643 3845 2
388644 12535 24
388645 388646 24
388647 67044 24
388648 73947 24
388649 67046 24
388651 160828 24
388652 67047 24
388653 78407 24
388656 282 24
388657 105181 24
388658 68477 24
388659 7158 24
388663 16604 24
388664 30925 24
388665 40330 12
388669 29048 24
388670 3130 24
388671 12851 24
388672 54085 24
388673 73947 24
388674 43896 24
388675 6994 12
388676 32951 24
388680 57406 2
388680 12176 12
388681 57592 24
388683 141307 24
388684 36089 2
388684 25498 9
388685 10634 12
388689 136417 9
388690 5256 8
388690 57927 12
388693 10634 12
388694 2700 24
388695 10634 12
388696 2700 24
388697 5303 12
388699 6964 12
388700 1830 8
388701 15305 8
388702 12851 24
388703 458 22
388704 3130 24
388705 58965 24
388706 3272 2
388706 44282 9
388707 207408 24
388708 12851 24
388709 304537 24
388712 41771 24
388713 388714 24
388715 360 22
388716 18786 24
388717 388718 24
388719 379034 24
388720 458 22
388721 18828 12
388723 47507 24
388727 458 22
388728 29850 24
388729 189538 24
388730 29850 24
388731 5121 24
388732 29850 24
388733 29850 24
388740 196060 24
388741 11260 2
388741 159500 24
388742 29850 24
388743 388744 24
388745 228247 24
388751 29850 24
388752 388753 24
388754 11260 12
388754 11042 9
388755 29850 24
388756 11763 24
388757 8519 22
388758 29850 24
388759 146505 8
388759 81113 8
388760 29850 24
388762 7092 2
388762 100949 12
388763 388764 24
388768 11763 24
388769 257625 24
388770 141274 24
388771 8538 24
388772 308435 24
388775 48008 12
388776 1067 24
388777 458 22
388778 123099 24
388779 81 12
388780 388781 24
388782 1389 24
388783 1389 24
388784 32825 8
388785 456 22
388788 1125 12
388790 141986 24
388791 2205 12
388792 26494 24
293385 16530 24
388794 95841 24
388795 6994 14
388796 3987 24
388797 67070 24
388800 30436 11
388802 3993 25
388803 25131 12
388804 2592 24
388805 12580 24
388806 52372 24
81212 21901 14
388811 388812 12
388814 53003 24
388815 21981 14
388815 56680 2
388815 37553 12
388815 112420 9
388816 65909 12
81213 21901 14
388824 2745 22
388824 10351 14
388825 146422 12
388827 1313 24
388828 24630 22
388828 155132 9
388829 458 24
388831 2223 12
388832 73772 2
388833 4985 24
388834 37637 24
388836 8538 14
388836 388837 14
388838 2821 24
388840 1370 2
388840 156043 12
388841 5316 24
388842 5316 24
388844 5316 24
388846 36863 2
388847 7158 24
388849 388850 2
388852 73947 24
388853 50051 24
388854 819 24
388858 388859 24
388860 73947 24
388861 57592 24
388862 52933 24
388863 388864 24
388865 385082 12
45631 168315 12
45631 3032 2
388866 1634 2
388867 819 24
388868 11260 14
388868 39103 12
388869 73947 24
388870 147777 9
388871 3032 12
388872 85533 24
388873 53773 12
388874 73947 24
388875 154301 12
388876 73947 24
388877 38720 24
388878 177880 24
388879 56986 12
388880 4985 12
388881 18786 24
388882 388883 24
388884 13500 12
388886 4454 12
388887 459 24
388889 655 24
388890 187066 12
388891 29643 12
388891 285 22
388892 5256 8
388892 3068 8
388893 3130 24
388896 95031 24
388897 44388 8
388898 36749 12
388899 162988 24
388900 2221 24
388903 819 24
388908 39103 12
388910 112646 12
388912 197927 2
388912 272395 12
388913 272395 12
388913 272395 2
388914 114630 24
388918 2821 12
388919 29850 24
388920 1048 22
388921 2199 24
388923 458 22
388925 177225 27
388927 31893 24
388928 29850 24
388931 1099 24
388932 388933 24
388934 31893 24
388935 31893 24
388936 31893 24
388937 29850 24
388938 240226 24
388939 29850 24
388940 18786 24
388943 29850 24
388944 532 24
388945 388946 24
46589 360 24
46589 25195 24
388947 30028 24
388948 56840 24
388950 3068 8
388950 5563 8
388951 114541 12
388952 388953 24
388954 5256 8
388954 3068 8
388954 5563 8
388955 145768 24
387473 6888 24
388956 11763 24
388957 40331 24
388957 40331 2
388958 142645 12
388960 96271 12
388960 96271 2
388961 11763 24
388962 33407 24
388963 174894 24
388963 97483 8
388966 269021 24
388967 388968 24
388969 373596 24
388970 198076 24
388971 1178 12
388975 388976 24
388978 3886 24
388979 2221 12
388979 11831 9
9321 5560 12
9321 5560 2
9321 388980 11
388981 3068 8
388981 5260 8
388980 5560 2
388980 10674 25
388980 11768 9
388980 388982 12
388980 388983 11
388984 37553 24
388985 57592 24
388987 31987 24
388988 14203 2
388989 43841 24
388990 91195 9
388990 70882 12
388990 78451 14
388991 832 12
388992 43841 24
388993 123365 24
388994 22390 24
388998 6207 9
388998 163295 14
388998 94180 25
388998 388999 11
389013 3129 24
389014 97483 8
389017 157202 9
389018 15650 24
389021 202059 24
389022 28268 2
389028 389029 24
389030 7116 12
389030 283027 8
389030 281836 8
389031 389032 24
389033 16838 24
389034 197927 2
389034 272395 12
389035 54030 24
389036 470 24
389037 1830 8
389040 5151 14
389041 26968 8
389042 52341 12
389043 112543 24
389044 2223 24
389045 24630 24
389046 7477 8
389048 15996 8
389048 112063 2
389049 76130 24
389050 25771 12
389051 108798 9
389056 216231 27
389057 1761 8
389058 1792 12
389059 68901 24
389063 11437 12
389064 1292 24
382259 37637 24
389066 2219 24
389067 224263 24
389068 70350 24
389069 69553 12
389069 69841 14
389070 5314 24
389071 30664 12
389072 5554 24
389073 64603 24
389074 11197 12
389075 19177 24
389077 174894 24
389078 105739 14
389079 53904 24
389079 59675 2
389083 389084 24
389085 124824 8
389086 539 2
389087 193 12
389087 193 2
389087 16577 22
389088 371913 12
389096 39235 24
389099 546 24
389115 36375 24
389116 99275 12
389117 93095 24
389118 389119 24
389120 7362 24
389121 85603 24
389122 655 24
389123 389124 24
389125 832 24
360353 31893 24
389127 31893 24
12438 285 22
389128 31893 24
389129 31893 24
389130 31893 24
389134 31893 24
389135 7492 12
389136 819 14
389136 32907 14
389136 169008 9
389137 457 22
389138 31893 24
389139 31893 24
389140 112543 24
389141 12487 24
389142 31893 24
389143 160714 24
389144 207517 9
389148 832 24
389149 14244 12
389150 12487 14
389150 36542 14
389151 56895 14
389151 389152 9
389153 56902 14
389153 389154 9
389156 14258 9
389157 31893 24
389158 819 14
389158 28507 9
389159 31893 24
389165 31893 24
389166 31893 24
389167 31893 24
389168 31893 24
389169 7454 8
389170 292373 24
389173 27165 9
389174 31893 24
389175 31893 24
389176 31893 24
389177 31893 24
389178 31893 24
389179 31893 24
389182 31893 24
389186 105181 24
389187 13500 24
389188 389189 24
228784 8538 24
389191 195531 9
389192 50067 24
389193 57680 24
389194 1631 12
389194 3032 2
389195 2821 2
389199 320730 24
389200 2821 2
389201 13350 12
389202 4440 24
389203 40080 24
389204 789 2
389204 10345 9
389207 112397 24
389209 213930 24
389210 9039 12
389212 534 24
389215 7975 12
389215 139928 9
389216 8146 2
389217 284 22
389219 69633 2
389220 459 24
389221 389222 24
389232 23928 24
389233 12849 9
389234 13454 12
389234 42578 2
389235 534 24
389237 73947 24
389238 73947 24
389241 3207 22
389242 3207 22
389242 37885 8
389243 41025 24
389244 21762 12
389245 6888 24
389246 5508 24
389247 832 24
91866 13500 24
389250 197382 24
389251 2011 2
389252 458 22
389252 11721 12
389255 303478 12
389255 26968 8
389256 5256 8
389256 3068 8
389256 5258 8
389256 2471 12
389256 26968 8
389257 2519 24
389263 275635 9
389263 114350 25
389268 16502 24
389269 52108 2
389270 78701 24
389271 313639 24
389272 832 14
389274 440 24
389275 29850 24
389276 25932 2
389277 29850 24
389280 6570 9
389281 21762 12
389281 21762 2
389282 29850 24
389283 142683 24
389284 73 12
352292 57596 24
389285 389286 12
389285 72909 2
389287 142683 24
389288 43558 12
389289 389290 24
389291 78644 24
389292 79247 24
389293 15500 8
389294 57565 24
389296 42077 9
389296 385075 8
389298 21430 24
389300 458 22
389301 1814 2
389302 832 12
389305 3803 24
389306 4772 24
389309 1411 2
389309 45641 12
389309 6129 8
389310 389311 24
389314 389315 24
389316 389317 24
389318 15443 12
389319 389320 24
135386 819 14
135386 56877 12
135386 136825 9
389321 389322 24
389323 53254 12
389324 389325 24
389333 372628 12
389333 372628 2
389335 2331 8
389337 37553 24
389339 20387 24
389343 73947 24
389344 5112 12
389344 458 22
389345 389346 24
389347 28507 9
389347 53254 12
389348 655 24
389349 108464 24
389350 46640 24
389351 5120 12
389351 2015 8
389354 8284 24
389362 5509 24
389363 389364 24
389365 7975 2
389366 131629 24
389367 389368 24
389369 3831 12
389369 929 8
389369 102957 9
389370 50838 24
389371 219684 24
389372 1178 12
389376 381295 24
389379 11261 2
389380 12647 24
389381 356 14
389381 357 2
389381 164559 9
389382 39106 24
249767 5316 24
389383 1380 24
389384 5258 8
389384 5259 8
389384 61471 12
389384 5260 8
389384 32825 8
389384 10694 8
389385 12404 12
389385 389386 8
389387 39413 24
318412 70672 24
389389 5457 24
389390 52933 24
389393 55331 24
389394 100894 12
389394 100894 14
389394 389395 14
389394 141426 14
389394 389396 9
389397 140577 24
389398 2627 9
389399 12405 24
389400 5256 8
389400 5258 8
389400 26968 8
389407 43679 24
389408 389409 24
389410 18786 24
389411 225266 24
389412 323918 24
389413 389414 24
389415 389416 24
389417 18786 24
389418 347158 24
389419 234511 24
389420 25532 24
389421 154070 12
389422 389423 24
389428 18786 24
389429 357739 12
389430 22044 24
389433 455 24
389434 85533 24
389435 8600 24
389436 13454 12
389437 42578 2
389438 44585 12
389439 34176 12
389440 6566 8
389441 389442 24
389443 1082 22
389446 1389 24
389447 8600 24
389448 389449 24
389450 308435 24
389451 308435 24
389452 1389 24
389453 789 12
389453 55320 2
389454 75445 24
389454 223152 24
389455 360 24
389456 94646 24
389457 13176 24
389458 1370 2
389458 94054 12
389459 308435 24
389462 308435 24
389467 3207 22
389470 3068 8
389470 5258 8
389470 5259 8
389470 315724 12
389470 5260 8
389470 6484 8
389471 389472 2
389474 13052 2
389474 36219 24
389475 389476 24
389477 3068 8
389477 5260 8
389478 39212 12
389479 67080 24
389483 21430 24
389484 4985 12
389486 93791 24
389487 389488 24
389489 43841 24
389491 59502 12
389497 832 12
389498 31589 24
389499 48660 2
389503 163803 24
389504 22417 24
389505 458 22
389508 55316 24
389509 2016 8
389509 15367 12
389510 30923 24
389511 94949 12
389512 1048 24
389513 298902 24
389516 188916 24
389524 364 14
389524 364 22
389524 13313 25
389524 7073 9
389524 389525 11
389527 1099 24
389528 4164 12
389528 4164 2
389529 7458 12
389529 655 2
389530 100355 24
389531 9902 12
389532 188916 24
389533 389534 25
389535 1196 24
389536 655 24
389545 5256 8
389545 3068 8
389545 5258 8
389545 5259 8
389545 5260 8
389545 10694 8
389552 5508 12
389553 211109 24
389555 96259 2
389555 8781 8
389556 21762 24
389557 389558 24
389559 389560 24
389563 17390 12
389564 1902 2
389565 63556 12
389566 44388 8
389568 1380 12
389569 2745 24
389571 78478 14
389571 389572 9
389574 26498 24
389576 15996 8
389576 15997 8
389577 389578 24
389579 18828 12
389580 4985 12
389582 389583 24
389584 6207 9
389584 66896 12
389585 110792 12
389585 102957 9
389586 73947 24
389587 5509 24
28796 253081 24
389588 14258 9
389589 114450 9
389589 64714 12
389590 3207 22
389591 40900 24
389593 389594 24
389595 65297 24
389596 183816 24
389599 262715 24
389600 15249 24
389601 68991 24
389603 108464 24
389604 221681 24
389605 119642 24
389606 78660 24
389615 4384 12
389616 54028 12
389617 18786 24
389618 78365 24
389628 245184 24
389629 389630 24
389631 308435 24
389634 91064 24
389639 5258 8
389639 26968 8
389639 32825 8
389640 389641 24
389642 94949 2
389648 3323 12
389648 151757 9
389652 389653 24
389656 66696 24
389657 30949 12
389661 20368 24
389662 389663 24
389664 59495 24
389671 26579 24
389672 3129 12
389672 220 2
389673 389674 24
389675 458 22
389676 84648 24
389677 11763 12
389679 270150 24
389680 15500 8
389681 18786 24
389682 61749 24
389683 23928 24
389684 16526 24
389685 1323 12
389686 328800 11
389687 149069 24
389688 4659 24
389691 131641 24
389692 46640 24
389693 3068 8
389693 29255 8
389693 173466 8
389694 108144 8
389697 119393 12
389697 119393 2
389697 105269 9
389699 389700 24
83553 2011 2
389707 68481 24
389708 98674 12
389709 1319 2
389709 108856 12
389709 8781 8
389710 3323 12
389710 54859 9
389711 55315 24
389712 91062 24
389713 3207 22
389713 3845 12
389715 105566 12
389715 1482 8
389717 8781 8
389719 389720 24
389721 131819 24
389722 1830 8
389728 5120 24
389729 4076 24
389732 35382 24
389733 389734 24
389742 389743 24
389744 54413 24
389748 5445 12
389748 91915 8
389751 42151 24
389752 16530 14
389752 389753 14
389754 459 24
389755 56926 12
389756 1675 12
389757 207867 24
389758 161557 9
389759 439 24
389760 13454 24
389761 534 14
389761 534 22
389761 389762 14
389763 534 14
389763 534 22
389763 2205 12
389763 263663 14
389763 34585 9
389764 91915 8
389765 142680 9
389765 69271 2
389766 1067 24
389767 91915 8
389768 389769 24
389770 67124 24
389771 40954 24
389772 2745 22
389773 315399 24
389774 1411 24
389778 1313 22
389779 16771 24
389783 283235 24
389784 389785 8
389787 389788 9
389789 95232 24
389791 15996 8
389791 15997 8
389792 3207 22
218519 361 22
389793 259616 24
389796 34171 12
389797 389798 24
389800 1370 24
389801 655 12
389802 62545 12
389804 66417 12
389805 66590 2
389805 70003 12
389806 5151 24
389806 655 2
389807 36329 12
389808 1792 14
389809 2745 22
389810 64689 24
389811 16502 24
389812 73947 24
389813 8600 24
389814 16530 24
389815 47017 24
389816 361 14
389816 26495 14
389817 819 14
389817 3843 14
389822 6574 24
389824 224934 12
389828 653 12
389829 832 2
389830 1411 24
389833 110117 24
389834 27684 24
389835 1196 2
389836 70726 24
389837 59658 24
389838 66956 24
389839 153533 12
389840 66956 24
389841 66956 24
389844 14203 12
389845 5256 8
389845 3068 8
389845 5258 8
389845 5260 8
389845 10694 8
389845 98133 12
389846 173379 12
389847 11197 12
389848 8605 12
389849 67115 24
389850 1370 12
389856 145075 12
389857 67124 24
389858 112740 24
389859 82650 12
389860 43841 24
389861 67117 24
389862 5259 8
389863 67121 24
389865 299813 24
389866 67124 24
389877 533 14
389877 534 14
389877 40405 12
389878 19293 24
389879 95232 24
389880 67233 24
389881 18786 24
389882 20387 12
389913 18786 24
389914 18786 24
389915 1067 22
389915 389916 24
389918 24630 22
389920 18117 2
389920 539 24
389921 1792 2
389921 789 12
389922 128510 12
389923 193049 24
389924 174861 24
389928 1384 24
389929 18786 24
389930 280 24
389931 300382 24
389932 206192 24
389933 389934 24
389935 1760 12
389935 374277 2
389937 25131 12
389941 52372 12
389942 11305 24
389943 832 24
389948 1411 12
389950 57548 24
389951 91915 8
389952 32951 12
389953 1178 2
389966 59800 24
389967 43841 24
389967 43842 24
389968 2309 12
389968 92647 8
389969 207867 24
389970 2037 24
389973 207867 24
389974 43841 24
389976 75488 24
389977 43841 24
389978 43841 24
389979 534 14
389979 23567 14
389982 73 12
389982 98133 2
389984 389985 8
389988 91915 8
389989 52034 8
389989 256 8
389990 389991 24
389992 1830 8
389995 22390 12
389996 3845 2
389997 50067 24
323915 655 2
389998 69161 24
389999 458 22
389999 50567 12
390000 819 24
390002 16526 24
390003 207518 27
390006 11857 9
390013 40103 24
390014 106908 12
390015 36393 24
390016 78364 24
390017 67130 24
390018 67128 24
390019 45987 24
390020 5256 8
390020 5258 8
390020 37477 12
390020 26968 8
390020 5260 8
390022 206192 24
390023 2519 24
390024 67136 24
390030 65911 12
390031 344760 24
390032 8617 24
390035 67134 24
390036 390037 24
390038 4169 12
390039 36335 24
390041 47017 24
390042 198273 8
390043 1634 14
390043 46819 12
187487 78573 24
390048 6982 12
390050 13640 12
390051 8587 24
390054 20592 24
390055 390056 24
390057 31924 8
390058 832 12
390059 1411 24
390061 16509 24
390063 4457 24
390069 220 12
390071 1067 24
390072 13640 24
390073 7332 24
390074 82650 24
390075 73947 24
390077 2821 12
390078 62218 24
390079 7638 24
390080 89411 24
300750 24722 24
390081 20422 24
390082 390083 24
390084 91915 8
390085 29795 12
390086 30850 24
390087 135973 24
390088 8146 24
390089 108250 24
390090 56785 24
390091 832 14
390092 30850 24
390093 80582 24
390094 35222 24
390095 207106 24
390097 28487 24
390098 58868 12
390099 58870 24
390100 31498 24
390101 75445 24
390102 78380 2
390105 832 14
390106 30925 24
390107 11949 24
390110 65095 24
390111 18157 24
390112 390113 24
390116 390113 24
390117 390118 24
390119 101096 24
390120 4167 24
390121 390122 24
390123 11197 12
390124 24721 12
390125 36570 24
390126 81 12
390127 81 12
390128 125153 24
390129 210811 24
390130 109318 24
390131 11261 2
390131 3069 8
390132 11260 2
390133 390134 24
390135 49477 24
390136 214358 24
390137 49477 24
390138 59017 24
390139 69271 12
390140 52546 24
390141 59026 24
390142 31924 8
390143 390144 24
390145 285 22
390146 822 9
390147 54370 24
390147 90193 2
390148 222307 24
1342 193 12
390149 27132 12
390151 114403 14
390151 67969 12
390151 532 14
390155 19181 24
390156 322670 24
390157 5120 12
390158 2059 24
390160 20660 24
390161 439 22
390161 3032 2
390161 390162 12
390163 2052 24
390164 271991 25
390164 2447 9
390165 3032 12
390165 31924 8
390166 532 14
390167 20660 24
390168 10809 12
390168 2016 8
390171 166761 24
390173 534 22
390173 37436 12
390173 34585 9
390173 390174 27
390175 54043 12
390175 34585 9
390176 103708 24
390177 8735 24
390178 14244 12
390184 68481 24
390185 198076 24
390186 534 14
390186 534 22
390186 61828 14
390189 53001 9
390190 31192 24
390191 57488 12
390192 73947 24
390193 2745 24
390194 43841 24
390197 1082 24
390198 3843 24
390199 344760 24
39344 3843 24
390200 231066 24
390201 344760 24
390202 15367 2
390203 51775 9
390203 159916 27
390205 2771 24
390206 101145 24
390207 73 24
390208 38316 24
390209 36004 24
390211 154653 12
218893 6852 2
218893 31661 12
390212 1902 24
390213 2771 24
390214 5120 12
390214 70357 14
390215 344760 24
390216 4389 24
390217 17421 12
390217 534 14
390219 23585 11
390219 102753 25
390219 31939 8
390226 2771 24
334818 1125 2
390227 275548 12
390242 655 24
390246 390247 24
390249 1297 9
390250 314017 24
390257 1068 24
390258 11260 12
390259 24833 24
390260 13454 12
390263 8737 9
390264 819 24
390265 64612 24
390266 349070 24
390267 31777 24
390269 30923 24
390272 96269 12
390273 81 2
390273 137407 12
390275 2017 8
390276 11985 24
390277 819 24
390278 1313 14
390278 8284 14
390278 284 14
390278 390279 14
93305 5509 24
390280 207878 24
390283 19547 12
390283 91915 8
390284 4167 24
390285 73947 24
390286 26495 24
390287 280 24
390288 70050 24
390289 47017 24
390290 440 24
390291 142843 14
390292 106884 9
390292 62504 14
390292 27155 12
390293 655 12
390295 55638 12
390298 108213 24
390299 390300 24
230120 24722 24
390303 4457 12
390304 20886 24
390306 1370 24
390313 57471 24
390316 91214 12
390321 26495 24
390322 46711 12
390323 36393 24
390327 3001 24
390329 18773 12
390330 29050 12
390332 16502 14
390333 29050 12
390335 376308 24
390337 19051 12
390337 19051 2
390338 125304 24
390339 203748 24
390340 151893 24
390341 92100 24
390342 390343 24
390344 228810 24
390345 196060 24
390348 250368 24
390349 534 24
390350 36393 24
390352 534 24
390353 106212 12
390354 93803 24
390355 539 14
390355 532 14
390356 457 22
390357 166312 24
390358 832 24
390359 832 12
390361 59675 12
390362 11971 12
390362 11971 14
390362 532 14
390363 24630 24
390364 71671 12
390366 202059 24
390367 33724 8
390367 118464 8
390368 19051 2
390372 21681 24
390374 532 24
390377 390378 24
390381 1125 2
390381 142265 12
390382 25932 12
390383 390384 24
390386 2745 22
390387 13454 12
390388 22390 12
390388 73 2
390388 3072 8
390389 390390 12
390391 5316 24
390392 5316 24
390393 40299 12
390393 353324 9
390394 390395 24
390397 5256 8
390397 5562 8
390397 3068 8
390397 5563 8
390397 155911 8
390397 41790 8
390397 3072 8
390398 67136 24
390399 832 12
390399 832 2
390400 37073 24
390401 390402 24
390403 2059 24
390404 390405 24
390406 329463 24
390407 390408 24
390409 57548 24
390410 67138 24
390411 67141 24
390412 67145 24
390413 67139 24
390414 390415 12
390416 390417 24
390418 5316 24
390419 17267 24
390420 5316 24
390421 56853 24
390422 68011 2
390423 141274 24
390424 250311 24
390425 172533 8
390433 1815 24
390436 5316 24
390437 27571 2
390438 108464 24
390439 40508 24
390440 40508 24
390441 73947 24
390442 120518 2
390443 227160 24
390444 390445 24
390455 390456 24
390457 20886 24
390458 14389 12
390458 55660 2
390458 26968 8
390459 357919 24
390460 534 24
390462 32343 24
390463 73947 24
390464 54413 12
390465 1865 8
390470 31777 24
390471 238699 24
390477 655 12
390484 51441 24
390485 390486 2
1642 21681 12
390489 56985 12
390490 2017 8
390491 73 2
390491 655 12
78772 655 2
390492 3130 24
390493 3012 24
390495 458 22
390498 2011 12
390498 2011 2
390498 2771 22
390500 285 22
390500 6129 8
390504 192175 8
390505 390506 24
390507 2771 22
390507 4758 2
390508 13164 24
390509 15357 12
390510 183176 24
390511 70817 24
390512 390513 24
390517 390518 24
390521 390522 24
390523 357 12
390524 5120 12
390524 44401 8
390526 3431 8
390527 25925 24
390528 31893 24
390529 25925 24
390530 25925 24
390530 288651 24
390531 25925 24
390532 10360 12
390533 4278 14
390533 43219 14
390533 245382 14
390564 16320 24
390565 37424 24
390566 2486 24
390567 58249 24
390568 1617 8
390569 22948 24
390572 66327 12
390573 13454 24
390574 91742 24
390579 1911 12
390580 11540 9
390581 188806 24
390582 4164 12
390585 45512 12
390586 50465 24
390587 20371 22
390588 73 12
390589 18815 2
390589 15996 8
390589 74929 12
390590 120892 24
390591 58249 24
390592 66903 24
390594 13500 12
390596 390118 24
390597 222559 12
390598 15996 8
390598 15997 8
390599 2807 24
390606 382593 24
390607 73 2
390608 382593 24
390609 58249 24
390610 12698 24
390610 97483 8
390611 117362 24
390614 364 24
390615 3130 24
390616 2205 2
390617 390618 24
390621 25523 12
390622 1411 2
390622 390623 12
390624 169709 24
390625 168327 24
390626 4733 24
390629 3803 12
390630 163330 12
390631 1757 2
390631 390632 27
390633 1380 24
390634 3123 24
390637 36393 24
390638 138100 12
390639 356 24
390640 374714 24
390642 390643 24
390646 201316 24
390647 40522 12
390650 125876 24
390651 73947 24
390652 13454 24
390658 1792 2
390658 360 22
390658 6207 25
390658 2014 9
390659 832 2
390659 458 22
390659 3803 12
390660 7363 22
390661 62426 14
390663 13454 12
390666 21203 24
390667 5151 24
390670 68521 12
212740 162726 14
390675 167595 24
390676 2063 24
390679 5151 24
390692 213489 24
390693 18828 12
390693 458 22
138057 3251 9
138057 68532 14
390699 56118 14
390699 390701 27
390708 174064 24
390709 390710 24
390715 3993 9
390716 5164 9
390717 390718 24
390725 3068 8
390725 5258 8
390725 17335 2
390725 54574 12
390725 32825 8
390725 10694 8
390725 3072 8
390726 1792 2
390726 10899 12
390727 52200 24
390728 2515 26
390728 54243 9
390729 231760 24
390730 390731 24
390732 350550 24
390734 390735 24
390736 95780 24
390737 390738 24
390740 213956 24
390741 91062 24
390742 131993 24
390743 5256 8
390743 41788 8
390743 109068 8
390743 352532 8
390743 259222 8
390743 41790 8
390745 24821 9
390745 390747 25
390748 91057 24
390749 91057 24
390751 58249 24
390752 368843 24
390753 2059 24
390754 52372 12
390754 12849 9
390755 10634 24
390756 75445 24
390757 390758 12
390759 19181 24
390760 58249 24
390761 390762 9
390763 43553 24
390764 68237 24
390765 379269 24
390766 106110 24
390770 58249 24
390773 304992 11
390775 374083 24
390776 161831 9
390776 37885 8
390777 275734 24
390778 91057 24
390779 390780 24
390781 114521 24
390785 8237 12
390786 374083 24
390787 43553 24
390790 5316 24
390791 374083 24
210724 5316 24
390792 221514 12
390795 33407 24
390796 4167 2
390797 390798 24
390799 2700 24
11613 81 2
390802 387328 24
390803 368843 24
390807 39632 12
390808 357 12
390809 8593 24
390810 3123 24
390811 2700 24
390812 390813 24
390814 655 2
390815 390816 24
390817 390818 24
390820 390821 24
390822 390823 24
390824 4389 24
390825 390826 24
390827 390828 24
390829 390830 24
390834 13176 24
390837 1634 2
390837 235986 12
390839 2700 24
390840 4392 24
390843 55171 24
390845 4392 24
390846 2700 24
390850 1370 12
390859 4392 24
390860 62221 12
390861 390862 24
390863 4392 24
390871 50465 12
390873 20590 24
390874 2700 24
390875 390876 24
390877 390878 24
390879 390880 24
390881 390882 24
390883 390884 24
390885 390886 24
390887 390888 24
390889 52341 12
390890 390891 24
390892 390893 24
9344 13454 12
390895 21762 12
390896 73947 24
390897 390898 24
390900 3992 2
390900 8737 9
390905 73947 24
390906 12487 14
390906 174635 12
390906 210390 14
390907 459 24
390908 67752 24
390909 67464 24
390910 177890 12
390913 123360 24
390914 67779 24
390915 10351 24
390916 106908 12
390917 46711 2
390918 41298 24
390919 8781 8
390921 67670 24
390922 56800 12
390923 54574 24
390924 67745 24
390925 188708 24
390926 5508 12
390929 150959 24
390930 8929 26
390931 67458 24
390932 2700 24
390933 97653 24
390934 173379 12
390935 241702 24
390936 390937 24
390938 23578 9
390939 123401 24
390940 2993 24
390942 141281 24
390943 4727 24
390944 2700 24
390945 42985 12
390946 62118 12
390947 75860 24
390953 118446 24
390954 1792 12
390955 58127 24
390956 328254 24
390957 234532 12
390958 174894 24
390959 455 24
390960 11004 12
390960 11004 2
390961 22437 24
390962 5316 24
390964 390965 24
390967 11260 24
390968 46417 24
185333 49407 24
390970 16803 12
390971 6889 24
390972 20319 12
390973 390974 24
390976 16606 24
390977 68481 24
390978 390979 24
390980 48678 24
390981 9902 2
390983 655 2
390984 75445 24
390987 174894 24
390988 46640 12
390993 390994 12
390996 69198 12
390997 2037 24
390998 19002 24
390999 9100 24
391000 2481 12
391002 2519 22
391003 5316 24
391004 391005 24
391007 5316 24
391008 5316 24
391009 3123 24
391010 3123 24
391011 5316 24
391012 43841 24
391014 108213 24
391015 43841 24
391017 391018 24
254991 361 22
254991 16197 2
254991 391019 12
391021 231833 24
391032 8934 12
391032 156919 14
391033 140119 24
391034 43841 24
391035 391036 24
9345 13454 12
391039 141196 2
391043 74629 8
391048 2221 14
391048 7363 14
391049 57686 2
391049 2074 8
391056 280 24
391057 69633 12
391059 39321 24
391060 378465 24
391062 91811 24
391062 321758 8
391063 62085 24
391071 1830 8
391072 98838 12
391073 9357 8
391074 2309 12
391078 25443 12
391079 275734 24
391080 50733 24
391080 257730 24
391081 2309 12
391083 4392 24
391084 2016 8
391086 11260 2
391088 391089 24
391090 11857 9
391091 16196 24
391092 67417 24
391093 73947 24
391095 67736 24
220608 24639 14
391096 67372 24
391097 67861 24
391099 31589 24
391102 112646 24
391102 9357 8
391103 38970 24
391104 3130 24
391105 78398 12
391123 20886 24
391124 2037 24
391126 2037 24
391127 66434 24
391128 2037 24
391129 3130 24
391130 26968 8
391131 28166 24
391132 65317 24
391135 65460 24
391136 65322 24
391137 78589 24
391138 5484 12
391139 655 24
391140 2744 24
391141 8929 24
391155 2700 24
391156 200113 12
391157 202066 12
391159 7973 14
391159 333775 14
391160 92660 12
391161 439 14
391161 439 22
391162 84835 12
391163 57274 12
391164 29850 24
391165 3129 12
391174 26968 8
391175 19293 24
391176 31883 11
391176 54863 8
391176 156475 8
391176 234053 25
391176 162958 8
391176 354761 8
391176 354762 8
391177 391178 24
391192 253550 24
391193 149922 12
391194 391195 11
391196 29850 24
391197 22586 24
391198 216539 24
391199 123030 24
391200 16479 12
391201 89781 24
391204 41031 24
391205 41031 24
391206 41031 24
391207 33894 24
391208 41031 24
391209 41031 24
391210 137810 24
391211 137810 24
391212 391213 24
391214 137810 24
391215 391216 12
391217 50733 24
391217 257730 24
391218 50733 24
391218 257730 24
391219 137810 24
391220 92892 24
391221 111779 12
391222 50733 24
391222 257730 24
391223 26494 24
391224 50733 24
391224 257730 24
391225 50733 24
391226 108464 24
391228 50733 24
391228 257730 24
391229 50733 24
391230 50733 24
391230 53307 24
391231 50733 24
391232 18786 24
391236 83274 24
391237 18786 24
391238 2059 24
391240 50733 24
391240 53307 24
391241 89778 24
391242 50733 24
391242 53307 24
391243 391244 24
391245 50733 24
391245 53307 24
391246 50733 24
391247 12404 24
391248 391249 24
391251 69767 24
391253 22390 24
391254 1384 24
391255 391256 24
391257 2519 22
391257 16479 12
391260 5316 24
391261 68481 24
391262 299162 24
391263 31589 24
391264 184748 12
391265 391266 24
391267 31589 24
391268 1067 24
391269 34862 12
391272 5316 24
391273 154640 24
391274 37625 12
391277 269274 24
391278 2771 22
391278 4758 2
391278 105193 24
391279 37637 24
391279 391280 24
391281 439 22
391281 371913 12
205564 2515 26
391282 5316 24
391285 5316 24
391286 22224 27
391286 309723 12
391287 2700 24
391288 3992 24
391289 5316 24
391290 5316 24
391291 62381 24
391292 69363 24
391293 25467 8
391295 56997 24
391297 25443 24
391301 81 24
391303 84835 12
391305 9366 12
391306 23562 24
391307 24721 12
391308 3845 12
391309 3845 12
391310 80582 12
391311 458 22
391312 378954 12
391313 185833 12
391315 361 24
391316 1634 2
391317 75445 24
391318 138062 12
391319 50216 24
391320 13454 24
391321 56084 24
391324 28487 24
391325 73947 24
391326 7158 14
391326 2447 25
391326 391327 8
391326 1297 9
391331 303478 12
391336 255119 24
391338 129010 24
391339 126185 2
391339 391340 12
391342 9048 26
391343 108464 24
391344 9225 8
391344 1772 8
391344 2321 8
391345 73 12
391346 2744 24
391348 340181 24
391349 24722 24
391350 164357 12
391351 5508 24
391353 340184 24
391354 4389 24
391355 391356 24
391357 391358 24
391359 3272 14
391359 12487 14
391359 2309 12
391359 90387 9
391361 391358 24
391362 819 24
391363 60594 24
391367 140119 24
391368 11042 9
16859 285 22
16859 171741 25
391370 357 12
391371 19181 24
391372 5258 8
391372 62032 12
391372 26968 8
374032 5509 14
374032 391374 14
391375 24630 22
391376 24630 22
391377 19379 24
391378 1830 8
391381 25131 24
391382 391383 14
391384 391385 24
391386 2746 22
391387 19051 2
391390 391391 24
391392 391393 24
391396 42500 24
391398 458 22
391400 4278 22
391400 180988 12
391401 46711 12
391402 108488 12
391403 391404 12
391405 1830 8
391406 112417 12
391407 391408 12
391409 539 2
391411 1326 12
391412 1326 12
391413 20441 24
391415 832 24
144298 20886 24
391419 458 22
391422 4278 24
391423 4278 24
391424 4278 24
391425 3987 24
391426 391358 24
391427 391358 24
391428 344760 24
391429 1384 24
391430 41640 2
391430 46290 24
391431 362 24
391434 75445 24
391435 655 2
391436 195319 24
391438 391439 24
391440 52115 24
391441 48660 24
391443 37637 24
391449 385529 24
391450 1634 2
391451 56853 24
391452 91195 9
391452 83514 25
391453 360 22
391453 789 12
391455 391456 24
391459 37161 24
391460 59800 24
391461 52063 12
391465 438 24
391466 68534 24
391467 391468 24
391471 4392 24
391472 391473 24
391474 4392 24
391475 391476 24
391477 534 24
391481 334 11
391482 42573 24
391487 391488 24
391490 391491 24
391492 61361 24
391493 200030 24
391494 28507 25
391494 6995 9
391495 340032 24
391496 41023 24
391497 832 12
391498 75413 24
391499 299113 24
391500 104931 24
391501 53191 24
391502 9100 24
391502 534 22
391503 78399 24
391504 50067 24
391506 2016 8
391506 2074 8
391507 52372 12
391509 68499 2
391510 285 24
391514 391515 24
391516 50067 24
391521 391522 24
391523 391524 24
391525 30925 24
391526 391527 24
391530 69354 12
391531 458 22
391536 438 24
391543 5258 8
391543 2309 12
391543 26968 8
391547 391548 24
391549 4732 14
391549 4733 14
391550 1196 24
391551 78380 24
391552 458 14
391553 19479 8
391553 77856 8
391555 67284 24
391557 73947 24
391557 263864 24
391558 89779 24
391559 14389 24
391560 438 24
391561 14203 24
391562 46640 24
391565 108144 8
391566 19051 2
391566 213036 12
391567 11260 12
391569 43578 24
391570 84231 2
391570 84231 14
391570 1297 9
391571 2206 12
391572 2471 12
391573 78398 2
391574 5508 12
391574 5508 2
391575 144802 12
391576 56005 24
391578 360 22
391578 346203 25
391578 97044 12
391578 118134 9
391578 391579 8
391580 11260 24
391581 1389 2
391582 20886 24
391583 140119 24
391584 391585 24
391586 391587 24
391588 118464 8
391592 391593 24
391594 391595 24
391596 1389 2
391597 119762 8
391598 3831 12
391600 50067 24
391601 47136 24
391602 54477 24
391603 54477 24
391605 37852 24
391606 108464 24
260260 8539 24
391607 162179 24
391608 50733 24
391608 50734 24
391609 50733 24
391609 50734 24
391610 160638 8
391611 219922 2
391612 1344 24
391613 18773 12
391616 52119 12
391616 108982 9
391617 248739 24
391618 30736 24
391622 154019 8
391623 9039 24
391624 16502 24
391630 104662 24
391631 2221 24
391632 103708 24
391633 391634 24
391637 1389 2
391637 99393 8
391641 50733 24
391642 50733 24
391643 5314 24
391645 4164 12
391645 458 22
391646 8539 22
391646 46132 12
391648 50733 24
391649 3123 24
391650 67296 24
391651 67299 24
391657 1389 2
391658 2821 12
391659 5464 24
391660 391661 24
391662 139971 24
391664 5464 24
391665 78663 14
391665 29781 8
391666 229956 24
391668 52534 24
391669 307394 24
391670 105810 11
391671 391672 24
391673 5508 24
391674 1313 22
391675 819 24
391679 22562 24
391680 391681 24
391682 0 24
391683 391684 24
391685 36863 2
391685 58965 12
391686 391687 24
391688 113394 12
391689 391690 24
391693 386338 24
391694 391695 24
391696 297767 12
45625 40958 2
391700 7956 24
391701 114817 24
391702 391703 24
391704 391703 24
391705 18147 24
391706 219904 24
391708 2016 8
391710 46246 12
391710 163121 8
391710 223300 8
391711 21476 24
391712 59800 24
391713 78644 12
391714 5508 24
391716 178345 24
391717 256414 24
391718 1911 2
391719 386225 24
391720 391721 24
391722 391687 24
391723 56986 24
391724 386340 24
391727 391728 24
391729 42498 12
391730 57548 24
391731 37638 24
391731 94797 24
391734 73054 24
391735 48660 12
391736 59947 12
391736 44585 2
391745 41034 8
391745 375369 12
391746 194439 24
391747 24722 24
391748 25964 24
391752 47507 24
391753 110245 12
391754 5508 12
391754 8892 14
391756 2471 2
391757 391758 14
391760 5508 24
391761 438 24
391762 391763 24
391764 391765 24
391777 2471 24
391780 73 2
391780 60863 12
391780 145992 9
391781 285 22
391781 36033 12
391782 2821 24
391783 64625 24
391784 275694 8
391785 159488 24
391786 162666 24
391790 832 12
391791 33724 8
391791 160638 8
391792 1297 9
219254 33921 2
219254 200498 12
391793 5256 8
391793 3068 8
391793 264142 12
391793 27104 8
391795 198279 2
391796 44151 24
391799 159171 24
391800 832 12
391800 46706 9
391801 7073 9
391801 2471 12
195263 8019 12
391806 31424 12
391812 1389 2
391813 272630 24
391814 272630 24
391816 272630 24
391817 272630 24
391818 272630 24
391819 272630 24
391820 272630 24
391821 272630 24
391822 272630 24
391823 272630 24
391824 272630 24
391825 272630 24
391826 272630 24
391827 272630 24
391828 272630 24
391829 272630 24
391830 272630 24
391831 272630 24
391832 272630 24
391833 272630 24
391834 272630 24
391835 272630 24
391836 272630 24
391837 272630 24
391838 272630 24
391839 272630 24
391840 272630 24
391841 272630 24
391847 21981 24
391848 18815 12
391848 294836 2
391848 8781 8
391849 26494 24
391851 311381 24
391856 26494 24
391863 391864 24
391865 210719 24
391870 101145 24
391872 8780 8
391872 99520 12
391872 232615 2
391873 52815 24
391874 361 22
391874 19544 24
391874 103707 8
391875 3845 24
391877 2486 24
391879 315399 24
391880 30799 24
391881 16133 24
391882 2821 12
391885 344760 24
391886 13454 12
391887 162666 24
391893 10634 24
391894 4733 24
391897 2370 8
391902 391903 24
391904 655 24
391905 1313 22
391906 208758 24
391907 655 24
391908 197871 24
391911 2686 24
391912 41047 12
391913 458 22
391916 11721 12
391917 5256 8
391917 3068 8
391917 5258 8
391917 13908 12
391917 26968 8
391917 5563 8
391917 41790 8
29923 5314 24
391918 832 24
391925 19886 24
391927 254079 24
391928 2481 12
391929 5121 24
391933 391934 24
391938 110984 14
391939 19293 22
391945 135476 2
391946 22562 12
391951 156443 24
391952 56858 24
391955 391956 12
391957 11949 24
391958 3843 24
391959 391018 24
391960 16873 22
391960 15650 12
391964 391965 24
391970 2700 24
391974 56926 12
391975 391976 24
391977 2700 24
391978 73947 24
391979 103694 24
391982 278 14
391983 17855 24
391985 73947 24
391986 391987 24
391988 4985 24
391989 73947 24
391990 58184 12
391991 11308 12
391993 78451 24
391994 24721 12
391995 6335 12
391996 129304 24
391997 1792 24
391998 107944 24
392006 54574 12
392006 19279 14
392010 1370 12
392011 130182 24
392012 392013 14
392014 19279 12
392015 360 22
392015 5164 9
392015 14405 25
392018 655 12
392022 325196 25
392023 1916 24
392024 1634 12
392025 49978 8
392026 2700 24
392027 19002 12
392031 106908 24
392033 78398 24
392036 65295 24
392037 5151 24
392038 1830 8
392039 2016 8
392040 62555 24
392041 221505 24
392042 243855 24
392044 392045 24
392046 392047 24
392048 97044 12
392048 8781 8
392048 132119 8
392049 392050 24
392051 141552 24
392052 392053 24
307899 6897 22
307899 9039 12
392054 321701 24
392055 41321 24
392056 392057 24
392058 41321 24
392059 11437 14
392060 299162 24
392061 8277 12
392062 75982 2
392063 41321 24
392064 392065 24
392066 311401 24
392067 392068 24
392069 8617 22
392070 41024 24
392072 392073 24
392074 18773 12
392075 156439 24
392076 40052 24
392077 392078 12
392079 392080 12
392083 39106 24
392084 392085 11
392086 92685 24
392087 206192 24
392089 39103 2
392090 392091 24
392093 97483 8
392096 5121 14
392096 12487 14
392096 73 14
392096 15239 12
392096 7158 14
392101 116408 24
392102 237471 24
392103 7492 12
392104 5508 24
392105 302570 24
392109 1196 12
392110 36531 12
392111 68469 12
392112 33854 24
392113 133665 24
392114 1634 24
392115 1830 8
392116 206917 24
392117 6964 12
392119 15996 8
392119 8780 8
392120 5256 8
392120 3068 8
392120 5259 8
392120 22892 2
392120 68573 12
392120 27104 8
392121 164771 24
392123 392124 24
392129 392130 24
392131 26495 24
392132 35222 24
392133 162666 24
392134 62961 12
392134 6129 8
392134 94634 8
392134 392135 8
392136 2795 24
392137 48768 24
392138 18298 24
392142 229680 24
392143 79778 24
392144 459 24
392145 56713 12
392148 362263 24
392149 333732 14
392149 118651 9
392150 250361 24
392151 1323 24
392152 24722 24
336369 3001 24
392157 73947 24
392161 438 24
392162 533 12
392162 2205 2
392163 20316 24
392164 392165 24
392166 4454 24
392167 359 22
392168 360 22
392168 14412 2
392168 392169 24
392170 131195 24
392171 5256 8
392171 3068 8
392172 57135 12
392173 3129 12
392174 655 2
392175 262617 12
392176 392177 24
392178 73947 24
387582 5509 14
387582 5121 14
387582 1675 12
387582 3130 14
392181 282 24
392182 71944 12
392182 26968 8
392184 282 24
392185 122409 12
392186 12857 12
392189 1098 12
392190 65565 24
392195 453 22
392195 10701 12
392201 6994 14
392201 1283 9
392201 125657 27
392204 392205 24
392206 1291 2
392206 360 22
392207 282 24
392208 107759 9
392208 175921 12
392210 9048 24
392213 457 14
392213 13454 14
392214 457 14
392215 392216 24
354186 43558 24
392217 457 14
392218 130483 8
392219 546 12
392219 1390 22
261087 9428 25
261087 115819 11
261087 23587 8
392221 343972 24
392222 353824 11
392223 57874 24
392224 392225 24
392226 57320 24
392227 392228 14
392229 227610 24
392230 227610 24
392233 392234 24
392235 457 14
392236 457 14
392236 13454 14
392237 457 14
392237 13454 14
392238 46201 12
392239 392240 24
392241 26573 12
392242 832 12
392242 832 2
392242 458 22
392247 18786 24
392248 108250 24
217008 11307 12
392257 212438 12
392258 1634 24
392259 5578 24
392260 43553 24
392262 64620 24
392264 11950 24
392266 59362 24
392267 3085 24
392268 126706 12
392269 1313 22
392275 31873 24
392276 458 22
392277 392278 24
392278 392279 24
392280 129603 12
392290 5258 8
392290 70882 2
392290 6129 8
392290 26968 8
392291 182791 12
392292 53191 2
392293 13176 24
392297 1356 24
392298 392299 24
392300 1634 24
392304 2486 24
392305 10356 24
392306 392307 24
392308 212438 12
392309 392310 24
392311 2486 24
392317 2486 24
392317 357782 24
392318 282 24
392319 392320 24
392321 39410 24
392322 392323 24
392324 9336 24
392325 282 24
392326 133816 12
392327 31904 12
392328 392329 24
392330 9336 24
392331 457 22
392332 171486 24
392334 11307 12
392337 68497 12
392340 1411 24
392341 22237 24
392342 5258 8
392342 59574 12
392342 32825 8
392343 58025 12
392343 2017 8
392345 33407 24
392346 361 24
392351 282 24
392353 278 22
392353 138252 12
392354 41025 24
392355 438 24
392357 50465 12
392359 1411 12
392360 392361 24
392365 392366 19
392367 2745 24
392368 30664 24
392370 40854 24
392371 54409 2
392372 5256 8
392372 3068 8
392372 5563 8
392372 108809 8
392373 69120 24
392375 3129 24
392377 452 24
392379 167595 24
392380 4389 22
392380 162536 12
392381 56538 24
392382 361 22
392382 832 2
392383 2745 24
392384 62426 12
392386 47646 12
392386 171829 2
392387 68479 24
176321 193 12
392389 459 24
392390 73947 24
392391 18786 24
392392 233480 24
392393 139711 2
392393 102913 12
392394 41407 12
392395 4169 24
392396 2821 12
392398 392399 24
392406 48008 24
392409 5508 24
392410 36176 24
392411 48008 24
392413 4076 12
392414 48008 24
392415 5508 24
392416 48008 24
392417 392418 24
392419 6889 24
392420 1384 24
392421 19293 24
392422 11857 9
392422 1280 25
392427 1865 8
392429 23259 24
392430 1313 22
392430 8284 12
392431 144056 24
392432 67860 12
392433 5508 2
392434 19181 24
392435 18786 24
392436 31498 24
392437 311401 24
392438 392439 24
392440 5173 8
392440 1830 8
392440 64176 12
392441 5173 8
392441 533 12
392442 137663 24
392444 147637 12
392445 2821 12
392446 2821 12
392364 1634 2
392449 50070 24
392450 392451 24
392453 212831 24
392454 8929 24
392457 10360 2
392457 128671 12
392457 392459 9
392460 41099 24
392461 299162 24
392462 365 24
392463 156638 24
392466 105739 24
392467 5258 8
392467 5259 8
392467 26968 8
392468 202043 24
392469 459 24
392470 156663 24
392471 158590 24
392475 12585 24
392476 133897 12
392477 163814 12
392478 458 22
392478 51107 12
392478 51107 2
392501 19181 24
392502 1125 24
392503 13454 24
392504 359566 24
392505 87970 9
392505 136991 14
392505 7158 14
392507 299162 24
392508 299162 24
392509 299162 24
392510 299162 24
392511 299162 24
392512 299162 24
392513 299162 24
392514 299162 24
392515 299162 24
392516 299162 24
392517 299162 24
392518 299162 24
392519 299162 24
392520 299162 24
392522 19293 24
392523 2519 22
392524 36497 24
392525 85533 24
281729 30923 12
392526 1196 2
392527 57227 24
392528 7332 24
392529 66384 24
392530 19498 24
392531 34950 24
392535 534 22
392535 20611 12
392535 2205 2
392538 7975 12
392539 20581 8
392540 1083 24
392537 2199 24
392541 2199 12
392543 2744 24
392544 50465 12
392547 15185 12
392548 39998 24
392549 280 24
392550 1411 24
392552 42498 24
392563 220 12
392564 392565 24
392566 15185 2
392567 122095 12
392568 31589 24
392570 929 8
392571 546 24
392572 137760 12
392573 2199 24
392574 1178 24
392575 57680 24
392576 42081 24
392577 392578 24
392579 57674 24
392580 57303 24
391058 69633 12
391058 124495 9
392581 57378 24
392582 57717 24
392583 57688 24
392584 4839 24
392585 15414 24
392589 30850 2
392589 26968 8
392591 24827 24
392592 14203 12
392593 1411 24
244764 13454 12
392600 52341 12
392601 392602 24
392603 282 24
392605 2221 12
392606 392607 24
392608 8605 12
392609 8605 12
392610 1911 24
392613 2333 12
392614 3992 2
392615 392616 24
392617 26968 8
392620 25288 24
392621 52372 12
392624 18786 24
392625 1655 24
392626 206192 24
392627 73947 24
392628 832 12
392631 392632 24
392633 110265 24
392634 31987 24
392635 56122 24
392636 216611 24
392637 73 12
392638 59800 24
392639 392640 24
392641 438 24
392642 54859 9
392642 107864 27
392643 29850 24
392644 438 24
392645 5259 8
392645 392646 12
392645 26968 8
392645 125304 2
392647 29850 24
392648 1760 12
392649 29850 24
392650 73 2
392651 16806 14
392651 281150 14
392654 29850 24
255633 3001 24
392655 344715 8
392657 439 22
392657 384403 24
392657 392658 2
392659 16526 12
392662 20844 24
392664 546 12
392664 11826 27
392664 113037 14
392665 2017 8
392666 5508 12
392666 2627 9
392666 28492 25
392666 124967 8
392667 68625 24
392668 25965 12
392669 299162 24
392673 40900 24
392674 74711 12
392675 15788 2
392676 11197 12
392678 1655 24
392679 1814 14
392680 162342 24
392681 1814 14
392682 2514 12
392685 1655 24
392686 11986 24
392687 14529 9
392687 31586 25
392687 392688 11
392689 54859 9
392690 392691 24
392692 90768 24
392693 1655 24
392694 56137 24
392695 1655 24
10322 281 12
392696 3272 24
392699 655 2
392700 1655 24
392702 3845 12
392703 1370 24
392704 1655 24
392705 392706 24
392707 1792 12
392710 454 22
392711 5304 24
392713 34383 24
392715 57696 24
392716 392717 24
392718 438 24
392719 57684 24
392720 392721 24
392722 57735 24
392723 57674 24
392724 97651 24
392725 57567 24
392728 101145 24
392729 57471 24
392730 57656 24
392731 57717 24
392734 3978 8
392737 183595 24
75141 5256 8
75141 14389 12
75141 3068 8
75141 54840 2
392739 57382 24
392742 42061 24
392743 57423 24
392744 20368 24
392745 7975 14
392746 220 12
392747 145811 24
392748 61281 24
392749 392750 24
392751 139439 27
392760 57367 12
392761 78635 24
363397 539 24
392762 81 12
392763 392764 24
392765 24630 22
392765 215098 2
392766 388718 24
392769 143763 24
392770 9357 8
392772 365 24
392773 57315 24
392774 40954 24
392775 57408 24
392776 31498 14
392777 380752 24
392778 108631 24
392779 45433 24
392780 99393 8
392782 458 22
392783 655 12
392784 68481 24
392785 176049 12
392803 252686 24
392804 8617 24
392805 2988 24
392806 123494 24
392807 61002 24
392812 73947 24
392815 121784 24
392816 7653 24
392817 73947 24
392818 73947 24
392819 56773 2
392820 1655 24
392823 59800 24
392824 85517 8
392825 2074 8
392826 34878 12
392827 57668 12
392830 653 12
392831 1655 24
392832 392833 24
392834 164771 12
392834 188004 9
392835 252686 24
392836 1655 24
392837 3977 24
392838 125304 12
392839 392840 24
392841 1655 24
392842 356466 24
392843 1655 24
392844 5457 24
392845 171627 24
392846 655 24
392847 11763 24
392848 51403 24
392849 20591 24
392850 41318 24
392851 97483 8
392853 819 24
392854 2309 24
392864 15443 12
392865 19293 24
392866 22099 8
392867 37288 27
392868 20387 2
392869 69916 2
392869 69916 14
392869 73297 9
392870 38720 24
392873 457 24
392874 392875 24
392876 392875 24
392877 392875 24
392878 392875 24
392879 392875 24
392880 392875 24
392881 2519 22
392881 16479 12
392882 819 24
392883 165436 24
392884 154019 8
392885 11857 9
392886 36329 12
392887 8143 12
392888 458 22
392888 206239 12
392889 11437 12
392889 11437 2
392889 122065 27
392890 269021 24
392891 2988 24
392892 392893 24
392894 4076 12
392895 50733 24
392896 46132 24
392897 16502 24
392898 16558 24
392900 280 24
392901 2014 9
392904 13454 12
392905 25851 24
392906 13646 14
140773 20371 24
392908 39184 12
392909 147909 24
392910 32343 24
392911 31987 24
392911 194336 24
392912 19899 12
392913 18828 12
392914 36176 12
392915 44401 8
392916 13335 12
392917 392632 24
392918 392919 24
392920 392921 24
392922 17335 24
392923 1 12
392923 279421 2
392925 8605 12
392926 8605 12
392927 392928 24
392929 2309 12
392930 2016 8
392933 8284 24
392934 7973 24
392935 5258 8
392935 69167 12
392935 26968 8
392935 10694 8
392935 245331 8
392936 655 12
392938 16197 24
392939 61094 12
392942 392943 24
392945 62502 12
392948 330955 24
392949 60160 24
392950 168327 24
392951 392952 24
392954 2744 24
392955 16479 2
392955 15996 8
392955 135521 12
392955 8781 8
392955 173712 8
392956 73947 24
392957 2744 24
392958 52344 24
392959 73947 24
392960 70676 2
392960 5484 12
392961 269274 24
392962 60592 24
392971 76351 12
392972 2700 24
392973 2309 12
392973 14203 2
392974 438 24
392975 392976 24
392977 61635 12
392979 438 24
392980 18786 24
392981 327715 24
392982 121084 8
392983 392984 24
392985 364 24
392987 364 24
392988 392989 24
392990 392991 24
392992 819 26
392993 392994 24
392995 392996 24
392997 41024 24
392999 67752 24
393000 25523 24
393002 11260 12
393006 25851 24
13544 74568 9
3253 12176 24
393007 25851 24
393010 123084 12
393011 32150 12
393011 73 2
393011 108982 25
393011 200571 9
393012 186857 24
393013 19547 24
393014 16526 12
393015 69773 24
393016 18786 24
393017 267355 24
393019 5256 8
393019 5258 8
393019 5259 8
393019 32825 8
393020 393021 24
393022 18147 22
393022 393023 12
393025 217083 24
393026 159518 24
393027 119120 24
393028 86751 12
393029 207205 24
393030 2700 24
393031 393032 24
393033 207502 24
393037 11859 12
393039 94713 24
393040 35222 24
393041 18786 24
393042 18786 24
393043 2821 24
393043 2821 2
393044 124382 12
393045 52363 8
393046 8143 24
393046 2494 2
393047 1390 22
393047 1344 2
393049 20608 12
393051 93685 12
393052 218303 24
393053 107944 24
393054 438 24
393055 3803 12
393056 107944 24
393058 534 22
393060 127603 12
393061 235534 24
393062 37625 2
393063 5151 24
393066 393067 24
393070 162666 24
393071 438 24
393073 832 2
393074 3068 8
393074 5258 8
393074 5259 8
393074 26968 8
393074 32825 8
393075 43841 24
393076 54574 12
393077 393078 24
13984 32318 12
393079 61338 24
393080 13640 2
393081 39411 24
393081 32969 24
393083 2221 12
393085 142459 24
393086 142459 24
393087 142459 24
393088 142459 24
393089 142459 24
393090 142459 24
393091 362147 12
393092 142459 24
393093 142459 24
393094 142459 24
393095 142459 24
393096 7634 24
393097 280 24
393098 18165 24
393099 98133 12
393100 66415 12
393101 51567 12
393102 37992 12
393103 393104 24
393105 28483 9
393106 2014 9
393106 169854 8
393107 46640 14
393108 1356 24
393109 73 2
393110 80275 24
393111 73947 24
393113 73947 24
393114 30860 24
393115 18786 24
393116 33301 12
393117 2344 12
393118 48013 24
393119 4457 24
393120 357 2
393121 1675 24
393122 4457 24
393123 146891 12
393124 1792 24
393127 126294 24
393130 40522 12
393131 78504 12
393132 330366 24
393134 8034 24
393135 100894 12
393136 125304 12
393137 75413 24
393138 438 24
393139 393140 24
393142 70743 12
393143 393144 24
393145 32319 24
393146 393147 24
393148 393149 24
393150 215814 24
393151 393152 24
393153 58044 12
393154 8146 12
393154 8540 22
393154 13649 2
393155 393156 24
393157 2221 12
393158 393159 24
393160 11260 2
393163 3001 24
393164 6994 24
393165 3207 22
393165 52981 9
393165 8910 25
393168 7653 12
393169 143665 24
393172 10690 9
393173 179722 25
393175 230696 24
393176 70663 12
393178 393179 24
393181 11261 24
393182 393183 14
393185 393186 24
393187 112745 24
393188 216043 24
393189 393190 24
393192 46048 24
393193 5256 8
393193 3068 8
393193 41790 8
393193 3072 8
393194 244951 24
393195 40900 24
393200 94628 24
393201 2011 2
393201 2011 14
393201 2745 22
393202 94180 9
393202 135459 2
393205 4660 19
393207 123417 12
393208 78656 12
393211 361 14
393211 361 22
393211 196887 14
393211 321944 12
393213 38722 12
393214 1291 12
393215 112058 24
393216 94104 12
34231 13500 12
34231 17335 2
393217 13052 24
393218 1634 12
393219 80275 24
393223 534 14
393223 534 22
393223 23567 14
393223 29918 9
393223 53006 27
393224 270341 12
393225 80222 24
393226 13052 12
393227 393228 24
393229 189496 12
393230 393231 24
393232 60784 12
393233 42578 2
393235 23562 12
393236 64564 24
393241 3845 2
393244 353229 24
393248 393249 24
393250 2016 8
393252 393253 24
393255 2700 24
393256 174314 24
393257 1830 8
393258 48768 24
393259 6994 2
393259 26968 8
393261 3130 24
393264 25250 24
393265 307642 24
393267 161361 24
393269 57274 24
393270 14213 24
393273 73 2
393273 26968 8
393277 36176 24
393278 393279 24
393284 655 12
393286 2224 2
393286 1297 9
393287 16526 24
393289 2221 12
393291 2221 12
393292 14160 24
393295 458 22
393296 47134 12
393296 26968 8
371043 24722 24
393297 16526 24
393298 262031 24
393299 152013 24
393300 57528 24
393307 7956 24
393308 30850 12
393309 4384 24
393310 29048 24
393311 1634 24
393311 393312 8
393313 393314 24
393315 534 22
393315 34585 9
393318 4384 24
393319 4164 12
393320 2221 12
393321 2221 12
393322 11541 2
393322 46201 12
393325 46640 12
393326 2221 12
212741 162726 14
393327 5258 8
393327 5260 8
393336 393337 24
393338 393339 24
393340 234188 24
393341 393342 24
393343 393344 24
393345 393346 24
393347 393348 24
393349 393350 24
393351 393352 24
393355 457 22
393355 12713 25
393355 114722 9
393356 393357 24
393358 393359 24
393363 9127 24
393364 393365 24
393366 393367 24
393368 393369 24
393370 393371 24
393372 393373 24
393374 393375 24
393376 73947 24
393377 43841 24
393378 2686 24
393382 3068 8
393382 229366 8
393382 41790 8
393382 3072 8
393382 126200 8
393383 5256 8
393383 3068 8
393383 3072 8
393387 393388 24
393391 62988 24
393392 41595 24
393393 108144 8
393394 52343 12
393395 1830 8
393396 7973 24
393397 1634 14
393397 15650 14
393399 40900 24
393400 66953 24
393401 438 24
393403 61964 12
393410 36302 12
393410 36302 2
393414 151397 2
393417 19051 12
393419 457 24
393420 2206 12
393421 108197 24
393422 19051 24
393423 141680 12
393424 365 22
393428 457 24
393429 42148 2
393436 2063 12
393437 1370 2
393437 131837 12
393439 15305 8
393440 3977 2
393441 217602 24
393442 440 24
393443 14203 2
393444 83931 12
393445 153407 24
393446 138831 24
393447 13164 24
393448 274978 24
393449 1370 2
393449 193540 12
393450 299162 24
393451 30923 24
393452 309385 24
393453 74341 24
393454 393455 24
393456 129534 24
337646 193 12
393467 293349 24
393468 8734 24
393469 5257 8
393469 41314 12
393470 319301 24
42955 221514 2
42955 30923 12
393472 832 24
393473 135109 24
393474 2059 24
393475 250368 24
393476 16197 12
393477 1065 22
393478 20696 12
393479 126593 24
393480 73772 24
15378 72329 12
393486 56975 12
393487 2486 24
393490 832 14
393490 122029 14
393493 25254 12
393493 25254 2
393495 393496 24
393498 393499 24
393500 16120 24
393501 19547 24
393501 19547 12
393502 393503 24
393504 170177 24
393505 2517 24
393508 22562 12
393509 2221 12
393509 2221 2
393510 819 24
393511 393512 24
393513 69154 12
393514 365 24
393515 40522 12
393516 356 24
393517 57548 24
393518 2017 8
393522 84697 24
393525 1313 14
393525 86069 14
393525 124116 14
393526 5151 24
393536 18786 24
393537 58025 24
393539 42571 12
393540 25253 14
393540 10719 2
393541 107520 24
393542 2821 24
393543 154020 8
393544 9902 12
393544 235244 8
393545 39103 12
393548 11260 12
393549 11261 12
393553 154019 8
393555 393556 24
393557 655 24
393558 70229 24
393559 33724 8
393559 33725 8
393561 39103 12
393562 68167 12
393563 18786 24
393565 5153 11
393566 61285 24
393567 39103 12
393568 323591 24
393569 39103 12
393572 3123 24
393574 37160 11
393575 91533 2
393580 46640 12
393581 357 12
393582 20591 26
393582 73 2
393582 20592 14
393584 32343 12
393588 250438 24
393589 42498 12
393590 59367 12
393591 360 22
393591 16569 25
393594 393595 24
393596 457 24
393598 11260 12
393599 118464 8
393600 24630 24
393601 2821 24
393605 331458 24
393606 342605 24
393607 281345 24
393611 361 14
393611 361 22
393611 12857 14
393614 393615 24
393616 154019 8
393616 154020 8
393617 20663 24
393618 18786 24
393619 11260 12
393621 380980 24
393623 2221 12
393624 37885 8
393624 204567 8
393625 119762 8
393626 8284 12
393626 11437 2
393627 119762 8
393628 393629 24
393630 533 24
393631 138570 24
393632 37885 8
393633 154020 8
393634 19051 12
393634 393635 2
393636 119393 12
393637 50067 24
393638 123468 24
393639 243855 24
393640 235561 24
393641 235561 24
393642 243855 24
393643 243855 24
393644 19888 24
393645 350393 24
393646 350393 24
393647 440 24
393652 350393 24
393653 393654 24
393655 40237 24
393656 18165 24
393657 470 12
393659 3129 12
393662 121984 24
393663 393664 24
393666 543 24
393667 16197 24
393668 1099 24
393669 57548 24
393670 186859 2
393672 73544 24
393673 458 22
393674 31192 24
393675 2745 22
393676 393677 19
393678 204637 24
393680 94264 24
393681 238699 24
393683 2988 24
393686 7049 12
393686 393687 24
393688 8237 12
393689 393690 24
393691 109890 12
393692 534 14
393692 393693 14
393694 2993 24
393695 832 24
393696 36375 24
393697 10701 12
393698 532 24
393700 84697 14
226617 1326 2
226617 193 12
393701 26968 8
393702 2331 8
393710 5256 8
393710 3068 8
393710 5258 8
393710 133355 8
393710 26968 8
393710 32825 8
393710 11254 8
393710 99353 8
393710 101332 8
393710 44276 8
393710 393711 8
393710 41789 8
393710 229367 8
393712 36867 9
393712 73 2
226618 193 12
393714 100941 9
393716 36375 24
393717 393718 24
2337 393719 12
393720 8585 24
393723 52034 8
393724 393725 24
393726 16502 24
393727 7973 24
393728 73947 24
393729 42148 12
393730 73947 24
393731 43728 24
393732 35222 24
393733 6964 24
393735 11953 22
393736 36375 24
393743 103708 24
393746 5564 8
393749 382139 24
393750 30259 24
393751 126007 24
393752 126007 24
393753 126007 24
393756 23567 2
393756 393757 24
393758 154640 24
393759 73947 24
393760 73947 24
393762 3803 12
393763 15367 12
393764 2745 22
393764 222727 12
393767 11949 24
393769 231476 24
393770 393771 24
393773 29048 24
393774 3843 24
393775 5304 24
393777 94284 12
393777 126716 2
393778 393779 24
393780 12851 24
393781 46934 12
393781 46936 2
393782 20663 12
393783 1757 24
393784 5304 24
393798 300382 24
393800 4758 24
393801 34148 24
333575 39411 24
393804 56877 24
393813 25523 12
393816 31661 2
393816 393817 12
393818 31661 2
393818 393819 12
393820 457 24
393821 31661 2
393821 137021 12
393822 7458 12
393823 393824 24
393825 44585 12
393829 70837 24
393830 189186 8
393831 393832 24
393833 154019 8
393833 34580 8
393834 250368 24
393835 250368 24
393836 250368 24
393837 250368 24
393838 250368 24
393839 250368 24
393840 250368 24
393841 250368 24
393842 250368 24
393843 250368 24
393844 250368 24
393845 250368 24
393846 250368 24
393847 250368 24
393848 250368 24
393849 250368 24
393850 250368 24
393851 250368 24
393852 250368 24
393853 250368 24
393854 250368 24
393855 250368 24
45632 4384 2
393862 393863 24
393864 79322 24
393865 56552 24
393870 72480 12
393871 1099 24
393872 2059 24
393873 456 22
393873 16479 12
393876 470 12
393878 83846 24
393879 110238 24
393880 393881 24
393886 110238 24
393891 34383 24
393891 283037 24
8239 42077 9
393896 9048 26
393897 94639 24
393898 1634 12
393898 285 22
393899 24722 24
393900 13500 12
393901 1048 24
393902 455 24
393903 25525 24
393906 51579 24
393907 4278 22
393908 364 24
393909 25194 24
393910 147835 9
393911 67194 12
393914 160238 24
170033 534 22
170033 20611 12
170033 11305 2
170033 50735 11
393916 68148 24
393919 37288 27
393919 73 2
393920 34254 12
393921 15788 24
393922 55641 2
393924 48768 24
393925 10241 12
393927 68532 12
393928 18181 24
393929 470 24
393930 40330 24
393931 51847 24
393932 655 24
393935 31589 24
393941 458 22
393946 393947 12
393948 73 24
393949 22562 24
393950 63917 24
393951 393952 24
393955 144056 24
393959 57629 2
393959 66503 12
393959 95638 8
393960 458 22
393960 2344 12
393962 243929 8
393962 230864 8
393963 312775 24
393964 73947 24
393965 202758 12
393966 144056 24
393967 832 24
393968 2221 12
393969 249981 24
393970 230792 24
393975 118464 8
393976 21476 24
393977 393978 24
393979 118464 8
393980 31777 24
393981 56918 24
393982 3129 12
393983 33724 8
393983 118464 8
393984 42154 12
393986 4657 24
393987 373620 12
393988 118464 8
393989 18786 24
393990 8605 12
393991 118464 8
393992 78434 12
393993 1356 24
393994 71096 24
393998 123209 24
393999 29162 12
394000 4657 24
394001 29162 12
394002 169008 9
394003 36033 12
394003 36033 2
394004 56956 24
394005 160610 24
204848 6574 24
394006 49152 8
394011 10634 12
394012 1795 9
394013 15445 12
394014 375733 24
394015 174681 24
394016 4278 24
394017 73772 24
394018 9357 8
394019 394020 24
394024 3012 24
394025 3198 8
394026 19051 12
394027 6031 2
394028 33724 8
394029 154070 24
394031 438 24
394032 364 22
394033 394034 24
394035 2303 24
394037 254580 24
394038 171729 12
394038 171729 2
394039 154019 8
394040 33724 8
394040 33725 8
394041 119189 24
394042 98674 24
394043 394044 24
394045 219904 24
394046 160638 8
394046 275673 8
394047 119189 24
394048 3272 12
394048 163121 8
394048 11254 8
394048 352532 8
394048 259222 8
394048 275154 8
394049 1313 14
394049 31987 14
394050 16771 12
394051 281516 24
394052 454 24
394053 8284 14
394055 19668 8
394056 299162 24
394057 219904 24
394060 79778 24
394061 9357 8
394062 67718 12
394063 394064 24
394068 14403 24
394074 33988 24
394075 196887 24
394076 2014 9
394077 136959 24
394078 19001 24
394079 9048 24
394080 56737 24
394081 16530 24
394082 16530 24
394083 10360 24
394084 269274 24
394085 5508 12
394086 1297 9
394087 81368 24
394089 41139 12
394092 310342 24
394097 394098 24
394099 119189 24
394102 119189 24
394103 119189 24
394104 119189 24
394105 2814 24
394113 78434 12
394115 3831 24
394116 73947 24
394117 5256 8
394117 31661 12
394117 3068 8
394117 5258 8
394117 5259 8
394117 26968 8
394118 153533 12
394119 46309 24
394121 5151 24
394122 104202 24
394123 12814 12
394124 39412 24
394125 37992 2
394126 31987 24
5160 1015 12
394128 139045 24
394137 2221 12
394138 91200 12
394143 71726 24
394144 20592 12
394146 394147 24
394148 165455 14
394149 84655 12
394150 394147 24
394151 6151 24
394152 4164 12
394153 394154 24
394155 51154 24
394159 4164 12
316591 185385 9
394162 1261 24
394163 64279 24
394164 108810 24
394166 43811 12
394167 81368 24
394169 394170 24
394171 3068 8
394171 5563 8
394171 109068 8
394171 6484 8
394171 41790 8
394173 55138 12
394173 55138 14
394173 213754 9
394174 832 24
394175 10065 12
394176 250368 24
394177 250368 24
394178 250368 24
394179 250368 24
394180 57109 24
394181 250368 24
394182 250368 24
394183 250368 24
394184 39103 24
394189 299162 24
394190 250368 24
394191 1771 24
394194 8540 24
394195 243419 24
394196 250368 24
394197 250368 24
394198 394199 24
394200 98674 12
394201 13176 24
394202 100174 8
394203 8146 24
394204 2471 12
394208 41099 24
394209 40331 24
22200 204702 24
394210 19293 22
394211 8781 8
394212 1830 8
394213 18786 24
394216 2224 24
394217 18786 24
394218 40558 24
394221 119189 24
394222 394223 24
394224 119189 24
394225 18786 24
394226 250368 24
76428 19358 12
394227 27104 8
394228 34862 12
394230 57548 24
394231 439 24
394232 1125 2
394232 1634 12
394233 75445 24
394233 223152 24
394234 89807 24
394235 107586 24
78500 40958 2
394236 439 24
394237 131180 24
394238 131180 24
394239 3207 14
394239 139185 9
394239 394240 11
394241 533 24
394242 394243 24
394244 5508 24
394245 129113 24
394246 61229 24
394247 819 24
394249 55500 24
394250 9357 8
394251 203748 24
394255 31661 12
394256 394257 24
394259 118065 24
394260 20385 12
394261 22418 9
394262 394263 24
394264 13649 12
394265 15788 24
394266 655 12
394267 31498 24
394268 16881 24
394269 12405 24
394270 48975 2
394271 156436 24
394274 1675 12
394275 67213 24
394280 165001 24
394283 120513 24
394287 48354 12
394287 70416 2
394288 73 12
394289 394290 12
394291 9370 24
394292 143974 12
394293 394294 24
394295 6129 8
394295 176149 8
394296 5509 24
394297 8604 22
394297 1326 12
394298 25925 24
394299 36870 24
394300 41024 12
394301 36870 24
394302 13667 24
394303 394304 24
394305 832 24
394306 13454 24
394307 1634 2
394308 394309 24
394311 56659 24
394312 246192 24
394313 86069 24
394314 110564 24
394315 34254 24
394316 41030 24
394317 4440 12
394324 31987 24
394325 19293 22
394326 2631 24
394336 31924 8
394337 31589 24
394338 4457 12
394339 2700 24
394340 84898 9
394349 5484 12
394350 63143 12
394351 3068 8
394351 3072 8
394352 3001 24
394358 394359 24
394361 1370 2
394362 250368 24
394363 46944 24
394364 250368 24
394365 250368 24
394366 8929 24
394367 250368 24
394368 299162 24
394369 18786 24
394370 18786 24
394371 18786 24
394373 16838 24
394375 394376 24
394377 34580 8
394378 7458 12
394378 56789 2
394380 457 22
394380 91254 9
394383 394384 12
394383 18773 14
394385 20661 24
394386 2059 24
394387 64577 24
394388 394389 12
394390 41663 24
394391 11260 12
394400 131180 24
394401 394402 24
394403 438 24
394404 18773 24
394405 1067 22
394405 6129 8
394405 3073 8
394405 394406 8
394407 9336 24
394409 2700 24
394410 6994 2
394411 160610 24
394412 165436 24
394413 165436 24
394414 41595 24
394415 394416 19
394417 5112 12
394418 5112 12
394420 26495 12
394421 394422 24
394423 3012 24
394425 2074 8
394426 46711 24
394427 156432 24
394428 1830 8
394431 5256 8
394431 5258 8
394431 10694 8
394431 300140 2
394432 359 24
394433 91115 24
394434 30206 24
394435 2821 12
394436 68153 12
394436 10694 8
394436 109068 8
394436 223300 8
394436 41790 8
394437 1760 24
394438 20886 24
394439 185831 24
394440 57668 24
394455 64571 24
394456 1370 2
394456 365 22
394456 193 12
394457 12487 14
394458 73642 24
394459 42077 9
394460 125702 24
394467 15500 8
394468 136488 12
394470 85533 24
394471 13649 24
132759 25254 2
394472 46944 24
230121 24722 24
394475 73947 24
394477 71064 24
394478 27132 2
394478 67162 12
394481 11300 24
394488 58121 24
394489 64230 24
394490 655 12
394491 9268 24
394494 30206 24
394495 73947 24
394496 42077 9
394497 42072 24
394498 25990 24
394499 94069 24
394500 110356 24
394504 6994 24
394505 64475 24
394506 197871 24
394507 8237 24
394508 145726 24
394509 394510 24
394511 73 24
394512 44151 24
394513 19181 24
394514 84648 24
394515 295062 24
394516 295062 24
394517 295062 24
394518 295062 24
394519 295062 24
394520 295062 24
394523 57146 12
394524 10361 12
394525 5120 12
394526 394527 9
394526 186291 27
394528 5484 24
394529 394530 24
394531 1830 8
394532 39103 24
394533 4096 24
394535 48768 12
3261 26498 2
394538 394539 24
394540 257259 24
394541 186859 24
394542 12405 24
394543 86744 12
394558 1830 8
394559 394560 14
394559 232922 9
394563 16771 12
394564 250368 24
394565 5112 12
394566 394567 12
394568 75416 12
394569 120425 8
394572 183504 24
394577 120424 8
394582 1411 12
394584 33724 8
394585 2821 12
394586 256 8
394587 120425 8
394588 126708 8
394589 9902 2
394589 150417 12
394590 394591 24
336603 162726 24
394593 19295 24
394594 386630 24
394595 42512 2
394596 5151 24
394597 2486 24
394598 394599 24
394600 6982 24
314459 1771 24
394601 37638 24
394602 2014 9
394605 2221 12
394606 68481 24
394608 1178 2
394608 25454 8
394609 20886 24
394611 459 24
394613 136683 24
394620 1370 12
394620 1370 2
394620 365 22
212742 819 14
212742 220 14
394621 199068 24
394622 25286 24
394623 20844 12
394624 394625 24
394627 456 22
394627 331141 24
394630 6129 8
394630 6566 8
394630 94634 8
394630 394631 8
394632 3845 24
394633 1067 24
394634 183643 24
394635 39106 24
394636 329626 24
394640 36393 24
394641 365 22
394641 193 2
394642 6186 8
394643 9046 24
394644 154020 8
394645 73947 24
394648 62198 12
394649 394650 9
394651 15500 8
394652 2221 12
394652 37288 27
394654 154019 8
394655 5508 12
394657 2806 24
394658 216120 24
394659 1178 24
394660 1675 24
394661 192175 8
394662 16771 24
394663 11950 24
394664 208118 12
394665 55406 12
394666 38970 12
394666 302927 8
394667 4440 24
394668 55413 24
394669 42578 2
394669 42570 12
394670 54619 24
394671 14372 9
394671 163229 12
394672 151889 12
394675 1440 12
394676 149791 12
394679 135773 24
394699 118464 8
394701 142686 24
394702 7158 24
394703 39411 24
394706 145726 24
394712 4677 24
187676 360 14
187676 98702 2
187676 394713 11
394714 19547 12
91215 13454 12
394716 30206 24
394717 2774 24
394718 655 14
394719 33407 24
394720 13348 24
394721 2774 24
394724 99505 12
394724 22224 27
394725 37638 24
394726 394727 24
394728 832 12
394729 37638 24
394730 227881 24
394733 439 22
394733 394734 2
394733 394735 12
394736 438 24
394737 222307 24
394738 73947 24
394739 394740 9
394741 458 24
394742 122946 12
394743 59800 24
394744 3123 24
394747 394748 24
394749 3068 8
394749 5260 8
394751 1760 12
394752 3123 24
394753 9039 24
394754 119105 12
394754 394755 8
394756 26968 8
394757 4389 24
394758 208493 24
394759 20434 24
394760 8284 12
394762 53252 24
394763 364 24
394764 250631 24
394765 3123 24
394766 56338 2
394766 32951 12
394769 2993 24
394770 285 22
394771 17069 24
394774 16847 12
394774 63759 14
394775 36542 2
394776 19547 12
394776 19547 14
394777 1178 2
394778 4758 12
394778 217573 8
394795 4882 24
394796 40958 2
394797 1356 24
394798 19547 12
394798 6202 9
394800 59294 2
394801 1313 24
394807 16502 24
394808 3803 24
394809 52111 2
394812 16502 24
394813 73947 24
394814 1911 24
394815 68504 24
394816 6994 24
394817 1792 24
394818 19547 14
394819 19547 14
394819 394820 9
394821 19547 12
394821 19547 14
394821 349693 9
200148 39411 24
394822 64120 14
394823 63742 14
394823 64191 12
394824 15305 8
394827 2486 24
394828 188808 24
394829 18773 12
394830 1125 12
394830 438 14
394830 438 22
394830 74086 8
394830 228654 14
394831 6964 24
394833 4001 2
394834 2016 8
394834 2074 8
394836 394837 24
394838 21762 24
394839 394840 24
394841 7953 24
394844 68554 24
394845 3123 24
394846 3123 24
394847 57336 24
394848 136384 12
394849 19051 2
394850 141246 24
394855 201470 24
394856 3123 24
394857 201470 24
394858 394859 24
394860 250368 24
394861 3123 24
394862 3123 24
394866 269021 24
394867 285 22
394868 13315 24
394869 92745 24
394870 36654 24
394874 162666 24
394875 1046 8
394875 285 22
394875 88016 8
394876 160189 24
394878 41125 8
394878 30799 12
394879 13500 12
394881 394882 24
394883 206154 12
394884 15107 8
394886 20387 24
394891 35222 24
394892 394893 24
394894 235813 12
394895 12247 12
394895 26968 8
394896 11437 12
394897 44525 24
394899 18147 24
394900 832 24
394901 200689 24
394902 2221 12
394903 25131 12
394904 394905 24
394906 394907 24
394909 18147 24
394910 2744 24
394911 7073 9
394913 111779 14
394914 36752 24
394918 154339 12
394919 16502 24
394920 16502 24
394921 2745 22
394921 105193 12
394921 105193 14
394923 7363 22
394923 84898 9
394925 14529 9
394926 26579 24
394927 8781 8
394928 394929 24
394930 65347 12
394933 3123 24
394934 156428 24
394936 2993 24
394937 394938 24
394941 2016 8
394941 174886 12
394942 9077 12
394943 75445 24
394943 223152 24
394944 2988 24
394945 368850 12
394946 3123 24
192209 827 12
394947 3123 24
394949 3068 8
394949 5259 8
394949 27104 8
394950 36863 12
394950 64690 14
394950 120883 9
394955 8929 24
394956 40237 24
394956 285116 24
394957 141196 12
394958 832 24
394961 78240 24
394965 819 14
394966 1125 24
394967 13176 24
394968 61998 24
394969 2744 24
394970 10360 12
394976 4384 12
394978 66185 24
394979 539 24
394982 7369 24
394983 66415 24
394985 87709 24
394986 386342 24
394988 50067 24
141138 361 14
141138 361 22
394991 12814 12
394992 2486 24
394993 64576 24
394994 55441 24
394995 41318 24
394996 18773 24
394999 81 2
394999 1261 12
395000 50438 24
395001 58087 24
395002 40958 12
395006 18786 24
395007 73 2
395007 2017 8
251238 2821 12
395008 395009 24
395010 66083 24
395013 16479 12
395013 16479 2
395013 32604 11
395014 93662 24
395018 35382 12
395018 59367 14
395019 37073 12
395020 152871 24
395021 54840 14
395024 8143 12
395024 16509 2
395025 8164 2
395025 62991 12
395026 3068 8
395026 5563 8
395026 5260 8
395026 10694 8
395026 5261 8
395027 5256 8
395027 5258 8
395027 5259 8
395027 32825 8
395028 98674 24
395030 395031 24
395033 25964 24
395034 1099 24
395035 222307 24
395037 10262 2
395037 8781 8
395038 40330 12
395039 11272 2
395039 15996 8
395039 8781 8
395040 458 22
395040 126933 9
395040 34176 12
395040 395041 8
395040 395042 8
395043 5303 12
395044 379837 12
395046 7973 24
395047 395048 12
395049 395050 24
395051 10719 24
395052 328323 24
395053 2239 24
395054 31893 24
395055 8781 8
395056 2519 24
395057 4769 22
395060 68481 24
395061 49608 24
395064 2519 24
395065 14203 12
395065 78176 2
395066 395067 24
395068 832 2
395068 37992 12
395069 2333 14
395070 141196 12
395070 141196 2
395071 8781 8
395072 68477 24
395073 12857 24
395075 42500 12
395075 8781 8
395079 439 24
395080 52110 24
395082 207867 24
395086 3987 24
220609 15862 14
395088 7653 24
395091 30258 24
395092 36176 12
395093 105193 24
395096 67143 24
395097 22218 12
395098 64078 12
395098 64218 14
395099 32907 12
395100 16847 14
395100 19547 12
395102 1370 2
395102 365 22
395102 193 12
395103 6964 24
395104 16847 14
395104 109665 9
395105 1370 12
395106 16847 14
395106 64032 12
395112 12801 24
395113 88537 24
395114 229429 11
395115 11986 24
395118 39410 24
395119 152051 12
395120 35382 2
395129 52933 24
395130 395131 24
395132 52933 24
395133 52933 24
395134 655 2
395136 52933 24
395137 52933 24
395138 52933 24
395139 52933 24
395140 52933 24
395141 65805 14
395142 52933 24
395143 52933 24
395144 29795 12
395147 31987 24
395150 31589 24
395151 280 24
395152 4384 12
395153 309348 24
395156 30011 12
395157 3123 24
395160 395161 12
395162 70458 12
395167 395168 24
395169 5256 8
395169 5258 8
395169 72512 12
395170 64377 24
395171 52933 24
395172 52933 24
395175 395176 24
395177 52933 24
395178 2014 9
395178 43848 12
395179 142686 24
395185 8163 12
395187 57672 12
395188 197594 12
395189 2765 24
395190 63525 12
395191 39184 12
395192 395193 24
395194 4454 24
395196 182366 24
395205 226304 12
395208 44511 12
395214 20886 24
395215 395216 24
395217 114037 12
395218 655 24
395219 40558 24
395220 48669 12
395222 4278 24
263403 4758 12
395223 655 14
395224 395225 24
395226 395227 24
395228 19002 24
395230 3068 8
395230 21681 12
395230 5563 8
395230 41790 8
395231 70830 24
395233 104417 24
395239 16479 12
395240 6574 2
395240 70035 12
395240 5260 8
395240 32825 8
395241 37424 24
395242 126200 8
395243 18773 12
395244 106402 12
395245 2221 12
395245 2745 14
395245 250247 14
395246 11437 12
395246 11260 14
395247 12404 12
395248 79942 24
395249 3845 12
395250 106402 12
395252 31589 24
395253 134596 24
395254 2016 8
395257 114051 9
395257 73772 14
395257 395258 14
395260 11437 2
395260 6129 8
395261 7477 8
395262 395263 24
395264 655 12
395265 1370 12
395265 365 22
395265 193540 2
395266 3068 8
395266 5260 8
395266 10694 8
385194 19293 24
395267 4769 14
395268 3068 8
395268 5260 8
395268 10694 8
395269 13454 2
395269 122949 12
395270 3068 8
395270 5260 8
395270 10694 8
395271 8604 24
395272 3068 8
395272 5260 8
395272 10694 8
395273 3068 8
395273 5260 8
395273 10694 8
395274 31264 24
395276 37638 24
395276 193053 24
395277 3130 24
395278 3130 24
395280 106823 24
395281 2221 12
395282 2059 24
309753 2059 24
395283 357 12
395284 2059 24
395286 2592 24
395289 52653 24
395290 68503 12
395291 30206 24
395292 395293 8
395292 395294 8
395292 395295 11
395296 1178 24
395297 36863 2
395298 533 24
395299 50733 24
395300 655 24
395301 48616 12
395301 8892 2
395302 3845 12
395303 43558 12
395304 156454 24
174176 1323 12
395305 52933 24
395306 64699 24
395306 126123 8
395308 43578 24
395309 470 14
395310 52933 24
395311 52933 24
395312 470 12
395313 1178 2
395313 129797 9
395315 19567 24
395319 2059 24
395319 395320 24
395321 2059 24
395322 45512 12
395323 2059 24
395326 295746 24
395327 2059 24
395331 395332 24
395333 107520 24
395336 73 24
395337 201520 24
395338 238359 24
395339 24721 12
395340 2059 24
395341 2059 24
395344 2059 24
395345 2059 24
395346 2059 24
395347 2059 24
395348 2059 24
395348 395349 24
395350 2059 24
395351 182762 24
395352 5120 24
395353 2059 24
395354 2059 24
395355 2059 24
395356 2059 24
395357 2059 24
395358 2059 24
395359 6964 24
395360 2059 24
395362 304178 24
395365 238359 24
395366 12672 24
395367 9127 24
395368 20643 24
395369 2059 24
395370 395371 24
395372 6964 24
395373 11004 12
395374 2059 24
395375 2059 24
395376 2059 24
395377 2059 24
395378 2059 24
395380 2059 24
395381 2059 24
395382 2059 24
395383 2059 24
395384 2059 24
395385 3845 12
395386 2059 24
395387 2059 24
395388 2480 9
395389 73947 24
395392 45449 2
395393 64233 12
395394 131195 24
395395 395396 24
395398 14213 24
395404 357 12
395405 395406 24
395407 395408 24
395409 63895 14
395410 220850 24
395411 1099 24
395412 2059 24
395414 2059 24
395415 2059 24
395416 2059 24
388197 2627 9
388197 31875 14
388197 115817 25
395417 37992 24
395418 295746 24
395420 5151 24
395421 655 2
395422 3207 22
395424 43578 24
395425 832 14
395425 8284 14
395428 2059 24
395429 2059 24
395432 52034 8
395432 256 8
395435 2309 14
395435 395436 14
395438 108250 12
395439 1830 8
395440 100174 8
395442 4758 12
395444 356 14
395444 297065 14
395445 3001 24
395446 395447 24
395448 96870 9
395452 2745 24
324925 2745 24
395453 273706 24
367968 126630 24
395454 15249 12
395455 59096 12
395457 395458 24
395463 4659 24
395465 5304 26
395465 66434 12
395466 54413 12
395467 123477 24
395471 395472 24
395473 135797 24
395474 832 12
395474 8284 2
395475 546 24
395478 2059 24
395479 2059 24
395480 2059 24
395481 25925 24
395482 1048 24
395483 13454 12
395485 2016 8
395485 2074 8
395485 2450 8
395486 187229 24
395487 303227 24
395488 84655 24
395490 39106 24
395491 79778 24
395492 1380 24
171609 27571 12
171609 2447 9
395498 135110 9
395501 141298 27
395502 108111 24
395505 93795 9
395505 141298 27
395506 822 9
395506 317075 27
221471 395507 14
221471 46246 12
221471 395508 14
221471 203698 9
395513 395514 24
395515 247393 24
395519 285 22
395520 458 14
395520 458 22
395522 5304 24
395525 63691 12
395526 295746 24
395527 293958 24
395528 189496 12
395529 55213 12
395530 3987 24
395531 295746 24
395532 295681 24
395535 10243 24
395536 35222 24
395537 395538 24
395539 64644 24
395543 5554 12
395543 54243 9
395544 5304 24
395546 8539 24
188417 129603 12
395556 2206 24
395557 136382 24
395558 36219 12
395560 254499 27
395561 107239 12
395561 8781 8
395562 10360 24
395566 2017 8
395567 395568 24
395569 37637 24
395571 36219 12
395574 1067 22
395574 46204 24
395574 46204 2
395575 37637 24
395576 34878 12
395577 395578 24
395580 395581 14
395582 12200 12
395584 130109 24
395585 7634 24
395586 395587 24
395588 438 24
395590 3831 12
395591 92083 24
395592 73947 24
395593 8277 2
395594 3845 24
395595 1069 24
395596 1069 24
395597 395598 24
395599 395600 24
395601 395602 24
395603 16876 24
395604 360 24
395605 395606 24
395607 395608 24
395609 2750 24
395616 1902 24
395619 2821 12
395620 256343 24
395621 8034 12
395622 7158 14
395622 1261 14
395624 2701 12
395625 395626 24
395627 104514 12
395628 395626 24
395629 357 12
395630 41213 8
395630 27104 8
395630 163121 8
395630 229366 8
395630 352532 8
395630 259222 8
395630 275154 8
395631 16133 24
395633 2481 24
395639 43886 24
395640 395641 24
395642 3207 14
395642 3207 22
395642 20886 14
395642 5151 14
395643 24722 24
395644 149674 24
395648 156666 24
395649 61848 24
395650 56789 24
395651 7158 24
47115 1313 22
395652 454 24
395653 16197 12
395654 361 22
395657 292799 24
395658 45449 2
395659 6888 24
395660 832 12
395662 18773 12
395663 1125 24
395666 11437 12
395667 12404 12
395668 12405 24
395669 165663 12
395670 12404 12
395672 89781 24
395678 395679 24
395680 395681 24
392727 8143 12
395685 39103 24
395686 36679 24
395687 14412 12
395687 8781 8
395688 120142 24
395690 5256 8
395690 3068 8
395690 5259 8
395690 21681 12
395690 73 2
395691 13454 12
395692 69808 24
395693 142680 25
395693 1297 9
395695 32343 12
395696 19001 24
395698 19181 24
395700 155382 14
395700 211457 14
395702 43553 24
395704 2221 24
395705 4677 24
395706 395707 24
331310 13335 12
331310 118134 25
395708 141617 11
395709 5508 24
395715 120142 24
395716 136382 24
395717 395718 24
104576 395720 24
395723 12585 24
395724 57249 24
395725 2993 24
395726 126310 24
395727 1830 8
395728 3847 24
395731 395732 24
395733 35222 24
395734 1356 24
395735 2206 12
395736 123704 24
395737 7076 9
395738 832 2
395738 2206 12
395739 282 24
395742 21906 24
395748 53254 12
395749 120142 24
395750 37288 27
395750 395751 27
395752 1196 2
395753 361 24
395754 41784 12
395755 42498 2
395755 70718 12
395756 4392 24
395757 120142 24
395758 11004 12
152265 2570 12
395763 54840 12
395764 79322 24
395766 4457 12
395771 10494 9
395773 832 12
395774 73947 24
395775 3068 8
395775 5260 8
395775 5565 8
395775 245331 8
395776 18786 24
395778 7653 12
395779 6335 12
395780 12405 24
395782 41595 24
395783 61843 12
395784 39106 24
395785 819 24
395786 47392 24
395787 1082 22
395787 117266 12
395789 277 24
395792 6889 24
395793 5554 12
395794 15305 8
395801 395802 24
395803 78478 24
395804 459 14
395804 24661 2
395804 395805 14
395804 322249 14
395808 70189 12
395808 26968 8
395811 98674 12
395813 118464 8
395814 67658 12
346845 3843 24
395815 279499 12
395816 377365 24
395818 118464 8
395819 31163 24
395820 198461 24
395821 94639 24
395822 89776 24
395824 334947 24
395825 15500 8
395826 50733 24
395831 4164 12
395831 458 22
395831 127298 9
395832 33407 24
395833 163200 24
259441 106223 14
395836 20660 24
395837 10634 24
395838 395839 24
395840 59495 12
395840 32951 2
395841 8781 8
395612 360 14
395612 29360 14
395844 9100 14
395845 1048 24
395847 93669 12
281637 45161 12
395854 41022 24
395856 252765 24
395857 16502 24
395857 277909 24
395858 61471 12
395859 1325 24
395860 1196 24
395861 32825 8
395862 4457 24
395863 16502 24
395864 42566 12
395865 42578 2
395865 91214 12
395866 252765 24
395867 2519 22
395867 44413 24
395867 44413 2
395870 2016 8
395871 5509 24
395874 93023 24
395875 3845 12
395876 43558 2
395880 93023 24
395881 162541 12
395882 16526 14
395889 93135 24
395890 280 24
395891 9100 24
395895 440 24
395896 136683 12
395896 136683 2
395898 1380 24
395899 93023 24
395902 1313 24
395903 43553 24
395904 43553 24
395905 318192 12
395906 22562 24
395907 52509 24
395908 1086 19
395909 2700 24
395910 231081 24
395912 103691 24
395913 22562 24
395915 6795 12
395917 2519 22
395919 3987 24
395922 1048 24
395923 7363 22
395924 193 2
395925 3803 24
395927 102258 14
395927 37288 27
395927 655 2
395929 43578 24
395930 13315 24
395931 73947 24
395932 395933 14
395932 145571 9
395934 162393 24
395935 4278 14
395936 1178 12
395937 73947 24
136680 37992 12
395938 2519 22
395938 133324 24
395938 135324 2
395941 353180 24
395942 4164 12
395943 5173 8
395943 3992 12
395943 352197 8
395943 395946 8
395947 19899 12
395947 19899 2
395947 13409 8
395947 13410 8
395948 2701 12
395949 395950 24
395951 167498 9
395952 5120 12
395953 1830 8
395955 108721 24
395957 8538 24
395958 10686 24
395959 61065 24
395960 1386 24
395961 10262 24
395962 265861 12
395962 187925 8
395963 457 24
395964 272073 24
395967 57663 12
395968 19181 24
395969 55816 12
395972 4936 12
395973 832 12
395974 929 8
395975 5259 8
395975 106212 12
395975 5260 8
395976 19547 24
391360 90387 9
395978 371892 24
395979 92745 24
395980 92745 24
395981 92745 24
395982 92745 24
395983 117303 24
395984 92745 24
395985 92745 24
395986 3803 24
395987 92745 24
395988 92745 24
395989 92745 24
395990 92745 24
395991 92745 24
395992 92745 24
395993 92745 24
395994 92745 24
395995 92745 24
395996 161642 24
395997 92745 24
395998 92745 24
395999 92745 24
396000 6259 2
396000 396001 24
396002 92745 24
396003 92745 24
396004 92745 24
396005 92745 24
396006 89781 24
396007 92745 24
396008 92745 24
396009 92745 24
396010 220 2
396011 92745 24
396012 92745 24
396013 92745 24
396014 92745 24
396015 92745 24
396016 92745 24
396017 92745 24
396018 92745 24
396019 92745 24
396020 92745 24
396021 2745 14
396021 2745 22
396021 458 14
396022 279487 24
396023 93135 24
396024 396025 24
396026 396027 24
396028 4278 24
396029 94563 24
396030 93135 24
396031 25131 12
396040 109209 24
396041 16502 24
396042 9039 12
396045 7973 24
396046 106402 12
396047 17421 12
8125 39184 12
396050 50067 24
396054 67905 24
396056 396057 24
396058 3123 24
244865 396059 2
244865 152330 12
396061 160030 24
396066 64612 24
396067 161654 24
396072 2598 24
396074 532 24
396075 10351 24
396076 532 24
396077 30892 24
396079 45449 12
396080 361 24
396081 83859 12
396082 4384 12
396083 37992 24
396085 73947 24
396087 25925 24
396088 73947 24
396094 2750 24
396095 438 24
396096 39340 12
396097 12562 24
396098 2774 24
396099 5562 8
396099 3068 8
396099 5260 8
396099 5261 8
396100 42985 12
396100 99981 9
396109 3012 24
396110 17335 14
396110 135441 9
396111 95032 12
396112 5508 24
396113 262202 24
396114 396115 24
396116 2807 24
396117 92745 24
396118 38316 24
396119 131260 24
396120 2037 24
396121 396122 24
396123 41024 24
396124 39412 24
396125 396126 24
396127 90227 24
396128 396129 24
396130 396131 24
396132 396133 24
396134 396135 24
396136 396137 24
396138 39411 24
396139 3207 22
396141 19547 24
396142 12176 12
154334 6259 24
396144 37161 24
396149 15345 24
396150 64078 12
396154 396155 24
396156 396157 24
396161 58670 12
396162 2745 24
396163 138269 8
396164 72558 24
396165 396166 24
396167 21430 12
396168 11260 12
396169 1390 22
396171 73 12
396173 6994 12
396173 122409 2
396175 356 14
396175 241357 14
396176 16133 24
396177 2700 24
396181 390415 12
396182 285 22
396183 457 24
396184 6259 2
396185 144056 24
396192 41031 24
396193 5121 24
396196 198755 24
396197 164331 12
396200 396201 24
396202 396203 24
396204 198604 24
396205 198606 24
396206 198790 24
396207 164918 24
396208 37885 8
396208 204567 8
396208 3845 12
396209 104795 24
396210 13454 24
396211 832 2
396212 2206 12
396214 13454 24
396215 364 24
396216 35405 12
396218 37885 8
396219 2774 14
396219 26579 14
396220 123704 24
396223 219904 24
396224 2519 24
396225 396226 14
396225 63003 12
396225 376743 9
396227 396228 14
396229 24630 22
396231 122313 24
396232 4936 12
396233 2519 24
396234 93135 24
396235 93135 24
396236 8604 24
396237 539 12
148959 360 14
148959 360 22
148959 789 12
148959 13809 9
148959 13809 25
396239 93023 24
396240 396241 24
396242 93023 24
396245 438 24
396246 57548 24
396247 198873 24
396251 19498 24
396252 357 12
396255 8892 12
396257 81 12
396258 396259 24
396260 4389 24
396256 25523 12
396261 78398 12
396265 4440 24
396267 145788 24
396268 98955 24
396271 396272 24
396273 242013 24
396274 4440 24
396275 250368 24
396276 31873 24
396277 357 24
396281 655 12
396282 59367 2
396285 396286 24
396287 43029 24
396288 37625 12
396289 36646 8
396291 61838 12
396294 1370 2
396294 365 22
396295 161517 12
396296 9336 24
396297 98838 12
396298 76130 24
396299 89764 24
396302 929 8
396303 89779 24
396304 7956 24
396305 454 24
396306 32895 2
396306 68095 12
396307 539 24
396308 357 24
396309 26968 8
396312 46614 26
396313 46614 26
396314 205821 14
396315 46614 26
396316 46614 26
396317 46614 26
396318 94639 24
396319 197382 24
396320 89779 24
396322 3068 8
396322 41026 12
396322 5563 8
396322 41790 8
135147 40557 24
396323 161661 24
396324 89764 24
396325 9039 24
396326 4389 24
396327 89799 24
396328 458 22
396328 396329 8
396331 25196 24
396333 13628 14
364979 98702 12
364979 98702 2
396335 78591 24
396336 2751 24
396339 17421 24
396340 46944 14
396341 280 24
396343 38970 12
396345 13350 12
396345 2627 25
396346 357 24
396347 165957 24
396348 165957 24
396349 2700 24
396350 1099 24
396351 1099 24
396352 12852 12
396353 5258 8
396353 41139 2
396353 27104 8
396353 32825 8
396354 396355 24
396356 43558 12
396357 18773 12
396358 280586 12
396361 5259 8
396361 32825 8
396366 123391 24
396370 69354 12
396371 396372 24
23025 36035 9
23025 19285 11
23025 32325 25
396373 6888 22
396373 1760 12
396373 1760 14
396374 84276 24
396375 86081 14
396376 106402 12
396376 74087 9
396377 396378 24
396381 29048 24
396384 25242 24
396385 220 24
396386 118464 8
396387 118464 8
396388 18694 12
396389 108466 12
396390 1634 24
168753 7369 24
396391 135901 12
396391 46050 9
396391 169483 14
396392 396393 12
396392 396393 14
396394 238480 12
396394 84492 14
396395 112646 12
396395 84492 14
396396 3001 24
396397 84492 14
396397 169483 12
396398 32951 12
396399 358705 14
396399 144832 12
396400 3843 24
396401 84492 14
396402 9039 24
396403 198802 24
396404 78199 24
396405 46820 8
396406 37637 24
396406 207521 24
396407 31589 24
396408 232164 24
396409 162387 24
396410 37637 24
396411 12562 24
396412 832 24
396413 1792 12
396413 8781 8
396414 396415 12
396414 396416 14
396417 19544 24
396418 94563 24
396420 5256 8
396420 3068 8
396420 5258 8
396420 5259 8
396420 109827 12
396420 5260 8
396420 41213 8
396420 32825 8
396420 111612 8
396420 10694 8
396420 41790 8
396421 24721 24
396422 19552 24
396424 22562 24
396425 19547 2
396426 207867 24
396427 2309 24
396428 77854 11
396432 130189 9
396432 80597 2
396432 238480 12
396433 1411 24
396434 5256 8
396434 3068 8
396434 59239 12
396434 59239 2
396434 10694 8
396434 3072 8
396435 4169 12
396435 300264 14
396436 31873 24
396437 89778 24
396438 396439 12
396438 49988 14
396440 25443 12
396440 7458 2
396441 48768 24
396442 22562 24
396443 396444 12
396443 396444 14
396445 89762 24
396446 357 12
396447 57694 12
396448 6982 12
396449 22562 24
396450 2206 12
396456 396458 9
396459 832 12
396460 58119 24
396461 655 2
396461 147612 9
396463 22562 24
396464 112646 14
396465 396466 24
396467 112646 14
396467 62426 12
396470 2745 24
396472 458 22
396474 57693 24
396475 396476 24
396477 819 14
396477 81 14
396478 3845 12
396479 187229 24
396480 89779 24
396483 10719 2
396484 396485 24
396486 5256 8
396486 3068 8
396486 5563 8
396486 41790 8
396487 36375 24
396488 92745 24
396489 1830 8
396490 92745 24
396491 3068 8
396491 5563 8
396491 10694 8
396491 6484 8
396491 41790 8
396492 25443 12
396493 13421 24
396494 89777 24
396495 3129 12
396496 62380 24
216883 655 12
396497 76130 24
396498 40456 24
396499 12247 12
396500 2700 24
396501 93095 24
396502 300306 9
396503 118464 8
87697 8531 24
396505 108702 11
396506 3130 24
396509 118464 8
396510 118464 8
396511 217887 14
396513 136414 12
396513 136414 14
396514 1015 12
396514 136157 14
396515 396516 12
396520 357015 24
396523 207650 12
396523 163330 14
396524 36863 24
396525 1313 22
396525 832 24
396525 832 2
396311 350393 24
396526 396527 24
396528 201123 24
396529 18773 24
396530 280 24
396531 396532 14
396531 171837 12
396533 61952 12
396533 29223 14
396534 27167 9
396534 396535 14
396534 68761 12
396537 235534 24
396538 396539 14
396538 396540 12
396541 21789 22
396541 37625 12
396542 396543 14
396544 396545 24
396546 5508 24
396547 78408 12
396548 162666 24
396549 2906 24
396550 96217 24
396551 396552 24
396553 126185 12
396554 1099 24
396555 396556 24
396558 118464 8
396559 18275 24
396560 1326 24
396562 279169 24
396563 119189 24
396564 119189 24
396565 31987 24
396567 4076 24
396568 41321 24
396569 137693 24
396572 832 12
396572 832 2
396573 396574 8
396576 41321 24
396577 2486 24
396578 5508 12
396578 11626 2
396579 4389 24
396588 284 24
396589 48674 24
396590 81477 9
396591 19547 24
396593 50733 24
396595 145083 12
396596 7332 24
396597 94612 24
396598 162666 24
396599 396600 24
396601 42695 12
396602 396600 24
396603 396604 24
396606 11305 12
396614 231525 24
396615 32307 24
396616 15414 12
396617 2014 9
396617 11857 25
396621 5508 12
396622 1067 24
396623 97483 8
396624 2745 22
396626 48674 24
396627 35382 2
396636 48674 24
396637 2221 12
396638 108751 24
396639 2784 24
396641 267268 24
396642 2221 12
396643 98838 12
130473 3032 2
396645 2221 12
396646 76130 24
396649 253872 24
396650 49477 12
396651 396652 24
396653 214358 24
396654 655 12
396655 93023 24
396656 50067 24
396657 57474 24
396658 389663 24
396659 13052 24
396660 8143 12
396662 54409 24
396663 3845 12
396664 93023 24
396666 10763 24
396667 1114 9
396667 53191 12
396668 46204 12
396669 267268 14
396670 156443 24
396671 93023 24
396672 55500 24
396673 16133 24
396675 57345 24
396676 396677 24
396679 285 24
396686 396687 24
396688 45958 24
396691 4440 2
396692 68875 24
396694 31661 2
396694 171829 12
396695 3068 8
396695 141738 27
396695 10694 8
396695 396696 27
396695 396697 27
396695 42161 9
396698 31661 2
396699 52372 12
396700 36863 24
396701 1830 8
396703 31661 2
396708 2515 26
396709 31661 2
396709 396710 12
396711 438 22
396712 31661 2
396712 38688 12
396713 145422 24
396714 48229 24
396715 102287 12
396718 832 24
396719 31661 2
396720 18786 24
396721 1370 14
396722 22417 12
396723 104592 24
396724 261753 24
396725 261753 24
396726 396727 24
396730 84655 24
396731 251509 24
396732 188004 9
396733 98674 12
396734 33407 12
396735 129993 12
396736 396737 24
396738 64232 24
396739 15239 12
396740 31987 24
396741 1099 24
396748 41322 24
396749 364 14
396749 364 22
396749 25964 14
396749 25965 12
396754 117854 9
396761 7956 12
396762 19293 24
396763 13454 2
239644 832 12
396764 360 14
396764 360 22
396764 25523 2
396765 2750 24
396766 31873 24
396767 789 12
396768 79778 24
396769 252765 24
396770 396771 11
396772 539 24
396773 539 24
396774 396775 24
396776 234188 24
396778 2515 24
396779 34389 24
396780 31589 24
396781 94324 12
396782 12247 12
396783 396784 24
396785 50733 24
396786 1389 24
396787 196702 24
396792 37637 24
396794 250368 24
396795 260865 24
396797 7492 24
396798 5509 24
396799 1010 24
396800 6994 24
257519 396804 9
396806 16526 24
396807 5314 24
396808 55262 24
396811 3012 24
396814 30925 24
396815 440 24
396816 261753 24
396817 17855 24
396818 54409 24
396820 89780 12
396826 96480 24
396828 4278 24
396829 396830 24
396831 73947 24
396832 151397 24
396833 153055 24
396834 37303 24
396836 3831 24
396837 156700 24
396838 66854 12
396839 93023 24
396840 396841 24
396842 93023 24
396846 93023 24
396853 73606 24
396854 9336 24
396855 93023 24
396856 32241 12
365725 13500 24
396857 84655 24
396858 4169 14
396867 67910 12
396869 396870 24
396871 138377 24
396872 67260 12
396873 24635 12
396877 7953 12
396878 51404 24
396880 48674 24
396881 3012 24
396882 3012 24
396883 6186 8
396884 3012 24
396885 3012 24
396886 3012 24
396887 3012 24
396888 37288 27
396889 3012 24
245511 25443 12
245511 6335 2
396890 13454 24
396891 15345 24
396892 3012 24
396893 68170 24
396894 92660 24
396895 42148 2
396895 396896 12
396897 357 24
396898 3012 24
396899 3012 24
396902 8143 12
396903 396904 24
396905 3012 24
396906 3012 24
396907 289035 24
396909 94015 24
396910 457 24
396911 79247 24
396912 1099 24
396913 2700 24
396914 26495 24
396916 78398 2
9035 8019 12
396918 396919 24
396920 385626 24
396921 18786 24
396922 2700 24
396927 2700 24
396928 2700 24
396931 65743 24
396932 105565 24
396933 396934 24
396935 2199 2
396936 6129 8
396937 101394 24
396939 11437 12
396942 261753 24
396943 108464 24
396944 198076 24
396945 156449 24
396957 4985 2
396959 131040 24
396960 108464 24
396961 148549 24
396962 103150 24
396963 18773 24
396965 91062 24
396966 305218 24
396967 1313 14
396967 122447 14
396968 285 24
396971 136271 9
396972 1370 12
396972 94054 2
396973 41139 12
396973 44401 8
396974 52953 24
396976 31967 12
396977 9336 24
396978 93095 24
396979 40953 24
396980 2993 24
396981 119376 11
396983 46290 24
396984 2514 12
396984 2515 26
396985 539 24
396986 396987 24
396988 1323 24
396989 6481 24
396990 122356 24
396991 265099 24
396992 197204 24
396993 80582 12
125109 13454 2
396995 3012 24
9832 2011 12
9832 2011 2
396996 22670 24
396997 41024 24
396998 457 14
396998 2532 14
396999 397000 14
397001 1634 12
397001 1634 2
397002 307394 24
397003 166761 24
397004 73947 24
397005 2515 26
397006 166761 24
397013 2016 8
397013 76351 12
397013 2074 8
397013 31214 8
397015 43271 2
397016 57520 2
397016 147048 12
397017 18298 22
397019 73606 24
397020 2515 26
397021 11949 24
397022 256421 24
397023 261753 24
397024 18145 24
397025 18145 24
397026 18145 24
397027 93095 24
397028 117362 24
397029 280 24
397030 285 24
397031 397032 24
397033 2307 24
397034 68157 24
397035 68153 24
397037 46961 24
397039 655 12
397040 52372 24
397041 164771 12
397042 21430 24
397044 27104 8
397045 2629 12
397046 655 12
397047 2729 24
397055 25851 24
397056 3130 24
397057 2808 24
397058 73947 24
397059 92660 24
397060 26968 8
397060 14244 12
397061 19567 24
397062 15357 12
397063 360 22
397063 10351 14
397064 1326 12
397065 73 12
397066 397067 24
397080 3129 2
397080 25523 12
397081 53191 24
397083 125402 24
397084 3207 22
397084 2221 14
397084 7363 14
397085 32319 24
397086 32319 24
397087 59511 12
397088 3068 8
397088 5259 8
397088 44401 8
397088 5260 8
397088 32825 8
397088 10694 8
397089 120425 8
397090 64623 24
397092 7638 24
397094 56792 12
397094 56925 2
397097 2700 24
397098 425 12
397099 234188 24
397100 360 22
397100 1902 12
397101 18773 12
397102 397103 24
397105 1098 2
397105 117854 9
397106 397107 24
397108 1125 12
397109 108464 24
397110 16196 24
397111 458 22
397112 46944 12
397112 3431 8
397113 268453 24
397114 28489 14
397115 397116 24
397117 397116 24
397119 299162 24
397120 397116 24
397121 1370 2
397122 8781 8
397123 6178 24
397124 12535 24
397125 64603 24
397125 131166 24
397126 10634 24
397127 11857 9
397127 56713 12
397130 23562 12
397131 299162 24
397132 361 22
397132 19051 2
397133 2309 12
397133 56834 2
397134 9336 24
397134 291552 24
397135 13454 12
397135 42578 2
397136 42578 2
397136 123232 12
397141 3987 24
397142 41139 24
397143 114541 12
397143 361022 27
397144 2210 12
397144 141708 14
397144 397145 27
397146 21762 24
397147 105739 24
397148 19293 22
397148 114047 9
397148 397149 12
397150 5151 24
397151 138377 24
397152 160625 12
397153 361 24
397160 68170 24
397161 81 12
397162 397163 24
397164 24635 24
397165 55638 12
397166 41030 24
397168 23562 12
397169 104376 24
397170 29851 24
397171 91534 9
397171 90387 25
397182 18275 24
397183 16479 24
397184 92775 24
397185 4985 24
397189 10360 2
397191 2199 2
397192 93023 24
397193 397194 24
397198 35222 24
397199 2700 24
397201 35222 24
397203 56108 24
397204 36393 24
397205 35222 24
397206 93023 24
397207 8143 12
397209 34383 24
397212 1411 24
397213 4167 12
397214 12535 24
397215 35222 24
397216 1098 12
397217 35222 24
397218 397219 24
397220 11763 24
397221 35222 24
397222 361 22
397222 16197 2
397224 285 24
397225 357 12
397225 44401 8
397226 397227 24
397228 11692 12
397229 1384 24
397230 11260 24
397231 68527 24
397232 304056 24
397233 59675 24
397234 17177 24
397235 1178 14
397235 4278 14
397235 37625 12
397236 81 2
397237 12176 24
397239 194846 9
397252 365 22
397252 1045 25
397252 193768 11
397252 162958 8
