9308
357447 8659 29
357448 270832 18
357463 41300 18
357469 7267 18
357469 42419 18
357469 258757 18
357473 162513 18
357490 273620 28
357503 201573 18
357504 108134 18
357504 357505 18
357504 240964 18
357504 74303 18
357504 357506 18
357507 2256 29
357507 7553 29
357507 44344 29
357513 185383 18
357513 16548 18
357522 13833 18
357522 197780 18
357522 188999 18
357522 201562 18
357522 335688 18
357522 285640 18
357522 146598 18
357522 197784 18
357522 200695 18
357522 227616 18
357522 284509 18
357522 193726 18
357522 201570 18
357575 45114 18
357575 160014 18
357578 211550 18
357578 238392 18
357578 201360 18
357578 197789 18
357578 144521 18
357578 275798 18
194670 84794 18
194670 74132 18
194670 14446 18
194670 45175 18
194670 96719 18
194670 201761 18
194670 243297 18
357593 17774 18
357596 7204 18
357596 7213 18
357596 259470 18
357596 83266 18
357600 133370 18
357607 2256 29
357614 8659 29
357619 29577 18
357623 320531 28
357651 19886 28
357652 19886 28
357653 89096 18
357653 292565 18
357653 210105 18
357654 19886 28
357658 19886 28
357660 8281 18
357660 49734 18
357660 212062 18
357660 357661 18
357660 357662 18
357660 197912 18
357660 251090 18
357660 223675 18
357660 172899 18
357660 73350 18
357660 213595 18
357660 321066 18
357660 27962 18
357663 19886 28
357668 233984 18
357668 197559 18
357668 189693 18
357668 231555 18
357668 155396 18
357674 19886 28
357676 13500 28
357676 87293 28
357677 91274 28
357677 87293 28
357677 334505 28
357678 5182 18
357678 17773 18
357678 184386 18
357678 340382 18
357678 55519 18
357679 91274 28
357679 87293 28
357679 334507 28
357681 291604 28
357681 87293 28
357682 82924 28
357682 87293 28
357684 197549 28
357684 87293 28
357688 300960 28
357689 220997 28
357689 220998 28
357690 15585 18
357690 333151 18
357690 141521 18
357692 91274 28
357692 87293 28
357694 138711 28
357694 104514 28
357707 83879 18
357707 175390 18
357707 318683 18
357707 270255 18
357707 357708 18
357707 189689 18
357707 255094 18
357711 337000 18
357712 13500 28
357725 4366 13
357734 132847 28
357734 240712 28
327129 45135 18
327129 293868 18
357746 108 18
357746 74137 18
357755 155636 18
357802 14744 18
357802 3749 18
357802 130379 18
357802 11747 18
357802 42416 18
357802 206978 18
357802 126922 18
357802 46769 18
357802 245698 18
357863 43558 28
357868 196758 28
357872 138796 18
357875 33609 18
357875 357876 18
357875 357877 18
357875 195195 18
357896 42090 1
357933 105681 18
357933 357935 18
357933 20528 18
357944 78766 18
357948 1832 29
357989 313838 18
357989 207693 18
357989 130020 18
357990 1832 29
358019 358022 18
358037 344933 18
358037 358038 18
358037 145553 18
358037 358039 18
358037 337598 18
358040 49079 18
358070 222673 18
358070 90207 18
358071 96305 18
358071 30802 18
358071 136523 18
358071 21421 18
358071 103249 18
358071 55529 18
358080 516 18
358080 347788 18
358080 74947 18
358080 4897 18
358080 153969 18
358080 226865 18
358083 179931 18
358083 10429 18
358083 16818 18
358083 16820 18
358083 136529 18
358085 88227 18
358086 358087 18
358119 193709 18
358119 350314 18
358119 231201 18
358119 306672 18
358119 278361 18
358119 146689 18
358119 197795 18
358125 56046 18
358126 44764 18
358126 43620 18
358126 5097 18
358126 211155 18
358126 31701 18
358129 260355 18
358142 73385 18
358142 166903 18
358142 358143 18
358146 114160 18
358148 114160 18
358148 35582 18
358148 35583 18
358148 165024 18
358148 147652 18
358159 32365 18
358159 102787 18
358171 334828 18
358289 169477 18
358289 251051 18
358323 235490 18
358323 249796 18
358342 2256 29
358356 43435 18
358361 74348 18
358361 53233 18
358361 272235 18
358361 150708 18
358361 236404 18
358363 241789 18
358363 160051 18
358363 107949 18
358363 160059 18
358363 160062 18
358363 160070 18
358363 160072 18
358363 160073 18
358363 107601 18
358363 243777 18
358363 257183 18
358363 358364 18
358363 254151 18
358363 105877 18
358363 358365 18
358363 358366 18
358363 160083 18
358363 160087 18
358363 160091 18
358363 283542 18
358363 205957 18
358363 104079 18
358363 254158 18
358363 254159 18
358363 252127 18
358363 358367 18
358363 104172 18
358363 358368 18
358363 358369 18
358363 297542 18
358363 298104 18
358363 243303 18
358363 358370 18
358363 358371 18
358374 358375 18
358374 335692 18
358393 144280 29
358408 358409 18
358442 358443 18
358442 358444 18
358442 24164 18
358442 358445 18
358442 358446 18
358442 358447 18
358442 358448 18
358442 358449 18
358442 358450 18
358442 358451 18
358442 358452 18
358442 269344 18
358442 358453 18
358442 358454 18
358442 358455 18
358442 271818 18
358442 358456 18
358491 2256 29
358491 8659 29
358499 200324 18
358499 84399 18
358582 25286 28
358582 358583 28
358624 142857 18
358624 201040 18
358642 92436 29
358648 2593 28
358649 104424 18
358649 96689 18
358654 184701 18
358673 196311 18
358687 31654 18
358687 16822 18
358699 91474 18
358699 355102 18
358706 321561 18
324855 358717 18
324855 211948 18
358744 169703 18
358749 146701 18
358749 325332 18
358749 144477 18
358749 350315 18
358749 199343 18
358749 231207 18
358749 168831 18
358749 259310 18
358749 193718 18
358749 193719 18
358749 340275 18
358749 325344 18
358749 201576 18
358749 350318 18
358751 8604 28
358754 358 15
358754 12699 15
358780 200983 18
358786 148725 1
358822 39190 18
358822 357662 18
358822 272026 18
358840 237758 18
358896 351262 18
358896 310845 18
358896 358897 18
358896 270408 18
358896 284760 18
358896 335180 18
358899 2256 29
358901 39534 18
358901 113882 18
358901 113192 18
358901 22440 18
358901 54564 18
358901 98061 18
286239 235309 18
286239 286240 18
286239 193810 18
358914 1829 29
358927 358928 18
358929 132821 28
358976 248170 18
358976 17789 18
358976 42917 18
358982 18879 30
358982 245094 30
358982 115877 30
358982 358983 30
358988 11502 18
358997 74161 18
358997 121337 18
358997 153969 18
358997 94846 18
359002 257778 18
359002 240856 18
359002 51570 18
359002 354999 18
359005 165984 18
359012 359013 18
359012 231898 18
359023 99289 18
105097 97862 18
105097 74947 18
359063 278076 18
359103 105112 18
359105 25267 18
359105 4408 18
359132 80686 18
359133 319987 30
359133 359134 30
359133 359135 30
359141 2256 29
359145 350127 18
359153 166643 18
359153 54290 18
359154 8659 29
359167 157012 18
359171 17171 30
359171 115877 30
359181 14477 18
359181 17045 18
359181 52416 18
359181 115777 18
359200 19300 18
359200 14153 18
359228 2256 29
359228 8659 29
359271 359272 18
359271 359273 18
359271 321125 18
359280 166998 18
359307 293718 30
359307 295870 30
359313 359314 30
359325 14120 29
359330 79025 18
359330 39138 18
359330 34154 18
359334 32394 29
359394 84131 18
359394 155817 18
359394 302006 18
359394 180228 18
359394 256210 18
359394 276603 18
359394 138167 18
359405 308891 18
359428 108811 15
359428 358 15
359428 12699 15
359440 300456 28
359441 154088 28
359441 258599 28
359441 258605 28
359441 258611 28
359441 258612 28
359441 258613 28
359441 258614 28
359441 258615 28
359441 258616 28
359441 258617 28
359441 359442 28
359441 359443 28
359441 359444 28
359450 257173 18
359450 250109 18
359450 201566 18
359450 200696 18
359450 235447 18
359450 343705 18
359450 247771 18
359450 353909 18
359450 347773 18
359450 277784 18
359450 228046 18
359450 211574 18
359450 257195 18
359450 334289 18
359450 233924 18
359457 159253 18
359457 233753 18
359457 103887 18
359457 272412 18
359457 289445 18
359457 198327 18
359457 347773 18
359457 180216 18
359457 359458 18
359457 324337 18
359457 288098 18
359457 118055 18
359457 121454 18
359460 32361 18
359460 76295 18
359460 44865 18
359468 2751 28
359470 23848 18
359470 10443 18
359470 42461 18
359470 189813 18
359470 10447 18
359470 219722 18
359470 136537 18
359477 359479 18
359490 310853 18
359494 114732 18
359501 311777 18
359501 248069 18
359512 3724 29
359518 23261 13
359530 24160 18
359530 51252 18
359530 51257 18
359530 24169 18
340602 76288 18
340602 92963 18
340602 4204 18
340602 52409 18
340602 32882 18
340602 17884 18
340602 32057 18
340602 81038 18
340602 93566 18
340602 4212 18
340602 38465 18
340602 24799 18
340602 29679 18
340602 118436 18
340602 83235 18
340602 14489 18
340602 157558 18
340602 129301 18
340602 46653 18
340602 82868 18
340602 200978 18
340602 28003 18
340602 54359 18
340602 123809 18
359545 20371 28
359557 74073 18
359557 74555 18
359557 34506 18
359557 48500 18
359560 42405 18
359560 249490 18
359560 287419 18
359603 4408 18
359604 44357 18
359604 186987 18
359604 125558 18
359616 153124 28
359628 137771 18
359633 146748 18
359633 163423 18
359711 2256 29
359711 96943 29
359717 4104 29
359717 2256 29
359717 359718 29
359717 40295 29
359743 10421 18
359743 334608 18
359743 341815 18
359748 341230 18
359748 357753 18
359755 170255 18
359755 359756 18
359755 331947 18
359757 19565 18
359761 2256 29
359778 2256 29
359778 7553 29
273047 73508 18
273047 73344 18
273047 42908 18
273047 153271 18
273047 229998 18
273047 163518 18
273047 273048 18
359787 124789 18
359790 14779 18
359790 14142 18
359822 1832 29
359830 31554 18
359830 98883 18
359831 292588 18
359837 97841 18
359843 3856 18
359843 101789 18
359843 14132 18
359843 92967 18
359843 7888 18
359843 212884 18
359843 4212 18
359843 168609 18
359843 14399 18
359843 15395 18
359843 42460 18
359843 135169 18
359843 194293 18
359843 38865 18
359843 27710 18
359843 38473 18
359843 91799 18
359843 176234 18
359852 49730 18
359852 49732 18
359853 231707 18
359881 231898 18
359881 59744 18
359881 103624 18
359881 20759 18
359881 113675 18
359881 149745 18
359887 2256 29
359891 2256 29
141790 14493 18
141790 73808 18
359921 223801 18
359921 34691 18
359921 99993 18
359930 151343 18
359930 228538 18
359930 359931 18
359948 82667 18
359948 31651 18
359948 52805 18
359948 26657 18
359949 2256 29
359949 8659 29
359959 3784 29
359959 92436 29
359959 86086 29
359989 11032 18
359992 80603 18
359999 115879 30
359999 294036 30
360001 126048 18
360003 178935 18
360003 212397 18
360003 195365 18
360019 18 1
360089 357 28
360090 360091 18
360090 360092 18
360109 104451 18
360163 141346 18
360163 149269 18
360183 1832 29
12189 11194 1
128635 335242 1
128635 335243 1
128635 182868 1
128635 360199 1
360237 77170 18
360237 173479 18
360238 39136 18
360238 8960 18
360238 81200 18
360238 84397 18
360238 31686 18
360238 219695 18
360245 1832 29
360245 4104 29
360245 2256 29
360245 48717 29
360245 8659 29
360258 164868 18
360267 74020 18
360273 41568 18
269844 140489 18
269844 355483 18
269844 319325 18
269844 282692 18
269844 277101 18
360310 16346 29
360311 27616 13
360313 23261 13
360315 241529 18
360323 128064 1
360349 81036 18
360349 192930 18
265377 44076 18
360398 114475 18
360398 74154 18
360398 171556 18
360398 246078 18
360416 8959 18
360416 8960 18
360416 14989 18
360416 315401 18
301293 166526 18
360436 360437 28
360472 141200 30
360472 220776 30
360484 168800 18
360484 168805 18
360484 360485 18
360484 343705 18
360484 285643 18
360505 234618 18
270741 360513 18
270741 215388 18
270741 94919 18
360514 360515 28
360524 102891 18
360524 163892 18
360542 186164 18
360542 153342 18
360542 360543 18
360545 228284 18
360545 360546 18
360545 360547 18
360545 170939 18
360545 171693 18
360545 264616 18
360545 264617 18
360545 293704 18
360545 293705 18
360545 268507 18
360545 228309 18
360545 360548 18
360545 107929 18
360545 360549 18
360545 268508 18
360545 350016 18
360545 251632 18
360545 360550 18
360553 44605 18
360553 43512 18
360553 7900 18
360553 122885 18
360553 47458 18
360553 360554 18
360555 7581 29
360566 17050 18
360566 27629 18
360566 259899 18
360566 360567 18
360594 227575 18
360600 24723 28
258935 247438 18
360672 165181 18
360672 147931 18
360672 44112 18
360683 357753 18
360685 95960 18
360685 95963 18
360688 235309 18
360688 303489 18
360688 360689 18
360699 31464 18
360699 128471 18
360699 107857 18
360699 146147 18
360699 145938 18
360699 87333 18
360722 20441 28
360758 8247 18
360758 76676 18
360758 134013 18
360760 233016 18
360763 192729 18
360763 21624 18
360763 138064 18
360763 43229 18
360770 225751 18
360770 302307 18
360770 285366 18
360770 360771 18
360770 140491 18
360777 264934 18
360783 1832 29
360783 2256 29
360783 7581 29
360783 8659 29
360793 2256 29
360806 226863 18
360808 92660 28
360858 85537 18
360858 280513 18
360858 52232 18
360869 189841 18
360869 106022 18
360869 360870 18
360876 1832 29
360876 32394 29
360879 1832 29
360880 145098 18
360889 2256 29
360893 306438 18
360893 192311 18
360894 86022 18
360894 204104 18
360896 44857 18
360931 245094 30
360931 115877 30
360931 289892 30
360931 296040 30
360931 202674 30
360931 360932 30
360947 47331 18
360947 205734 18
360947 205735 18
360947 13780 18
360947 236409 18
360947 205736 18
360948 44140 18
360950 293986 18
360951 39962 18
360956 124787 18
360956 168248 18
360956 45980 18
361004 35180 18
361004 74849 18
361004 975 18
361004 35750 18
361004 84309 18
361004 13383 18
361004 212008 18
361004 78033 18
361015 4428 13
361039 16346 29
361045 12186 1
361048 2256 29
361049 166865 1
361061 305521 30
361066 45868 18
361066 158539 18
361069 361068 18
361081 7252 18
361085 304712 18
361106 361107 30
361106 361108 30
361106 361109 30
361106 361110 30
361111 182057 18
361111 39145 18
361111 50912 18
361111 97851 18
361116 50470 1
361120 81200 18
361120 31481 18
361120 97069 18
361123 11643 18
361123 38766 18
361123 163257 18
361123 39203 18
361123 79026 18
361132 361133 18
361132 66685 18
361132 66686 18
361151 205950 18
361151 361152 18
361151 143135 18
361151 258043 18
361151 256331 18
361151 209390 18
361151 151506 18
361161 2256 29
361161 3784 29
361164 159253 18
361164 201573 18
361164 144718 18
361164 188999 18
361164 231204 18
361164 103919 18
361164 146687 18
361164 180168 18
361164 306834 18
361164 314692 18
361164 361165 18
361164 144558 18
361164 193723 18
361164 223824 18
361164 361166 18
361178 138573 18
361178 113708 18
361178 113709 18
361178 165528 18
361180 129589 28
361200 233298 18
361200 44395 18
361200 320607 18
361200 324845 18
361200 361201 18
361221 162352 18
361234 92436 29
361240 149804 18
361250 202968 18
361250 326415 18
361250 361251 18
361257 47165 18
361262 21354 18
361262 361263 18
361262 361264 18
361262 361265 18
361262 347549 18
361301 73271 18
361314 115877 30
361314 330860 30
361314 361315 30
361314 361316 30
361322 354597 18
361322 276645 18
361322 282525 18
361322 361323 18
361322 361324 18
361322 322498 18
361322 276649 18
361322 361326 18
361322 361327 18
361329 354597 18
361329 276645 18
361329 361323 18
361329 361324 18
361329 322498 18
361329 235322 18
361329 225753 18
361329 235324 18
361329 243787 18
361329 361326 18
361337 361338 18
361347 2256 29
361347 337000 18
361347 361348 18
361347 361349 18
361358 209049 30
361358 206388 30
361358 361359 30
361358 209050 30
361358 161720 30
361358 291649 30
361358 351344 30
361358 361360 30
361395 42376 18
319550 101043 18
319550 103299 18
319550 255978 18
319550 15164 18
319550 146002 18
319550 259698 18
361402 288077 28
361418 46010 18
361418 46017 18
361442 1829 29
361442 1832 29
361442 2256 29
361445 361446 18
361445 361447 18
361445 361327 18
361489 361490 13
361497 204412 15
361497 97681 15
361529 32765 18
361529 27928 18
361529 136 18
361543 240856 18
361543 131291 18
361543 192731 18
361543 173035 18
361543 143279 18
361550 661 18
93351 361566 1
93351 93356 1
361585 2256 29
361585 8659 29
361637 2256 29
361637 15823 29
361661 333719 18
361661 248842 18
361661 24367 18
361666 113840 18
361666 361667 18
361666 361668 18
361676 4104 29
361676 2256 29
361676 14120 29
361686 512 18
361686 515 18
361686 52696 18
361686 14443 18
361686 82673 18
361686 86190 18
361686 45369 18
361686 43631 18
361686 86194 18
361686 43695 18
361686 74543 18
361686 146842 18
361686 252980 18
361686 102722 18
361686 340671 18
361686 86198 18
361686 163436 18
361686 361687 18
361688 20712 18
361688 220392 18
361688 20716 18
361688 220417 18
361688 220419 18
361692 343757 18
361692 361693 18
361692 361694 18
361692 361695 18
361692 361696 18
361692 15574 18
361720 169341 18
361720 307479 18
361738 314876 18
361738 42393 18
237112 102937 18
237112 51032 18
361751 143141 18
361751 219579 18
361758 1832 29
361758 3406 29
361777 166274 18
361777 318683 18
361788 21948 18
361796 80066 18
361796 168482 18
361802 351277 30
361802 342072 30
361802 361803 30
361841 233816 18
361841 14755 18
361853 109209 28
361863 284 28
361869 103718 18
361869 12734 18
361869 193715 18
361869 227617 18
361869 34899 18
361872 30901 18
361872 30509 18
361872 315488 18
361872 145936 18
361872 86994 18
361877 210210 30
361877 206388 30
361877 11052 30
361877 361878 30
361877 209050 30
361877 161720 30
361877 284606 30
361877 321764 30
361877 227484 30
361877 361879 30
361877 361880 30
361877 361881 30
361877 351325 30
361877 361882 30
361898 205734 18
361898 205735 18
361898 205736 18
361928 25719 18
361930 75638 18
361930 140865 18
361930 164509 18
361930 353676 18
361937 240263 18
361937 159129 18
361964 125290 18
361973 34234 18
361973 37444 18
362001 18276 13
362004 23115 18
362004 10615 18
362027 138574 18
362038 139527 18
362070 143665 28
191657 2595 15
191657 362077 15
191657 19896 15
191657 358 15
362081 362082 18
362120 93729 18
362120 96570 18
362124 351277 30
362124 342072 30
362124 305523 30
362128 32061 18
362134 43570 18
362151 266729 18
362151 362152 18
362151 362153 18
362172 10426 18
362172 10445 18
362172 37740 18
362181 18310 18
362193 231641 18
362194 19884 28
362201 46060 18
362209 20024 13
261788 4883 18
261788 265887 18
362226 185336 18
362245 2256 29
362247 1832 29
362248 10851 29
362249 1832 29
362249 2256 29
362249 3406 29
362249 30245 29
362249 2361 29
362249 48717 29
362249 53441 29
362289 20934 13
362293 1832 29
362293 2256 29
362293 1851 29
362293 7581 29
362293 17367 29
362293 30245 29
362310 79135 18
362310 362311 18
362310 79150 18
362314 2596 15
362314 6904 13
362314 6913 13
362314 6914 13
362314 329354 13
362329 203496 18
362370 362371 18
362370 362373 18
362383 243973 18
362383 158498 18
362383 160204 18
362383 1540 18
362383 146666 18
362385 53156 18
362385 168515 18
362385 112416 18
362399 96275 18
362405 2256 29
362423 351277 30
362429 362430 18
362449 101053 18
362453 168795 18
362453 330840 18
362453 175949 18
362466 196194 18
362466 223822 18
362476 8532 28
362482 34756 18
362489 178548 18
362499 144195 18
362499 227464 18
362499 289037 18
362499 217821 18
362499 308899 18
362499 299220 18
362499 255799 18
362502 132681 18
362502 48093 18
362502 9448 18
362502 2112 18
362502 31544 18
362502 19309 18
362527 56046 18
362527 32514 18
362535 41558 18
362535 218671 18
362598 362599 18
362598 362600 18
362598 362601 18
362598 362602 18
362598 362603 18
362598 362604 18
362598 362605 18
362598 362606 18
362598 362607 18
362598 362608 18
362616 2256 29
362616 1851 29
362616 3724 29
362616 9602 29
362650 7581 29
362650 8659 29
362655 228283 18
362655 293141 18
362655 47164 18
362655 250554 18
362655 362656 18
362655 212806 18
362655 244855 18
362655 272645 18
362655 362657 18
362669 362670 18
362669 362671 18
362669 190016 18
362669 362672 18
362669 362673 18
362669 362674 18
362669 235151 18
362675 94743 13
362688 362689 1
362695 115812 18
362695 25818 18
362695 211093 18
362695 157373 18
362704 2256 29
362715 281511 18
362716 168515 18
362716 220307 18
362716 113437 18
362716 135961 18
362724 163514 18
362727 2256 29
362737 244421 30
362737 234872 30
362737 172466 30
362737 115877 30
362737 284718 30
362737 227483 30
362737 262204 30
362737 227484 30
362737 355038 30
362737 362738 30
362773 165756 18
362775 54052 18
362775 240856 18
362775 34926 18
362775 54056 18
362775 146537 18
362775 332524 18
362798 348170 18
362809 22943 18
362809 86592 18
362809 43550 18
362823 123162 18
362823 165343 18
362823 85982 18
362823 45086 18
362823 20525 18
362823 223788 18
362853 19105 18
362853 46764 18
362853 178200 18
362870 287372 18
362878 34166 18
362878 13381 18
362883 178940 18
362883 160082 18
362883 160084 18
362883 160089 18
362884 2256 29
362884 1851 29
362924 362925 18
362924 322112 18
362924 174686 18
362924 362926 18
362929 42006 1
362933 318854 18
362933 356166 18
362941 204236 18
362941 125192 18
362941 236402 18
362941 204146 18
362941 182843 18
362958 11023 18
362958 205762 18
362958 48579 18
362964 47150 18
362966 47150 18
362967 5464 28
362972 128659 18
362972 145200 18
362972 103624 18
362972 51622 18
362972 94444 18
362978 42373 18
362980 214348 18
362980 44763 18
362983 155228 18
363001 304785 18
107075 136690 1
107075 363024 1
363035 363036 18
312384 59745 18
312384 90086 18
363087 235490 18
363129 249389 18
363129 35280 18
363136 293717 30
363136 202675 30
363138 269992 28
363139 11646 18
363139 137312 18
363149 1832 29
363149 2256 29
363149 16346 29
363156 108190 18
363175 17171 30
363175 243062 30
363175 289892 30
363175 296255 30
263524 263522 1
263524 363195 1
263524 363196 1
263524 263537 1
363218 115877 30
363218 280546 30
363218 262204 30
363218 266452 30
363218 289893 30
363218 363219 30
363218 172467 30
363218 363220 30
363231 1832 29
363231 2256 29
363231 17367 29
363234 22712 13
363234 363235 13
363234 363236 13
363254 12224 18
363270 12919 1
363271 1832 29
363271 17367 29
363271 11538 29
363272 2256 29
363272 3784 29
363294 44187 18
363296 294285 30
363296 363297 30
363296 363298 30
363299 2256 29
363300 317666 18
363300 283686 18
363300 363301 18
363300 229765 18
363312 2256 29
363315 189493 18
363321 127302 28
363339 182003 18
363339 182004 18
363339 140221 18
363339 107611 18
363339 143150 18
363339 140247 18
363339 363340 18
363341 116802 18
363365 14666 18
363365 94184 18
363365 243840 18
363365 243841 18
363365 243842 18
363365 270102 18
363365 161810 18
363365 243843 18
363365 268073 18
363365 268074 18
363365 363366 18
363365 363367 18
363365 94498 18
363365 94499 18
363365 104237 18
363365 97829 18
363365 363368 18
363365 176192 18
363365 114221 18
363365 131324 18
363380 265284 29
363389 363390 18
363391 4255 18
363391 4260 18
363391 174518 18
363414 17171 30
363414 115877 30
363414 210610 30
363417 363418 18
363417 216688 18
363417 259054 18
54831 363450 1
363458 1832 29
363462 16346 29
363466 363467 18
363480 363481 28
363489 356544 18
363489 97838 18
363489 97845 18
363489 27957 18
363489 6720 18
363492 36898 29
363498 178976 30
363498 115877 30
363498 215907 30
363498 338613 30
363498 161722 30
363498 141202 30
363498 289893 30
363498 363499 30
363498 224709 30
363500 223674 18
363500 363501 18
363500 363502 18
363500 363503 18
363500 363504 18
363500 94852 18
363500 363505 18
363500 363506 18
363500 315700 18
363500 363507 18
363500 363508 18
363500 363509 18
363500 363510 18
363500 363511 18
363500 363512 18
363500 363513 18
363500 363514 18
363500 94854 18
363500 315701 18
363500 363515 18
363500 33286 18
363500 363516 18
363500 340019 18
363500 363517 18
363500 126884 18
363500 94856 18
363500 94857 18
363500 363518 18
363500 363519 18
363500 363520 18
363500 339354 18
363500 363521 18
363500 363522 18
363500 363523 18
363500 363524 18
363500 360513 18
363500 315703 18
363500 363525 18
363500 97830 18
363500 363526 18
363500 363527 18
363500 339355 18
363500 363528 18
363500 363529 18
363500 363530 18
363500 363531 18
363500 363532 18
363500 363533 18
363500 363534 18
363500 363535 18
363500 127550 18
363500 363536 18
363500 363537 18
363500 363538 18
363500 363539 18
363500 363540 18
363500 363541 18
363500 363542 18
363500 363543 18
363500 363544 18
363500 352703 18
363500 363545 18
363500 363546 18
363500 363547 18
363500 363548 18
363500 363549 18
363500 363550 18
363500 358445 18
363500 277484 18
363500 271902 18
363500 363553 18
363500 317142 18
363500 358446 18
363500 358447 18
363500 358448 18
363500 358449 18
363500 358450 18
363500 358451 18
363500 358452 18
363500 363554 18
363500 269344 18
363500 358453 18
363500 271818 18
363500 358456 18
363500 363557 18
363500 363558 18
363611 100091 18
363611 258474 18
363627 142873 18
363627 142877 18
363627 191783 18
363633 129932 18
363634 38049 18
363634 14747 18
363636 238740 1
363648 212053 28
363649 2256 29
363669 258594 28
363669 266911 28
363669 363670 28
363707 156876 18
363720 23100 18
363720 33873 18
363720 363721 18
363720 121178 18
228553 34420 18
228553 296510 18
363724 270102 18
363724 243843 18
363724 363366 18
363724 363367 18
363724 363368 18
363724 363725 18
363724 24166 18
363724 24167 18
363724 34938 18
363724 273048 18
363754 44394 18
363756 2256 29
363759 108706 18
363759 283197 18
363759 25825 18
363759 51402 18
363759 363760 18
363771 22334 18
363771 94006 18
315699 363502 18
315699 94853 18
315699 363510 18
315699 363511 18
315699 363512 18
315699 363518 18
315699 315703 18
315699 94858 18
363780 363508 18
363780 363509 18
363780 363514 18
363780 315701 18
363780 363515 18
363780 363516 18
249221 357708 18
363793 363513 18
363793 363514 18
363793 94857 18
363796 160042 18
363796 228039 18
363796 160045 18
363796 343267 18
363796 301429 18
363796 328381 18
363796 343705 18
363796 84145 18
363796 314163 18
363799 363513 18
363799 315701 18
363799 315702 18
363799 94855 18
363799 94856 18
363800 4916 1
363806 94852 18
363806 33286 18
172479 211969 18
172479 273369 18
172479 273370 18
172479 245109 18
172479 273361 18
172479 256319 18
172479 130623 18
172479 245113 18
363835 94853 18
363835 363514 18
363835 126884 18
363839 119555 18
363839 32361 18
363839 118497 18
363839 32377 18
363839 47066 18
363839 54299 18
363857 158403 18
363857 90068 18
363857 245043 18
363857 256124 18
363857 313489 18
363857 139022 18
363857 51574 18
363857 239752 18
363899 3784 29
363901 228592 28
363902 126883 18
363916 3784 29
363916 3724 29
363916 32419 29
363922 363520 18
363922 358450 18
363924 363520 18
363924 363522 18
363924 315703 18
171924 49197 18
363971 363523 18
363973 98377 1
363973 15352 1
363975 363524 18
363975 363527 18
363975 363530 18
363975 363531 18
363975 363535 18
363975 363541 18
363975 363976 18
363975 363542 18
363975 363554 18
363975 161817 18
363975 91 18
363975 363977 18
363975 93 18
363975 94 18
363975 363978 18
363975 95 18
363975 363979 18
363975 96 18
363975 363980 18
363975 363981 18
363975 363982 18
363975 363983 18
363975 97 18
363975 155387 18
363975 98 18
363975 269703 18
363975 363984 18
363975 318435 18
363975 363985 18
363975 363986 18
363975 318436 18
363975 363987 18
363975 318437 18
363975 363988 18
363975 363989 18
363975 363990 18
363975 363991 18
363975 363992 18
363975 155388 18
363975 363993 18
363975 363994 18
363975 363995 18
363975 363996 18
363975 363997 18
363975 155389 18
363975 363998 18
363975 363999 18
363975 364000 18
363975 155390 18
363975 364001 18
363975 364002 18
363975 364003 18
363975 364004 18
363975 364005 18
363975 364006 18
363975 155392 18
363975 364007 18
363975 364009 18
363975 364010 18
363975 364011 18
363975 364012 18
363975 364013 18
363975 364014 18
363975 364015 18
363975 364016 18
363975 364017 18
363975 364018 18
363975 364019 18
363975 364020 18
363975 364021 18
364023 173874 18
364023 360729 18
364025 363527 18
364025 363534 18
364025 127550 18
364025 363536 18
364025 363537 18
364025 363538 18
364025 363976 18
364025 363542 18
364025 91 18
364025 363977 18
364025 93 18
364025 363978 18
364025 97 18
364025 363984 18
364025 363986 18
364025 363987 18
364025 363992 18
364025 364002 18
364025 364003 18
364025 364026 18
364025 102 18
364025 364027 18
364025 364028 18
364025 155393 18
364025 364029 18
364025 364030 18
364025 318438 18
364025 364031 18
364025 364032 18
364025 364033 18
364025 364034 18
364025 364035 18
364025 364036 18
364025 364037 18
364025 364038 18
364025 364039 18
364025 364040 18
364025 364041 18
364025 364042 18
364025 364043 18
364046 363527 18
364046 363529 18
364046 363530 18
364046 363533 18
364046 127550 18
364046 363537 18
364046 363542 18
364046 96 18
364046 98 18
364046 363984 18
364046 363987 18
364046 311813 18
364046 363988 18
364046 363989 18
364046 364002 18
364046 364003 18
364046 364005 18
364046 364047 18
364046 364006 18
364046 364048 18
364046 169912 18
364046 169913 18
364046 364049 18
364046 169914 18
364046 364050 18
364046 364027 18
364046 364028 18
364046 155394 18
364046 364030 18
364046 364051 18
364046 364052 18
364046 364032 18
364046 364020 18
364046 364034 18
364046 364035 18
364046 364036 18
364046 364037 18
364046 364038 18
364046 364039 18
364046 364040 18
364046 364041 18
364046 364053 18
364046 364054 18
364046 364055 18
364046 364056 18
364046 364057 18
364046 364058 18
364046 113 18
364066 363525 18
364067 101026 30
364067 206387 30
364067 161719 30
364067 141201 30
364067 321764 30
364067 364068 30
364077 364078 18
364077 363527 18
364077 363528 18
364077 363995 18
364079 363527 18
364079 363529 18
364079 363532 18
364079 127550 18
364079 363539 18
364079 363984 18
364079 311813 18
364079 363988 18
364079 363989 18
364079 364002 18
364079 364003 18
364079 364047 18
364079 364006 18
364079 169912 18
364079 169913 18
364079 364049 18
364079 169914 18
364079 364050 18
364079 169915 18
364079 272425 18
364079 169918 18
364079 169919 18
364079 364026 18
364079 102 18
364079 364027 18
364079 364028 18
364079 332136 18
364079 364029 18
364079 155394 18
364079 364030 18
364079 364080 18
364079 364081 18
364079 364052 18
364079 364032 18
364079 364033 18
364079 364082 18
364079 364083 18
364079 364034 18
364079 364035 18
364079 364036 18
364079 364037 18
364079 364038 18
364079 364039 18
364079 255388 18
364079 364084 18
364079 364085 18
364079 364086 18
364079 155408 18
364079 186380 18
364093 363984 18
364093 363986 18
364093 363987 18
364093 311813 18
364093 363988 18
364093 363989 18
364093 363990 18
364093 363991 18
364093 364028 18
364093 332136 18
364093 364019 18
364093 155393 18
364093 364029 18
364093 155394 18
364093 364030 18
364093 364094 18
364100 363532 18
364100 363548 18
364100 363995 18
364100 364003 18
364100 364004 18
364100 364030 18
364100 318438 18
364100 364094 18
364100 364031 18
364100 364034 18
364100 364086 18
364100 364101 18
364100 364102 18
364106 364078 18
364106 364004 18
364106 364080 18
364106 364082 18
364106 364083 18
364106 364020 18
364130 95045 18
364132 42518 18
364132 4134 18
364132 142740 18
364132 50037 18
364132 348829 18
364135 336335 18
364139 364140 18
364139 160091 18
364143 107949 18
364143 364144 18
364143 105877 18
364143 246631 18
364143 104148 18
364143 358366 18
364143 160089 18
364143 104151 18
364143 364145 18
364143 104152 18
364143 104154 18
364143 364146 18
364143 104155 18
364143 297538 18
364143 104163 18
364143 241795 18
364143 364147 18
364143 364148 18
364143 104171 18
364143 364149 18
364143 364150 18
364143 300289 18
364143 104180 18
364143 104181 18
364143 298104 18
364143 364151 18
364143 297341 18
364143 297342 18
364143 297343 18
364143 364152 18
364143 364153 18
364143 297344 18
364143 254165 18
364143 104189 18
364143 358371 18
364154 160051 18
364154 107950 18
364154 168807 18
364154 364155 18
364154 247771 18
364154 107955 18
364154 364156 18
364154 103950 18
364154 103951 18
364154 364157 18
364154 364158 18
364187 280546 30
364187 284606 30
364188 239163 30
364188 250007 30
364188 323361 30
245930 231639 18
245930 106721 18
245930 96692 18
364204 44290 18
364206 29442 18
364206 109611 18
364208 73066 18
364208 55871 18
364208 50595 18
364209 34435 18
364209 342697 18
364236 168783 18
364236 168784 18
364236 303559 18
364236 168808 18
364236 144483 18
364236 144485 18
364236 144488 18
364236 247771 18
364236 320413 18
364236 146710 18
364236 146630 18
364236 144542 18
364236 144548 18
364236 266096 18
364236 146662 18
364245 363527 18
364245 363535 18
364245 363540 18
364245 363548 18
364245 95 18
364245 363979 18
364245 363981 18
364245 97 18
364245 363984 18
364245 363987 18
364245 363988 18
364245 363989 18
364245 364002 18
364245 364005 18
364245 364050 18
364245 364027 18
364245 364028 18
364245 364029 18
364245 155394 18
364245 364030 18
364245 364051 18
364245 364081 18
364245 364031 18
364245 364032 18
364245 364082 18
364245 364083 18
364245 364020 18
364245 364034 18
364245 364037 18
364245 364038 18
364245 364039 18
364245 364112 18
364245 364114 18
364245 364115 18
364245 364118 18
364245 98625 18
364249 251432 28
363628 352703 18
363628 363545 18
363628 363546 18
363628 363547 18
363628 363549 18
364276 2256 29
364277 352703 18
364277 363545 18
364278 352703 18
364278 363545 18
364280 352703 18
364280 363545 18
364280 363546 18
364282 54255 18
364282 6112 18
364282 109622 18
364282 117478 18
364283 363545 18
364283 363546 18
364283 363547 18
364283 363549 18
364286 363545 18
364286 363546 18
364292 2256 29
364292 3724 29
364296 358444 18
364296 292565 18
364299 4415 13
364299 28520 13
364299 29052 13
364299 4430 13
364299 28786 13
364299 4443 13
364299 4444 13
364299 4445 13
364299 4446 13
364299 20419 13
364299 20420 13
364299 23287 13
364299 4447 13
364299 28942 13
364300 277483 18
364300 42917 18
223184 84 18
223184 363553 18
223184 42492 18
223184 223186 18
223184 183586 18
223184 223187 18
223184 223188 18
223184 223189 18
223184 223190 18
223184 223191 18
223184 223192 18
223184 223193 18
223184 223194 18
223184 223196 18
223184 223198 18
223184 161814 18
223184 223199 18
223184 223200 18
223184 131270 18
223184 223203 18
223184 364306 18
364346 16518 18
364346 46017 18
364356 17171 30
364356 243062 30
364356 115877 30
364356 364357 30
364379 190186 18
364381 13436 18
364381 364382 18
364381 202496 18
364381 202497 18
364381 364383 18
364381 96663 18
364381 126442 18
364381 101307 18
364388 125652 18
364395 31275 18
364395 113940 18
364395 152324 18
364395 112526 18
364395 91774 18
364395 87276 18
364395 31467 18
364395 171020 18
364395 235983 18
364395 42010 18
364395 200132 18
364412 147642 18
364412 358456 18
364413 316937 18
364449 233989 18
364480 160073 18
364480 160084 18
364480 160092 18
364480 364481 18
364480 364149 18
364480 364482 18
364480 104177 18
364516 363557 18
364517 363993 18
364517 363994 18
364517 363995 18
364517 363996 18
364517 363997 18
364517 364518 18
364517 155391 18
364517 364519 18
1060 175938 1
1060 364526 1
364536 165992 18
364543 82650 28
364550 15782 28
364551 94286 28
364551 94288 28
364552 1851 29
364553 92436 29
364553 86086 29
364563 49831 18
364563 49832 18
364563 49833 18
364563 49834 18
364563 49835 18
364563 49836 18
364563 49837 18
364563 49838 18
364563 49839 18
364563 49840 18
364563 49841 18
364563 49842 18
364563 49843 18
364563 49844 18
364563 49845 18
364563 49846 18
364563 49847 18
364563 49848 18
364563 49849 18
364563 49850 18
364563 49851 18
364563 49916 18
364564 4879 1
364593 127207 18
364593 197709 18
364593 243053 18
364593 285638 18
364593 210085 18
364593 1531 18
364593 234703 18
364593 181700 18
364594 202982 18
364615 86078 18
364616 2256 29
364618 78938 18
364618 176806 18
364633 55812 18
364646 98896 18
364647 224380 18
364656 95 18
364656 363979 18
364656 363981 18
364656 98 18
364656 364010 18
364678 326521 30
364678 271038 30
364678 363219 30
364685 91 18
364685 93 18
364685 95 18
364685 363979 18
364685 96 18
364685 363981 18
364685 363982 18
364685 97 18
364685 231653 18
364685 98 18
364685 364686 18
364685 364687 18
364685 114 18
364685 115 18
364685 119653 18
364685 119654 18
364685 119655 18
364719 15908 1
364720 109662 18
364720 364721 18
364724 73502 18
364724 131322 18
364724 13767 18
364724 212064 18
364724 96420 18
364724 273048 18
364725 229830 18
364736 94745 13
364743 4104 29
364777 1832 29
364777 2256 29
364792 77999 18
364792 200667 18
364816 363987 18
364816 363988 18
364816 364051 18
364816 44650 18
364817 363984 18
364817 363986 18
364817 364026 18
364817 102 18
364817 364028 18
364817 364019 18
364817 155393 18
364817 364029 18
364817 155394 18
364817 364030 18
364830 350130 18
364830 350131 18
364830 213637 18
364887 257446 18
364887 167239 18
364887 42220 18
364887 35559 18
364889 112747 18
364889 42261 18
364891 94 18
364891 318437 18
364891 155388 18
364891 364893 18
364891 363994 18
364891 363996 18
364891 363997 18
364891 155389 18
364891 363998 18
364891 363999 18
364891 364000 18
364891 155390 18
364891 364518 18
364891 155391 18
364891 364001 18
364891 364894 18
364891 364519 18
364891 364895 18
364891 364081 18
364891 364086 18
364899 1832 29
364899 2256 29
364899 1851 29
364919 92436 29
364926 14918 18
364926 74034 18
364940 276787 18
364941 320396 18
364962 238036 18
123800 364978 18
364994 1832 29
364994 2256 29
365006 103881 18
365006 234005 18
365006 105560 18
365006 276601 18
365006 127367 18
365006 202970 18
365006 198287 18
365006 202971 18
365006 105563 18
365006 306833 18
365012 365013 18
365014 3793 18
365016 365017 28
365027 3724 29
365034 11050 30
365034 293718 30
365034 291649 30
365034 220777 30
365034 294035 30
365034 365035 30
365034 365036 30
365037 11052 30
365037 289892 30
365037 291649 30
365037 115880 30
365037 234873 30
365037 365038 30
365037 361881 30
365037 364357 30
365037 323722 30
365039 33410 28
246241 6137 1
365043 33798 18
365043 114163 18
365043 3774 18
365043 30592 18
365043 6844 18
365045 73376 18
365045 340382 18
365045 13767 18
365045 304026 18
365045 17780 18
365045 45128 18
365045 42492 18
365045 89513 18
365045 223195 18
365045 223198 18
365045 223201 18
365045 255093 18
365045 188895 18
365051 104478 18
365051 47063 18
365051 92649 18
365051 50003 18
365051 248941 18
332087 186969 18
332087 163255 18
329234 209705 1
365080 365081 18
365080 365082 18
365080 365083 18
365080 193074 18
365080 325042 18
365080 365084 18
365080 365085 18
365080 279132 18
365080 365086 18
365098 363980 18
365098 363983 18
365098 363996 18
365098 364002 18
365137 147471 18
365137 231391 18
365137 324648 18
365137 365139 18
365157 337597 18
365157 255738 18
365157 303488 18
365157 365158 18
365188 3724 29
365192 214727 18
365196 50497 18
365204 2256 29
364892 363541 18
364892 363983 18
364892 318435 18
364892 363994 18
364892 363995 18
364892 363996 18
364892 363997 18
364892 155389 18
364892 363998 18
364892 363999 18
364892 364019 18
364892 364094 18
365229 85999 18
365247 278411 18
365247 147471 18
365259 345624 18
365259 45137 18
365259 161057 18
365259 223190 18
365259 223192 18
365259 223193 18
365288 363989 18
365288 363990 18
365288 102 18
365288 364028 18
365288 364035 18
365289 168807 18
365289 209690 18
365289 365290 18
365289 192649 18
365291 155388 18
365291 364893 18
365291 363993 18
365291 363994 18
365291 363996 18
365291 363997 18
365291 155389 18
365291 363998 18
365291 363999 18
365291 364000 18
365291 364001 18
365291 364894 18
365291 155392 18
365291 364086 18
365291 364127 18
365294 24869 18
365308 117502 18
365308 33659 18
365308 198165 18
365309 49730 18
365309 49095 18
365309 49098 18
365317 154304 18
26709 84508 18
26709 82477 18
365326 116844 18
365326 33643 18
365332 94480 28
365333 2256 29
346001 39954 18
346001 129026 18
346001 74498 18
346001 153206 18
346001 150846 18
346001 168959 18
346001 128404 18
346001 89677 18
346001 169479 18
346001 90360 18
346001 144314 18
365348 365349 18
365362 365363 18
365362 171110 18
365372 8659 29
365373 281813 18
365386 176513 18
365386 124896 18
365386 278012 18
365389 281813 18
365389 365390 18
365389 191137 18
288021 84394 18
288021 138293 18
288021 184565 18
288021 266017 18
365422 1832 29
365422 2256 29
365422 7553 29
365422 2361 29
365467 132545 28
365468 74924 29
365471 200804 18
365471 44147 18
365475 248785 18
365496 154486 18
365496 125652 18
365496 32838 18
365514 209049 30
365514 266452 30
365537 363984 18
365537 318435 18
365537 363986 18
365537 364027 18
365537 364019 18
365549 364893 18
365549 363999 18
365549 364000 18
365549 155390 18
365549 364518 18
365549 155391 18
365549 364001 18
365549 364894 18
365549 364519 18
365549 364895 18
365549 364081 18
365549 27950 18
365552 100377 18
365552 100378 18
365552 100379 18
365552 100380 18
365566 159945 18
263288 155959 1
365574 365575 18
365578 152155 18
365598 51059 18
365618 94266 18
365618 74876 18
365632 161171 18
365632 18866 18
365632 365633 18
365658 1832 29
365665 10013 18
365665 29667 18
365665 153931 18
365669 1851 29
365669 9602 29
365669 7581 29
365692 365693 18
365695 8659 29
176449 234889 18
176449 133886 18
365736 245625 18
365737 248345 18
365737 365738 18
365743 249828 18
365779 261173 18
365782 145726 28
365785 96570 18
365785 23250 18
365808 161817 18
365822 304129 18
365822 282832 18
365822 355483 18
365822 365158 18
365835 119710 18
365835 139201 18
365835 139205 18
365835 132672 18
365835 139208 18
365835 139211 18
365835 139212 18
365835 139213 18
365835 139214 18
365835 139215 18
365835 139216 18
365835 139217 18
365835 139218 18
365835 139219 18
365835 139220 18
365835 139221 18
365835 139222 18
365835 139223 18
365835 139224 18
365835 139225 18
365835 139226 18
365835 139227 18
365835 139228 18
365835 139229 18
365835 139230 18
365835 139231 18
365835 132673 18
365835 139232 18
365835 139234 18
365835 139235 18
365835 139236 18
365835 139237 18
365835 139238 18
365835 139239 18
365835 139240 18
365837 1851 29
365838 2256 29
365843 55902 18
365847 237544 18
365847 365848 18
365847 275516 18
365847 275525 18
365847 275526 18
365847 319622 18
365847 275517 18
365847 365849 18
365847 319612 18
365847 320037 18
365847 319616 18
365847 319891 18
365847 278975 18
365847 365850 18
365847 206057 18
365847 268917 18
365847 271755 18
365869 1851 29
365882 230105 18
365882 53970 18
365884 146539 18
365884 355832 18
365885 365886 18
365889 119556 18
365889 111273 18
365889 119560 18
365889 108138 18
365889 121912 18
365901 1832 29
365920 364003 18
116720 10402 1
116720 9957 1
116720 915 1
365924 35055 1
365926 76677 18
365926 14465 18
365940 365941 18
365980 86 18
365980 29030 18
365980 229199 18
365983 233305 28
365983 94287 28
365983 94288 28
365988 233305 28
365988 132821 28
365988 94286 28
365988 94287 28
365988 141315 28
365988 94288 28
365999 302804 18
366003 366004 1
366005 18286 28
366012 329230 1
366020 54228 28
366020 56793 28
366020 135088 28
366020 135089 28
366020 56794 28
366020 135090 28
366020 135091 28
366020 135092 28
366020 56795 28
366020 135093 28
366020 56796 28
366020 135094 28
366020 56797 28
366020 135095 28
366020 135096 28
366020 56798 28
366020 135097 28
366020 56799 28
366020 135098 28
366020 41769 28
366020 135099 28
366020 135100 28
366020 56800 28
366020 135101 28
366020 135102 28
366020 135103 28
366020 56801 28
366020 135104 28
366020 135105 28
366020 135106 28
366020 135107 28
366073 156754 18
366073 271661 18
366074 94221 18
366074 73879 18
366074 106245 18
366075 329616 18
366075 112405 18
366075 156754 18
366075 155552 18
366075 141667 18
366077 266210 18
366077 120237 18
366077 141350 18
366077 156754 18
366077 106386 18
366077 304825 18
366078 156754 18
366078 141678 18
366093 2256 29
366093 1851 29
366096 16368 18
366096 19161 18
366096 152022 18
366096 146523 18
366102 194655 18
366102 120072 18
366102 200914 18
366102 321293 18
366102 296607 18
366102 366103 1
121361 50607 18
366116 186678 18
366116 213546 18
366116 177184 18
15452 256210 18
366130 2256 29
366134 366135 18
366152 46024 18
366157 177211 18
366157 277785 18
366157 192909 18
366157 203487 18
366192 14514 18
366192 35806 18
366192 5087 18
366192 252981 18
366193 1832 29
366201 1832 29
366201 1851 29
366202 149743 18
366206 55511 18
366206 55902 18
366211 94890 18
366214 141521 18
366242 158404 18
127593 100004 18
127593 100005 18
281807 24991 18
366254 300405 18
366254 236048 18
366256 363545 18
366257 21413 18
366259 271902 18
366261 224486 18
366261 116 18
366261 117 18
366261 118 18
366261 119 18
366261 120 18
366261 122 18
366261 123 18
366261 124 18
366261 125 18
366261 127 18
366261 366262 18
366261 119650 18
366261 366263 18
366261 119651 18
366261 119652 18
366261 366264 18
366261 94861 18
366261 129 18
366261 131 18
9951 45271 1
366271 1832 29
366271 14120 29
366271 17367 29
366271 30245 29
366271 100192 29
366271 8659 29
366271 74924 29
366273 364767 1
366277 25449 18
366277 117311 18
366277 169043 18
366277 45341 18
366277 100391 18
366277 78902 18
366277 27711 18
366277 234605 18
366295 46497 18
366295 366296 18
366295 199314 18
366295 305508 18
366295 366297 18
366295 210921 18
366295 366298 18
366305 8971 18
366305 8982 18
366311 33256 29
366311 16353 29
366326 34756 18
366326 35432 18
366326 35180 18
366326 11572 18
366326 50603 18
366326 53913 18
366326 366327 18
366332 132681 18
366369 34987 18
366369 112408 18
366369 81951 18
366369 112411 18
366369 280097 18
366369 125872 18
366369 105131 18
366379 180897 18
366380 37092 18
366380 49064 18
366380 19814 18
366385 14042 18
366385 14044 18
366402 51196 18
366402 182775 18
366402 98062 18
366402 112368 18
366402 133622 18
366404 8659 29
366424 88024 18
366424 167023 18
366424 206681 18
366424 229540 18
366424 240372 18
366424 259903 18
366424 144027 18
366425 251203 18
366426 4104 29
366426 2256 29
366427 7581 29
366450 2256 29
163578 168244 18
163578 80089 18
163578 105679 18
366457 49105 18
366457 49745 18
366459 34425 18
366459 151359 18
366486 6071 18
366486 126856 18
366486 121152 18
366493 356177 18
366493 169703 18
366493 292367 18
15168 53502 18
15168 210203 18
366509 75114 18
366509 12625 18
366509 14673 18
366509 14692 18
366509 8981 18
366509 213899 18
366519 82908 18
366522 6889 28
366560 79301 18
194340 366565 28
366592 238474 18
366592 98897 18
183996 55485 18
183996 147418 18
366630 8985 18
366633 14120 29
366642 19529 18
366642 34053 18
366642 54829 18
366648 181415 13
366650 27962 18
366661 176267 1
366661 366662 1
366663 24570 18
366665 366666 18
366665 244986 18
366665 47653 18
366669 1832 29
366675 16397 18
366686 1832 29
366686 4104 29
366686 2256 29
366686 1851 29
366686 14120 29
366686 2361 29
366686 144280 29
366693 238377 18
366693 283540 18
366693 257189 18
366693 211572 18
366693 229767 18
366693 174502 18
366724 244771 18
366726 10576 18
366726 35278 18
366726 289803 18
366726 311773 18
366726 22775 18
366727 141819 18
366727 141349 18
366727 145892 18
366727 101054 18
366727 285295 18
366728 145892 18
366728 138085 18
366728 320915 18
366728 271661 18
366731 52243 18
366733 86 18
366733 74270 18
366733 91665 18
366733 4163 18
366762 251209 18
366762 324426 18
366766 327814 18
366772 4229 18
366775 131665 18
366775 113375 18
366784 363545 18
366784 363546 18
366794 366795 18
366794 333111 18
366815 49745 18
366823 34004 18
366823 49064 18
366823 2918 18
366823 90020 18
366823 50725 18
366823 82478 18
366823 157598 18
366823 179836 18
366877 39132 18
366889 204660 18
366889 245556 18
366889 177541 18
366889 24053 18
366889 22874 18
366889 3036 18
366889 204553 18
366889 119715 18
366892 4878 1
366909 189711 18
366919 44964 13
366935 33256 29
366942 41578 18
366942 10632 18
366988 364010 18
366988 169912 18
366988 366989 18
366988 366990 18
366988 179683 18
366996 8659 29
367001 1851 29
367001 3724 29
367004 267518 18
367004 178548 18
356897 34090 18
356897 119772 18
367012 11052 30
367012 115877 30
367012 271038 30
364008 363502 18
364008 315700 18
364008 363512 18
364008 315703 18
364008 155392 18
364008 367013 18
364008 364010 18
364008 364011 18
364008 364012 18
364008 364014 18
364008 364017 18
364008 364018 18
364008 215388 18
364008 44672 18
364008 51305 18
364008 161815 18
367021 8964 18
367022 93404 18
367023 1832 29
367023 2256 29
367023 3784 29
367024 2256 29
367024 8659 29
367026 121910 18
367033 359013 18
367033 86847 18
367038 297067 18
367038 127487 18
367041 367042 18
367041 14493 18
367041 8659 29
367043 244771 18
367046 179996 18
367046 240727 18
367047 74174 18
367047 53522 18
367047 214486 18
367047 53559 18
367049 77870 28
367051 367013 18
367051 164637 18
367059 184564 18
367061 367062 18
367061 168835 18
367061 168855 18
367061 367063 18
367086 268610 18
367087 281107 18
367090 2595 15
367090 2053 15
367102 24631 15
367102 367103 15
367112 21622 18
367112 320606 18
367112 138795 18
367112 338731 18
367112 308899 18
367112 34432 18
367112 367113 18
367112 35289 18
367112 264620 18
367112 367114 18
367112 367115 18
367122 3724 29
367130 281938 18
367133 230022 18
367152 98966 18
367171 158990 18
367197 1832 29
367197 2256 29
367201 114496 18
367202 114496 18
367202 180641 18
367220 344229 18
367220 367221 18
367225 94858 18
367229 220775 30
367229 225112 30
367229 115877 30
367229 280546 30
367229 161717 30
367240 26011 18
367240 367241 18
142352 7707 18
142352 34004 18
142352 185399 18
142352 21631 18
142352 16092 18
142352 142524 18
142352 21357 18
142352 82660 18
142352 160471 18
367302 5210 18
367302 129932 18
367302 55519 18
367345 176685 18
367345 56048 18
367345 56050 18
367345 176688 18
367345 48976 18
367345 367346 18
367345 35063 18
367345 179934 18
367345 136526 18
367345 136527 18
367345 136535 18
367345 284232 18
367359 121911 18
367407 161983 18
367410 8659 29
367411 44092 18
367412 304129 18
367412 282832 18
367412 355483 18
367412 367413 18
367412 365158 18
228181 78007 18
367418 2256 29
367443 211546 18
367443 146594 18
367443 168800 18
367443 317666 18
367443 168806 18
367443 231202 18
367443 367444 18
367443 334288 18
367443 367445 18
367448 367450 18
367448 54040 18
367448 27088 18
367454 199971 18
367454 367455 18
367454 278344 18
367481 10565 18
367481 45057 18
367481 189842 18
367481 83377 18
367484 299220 18
367485 12428 18
367486 14454 18
367492 257172 18
367492 228041 18
367492 199341 18
367492 282940 18
367492 347760 18
367492 103900 18
367492 185670 18
367492 359802 18
367492 238389 18
367492 140227 18
367492 257179 18
367492 367493 18
367492 211568 18
367492 201441 18
367492 347771 18
367492 367494 18
367492 268915 18
367492 367495 18
367492 201240 18
367492 367496 18
367492 203693 18
367492 333668 18
367492 197717 18
367492 16337 18
367492 146629 18
367492 177185 18
367492 210093 18
367492 367497 18
367492 363340 18
367492 234007 18
367501 17171 30
367501 234872 30
367501 178978 30
367502 2256 29
367518 173874 18
367526 134238 18
367530 4104 29
367574 1851 29
367585 118497 18
367586 16524 18
367590 44325 1
367593 299164 18
367593 285366 18
367593 284758 18
367593 299165 18
367593 319325 18
367593 270409 18
367601 125193 18
99 224486 18
99 114 18
99 115 18
99 116 18
99 117 18
99 118 18
99 119 18
99 120 18
99 121 18
99 122 18
99 123 18
99 124 18
99 125 18
99 126 18
99 127 18
99 128 18
99 119652 18
99 94860 18
99 94861 18
99 129 18
99 94862 18
99 94863 18
99 94864 18
99 94865 18
99 94866 18
99 94867 18
99 94868 18
99 94869 18
99 130 18
99 94870 18
99 94871 18
99 94872 18
99 94873 18
99 94874 18
99 94875 18
99 94876 18
99 94877 18
99 94878 18
99 94879 18
99 94880 18
99 94881 18
99 94882 18
99 94883 18
99 94905 18
367606 93720 28
367611 157294 18
367621 38800 18
367621 82382 18
367622 220775 30
367622 11052 30
367622 161717 30
367622 262204 30
367622 295870 30
367634 90044 18
367681 193588 18
367681 137680 18
367681 367674 18
367681 226203 18
367682 367674 18
367683 367674 18
367683 367684 18
367690 16346 29
367690 33256 29
367690 184170 29
367691 364009 18
367692 82689 18
367692 199314 18
367692 202490 18
367692 202491 18
367692 271047 18
367692 101304 18
367692 101305 18
367692 202498 18
367692 202503 18
367692 222028 18
367692 202505 18
367692 275362 18
367692 202506 18
367692 101314 18
367692 202507 18
367692 13451 18
367692 101319 18
367694 364011 18
1790 25 1
1790 319 1
1790 367712 1
1790 1172 1
1790 13156 1
1790 1173 1
1790 178880 1
1790 14295 1
1790 30813 1
214834 332749 1
214834 367721 1
367727 24923 18
367727 158543 18
367727 90937 18
367728 8659 29
367732 33990 18
367732 11214 18
367732 132909 18
367732 164208 18
367734 135620 18
367734 138891 18
367735 367736 18
367740 22288 18
367740 142076 18
367740 20672 18
367740 29367 18
367740 29372 18
367740 29373 18
367740 20678 18
367750 1851 29
367752 15939 18
367753 8711 1
367754 2256 29
367754 1851 29
367754 9602 29
367754 14120 29
367754 8659 29
220667 2195 1
4927 1636 1
4927 97289 1
4927 1058 1
4927 21363 1
367770 162505 18
367770 25370 18
367770 6103 18
367770 134517 18
367777 19293 28
367791 117312 18
367799 139152 1
367799 6187 1
367803 120051 18
367803 31688 18
367813 15253 1
367822 12840 1
367823 116708 18
367823 8062 18
367826 97543 1
367826 367827 1
367826 367828 1
367838 2256 29
367848 220775 30
367848 115877 30
367848 161716 30
367851 156925 18
367856 139154 1
367858 145179 18
367858 220307 18
367858 238678 18
367864 89415 18
367864 43436 18
367864 35751 18
367864 96277 18
367864 171546 18
367864 82683 18
367883 347698 18
367894 1851 29
367904 5091 18
367904 171545 18
367904 79704 18
367904 183139 18
367904 215297 18
367904 217321 18
367904 217323 18
367915 196201 18
367928 255800 18
367928 324846 18
175936 367944 1
367969 299164 18
367969 367970 18
367969 225751 18
367969 354597 18
367969 367413 18
367969 367971 18
367981 1832 29
367981 16346 29
368012 168013 18
368012 109173 18
368012 168015 18
368012 168016 18
368012 168017 18
368012 321293 18
368012 168025 18
368012 55985 18
368012 263706 18
368012 168028 18
368012 213795 18
368012 368013 18
368018 256344 18
368018 138887 18
368018 175439 18
368029 368030 18
368029 362926 18
249846 148134 18
368050 189578 18
368050 146190 18
368053 23567 28
368056 124723 18
368057 32373 18
368057 82868 18
368057 368058 18
368057 242187 18
368057 137362 18
368065 102279 18
368065 11745 18
191005 44780 18
191005 205762 18
191005 125191 18
191005 255523 18
191005 125192 18
191005 231183 18
191005 167504 18
368070 188239 18
368072 1509 18
368072 151426 18
368072 151433 18
368072 160122 18
368072 16326 18
368072 1548 18
368072 160123 18
368072 160124 18
368072 272765 18
368072 172180 18
368072 194987 18
368072 103800 18
368072 151464 18
368072 103810 18
368072 194988 18
368072 194990 18
368072 331369 18
368072 253915 18
368072 151507 18
368072 368073 18
368072 172194 18
368072 196185 18
368072 107623 18
368072 209396 18
368074 24725 28
368075 15296 1
368077 368078 28
368080 14625 18
368080 18308 18
368080 78930 18
368080 10791 18
368080 94697 18
368080 94710 18
368080 14452 18
368080 89682 18
368080 114191 18
368080 96499 18
368080 38772 18
368080 98884 18
368080 90113 18
368080 94202 18
368080 51325 18
368080 96504 18
368080 96505 18
368080 262882 18
368080 224230 18
368081 41305 18
368081 120779 18
368081 231881 18
368084 4148 18
368084 4153 18
368084 4154 18
368084 10451 18
368084 10452 18
368085 154029 18
368088 294672 28
368089 366989 18
368089 368090 18
368089 364084 18
368089 364085 18
368089 366990 18
368091 368092 18
368093 14991 18
368099 33829 18
368099 156 18
368099 91469 18
368099 23848 18
368099 14983 18
368099 245556 18
368099 32508 18
368099 8250 18
368099 99999 18
368099 89420 18
368099 94091 18
368099 74250 18
231492 44256 18
231492 114207 18
368101 247853 18
368101 124405 18
368113 2256 29
368116 180871 18
368116 21941 18
368116 115954 18
368116 87448 18
368116 229040 18
368116 198598 18
368120 2256 29
368126 89474 1
368129 364895 18
368129 364086 18
368131 73077 18
368131 114195 18
368131 114196 18
368131 114197 18
368131 114198 18
368131 114199 18
368131 368132 18
368139 34726 18
368141 44776 18
368141 96303 18
368141 96304 18
368141 43603 18
368141 96306 18
368141 74135 18
368141 229998 18
368141 160016 18
368141 96729 18
368141 86443 18
368141 95095 18
368150 1200 13
368150 368151 13
368177 2256 29
368198 31531 18
368198 17354 18
368204 107093 18
368204 93813 18
368204 43084 18
132510 368208 1
368216 230743 18
368216 314166 18
368218 506 18
368219 368220 18
368236 113665 18
368236 42763 18
368236 34558 18
368236 368238 18
368236 129554 18
368236 50601 18
368236 267217 18
368236 123610 18
368239 1829 29
368239 2256 29
368245 368238 18
368264 197912 18
368264 231183 18
368293 245 18
368293 86194 18
368293 16601 18
368295 33021 18
368295 281716 18
368307 8659 29
368349 298036 30
368349 266453 30
368391 3724 29
368404 56853 28
368405 341089 18
368406 141664 18
368420 368421 18
368420 271661 18
368433 101026 30
368433 245094 30
368433 220775 30
368433 293718 30
368433 161717 30
368433 131640 30
368433 161722 30
368433 368434 30
368433 368435 30
368433 368436 30
368441 45091 1
368441 5002 1
368454 137880 18
368454 137882 18
368454 137884 18
368454 368455 18
368454 137896 18
368459 92970 18
368459 236397 18
368459 30022 18
368467 241789 18
368467 368468 18
368467 368469 18
368467 103826 18
368467 103831 18
368467 303568 18
368467 103841 18
368467 103842 18
368467 103974 18
368467 198291 18
368467 178915 18
368467 178917 18
368467 368470 18
368467 243303 18
368472 368473 1
368482 101951 18
368482 51392 18
368495 17 1
368508 95056 18
368517 2256 29
368536 4104 29
368536 2256 29
368570 89376 18
368585 84427 18
368585 34463 18
368585 29079 18
368585 124140 18
368586 105112 18
368608 244771 18
368608 272690 18
368608 224086 18
368612 71571 18
368614 233985 18
368616 351419 18
368616 200357 18
368616 368617 18
368616 368618 18
368616 368619 18
368616 168828 18
368616 195365 18
368616 343707 18
368616 368620 18
368621 101040 18
368628 11052 30
368628 115877 30
368628 289892 30
368628 225113 30
368628 271038 30
368628 295868 30
368628 294035 30
368628 206422 30
368628 296041 30
368693 38332 18
368693 256023 18
368693 224086 18
368693 360548 18
368746 2256 29
368754 368755 18
368754 368756 18
368754 316308 18
368760 358 15
368760 12699 15
368763 268746 18
368763 8962 18
368763 8975 18
368765 8985 18
368765 8986 18
368780 288283 18
368791 364084 18
368795 318677 18
368795 179683 18
368795 55519 18
368797 6654 18
368797 179683 18
368803 199712 18
368803 109471 18
368803 368805 18
368815 135406 18
368815 83662 18
368818 169915 18
368818 169916 18
368819 288283 18
368819 190437 18
368842 11537 29
90363 31277 18
90363 251959 18
368864 11050 30
368864 271038 30
368864 282138 30
368864 368865 30
368864 308206 30
368886 31463 18
368888 327977 18
368888 303832 18
368888 368889 18
368888 368890 18
368902 368903 28
368907 118036 18
368907 1580 18
368907 188730 18
368907 201184 18
368907 157315 18
368907 190956 18
368911 1832 29
368911 2256 29
368911 7553 29
368911 17367 29
368924 190341 18
278852 15086 1
278852 368925 1
278852 368926 1
278852 368927 1
53421 117365 1
53421 128666 1
53421 186 1
53421 41933 1
53421 13889 1
53421 1032 1
53421 24157 1
368934 53530 18
368934 302182 18
368945 9801 1
368962 142912 18
368974 1531 18
368974 368975 18
368998 215835 13
369007 197238 18
369007 126965 18
369007 181698 18
369007 191379 18
369027 2361 29
369048 115749 18
369052 169915 18
369052 169916 18
369056 109799 1
369056 369057 1
369056 153962 1
369072 91386 18
369083 185383 18
369083 137625 18
369088 322951 18
369107 130252 18
369109 262725 18
369109 178579 18
369109 143326 18
369130 97439 18
369130 165597 18
369140 11052 30
369140 262358 30
369140 227483 30
369140 295868 30
369140 178977 30
369140 298036 30
369140 266453 30
369140 355124 30
369140 369141 30
369143 10579 18
369143 262593 18
369143 176289 18
369143 184185 18
369154 216908 18
369154 241936 18
369154 241937 18
369154 241938 18
369163 278412 18
369183 106048 18
369183 339010 18
369191 1851 29
369196 2256 29
369196 8659 29
369204 38080 18
369204 179246 18
369206 103871 18
369206 103964 18
369206 107596 18
369206 238387 18
369206 331204 18
369206 359801 18
369206 144481 18
369206 103780 18
369206 103823 18
369206 369207 18
369206 103866 18
369206 254151 18
369206 197790 18
369206 197792 18
369206 160095 18
369206 146635 18
369206 297540 18
369206 369208 18
369206 369209 18
369219 151427 18
369219 131498 18
369219 178492 18
369219 369220 18
369219 158238 18
369219 241506 18
369219 369221 18
369219 369222 18
369219 124433 18
369219 191391 18
369219 331373 18
369219 238211 18
369245 180879 18
41041 24501 13
369268 369269 18
369282 274402 18
369283 40109 18
369283 93976 18
369283 91389 18
166982 166981 18
369317 79722 18
369317 194202 18
369317 5079 18
369317 244749 18
369339 369340 1
369372 74350 18
369372 145297 18
369372 10887 18
369372 202046 18
369372 219723 18
369372 283073 18
369372 127478 18
369372 209750 18
369374 364028 18
369387 2791 28
369395 10802 18
369398 171888 18
369398 369400 18
369410 258467 18
369410 177211 18
369410 188730 18
369412 364050 18
369427 151424 18
369427 151611 18
369427 288403 18
369427 369428 18
369427 320274 18
369444 177787 18
369446 369447 28
369448 341206 18
369451 189577 18
369451 369452 18
369451 303832 18
369467 262725 18
369467 150860 18
369467 25460 18
369467 264517 18
369467 246419 18
369467 133657 18
369497 369498 28
369499 369500 28
130879 4679 15
369563 369564 1
369568 227406 18
369580 17660 18
369584 369585 28
369591 55519 18
369593 158216 18
369596 189510 18
369597 155856 18
369597 192417 18
369598 128247 18
369606 369607 18
369606 27950 18
369606 27952 18
369606 253805 18
369617 369618 1
369625 1063 1
369629 15823 29
369649 138085 18
369649 115691 18
369649 213794 18
369650 138085 18
369655 32914 18
369656 24631 15
369659 3285 18
369659 45338 18
369659 45866 18
369659 24989 18
369659 7908 18
369659 149231 18
369667 138085 18
369667 184459 18
369667 143571 18
369668 138085 18
369669 16612 18
80407 21405 18
80407 46024 18
369692 98540 18
369697 8659 29
369707 44848 18
369707 156501 18
369707 109539 18
369716 92449 1
369725 356826 18
369729 134692 18
369734 263024 18
369734 116509 18
369754 1832 29
369754 1851 29
369769 344229 18
369779 74808 18
369779 140801 18
369791 74594 1
369797 53954 18
369797 117504 18
369797 179749 18
369803 296435 18
369803 348687 18
369803 278343 18
369803 126058 18
43887 314004 1
369806 354511 18
369827 51193 18
369827 81182 18
369843 15022 18
369889 1832 29
369899 123346 13
369900 317107 30
369914 2361 29
369934 369938 1
369950 145935 18
369951 369952 18
369951 32894 18
369951 363760 18
369955 2256 29
369959 1851 29
369961 162025 18
369985 45874 18
369985 219238 18
370000 118511 18
370000 229423 18
370000 234602 18
370000 216847 18
370016 74077 18
370018 99291 18
370018 268610 18
370020 169477 18
370095 370096 18
370103 462 13
370114 75730 18
370144 370145 28
172666 14866 1
370153 42420 18
370156 2256 29
370161 49064 18
370162 127358 18
370162 127375 18
370162 187939 18
370162 16339 18
370163 33999 18
370163 147709 18
370167 126950 18
370167 197710 18
370167 328316 18
370167 172839 18
370167 197711 18
370167 311382 18
370167 334285 18
370167 370168 18
370167 213546 18
370167 16334 18
370167 105563 18
370167 144516 18
370167 228045 18
370167 370169 18
370167 370170 18
370167 107622 18
370167 197240 18
370167 231209 18
370167 200698 18
370167 280594 18
370206 370207 18
370206 370208 18
370232 11537 29
370262 171743 18
370297 366666 18
370300 39719 18
370300 108872 18
370311 125689 18
370326 370327 18
370329 36091 18
55898 73992 18
55898 79171 18
55898 201761 18
55898 370341 18
370352 6724 18
370359 25288 28
364977 364978 18
370409 281968 30
370419 51522 18
370419 149759 18
370430 5581 1
370459 135618 18
370485 104246 28
370506 370507 18
370506 148132 18
370566 217998 28
370566 218000 28
370566 218001 28
370566 218003 28
370566 218004 28
370566 218008 28
370566 218017 28
370566 218018 28
370573 221581 18
370575 2256 29
370575 33256 29
370575 3406 29
370575 2042 18
370575 16353 29
370579 337094 18
370583 370584 18
370583 370585 18
370583 279230 18
370587 370588 18
370612 275884 18
370612 275885 18
370612 263811 18
370612 178999 18
370619 370620 18
370619 370621 18
370619 346802 18
370622 19184 29
370622 209378 29
370622 3724 29
370623 370624 28
370632 243062 30
370632 244422 30
370632 348806 30
370632 115877 30
370632 161716 30
370632 178977 30
370640 30637 18
370645 17241 18
370645 17244 18
370645 17248 18
370669 368044 18
370669 368045 18
370669 370670 18
370677 227455 28
370690 97459 28
370700 107075 1
370703 12123 18
370703 370704 18
370709 51034 18
370709 307888 18
370730 134822 18
370768 8659 29
370770 15239 28
370771 162038 18
370775 120237 18
370775 141817 18
370775 141663 18
370775 211139 18
370778 141663 18
370779 24795 18
370779 278226 18
370779 15397 18
74806 227409 18
370792 2441 18
370792 2027 18
370792 188784 18
370792 121808 18
370792 121809 18
370792 121810 18
370802 368044 18
370808 368044 18
370810 98529 18
370810 368890 18
370818 298705 18
370819 101032 18
370826 101032 18
370827 122467 18
370836 370837 13
370842 2361 29
370866 370867 18
370889 1832 29
370889 2256 29
370889 3406 29
370928 7484 28
331368 1512 18
331368 1517 18
331368 160122 18
331368 322016 18
331368 209393 18
82640 248775 18
370957 141667 18
370961 141351 18
370961 213468 18
370962 7904 18
370966 370967 1
370975 157971 18
370975 266727 18
370975 266729 18
370975 144565 18
370976 6789 18
370976 256976 18
370984 75474 18
370984 114479 18
370995 112919 18
370999 95700 18
371016 235926 18
371016 51391 18
371016 159133 18
371016 185936 18
371023 371024 1
263485 29411 18
263485 29431 18
42859 5071 1
371031 215792 18
371040 93327 28
371040 230119 28
371042 136786 28
371042 258312 28
371042 371043 28
371042 258313 28
371042 371044 28
371046 131435 28
371046 131436 28
371046 131437 28
371046 131438 28
371046 131439 28
371046 131440 28
371046 131441 28
371046 131442 28
371046 131444 28
371046 131445 28
371046 131446 28
371047 62320 28
371047 195149 28
371048 231162 28
371048 231163 28
371048 231165 28
371048 231166 28
371048 231167 28
371054 158678 18
258147 33759 1
371085 8607 13
371085 106890 13
371100 2256 29
371103 7581 29
371103 8659 29
371117 132144 18
371118 304148 15
371118 12699 15
371120 159254 18
371120 103884 18
371120 306069 18
371120 371121 18
371120 160051 18
371120 104142 18
371120 325803 18
371120 160073 18
371120 371122 18
371120 371123 18
371120 371124 18
371120 103758 18
371120 320310 18
371120 150672 18
371120 103797 18
371120 103826 18
371120 246775 18
371120 103842 18
371120 103850 18
371120 326889 18
371120 247771 18
371120 353474 18
371120 294205 18
371120 371125 18
371120 160079 18
371120 202982 18
371120 103868 18
371120 104167 18
371120 146697 18
371120 243303 18
371120 335693 18
371120 369209 18
371129 49064 18
371130 137678 18
371130 371131 18
371130 197500 18
371130 141351 18
371130 285295 18
371130 138087 18
371130 320891 18
371164 371165 18
257554 2441 18
371198 45172 18
371198 44796 18
371198 45178 18
371198 35379 18
371198 44834 18
371198 157033 18
371203 288306 18
371203 102939 18
371247 22575 18
371247 55480 18
371247 163884 18
371250 371251 18
371257 352353 18
371257 371258 18
371265 5508 28
371277 26655 18
371280 19795 18
371280 175532 18
371280 115682 18
371281 25808 18
371296 56916 28
371332 107947 18
371332 371333 18
371332 104145 18
371332 297335 18
371332 150675 18
371332 358366 18
371332 290054 18
371332 254159 18
371332 371334 18
371332 104192 18
371340 108887 1
371345 10575 18
371347 217763 18
371347 261860 18
371347 287419 18
371347 309149 18
371350 4979 1
371354 2256 29
371354 3784 29
371370 156748 18
371370 156741 18
371370 371371 18
371370 141678 18
371370 218955 18
371372 271661 18
371372 142797 18
371381 6743 18
371381 19338 18
371384 24617 1
371386 291423 28
371388 289380 18
371411 43429 18
371421 98536 18
371423 3135 18
371423 114154 18
371423 10016 18
371423 12616 18
371423 74008 18
371423 75138 18
371423 74525 18
371423 51237 18
371423 43949 18
371423 74526 18
371423 14701 18
371423 43619 18
371423 43627 18
371423 43630 18
371423 54847 18
371423 54848 18
371425 42500 28
371446 371447 30
371474 320366 1
371474 371475 1
371474 37286 1
371490 252161 18
371490 368013 18
371496 34412 18
371496 31566 18
371496 229830 18
371512 367799 1
371514 367799 1
371524 83130 18
371524 32037 18
371524 45155 18
371525 210410 18
371525 127358 18
371525 263843 18
371525 371526 18
371525 201154 18
371525 203484 18
371535 66679 18
371539 18792 18
371539 118032 18
371539 16609 18
371539 118042 18
371539 18807 18
371539 368073 18
371539 371540 18
371539 320275 18
371539 201243 18
371539 177185 18
371539 146649 18
371539 177187 18
371547 134522 18
371547 94451 18
371547 258747 18
371552 281236 18
371552 360689 18
371556 371557 28
371574 217959 18
371584 238385 18
371584 371585 18
371584 283540 18
371584 371586 18
371584 371587 18
371584 371588 18
371584 371589 18
371584 272764 18
371584 371590 18
371584 371591 18
371584 201370 18
371584 257191 18
371584 333668 18
371584 276015 18
371584 200698 18
371602 364155 18
371602 107615 18
371602 297534 18
371602 371603 18
371602 371604 18
371602 178920 18
371602 219549 18
371602 325804 18
371602 371605 18
371631 29966 18
371631 16513 18
371631 29968 18
371637 455 28
371644 189590 18
371644 170993 18
371647 123918 18
371656 4412 13
371666 130895 18
371666 371667 18
371666 127479 18
371686 8659 29
371688 371690 18
371688 7863 18
371691 7863 18
241075 371692 18
241075 371693 18
371711 29033 15
371711 12699 15
371713 83375 18
371724 103965 18
371724 227611 18
371724 255610 18
371724 196987 18
371724 334286 18
227741 275312 18
371777 49064 18
371777 48188 18
371777 52231 18
371777 48342 18
371777 115749 18
371789 113167 28
371789 123322 28
371812 92489 28
371814 248386 28
371814 248387 28
371815 11763 28
371824 28522 13
371827 371828 18
371838 229082 18
371844 146164 28
371857 200363 28
371857 200364 28
371857 200365 28
371861 84266 1
371868 98077 18
371869 295520 18
371869 144570 18
371874 119904 18
371874 119914 18
371874 119919 18
371874 119920 18
255540 371877 18
371883 148417 18
371883 272765 18
371883 103746 18
371883 103797 18
371883 103842 18
371883 178911 18
371883 371885 18
371883 105877 18
371883 103868 18
371883 233883 18
371883 371886 18
371897 104733 18
371914 151446 18
371914 180211 18
371914 286343 18
371914 219184 18
371914 272010 18
371914 201184 18
371914 284479 18
371914 322676 18
371914 247773 18
371914 247774 18
371920 146685 18
371920 260351 18
371920 177151 18
371920 282109 18
371920 234704 18
371921 7581 29
371924 21101 13
371926 259212 18
371928 6831 18
371928 98059 18
371928 34059 18
371937 11918 18
371937 74170 18
371939 127928 28
371941 8607 13
371941 106890 13
371953 4279 28
371968 34778 28
371979 15394 18
371989 168936 28
371993 16346 29
371993 19270 29
371994 328318 18
371998 123806 18
371998 310921 18
270903 119093 18
270903 89676 18
270903 89683 18
270903 151360 18
372004 1829 29
372019 372020 18
372019 346456 18
372019 372021 18
372029 364005 18
372029 364047 18
372029 364048 18
372029 364034 18
372029 364035 18
372029 364037 18
372029 364039 18
372029 364041 18
372041 372042 18
372041 80838 18
372041 372043 18
372041 372044 18
372041 46931 18
372041 89210 18
372048 2256 29
372048 3724 29
372059 294279 18
372059 372060 18
372091 335693 18
372095 56988 28
372117 225025 18
372143 1832 29
372143 2256 29
372143 3724 29
372177 2256 29
372177 151604 18
372177 236048 18
372183 80706 18
372183 121451 18
372183 314928 18
372213 1851 29
372221 220775 30
372221 293717 30
372221 225112 30
372221 280546 30
372221 284606 30
372221 131640 30
372221 372222 30
372221 372223 30
372250 53735 18
372269 2256 29
372322 212491 18
372322 225025 18
372322 282832 18
372322 295849 18
372328 163739 18
372328 46770 18
372335 372336 18
372339 365158 18
372354 194797 18
372365 244422 30
372365 372366 30
372382 136882 18
372385 82941 18
372385 162141 18
372409 11052 30
372414 7581 29
372414 14120 29
372422 4104 29
372424 76765 18
372424 104650 18
126289 120774 18
372429 180224 18
372429 272888 18
372434 2256 29
372440 107736 18
372444 9604 29
372444 8659 29
372468 103963 18
372489 181809 18
372501 32879 18
372501 20851 18
372501 11930 18
372501 9945 18
372501 193475 18
372501 83434 18
203309 305 1
203309 22 1
203309 21397 1
203309 35357 1
203309 35358 1
372530 3724 29
372571 11031 18
372577 8659 29
372581 2256 29
372581 32394 29
372588 105561 18
372588 274074 18
372616 291308 18
372647 201438 18
372647 286343 18
372647 372648 18
372647 234703 18
372647 203488 18
372656 35285 18
372656 200978 18
372681 19095 18
372691 226877 29
372694 19801 18
372694 84499 18
372698 302804 18
372700 42928 18
372700 221201 18
372700 251088 18
372702 30045 18
372702 372703 18
372702 168515 18
372702 211358 18
372702 39005 18
372714 302804 18
372734 151983 18
372740 169470 18
372740 24593 18
372740 209362 18
372740 45927 18
191293 144146 18
372792 238339 18
372792 183161 18
372792 183932 18
372792 183162 18
372792 298705 18
372792 372812 18
372792 303778 18
372821 137049 1
372822 372823 13
372827 11200 18
372827 8152 18
372827 128208 18
372827 84684 18
372827 372828 18
372827 80012 18
372839 175529 18
372839 43668 18
372850 102979 18
372860 105102 18
372861 160094 18
372861 371604 18
372861 243303 18
372861 369209 18
372877 1832 29
372877 92436 29
372877 86086 29
372877 8659 29
372879 142988 18
372879 6694 18
372891 8892 28
372929 241505 18
372929 84143 18
372947 147740 28
372953 48801 18
372953 109621 18
372953 87551 18
372953 135620 18
372953 100899 18
372955 180871 18
372955 180873 18
372966 211554 18
372966 303562 18
372966 257182 18
372966 257185 18
372966 229054 18
372972 83809 18
372972 51238 18
372972 51239 18
372977 185268 18
372982 188993 18
372982 277783 18
372982 372983 18
372982 283426 18
372982 332972 18
372985 288900 28
372994 21203 28
198501 144456 1
373038 1832 29
373048 200650 18
373049 214198 1
373082 220775 30
373082 115877 30
373082 115879 30
373082 294036 30
373085 43518 18
373085 6175 18
373085 284328 18
373085 28207 18
373086 373087 1
373086 373088 1
373098 241789 18
373098 371122 18
373098 371125 18
373098 160084 18
373098 368470 18
373098 104172 18
373098 235449 18
373098 373099 18
373098 373100 18
373098 335693 18
373098 373101 18
373102 105875 18
373102 373103 18
373102 104148 18
373102 104079 18
373102 358367 18
373102 358368 18
373102 254162 18
373102 104185 18
373102 373104 18
373102 107957 18
373102 254165 18
373102 297346 18
373111 373112 18
373115 107583 18
373115 186684 18
373122 373123 18
373129 199944 28
373130 121 18
373130 129 18
373131 17665 18
373131 17666 18
373131 14693 18
373131 42492 18
373131 79172 18
373131 250816 18
373131 373132 18
373131 114216 18
373134 2185 1
373135 334398 13
373146 80068 18
373146 170360 18
373146 265887 18
265836 20773 18
265836 135959 18
373167 80708 18
373167 5088 18
373170 105411 1
373197 16047 13
373197 20907 13
373197 16171 13
373197 20912 13
373197 109773 13
373197 16172 13
373197 5263 13
373197 20950 13
373197 20951 13
373197 20952 13
373197 3393 13
373197 20961 13
373197 20979 13
373197 16052 13
373197 373198 13
373197 8548 13
373197 21028 13
373197 21041 13
373197 21051 13
373197 21087 13
373197 21097 13
373197 21108 13
373197 21133 13
373201 43490 18
373201 270313 18
202525 79735 18
202525 307089 18
202525 250079 18
202525 211429 18
373227 11010 18
373255 373256 18
373264 95585 18
373265 293304 18
373267 1832 29
373267 2256 29
373278 241789 18
373278 364481 18
373286 32367 18
373286 87040 18
373316 46288 18
350742 231071 18
373342 20721 18
373343 2256 29
373344 145249 18
373402 179906 18
373402 179907 18
373411 373412 18
373411 373413 18
373411 217868 18
373423 262569 18
373423 267561 18
373423 373424 18
373426 373427 18
373426 373428 18
373436 244422 30
373437 200510 18
373437 320588 18
373452 34688 18
373477 135354 18
373486 244421 30
373486 115877 30
373486 210610 30
373504 2808 28
373504 373505 28
373510 256522 30
373510 115879 30
373510 373511 30
373510 373512 30
373529 244422 30
373531 373532 18
373547 42438 18
373547 108121 18
373547 84265 18
373548 220398 18
373580 373581 18
373583 13090 18
373583 354179 18
373583 219046 18
373594 18151 13
373621 2256 29
373621 8659 29
373626 308204 30
373626 317107 30
373667 49064 18
373668 139193 18
373668 162999 18
373668 133994 18
373676 373677 18
373717 115877 30
373717 295870 30
373733 240439 18
373733 144216 18
373733 290489 18
373733 172796 18
373733 326578 18
373736 174297 18
373736 48579 18
373753 115877 30
373753 293718 30
373770 44787 18
373770 189509 18
373772 2256 29
373778 186871 18
373778 165197 18
373779 20857 18
373811 9602 29
373811 9604 29
373837 22569 18
373837 32836 18
373837 55621 18
373837 82649 18
373839 74928 18
373873 1851 29
373873 8659 29
373882 2256 29
373886 141352 18
373887 141352 18
373887 101074 18
373890 1832 29
373927 292116 1
373963 166542 18
373982 145161 18
373982 373983 18
374013 197119 18
374013 7589 18
374015 24142 18
374020 146536 18
374020 374021 18
374020 35299 18
374033 39144 18
374034 229916 18
374034 374035 18
374045 13089 18
374058 7589 18
374058 313657 18
374059 1675 28
374061 189910 18
374061 212063 18
374061 212066 18
374061 176678 18
374061 212077 18
374061 189912 18
374061 204237 18
374069 246639 18
374077 278412 18
374081 48735 18
374081 374082 18
374097 90357 18
374098 1832 29
374101 137752 1
374102 40417 18
374109 134777 18
374128 38453 18
374132 83887 18
374159 373123 18
374159 258342 18
374159 305997 18
374164 350059 18
374166 270408 18
374166 349426 18
374166 354598 18
374166 270409 18
374166 374167 18
374179 342597 18
374179 142793 18
374179 141674 18
374179 374180 18
374193 270454 18
374194 180385 18
374202 84473 18
374207 98133 28
374213 54288 18
374213 43640 18
374213 119769 18
374213 74581 18
374213 119773 18
374213 80158 18
374213 197348 18
374213 313121 18
374213 374214 18
374213 50007 18
374213 49989 18
220390 220396 18
374220 10575 18
374220 25795 18
374220 158437 18
374224 38080 18
374224 38770 18
374224 171550 18
374224 171551 18
374225 157696 18
374251 374252 18
374257 155814 18
374257 243053 18
374257 310115 18
374257 107597 18
374257 250106 18
374257 201233 18
374257 159529 18
374257 237442 18
374257 370168 18
374257 257191 18
374258 7263 18
374258 108329 18
374258 17517 18
374258 86580 18
374258 258757 18
374258 45880 18
374265 374266 18
374269 252770 18
374284 152459 18
374284 196459 18
374291 187337 18
374291 86731 18
374292 1832 29
374292 39540 18
374292 2256 29
374292 157561 18
374292 29539 18
374328 108868 18
374357 117950 18
374357 30112 18
374357 6080 18
374381 92606 18
374381 73353 18
374384 23100 18
374384 212507 18
374389 13324 28
374390 53906 18
374390 20528 18
6187 3991 1
6187 6799 1
6187 9009 1
6187 7041 1
6187 317 1
6187 6185 1
6187 9796 1
6187 322 1
6187 33026 1
6187 74591 1
6187 140259 1
6187 13609 1
6187 127335 1
6187 128665 1
6187 129262 1
6187 130574 1
6187 140258 1
6187 155708 1
6187 161726 1
6187 122079 1
6187 23922 1
6187 9821 1
6187 6812 1
6187 314748 1
374411 38332 18
374411 371690 18
374411 21634 18
374411 50526 18
374411 143279 18
374417 106280 18
374418 53567 18
374423 374424 18
374426 38840 18
374426 38456 18
374436 190797 18
374443 131614 18
374449 49966 18
374449 84374 18
374449 180640 18
374449 35423 18
8052 54897 1
374466 149176 18
374466 41308 18
374466 171550 18
374476 1832 29
374480 2502 18
374489 302236 18
374489 54054 18
374489 374490 18
374489 224087 18
374489 342949 18
374510 84437 18
374535 374536 1
374544 2256 29
374563 23370 13
374573 213733 18
374576 213733 18
374578 213733 18
374583 188998 18
374583 16337 18
374585 322443 18
374587 16609 18
374587 230744 18
374587 322443 18
374593 16758 18
374593 122460 18
374593 374594 18
374615 275728 30
374624 209727 18
374624 173709 18
374644 13048 29
374648 179902 18
374654 336066 18
374695 30103 18
374699 1832 29
374699 7581 29
374706 19886 28
374708 244768 18
374708 164922 18
374711 175601 18
374711 189493 18
374712 11050 30
374712 172465 30
374712 250007 30
374712 215907 30
374712 338614 30
374712 351325 30
374759 32541 18
374776 84310 18
374786 374787 18
374798 49741 18
374798 374799 18
374798 8988 18
374803 206387 30
374803 227444 30
374803 256522 30
374803 161720 30
374803 351277 30
374803 266453 30
374803 374804 30
374803 374805 30
374811 135782 18
374824 96686 18
374826 1832 29
374826 3724 29
374835 101033 18
374835 309724 18
374835 101037 18
374846 188089 18
374846 260582 18
374846 374847 18
374864 35370 18
374864 83172 18
374864 83012 18
374864 374865 18
374890 4498 18
374900 2256 29
374908 2256 29
374908 3784 29
374913 142411 18
374914 10422 18
374914 179931 18
374914 10429 18
374920 157773 18
374921 22609 13
374928 2256 29
374928 16346 29
374966 212062 18
374966 44763 18
374966 44764 18
374966 44765 18
374966 44766 18
374966 44767 18
374966 44770 18
374966 149269 18
374983 266726 18
374983 374984 18
375000 213229 18
375000 172484 18
375002 32944 18
375012 44763 18
375012 266974 18
375012 314878 18
375014 339365 18
375014 44763 18
375042 2997 13
375042 125541 13
375042 21017 13
375046 221235 18
375053 114544 18
375053 375054 18
375053 70466 18
375053 375055 18
375060 50502 18
375060 375061 18
375066 5151 28
375066 186014 28
375066 186015 28
375066 186016 28
375066 290985 28
375066 186017 28
375066 186018 28
375066 186019 28
375066 186020 28
375080 237056 18
375082 163902 18
375082 32120 18
375082 145141 18
375082 179706 18
375082 179234 18
375092 4205 18
375092 39598 18
375114 199970 18
375115 318581 18
375125 375126 18
375134 1829 29
375156 111752 18
375161 375162 28
375198 113336 18
375198 86022 18
375224 13984 1
375227 375228 18
375227 189811 18
375239 278297 18
375247 7581 29
375251 176558 18
375252 337598 18
375308 13089 18
375310 1832 29
375310 2256 29
375310 8659 29
375322 113336 18
1061 220667 1
1061 375330 1
375338 1832 29
375341 290834 18
375341 375342 18
375359 119581 18
375372 462 13
375372 4338 13
375379 1832 29
375379 2256 29
375379 32739 29
375391 34155 18
196158 2256 29
196158 7570 1
196158 14120 29
92176 370916 1
375443 8659 29
375453 94273 18
375454 1832 29
375454 3406 29
375456 82230 18
375469 142852 18
375469 142856 18
375469 142859 18
375469 142861 18
375469 142864 18
375469 142871 18
375469 142874 18
375469 95055 18
375469 125014 18
375469 142877 18
375469 142879 18
375469 95061 18
375469 142880 18
375469 142881 18
375469 95062 18
375469 142886 18
375469 95065 18
375469 95066 18
375469 142890 18
375469 142891 18
375469 142896 18
375469 142897 18
375469 142898 18
375469 95067 18
375469 142900 18
375469 125016 18
375469 142902 18
375469 95070 18
375469 95071 18
375469 142905 18
375469 142906 18
375469 142908 18
375469 95073 18
375469 95074 18
375469 125017 18
375469 142911 18
375469 95075 18
375469 95076 18
375469 142918 18
375469 95078 18
375469 142920 18
375469 95079 18
375469 142923 18
375469 142924 18
375469 142926 18
375469 95082 18
375469 142927 18
375469 95083 18
375469 95084 18
375469 95085 18
375469 142935 18
375469 142936 18
375469 142939 18
375469 142940 18
375469 142952 18
375469 83930 18
375469 142958 18
375469 142963 18
375469 142964 18
375469 142965 18
375469 142967 18
375469 142969 18
375469 142971 18
375469 142972 18
375469 142979 18
375471 131054 18
375472 220775 30
375472 375473 30
375472 375474 30
375472 375475 30
375489 178976 30
375489 115877 30
375494 336066 18
277357 277356 18
277357 103782 18
277357 144485 18
277357 146609 18
277357 146628 18
277357 144551 18
277357 144557 18
352480 13833 18
352480 159254 18
352480 103965 18
352480 229754 18
352480 243977 18
352480 229758 18
352480 243979 18
352480 188999 18
352480 146598 18
352480 103731 18
352480 103737 18
352480 103739 18
352480 103741 18
352480 103785 18
352480 103788 18
352480 103821 18
352480 103826 18
352480 238399 18
352480 226768 18
352480 285642 18
352480 144550 18
352480 146680 18
375503 314689 18
375503 295520 18
375503 144497 18
375503 314690 18
375503 314694 18
375503 146712 18
375503 375504 18
375503 375505 18
375503 259326 18
375503 353900 18
375503 174896 18
375503 375506 18
375515 10851 29
375521 169199 18
375524 8606 13
375524 8609 13
375527 17338 18
375529 14982 18
375536 123183 18
375541 336066 18
375544 74358 18
375592 10569 18
375606 182730 18
375606 182731 18
375606 182733 18
375606 37070 18
375612 1832 29
375612 2256 29
375623 86005 18
375623 86010 18
375623 375624 18
375625 8659 29
375627 375628 18
375627 196461 18
375631 79719 18
375634 375635 18
375651 93807 18
375652 281559 30
375652 281969 30
375652 275728 30
375659 1832 29
375698 281559 30
375698 281560 30
375698 281865 30
375705 179907 18
375716 48492 18
375721 241914 18
375729 33029 18
375729 74601 18
375729 40029 18
375729 14313 18
375729 375730 18
375749 79732 18
375761 25055 18
375762 251051 18
375791 4498 18
375791 127539 18
375803 10054 1
375804 33054 18
375834 308205 30
375834 375835 30
375836 281968 30
375836 375837 30
375836 375838 30
375836 375839 30
375843 212288 18
375864 24757 18
375867 210210 30
375867 256386 30
375867 269413 30
375867 375868 30
375867 375869 30
375873 214513 18
375873 375874 18
375873 135961 18
375879 9455 18
375885 119568 18
375886 15657 18
375886 106162 18
375886 126382 18
375886 83234 18
375886 46758 18
375886 47973 18
375886 136492 18
375886 162029 18
375886 163730 18
375886 190343 18
375886 102040 18
375886 131120 18
375886 13263 18
375886 76771 18
375886 80095 18
375886 245698 18
375886 141520 18
375886 131123 18
375898 196149 18
375901 3913 13
375906 2256 29
375906 8659 29
354797 50622 18
354797 48806 18
354797 50638 18
375922 305459 18
375936 44888 18
375936 139789 18
375938 52546 28
375938 56702 28
375958 4982 1
375960 1832 29
375960 2256 29
375960 8659 29
375970 81106 18
375970 24991 18
375970 45341 18
375982 42667 18
375982 15570 18
376005 376006 28
376015 2256 29
376024 278270 18
376027 142550 18
376027 341980 18
376063 115877 30
376065 117330 18
376065 33392 18
376069 274455 18
376103 38842 18
376103 89384 18
376103 341883 18
376118 376119 18
376123 376124 30
376133 376134 28
220668 156339 1
376143 376144 18
376143 255208 18
174508 73992 18
174508 8965 18
174508 29460 18
174508 8983 18
174508 182260 18
376156 186127 18
376156 176450 18
376162 20667 18
376162 54546 18
376167 2256 29
376167 9602 29
376167 146133 29
376171 94543 18
376171 29974 18
376171 156926 18
376173 1851 29
376200 262866 28
376211 354616 30
376211 317107 30
376226 92197 18
376226 142550 18
376226 203861 18
376226 50551 18
376226 232916 18
376229 125504 18
376239 172464 30
376239 220775 30
376239 376240 30
376239 262204 30
376243 376244 18
376262 103883 18
376262 198761 18
376270 35979 18
376270 35994 18
376276 89384 18
376276 24362 18
376276 84915 18
376276 74505 18
376280 29682 18
376297 37554 18
376310 166615 18
376310 19707 18
376313 161922 28
376316 200937 18
376316 130968 18
376316 196988 18
376316 107605 18
376316 205440 18
376316 197496 18
376340 376341 18
376348 306400 18
376348 171663 18
376353 82639 18
376416 200194 18
376417 124810 18
376417 134237 18
376417 98915 18
376417 50725 18
376424 15397 18
376439 113361 18
376454 197447 18
376456 6985 18
376456 164127 18
376456 45316 18
376456 98966 18
376456 86584 18
376456 116511 18
376456 111072 18
376475 376476 18
376478 223195 18
376487 84081 18
376487 208402 18
376499 376500 18
376502 376503 18
376519 135274 28
376519 135281 28
376526 8141 18
376527 42148 28
376527 42151 28
376527 52546 28
376527 376528 28
376527 56949 28
376530 1675 28
376532 91742 28
376532 135113 28
376532 135114 28
376532 135115 28
376532 98084 28
376532 135209 28
376532 135210 28
376532 135211 28
376535 46159 28
53375 316196 18
376585 135623 18
376593 274457 18
376595 358164 1
376598 308206 30
376599 288150 18
376599 316195 18
376599 324833 18
376622 205828 18
376623 44396 18
376626 276612 18
376626 140223 18
376626 282756 18
376626 157311 18
376627 274455 18
376627 199196 18
376628 48488 18
376628 103724 18
376628 282109 18
376628 235681 18
376628 209952 18
376628 192650 18
376633 376634 18
376648 5084 18
376648 111440 18
376648 140499 18
376656 16538 18
376656 7598 18
376656 52651 18
376658 21709 13
376661 124416 18
376661 112274 18
376661 177175 18
376661 112277 18
376662 157381 18
376662 76651 18
376689 8960 18
376689 279017 18
376689 8972 18
376689 142896 18
376689 205639 18
376689 236408 18
376689 189915 18
376689 142902 18
376689 142924 18
376689 142939 18
376689 83930 18
376689 142958 18
376689 8990 18
376693 185935 18
376701 160044 18
376701 105875 18
376701 241789 18
376701 160052 18
376701 160054 18
376701 107950 18
376701 160061 18
376701 160062 18
376701 160065 18
376701 160073 18
376701 160077 18
376701 160079 18
376701 160080 18
376701 160085 18
376701 160089 18
376701 160091 18
376701 160093 18
376701 160097 18
376701 160100 18
376701 160101 18
376701 160103 18
376701 104079 18
376701 107955 18
376701 104167 18
376704 257971 1
376717 3724 29
376747 4169 28
376753 4169 28
376759 245113 18
376766 13436 18
376766 99365 18
376766 151344 18
376766 101946 18
376766 273369 18
376766 240263 18
376766 130623 18
376770 194413 18
376776 255211 18
376776 232761 18
376776 116520 18
376776 142553 18
376779 199196 18
376779 376780 18
376779 375280 18
376791 16479 28
376797 354617 30
376797 308205 30
376797 376798 30
376797 376799 30
376807 376808 18
376807 376809 18
376807 376810 18
376807 294939 18
376813 376808 18
376813 376814 18
376813 376815 18
376813 376816 18
376813 121299 18
376813 376817 18
376813 376818 18
376819 376821 18
376841 2256 29
376863 32944 18
376904 2256 29
376923 34944 18
376930 14974 18
376937 283090 30
376937 376938 30
376943 376944 13
376946 7553 29
376950 1832 29
376957 42403 18
376957 96136 18
376957 182212 18
376957 109781 18
376957 169857 18
376957 51462 18
376957 38456 18
376957 34555 18
376957 172629 18
376957 34751 18
376959 14399 18
376959 8252 18
376959 176699 18
376966 2256 29
376967 275042 18
376969 376970 18
376990 3724 29
377010 377011 30
377012 94959 18
377012 377013 18
377015 270409 18
377017 112519 18
377029 377022 18
377036 169336 18
377036 121452 18
377038 112747 18
377038 185896 18
377038 169289 18
377038 211413 18
377038 266489 18
377038 135602 18
377038 162513 18
377052 377053 1
377089 146018 1
377090 209349 18
377092 271003 18
377092 73981 18
377094 377095 28
377105 9630 18
377107 42237 18
377107 14156 18
377107 74231 18
377109 280628 28
377114 196409 18
377114 177210 18
377114 213558 18
377114 201447 18
377114 277659 18
377138 96476 18
7658 14011 1
377149 30934 18
377149 9874 18
377149 140821 18
377149 118500 18
377152 181096 18
377152 145156 18
377152 377153 18
377152 295227 18
377152 377075 18
377154 202212 28
377154 202213 28
377154 202214 28
377154 202215 28
377154 202216 28
377154 56845 28
377154 135082 28
377154 116668 28
377154 56846 28
377154 116669 28
377154 116670 28
377154 56847 28
377154 56849 28
377154 116671 28
377154 56850 28
377154 135083 28
377154 135084 28
377154 116672 28
377154 50045 28
377154 61346 28
377154 202218 28
377157 280870 18
377157 272640 18
377157 377158 18
377157 280872 18
377157 343241 18
377163 280870 18
377163 280872 18
377163 343375 18
377165 182506 18
377165 377166 18
377165 377167 18
377165 377168 18
377165 377169 18
377165 145904 18
377165 121299 18
377170 182506 18
377170 377171 18
377170 377172 18
377170 347549 18
377192 10851 29
377194 182506 18
377194 377195 18
377194 192327 18
377194 377171 18
377204 281560 30
377204 368865 30
377204 377205 30
377206 111752 18
377206 10471 18
377206 83372 18
377206 254264 18
377206 39969 18
377206 39980 18
377211 42691 18
377211 74140 18
377211 74142 18
377212 92442 1
377226 377217 18
377226 377219 18
377226 377191 18
377226 377227 18
377226 222891 18
377226 290064 18
377226 377228 18
377245 127595 18
377258 8659 29
377259 2762 28
377259 377260 28
283864 138599 18
283864 228238 18
283864 216114 18
283864 272101 18
377342 1832 29
377345 164622 18
377361 158200 18
377379 1832 29
377379 3406 29
377380 113952 18
377387 281968 30
377387 275728 30
377387 375838 30
377438 228741 18
377440 275788 18
377440 168782 18
377440 197775 18
377440 168795 18
377440 272763 18
377440 285639 18
377440 257182 18
377440 168821 18
377455 209049 30
377455 11050 30
377455 293717 30
377455 115877 30
377455 271038 30
377455 338614 30
377475 89426 18
377481 83037 18
377481 53732 18
377485 299074 18
362528 377512 18
377520 231133 18
377520 231134 18
377520 231137 18
377520 377521 18
377520 231144 18
377524 42352 18
377524 43627 18
377524 33825 18
377527 13122 18
377529 3724 29
377531 351363 18
377531 208783 18
377552 145322 18
377552 377553 18
377573 133351 13
377573 377574 13
377582 377583 30
377582 275728 30
377585 4169 28
377604 3406 29
377617 13104 18
377617 13108 18
377621 330449 18
377621 193692 18
377621 377622 18
377621 232732 18
377621 232856 18
377652 84850 18
377671 182260 18
377680 166900 18
377680 142865 18
377680 266974 18
377680 177019 18
377680 42915 18
377680 75107 18
377710 157975 18
377710 168831 18
377710 351706 18
377710 160207 18
377710 238400 18
377710 202982 18
377710 263567 18
377711 305320 18
377711 263700 18
377711 365084 18
377711 196150 18
377711 141690 18
377716 171449 18
377716 34987 18
377716 160033 18
377720 39958 18
377720 124065 18
377723 161771 18
377730 1832 29
377732 174687 18
377756 282138 30
377756 377757 30
377756 275728 30
377790 212492 18
260353 285681 18
260353 186676 18
260353 306829 18
377827 9602 29
377827 121142 29
377831 155554 18
377853 34116 18
377855 174687 18
377860 286007 18
377860 377861 18
377862 27790 18
377862 103624 18
377867 351277 30
377867 305519 30
377867 377868 30
377869 14886 18
377869 96785 18
377869 24757 18
377870 194169 18
377870 152155 18
377883 1832 29
377883 10851 29
377892 47331 18
377926 10459 1
179159 134812 18
377935 197714 18
377935 174500 18
377935 180214 18
377935 177184 18
377935 286529 18
377937 377938 1
377941 302702 18
377953 35408 18
377953 189491 18
377953 189492 18
377953 130430 18
377953 96674 18
377953 240095 18
377953 189493 18
377971 97462 1
377974 177208 18
377986 248433 18
377986 142537 18
377989 29407 18
377989 11583 18
377991 34549 18
377991 82716 18
377996 1832 29
378002 7581 29
378008 259896 18
378008 359059 18
378016 281559 30
378016 275728 30
378016 376798 30
378024 378025 18
378024 378012 18
378024 290063 18
378030 102932 18
378031 378012 18
378031 378032 18
378031 378033 18
378037 233982 18
378040 1832 29
378041 378042 18
378041 192327 18
378041 377175 18
378041 13876 18
378041 280874 18
378046 101042 18
378046 378047 18
378046 378048 18
378049 2256 29
378072 14513 18
378074 21476 28
378075 55614 18
378075 175367 18
378075 5337 18
378093 55864 18
378104 89376 18
378107 378108 18
378107 376970 18
378107 378109 18
378107 378110 18
378112 258496 18
378122 315701 18
378122 33286 18
378125 128270 18
378156 257964 18
378156 180210 18
378166 4982 1
378167 200749 18
378167 167160 18
378211 378212 18
378211 378213 18
378211 378214 18
378211 244855 18
378211 261215 18
378221 2256 29
378221 7581 29
378235 299220 18
378235 255799 18
378288 14178 18
378288 81596 18
378293 144032 18
378293 70466 18
378297 2256 29
378312 330062 18
244501 6084 18
244501 152618 18
244501 106249 18
244501 224378 18
244501 11547 18
244501 39458 18
244501 89725 18
244501 2095 18
244501 145135 18
244501 6060 18
244501 188281 18
244501 89898 18
244501 22580 18
244501 54348 18
244501 190448 18
244501 266566 18
244501 77725 18
185149 180656 18
185149 33392 18
378352 95700 18
378369 317108 30
378369 288274 30
378369 275728 30
378369 378370 30
378369 378371 30
378374 275728 30
378396 240452 18
378400 240452 18
318570 185019 18
318570 340099 18
318570 19304 18
378403 13103 18
378403 13116 18
378409 134809 18
378409 134810 18
378409 134811 18
378415 155494 28
378427 378428 18
378427 54231 18
378435 14638 18
378440 106054 18
378440 153860 18
48618 5335 1
378447 5335 1
378466 275728 30
378469 51048 18
378477 342587 18
378527 208651 18
378573 378574 28
252342 86155 18
252342 24967 18
252342 177446 18
252342 90359 18
252342 205656 18
252342 252343 18
252342 253810 18
252342 102555 18
378586 378587 1
378586 378588 1
378589 378590 18
378589 359802 18
378589 378591 18
378589 144721 18
378595 8659 29
378597 378598 1
378599 90799 1
378607 378608 28
378609 131911 18
378609 131912 18
100307 100308 1
378645 118028 18
378645 186681 18
378645 18797 18
378645 107593 18
378645 105561 18
378645 140217 18
378645 107606 18
378645 201242 18
378645 359458 18
378645 157313 18
378677 54274 18
378677 149393 18
378677 96812 18
378691 14978 18
378691 81225 18
378706 179902 18
378713 188001 18
378713 59741 18
378713 155286 18
378713 164511 18
378716 131738 18
378744 378745 13
378744 20904 13
378744 378746 13
378744 212901 13
378744 2990 13
378744 27128 13
378744 378747 13
378744 20948 13
378744 125540 13
378744 378748 13
378744 329349 13
378744 329351 13
378744 329356 13
378744 378749 13
378744 378750 13
378744 378751 13
378744 378752 13
378744 21019 13
378744 378753 13
378744 187366 13
378744 329360 13
378744 193813 13
378744 21055 13
378744 378754 13
378744 329367 13
378744 378755 13
378744 125545 13
378744 122301 13
378744 21086 13
378744 21095 13
378744 378756 13
378744 378757 13
378744 329380 13
378744 329381 13
378744 378758 13
378744 378759 13
378744 378760 13
378773 275728 30
378783 137265 18
43258 378788 1
378789 378790 18
378789 378791 18
378789 378792 18
378795 101216 18
378795 99300 18
378796 152579 18
378797 146748 18
378801 3091 18
378827 81107 18
378836 113636 18
378852 15943 18
378852 196799 18
378852 311732 18
378863 245263 18
378866 8659 29
378872 24362 18
378872 5084 18
378919 378920 18
378922 32536 18
378922 378923 18
378949 177158 18
378949 211547 18
378949 146599 18
378949 378950 18
378949 363340 18
378956 171663 18
378956 131945 18
378957 378958 18
379000 282138 30
379000 282826 30
379000 282139 30
379003 379004 28
379015 240578 18
379042 76181 18
379053 30642 18
147419 10421 18
147419 10429 18
147419 10434 18
147419 10441 18
147419 10444 18
147419 10445 18
379072 87299 18
379072 188173 18
379072 116711 18
379108 1829 29
379108 2256 29
379121 20910 13
379137 12860 13
379137 106183 13
379137 106185 13
379137 379138 13
379137 172173 13
379137 106187 13
379137 204555 13
379137 379139 13
379137 379140 13
379147 154725 18
379147 76649 18
379147 207182 18
379147 212620 18
379148 1832 29
379165 379167 13
379175 34706 18
379192 101047 18
379192 141349 18
379192 170538 18
379192 118001 18
379192 320890 18
379192 140496 18
379192 16394 18
379192 16412 18
317838 317837 18
379206 92436 29
379222 2256 29
379222 1851 29
379228 1832 29
379228 2256 29
379228 8659 29
379231 286008 18
379231 379232 18
379231 286781 18
379231 379233 18
379234 144470 18
379234 379235 18
379234 373101 18
379254 379255 30
379254 308206 30
379254 379256 30
379262 151077 18
379262 24274 18
379262 251087 18
379262 97136 18
379262 123490 18
379262 9396 18
379262 273382 18
379262 110054 18
379271 340796 18
379272 296840 18
93499 222588 18
379287 1832 29
379287 17367 29
33676 1024 1
379316 157770 18
379318 155406 18
379321 17367 29
379337 21649 18
379356 214455 18
379356 151503 18
379356 147893 18
379356 1583 18
379356 151482 18
379356 214458 18
379379 281187 18
379388 31433 13
379409 353156 13
379409 108507 13
379426 2256 29
379437 42415 18
379455 145180 18
379455 188281 18
379455 90021 18
379455 111074 18
379463 143458 18
379463 34728 18
379463 154559 18
379481 146436 18
379497 213795 18
379504 9131 1
379511 304148 15
379511 12699 15
379512 3724 29
379512 92436 29
379548 135627 18
379548 120086 18
379548 266263 18
379548 273638 18
379564 216958 18
379564 379565 18
379564 379566 18
379564 379567 18
379584 281559 30
379584 379585 30
379590 813 18
379590 43753 18
379590 29430 18
379601 23248 18
379606 376341 18
379608 282677 18
379621 188261 18
379632 1832 29
379632 8659 29
379642 7178 18
379642 124741 18
379646 140119 28
379647 29674 18
379647 150811 18
379648 6185 1
379652 39716 18
379653 1829 29
379667 249835 1
379677 49064 18
379684 13445 18
379684 266264 18
379700 47062 18
379700 40014 18
379700 40020 18
379708 690 18
379708 254264 18
379708 98062 18
379724 315466 18
379759 1660 13
379759 8597 13
379781 154100 18
379782 18538 28
379786 379787 1
379806 1832 29
379821 3724 29
277149 202179 18
379822 977 18
379822 50502 18
379822 23906 18
379822 2189 18
379824 6251 18
379824 138148 18
379832 206388 30
379832 115877 30
379832 202674 30
379832 294034 30
379832 266453 30
379832 379833 30
379832 379834 30
379832 323722 30
379836 17050 18
379836 34010 18
379836 259898 18
379836 212602 18
379836 207543 18
379836 349215 18
379836 349216 18
379836 248166 18
379836 305056 18
379836 349219 18
379836 241812 18
379858 146436 18
379866 6372 18
379902 79738 18
379937 379938 18
379943 81680 28
379943 379944 28
379943 379945 28
379947 166780 18
379947 220657 18
379956 9862 28
379967 52455 18
379972 357935 18
379988 89385 18
379988 110013 18
379994 146436 18
379994 193687 18
379994 73265 18
379994 278474 18
380008 34963 18
380008 100904 18
380016 189030 18
380016 291778 18
380048 162505 18
380049 233816 18
380058 108020 18
380058 153859 18
380103 215346 18
380103 216849 18
380118 108250 28
380135 228841 18
380160 380161 18
380170 5337 18
380178 353564 18
380178 380179 18
380180 8597 13
380188 99003 18
380199 98624 18
380200 974 18
380200 87283 18
380200 13841 18
380200 113695 18
380214 1832 29
380214 1851 29
380214 7581 29
380214 17367 29
380214 8659 29
380226 153476 18
380238 98287 28
380248 380250 1
380261 251525 18
380262 374479 18
380262 380263 18
380269 174687 18
380270 380271 18
380279 380280 18
380283 380284 18
380283 380285 18
380283 380286 18
380283 380287 18
380283 380288 18
380292 5151 28
380292 186015 28
380292 113394 28
380292 142645 28
380292 197850 28
380292 197852 28
380292 197853 28
380292 197854 28
380292 186018 28
380299 52242 18
380299 52245 18
380301 17868 18
380301 47089 18
380301 52242 18
380301 52245 18
380301 6076 18
380301 100327 18
380310 2256 29
380316 157717 18
278060 171707 1
380398 101454 18
380410 3724 29
380410 21551 29
380420 168835 18
380420 168852 18
380420 211573 18
380420 310120 18
380420 367063 18
380431 235 1
380431 353053 1
380436 238383 18
380436 103732 18
380436 257180 18
380436 189007 18
380437 278974 18
380437 159256 18
380437 103896 18
380437 257174 18
380437 197777 18
380437 160062 18
380437 1531 18
380437 301255 18
380437 168826 18
380437 144510 18
380437 195366 18
380437 103951 18
380438 16360 18
380438 116352 18
380438 272927 18
380438 296600 18
380443 200241 18
380449 38464 18
380449 47305 18
380449 233958 18
380456 251959 18
380465 47305 18
380465 73519 18
380469 34762 18
380469 35416 18
380469 118499 18
380473 31522 18
380473 76516 18
380476 29397 18
380477 92974 18
380477 142733 18
380477 289837 18
380477 129560 18
380481 133705 1
380488 201457 28
380488 135214 28
380488 201458 28
380488 201459 28
380488 56682 28
380488 56684 28
380488 32983 28
380488 201460 28
380488 201461 28
380488 56685 28
380488 56686 28
380488 56687 28
380488 201462 28
380488 56689 28
380488 56690 28
380488 135219 28
380488 56691 28
380488 56692 28
380488 56693 28
380488 135206 28
380488 56710 28
380488 201463 28
380488 56712 28
380488 201464 28
380488 201465 28
380488 56715 28
380488 380489 28
380488 56717 28
380488 56720 28
380488 201466 28
380492 380493 29
380503 142867 18
380503 142886 18
380503 142891 18
380503 142896 18
380503 142897 18
380503 142902 18
380503 142907 18
380503 142924 18
380503 142927 18
380503 142939 18
380503 142941 18
380503 142943 18
380503 142959 18
380503 142965 18
380504 283197 18
380504 98465 18
380526 355 21
380530 81869 18
380531 2256 29
380537 174370 18
380570 4928 1
380585 39706 18
380596 308474 28
380597 96204 18
380604 316882 1
380608 28549 13
380613 34178 18
380613 246846 18
380613 134777 18
380643 8659 29
380655 363390 18
380695 144215 18
380699 292057 18
380699 84714 18
380701 111239 18
380713 380714 18
380713 380715 18
380719 222588 18
380719 157968 18
380719 200130 18
380731 235013 18
380742 357 28
380774 14787 18
380776 1832 29
380776 2256 29
380776 3406 29
380776 8659 29
380792 45277 18
380792 51021 18
380820 144255 1
380834 272197 18
380834 99226 18
380836 116513 18
380837 288283 18
380837 151962 18
380849 162505 18
380849 213235 18
380850 154000 18
380850 139789 18
380850 156614 18
380853 145158 28
380879 106183 13
380879 331753 13
380879 106185 13
380879 379138 13
380879 172173 13
380879 106187 13
380883 18310 18
380883 336393 18
380884 93418 18
380884 93423 18
380891 1829 29
222017 307030 18
380895 311059 18
380901 124595 18
380901 113774 18
380901 380902 18
380901 141521 18
380901 165986 18
380917 1832 29
380917 2256 29
380917 30562 29
380938 92189 18
380948 25555 28
380956 3406 29
380956 8659 29
380956 74924 29
380961 266848 18
380966 130217 18
380966 130219 18
380974 380975 13
380985 43081 18
380989 16346 29
380989 9602 29
381001 106392 18
381004 113687 18
381014 147210 18
381020 2256 29
381045 151744 18
381045 149381 18
381045 93423 18
381058 2256 29
381071 2519 28
223973 163513 18
223973 73365 18
223973 35374 18
223973 75107 18
223973 4163 18
222829 381076 18
222829 95776 18
222829 381077 18
381124 227613 18
381124 238385 18
381124 255409 18
381153 381154 18
381153 379397 18
381153 285101 18
381158 244986 18
381161 99342 18
381161 196938 18
381166 135268 28
381166 134005 28
381168 209049 30
381168 161715 30
381168 280546 30
381181 1497 18
381181 381182 18
381181 260351 18
381181 151422 18
381181 213542 18
381181 159530 18
381181 201149 18
381181 202974 18
381181 185673 18
381181 306832 18
381181 159522 18
381181 381184 18
381181 372983 18
381181 310318 18
381181 140246 18
381181 332972 18
381181 381185 18
381186 43440 18
381186 84475 18
381186 233541 18
381186 113044 18
381186 381187 18
381193 238396 18
381195 38838 18
381195 86701 18
381204 15792 13
381207 76804 1
381213 7253 18
381214 107500 13
381216 113636 18
381220 135213 28
381220 56683 28
381220 135217 28
381220 56690 28
381220 135221 28
381263 7892 18
381267 111499 18
381269 4169 28
381272 335307 18
381272 381273 18
381291 102962 18
381296 229710 18
381362 115877 30
381362 296041 30
381362 244423 30
381362 286711 30
381362 348186 30
381362 355125 30
381378 105158 28
381379 8659 29
4981 250779 1
381386 90021 18
381386 54275 18
8391 8070 1
8391 24969 1
8391 381413 1
381414 105184 28
381419 39952 18
381419 82117 18
381421 116876 18
381421 104448 18
381427 37077 18
381427 13117 18
381427 47461 18
381435 213869 18
381435 126576 18
381435 34662 18
381450 333683 18
381450 156612 18
381455 11050 30
381455 381456 30
381455 381457 30
381455 368865 30
381455 273696 30
381455 381458 30
381485 258797 28
381485 258798 28
381485 258800 28
381485 258801 28
381485 258802 28
381485 258803 28
381485 258804 28
381485 258805 28
381485 258806 28
381485 258807 28
381485 258808 28
381485 258809 28
381485 258810 28
381485 258811 28
381485 258812 28
381485 56714 28
381485 258813 28
381485 380489 28
381485 258814 28
381485 278582 28
381485 278583 28
381485 278584 28
381485 278585 28
381485 56716 28
381485 278587 28
381485 278588 28
381485 278589 28
381485 56718 28
381485 278590 28
381485 278591 28
381485 278592 28
381485 278593 28
381485 278594 28
381485 258815 28
381485 258816 28
381487 39413 28
381487 135268 28
381487 135273 28
381487 135274 28
381487 135265 28
381487 135281 28
381508 215730 18
381520 74552 18
381520 47467 18
381534 381535 18
381536 381537 18
381550 169223 18
381550 109621 18
381554 8659 29
381559 7904 18
381559 42419 18
381583 24813 18
22478 914 1
381599 20759 18
381630 43528 18
381631 26522 18
381633 158810 18
381633 218020 18
381691 381692 28
381699 28742 13
381742 20613 13
381743 179906 18
381743 381744 18
381750 224708 30
381750 206387 30
381750 115877 30
381750 161722 30
381750 202674 30
381750 202675 30
381757 2256 29
381770 82646 18
381797 34887 1
381802 212063 18
381802 49766 18
381804 81375 18
381804 363526 18
381804 32862 18
381805 381806 28
381843 45581 18
381845 1832 29
381845 2256 29
381845 7553 29
381848 381849 18
381858 103724 18
381858 201574 18
381858 253378 18
381867 131423 18
381867 105101 18
381867 105102 18
381867 46847 18
381893 280257 28
381898 38840 18
381898 109610 18
381898 92193 18
381898 83017 18
381924 1832 29
381924 2256 29
381942 5151 28
381942 199541 28
381942 199542 28
381942 113394 28
381942 199543 28
381942 199544 28
381942 161938 28
381942 199545 28
381942 199546 28
381942 199547 28
381948 85999 18
381985 82689 18
130893 42776 18
130893 86696 18
196754 74799 18
196754 13663 18
382033 334501 18
382040 117815 18
382040 73981 18
382040 382041 18
382049 382050 18
382049 382051 18
382056 19293 28
382062 1377 18
382062 319130 18
382062 319131 18
382062 382063 18
382062 164893 18
382062 382064 18
382066 13342 18
382066 300702 18
382066 382067 18
382070 382071 18
382090 377167 18
382090 302011 18
382090 145903 18
382090 382091 18
382090 166970 18
382096 125722 1
382105 359800 18
382105 146702 18
382105 211562 18
382105 197794 18
382105 146629 18
382105 199352 18
382105 226780 18
382105 193722 18
382105 226787 18
382105 259326 18
382105 146660 18
382105 146679 18
382108 113354 18
382108 93418 18
382108 93423 18
382119 1851 29
278893 22701 18
278893 4135 18
382141 2256 29
382143 108321 18
382143 134812 18
382156 49064 18
382158 39957 18
382158 45341 18
382158 16680 18
382177 11051 30
382177 295868 30
382177 323361 30
382178 281262 18
382178 178573 18
382210 286241 18
382210 225027 18
382220 14178 18
382221 14178 18
382222 14178 18
382222 180006 18
382233 19529 18
382233 15408 18
382242 34756 18
382242 34425 18
382242 30613 18
382242 134974 18
382242 34436 18
382242 31544 18
382242 228282 18
382242 79912 18
382242 325321 18
382242 42474 18
382242 50637 18
382242 181397 18
382242 382243 18
382247 29306 28
382252 99226 18
382263 168239 18
382263 328624 18
382272 98712 18
382272 142860 18
382272 147643 18
382272 146843 18
382272 95047 18
382290 6728 18
382302 22744 13
382303 2163 18
382303 184545 18
382303 35186 18
382303 15229 18
382303 29995 18
382303 32545 18
382312 19522 18
382312 104482 18
382312 19802 18
382312 40428 18
382312 114031 18
382312 47909 18
382312 124487 18
382324 2256 29
382324 3406 29
382324 7553 29
382324 2697 29
382338 2256 29
382338 3724 29
382359 14120 29
382363 149369 18
382363 39005 18
382371 113654 18
382375 196876 18
382375 151507 18
382375 151510 18
382375 130983 18
382375 18812 18
382375 143155 18
382375 112301 18
382375 124443 18
382387 4104 29
382403 143141 18
382408 255918 1
382410 24602 18
382410 42691 18
382424 34947 18
382432 158403 18
382432 119566 18
382432 273814 18
382432 228464 18
382439 1832 29
382446 166724 18
382450 2256 29
382450 7581 29
382462 1832 29
382462 4104 29
382462 14120 29
382462 146133 29
382465 29584 18
382465 29588 18
382465 29605 18
382465 176798 18
382465 246639 18
382478 382479 13
382507 45455 18
382515 201457 28
382515 135214 28
382515 135215 28
382515 135216 28
382515 201458 28
382515 201459 28
382515 32983 28
382515 201461 28
382515 56685 28
382515 56686 28
382515 56687 28
382515 201462 28
382515 56688 28
382515 56689 28
382515 56691 28
382515 56692 28
382515 56693 28
382515 135206 28
382516 53281 28
382516 91742 28
382518 258799 28
382518 56711 28
382518 102727 28
382518 278581 28
382518 278586 28
382518 56719 28
382518 135222 28
382528 224532 28
382529 98967 18
382539 9961 1
382553 24967 18
382553 382554 18
370245 270407 18
370245 354597 18
370245 243787 18
370245 235327 18
382583 2256 29
382583 3784 29
382585 270758 18
382599 85999 18
382650 22577 18
382650 382651 18
382650 141470 18
382664 296166 28
382691 189021 1
382706 84391 18
382707 1832 29
382707 8659 29
191987 382716 1
382727 1829 29
382731 196700 18
382738 176288 18
382738 188784 18
382739 176288 18
382795 166693 18
382795 109634 18
382795 263172 18
382795 109637 18
382795 109638 18
382795 382796 18
382797 260804 13
382838 36660 18
382838 102970 18
382877 103478 18
382884 265426 18
382897 382898 18
382897 382899 18
382903 7553 29
382903 2361 29
382907 297118 18
382907 297673 18
382907 339483 18
382909 297673 18
382916 374732 28
24624 80304 1
382924 320121 18
382924 42420 18
382924 232256 18
382929 150338 18
382929 61775 18
382929 29291 18
382929 51105 18
382929 235854 18
382929 213102 18
382929 252980 18
382929 94846 18
382932 16082 18
382944 248939 18
382944 119558 18
382965 108121 18
382978 50551 18
382978 351584 18
382979 7581 29
382981 2256 29
383008 243998 18
383008 346456 18
383056 233423 18
383106 383107 18
383106 46765 18
383106 82477 18
383106 276179 18
383106 84690 18
383106 51623 18
383106 43873 18
383110 119580 18
383110 257802 18
383119 43275 18
383119 157718 18
13929 13910 18
13929 31556 18
13929 35183 18
13929 159603 18
13929 43081 18
383128 19534 1
383131 217788 18
383137 383138 18
383139 1829 29
383155 289071 18
383155 325803 18
383155 103782 18
383155 103791 18
383155 170733 18
383155 229769 18
383155 34899 18
383164 17367 29
383178 383179 28
383178 383180 28
383178 130662 28
383178 383181 28
383178 218957 28
383178 383183 28
383212 281559 30
383212 282138 30
383212 317107 30
383212 383213 30
383215 8659 29
383224 383225 18
383246 383247 18
383264 383265 1
383267 3843 28
383267 182241 28
383267 182244 28
383269 3843 28
383269 74966 28
383269 74990 28
383269 74992 28
383269 74993 28
383272 124447 18
383272 111613 18
383272 124448 18
383272 51202 18
383272 252709 18
291467 30581 18
291467 45927 18
291467 82630 18
291467 171648 18
383290 124596 18
383290 157380 18
383298 383299 1
383330 2256 29
383330 14120 29
383337 97142 18
383352 91849 28
383355 299164 18
383375 335374 18
383389 46088 18
383389 10440 18
383389 4896 18
383389 383390 18
383406 3741 18
383406 10290 18
383406 132244 18
383406 162568 18
383435 231854 18
383446 245283 18
383446 337095 18
383453 1832 29
383453 1851 29
383453 92436 29
383453 86086 29
383463 108053 18
383466 3145 18
383466 90207 18
383490 373132 18
383490 94898 18
383490 94899 18
383490 94901 18
383490 94902 18
383490 94903 18
383490 94904 18
383490 94906 18
383490 119659 18
383490 12738 18
383490 119660 18
383490 119661 18
383490 94907 18
383490 94908 18
383490 100158 18
383490 119662 18
383490 119666 18
383490 169974 18
383493 383494 18
217377 217376 18
217377 92625 18
217377 92626 18
383566 172841 18
383575 281559 30
383575 282138 30
383575 354066 30
383584 3406 29
383590 383591 18
383590 383592 18
383590 159068 18
383629 313992 18
383629 367736 18
383629 222828 18
383629 149697 18
383677 156236 13
383692 383693 13
383731 2256 29
383764 20053 13
383772 383773 1
383772 383774 1
383795 99289 18
383821 13109 18
383821 13116 18
383823 1832 29
383823 3406 29
383823 146133 29
383871 328585 18
383871 378109 18
383871 328587 18
383871 326268 18
383881 222274 18
383881 225890 18
383881 225891 18
383881 383882 18
383881 225893 18
383881 142185 18
383881 74136 18
383881 225894 18
383881 344819 18
383881 344821 18
383881 344822 18
383881 344823 18
383881 344824 18
383881 142187 18
383881 344826 18
383881 344827 18
383888 383889 18
383910 244421 30
383910 172466 30
383910 291649 30
383910 323361 30
383910 178978 30
383910 172467 30
383910 383911 30
124093 80081 18
124093 50488 18
124093 39968 18
383933 383934 18
383956 136882 18
383971 270409 18
383993 351564 18
384009 520 18
384012 151982 18
384034 384035 18
384042 2256 29
384042 92436 29
384052 269578 18
384071 111273 18
384071 364677 18
384071 143104 18
384083 494 18
384083 38053 18
384083 113192 18
384083 47904 18
384099 384101 28
384099 280330 28
384111 384112 18
384111 13876 18
384116 175369 18
384122 8659 29
384151 104145 18
384151 297534 18
384151 104078 18
384151 254152 18
384151 364145 18
384151 104152 18
384151 104079 18
384151 104155 18
384151 254156 18
384151 104157 18
384151 254157 18
384151 104160 18
384151 104161 18
384151 104163 18
384151 364147 18
384151 104171 18
384151 104176 18
384151 297340 18
384151 104178 18
384151 104181 18
384151 297342 18
384151 297343 18
384151 297344 18
384191 106060 18
384191 50872 18
384191 87332 18
384191 177495 18
384193 29537 18
384193 190341 18
384193 165913 18
384193 116916 18
384259 2256 29
384294 1832 29
384294 2256 29
381046 234700 18
381046 228349 18
384304 127823 18
384321 135073 28
384321 42143 28
384321 42144 28
384321 42145 28
384321 42149 28
384321 42151 28
384321 53254 28
384321 135199 28
384321 135200 28
384321 135201 28
384321 56900 28
384321 135203 28
384321 272377 28
384321 135204 28
384321 56901 28
384321 56906 28
384321 225125 28
384321 56949 28
384321 56951 28
384321 135080 28
384321 56988 28
384321 56992 28
384328 384329 18
384328 384330 18
384328 229420 18
384328 384331 18
384328 384332 18
384328 382777 18
384328 378019 18
384328 384333 18
384350 29401 18
384350 29408 18
384363 2256 29
384384 8659 29
384396 28985 18
384402 48815 13
384402 16047 13
384429 91380 18
384431 157597 18
384433 25009 18
384433 34147 18
384455 384456 18
384455 285100 18
384455 384457 18
384468 384469 18
384468 384470 18
384468 262597 18
384538 3892 13
384551 384552 18
384551 89385 18
384551 110013 18
384556 101302 18
384556 126473 18
384582 80706 18
384582 89454 18
384582 123186 18
384582 98058 18
384582 105111 18
384582 86704 18
384584 89122 18
384627 1832 29
384627 2256 29
384679 263832 18
384679 240582 18
384679 240559 18
384697 104464 18
384712 216904 18
384712 128550 18
384732 338731 18
384759 193916 18
384761 21686 18
384761 42528 18
384761 171540 18
384761 78943 18
384761 75479 18
384761 75481 18
384761 75482 18
384763 152390 18
384763 44339 18
384763 212070 18
384763 103243 18
384763 114223 18
384763 131324 18
384763 43961 18
384763 213355 18
384763 97138 18
384763 147652 18
384769 48093 18
384770 3406 29
384770 17367 29
384770 11538 29
384791 135202 28
384791 56951 28
384812 313992 18
384816 14978 18
384849 35471 18
384851 19025 18
384851 39851 18
384851 270628 18
384872 102277 18
384872 314752 18
384874 384875 18
384877 52217 18
384890 193687 18
384890 54778 18
384917 268737 18
384921 74162 18
384925 2256 29
384941 3006 18
384941 13124 18
384941 317839 18
384943 45351 18
384943 35550 18
384953 150265 18
384953 124404 18
384965 168515 18
384965 19348 18
384972 45229 18
384984 107953 18
384984 364146 18
384984 384985 18
212504 202782 18
212504 131066 18
212504 212505 18
212504 212507 18
384992 189021 1
385002 2256 29
385002 3784 29
385006 92436 29
385006 86086 29
385006 2361 29
385009 59588 28
385010 212217 18
385010 171911 18
385016 8659 29
385019 162806 18
385019 162812 18
385019 385020 18
385024 2256 29
385038 76912 13
385045 171663 18
385050 269648 18
385050 288403 18
385050 385051 18
385050 349716 18
385070 385071 18
385079 206387 30
385079 161715 30
385079 115877 30
385079 209050 30
385079 330860 30
385083 379138 13
385083 172173 13
385083 74365 13
385097 148834 29
385101 13109 18
385101 13111 18
385114 52418 18
385114 226040 18
385114 210224 18
385121 268073 18
385138 13843 1
345246 25983 28
385150 245094 30
385150 202675 30
385150 295870 30
385150 224709 30
385163 11702 18
385169 2256 29
385169 2361 29
385184 167758 18
385199 2256 29
385199 2361 29
385200 45388 18
385200 221581 18
385200 209788 18
385231 385232 13
385264 109809 18
385270 48122 18
385270 320068 18
385279 115877 30
385279 115879 30
385279 210677 30
385279 294036 30
385279 321764 30
219245 48326 18
219245 142413 18
385302 287871 18
385302 136354 18
385302 262010 18
385302 385303 18
385307 337772 18
385318 280546 30
385318 289893 30
385325 43443 18
385328 246185 18
385328 103307 18
385328 385329 18
385330 226397 18
385330 193977 18
385336 153955 18
385355 17777 18
385396 181823 18
385396 212619 18
385396 79744 18
385397 34508 18
385397 159909 18
385401 385403 18
385401 171547 18
385423 185265 18
385423 14435 18
385423 12629 18
385423 45369 18
385423 35203 18
385439 179705 18
385439 385440 18
385458 143671 18
385458 273027 18
385458 230704 18
385458 137731 18
385467 50394 18
385528 28532 13
385528 28313 13
385528 13196 13
385528 28815 13
385544 1832 29
385544 2256 29
385544 9602 29
385555 2256 29
385562 15670 18
385563 92185 18
385563 92186 18
385563 92187 18
385608 121142 29
206063 94032 18
206063 156316 18
206063 104794 18
206063 171406 18
206063 124598 18
206063 242983 18
206063 206979 18
206063 6064 18
206063 130384 18
206063 141521 18
385622 5152 1
385639 135851 28
385643 260716 18
385643 385644 18
385665 101296 18
385665 101297 18
385665 253422 18
385665 212463 18
385697 232931 18
385697 14989 18
385697 96201 18
385697 385698 18
385736 183607 18
385736 31653 18
385743 190967 18
385743 320949 18
385743 320944 18
385743 385744 18
385757 3406 29
385757 3724 29
224792 26037 18
385777 17671 18
385778 375837 30
385781 8892 28
385789 86020 18
385795 2256 29
385795 8659 29
385810 385811 28
385812 45150 18
385812 168515 18
385812 113375 18
385812 180537 18
47186 4236 18
47186 4238 18
47186 4258 18
47186 17656 18
47186 17657 18
47186 17658 18
47186 17664 18
47186 17670 18
47186 17672 18
385821 115877 30
385821 289892 30
385821 141200 30
385821 202674 30
385821 294034 30
385821 269413 30
385821 385822 30
385823 3864 18
385823 166615 18
385829 1184 18
385829 260080 18
385829 235796 18
385829 73807 18
385835 1832 29
385835 4104 29
385835 2256 29
385835 16346 29
385835 1851 29
385835 3406 29
385835 85154 29
385835 36898 29
385835 2361 29
385835 7582 29
385835 74924 29
385844 2256 29
385844 168692 18
385853 384482 18
385853 378153 18
385853 379401 18
385853 385854 18
385853 384478 18
385856 4242 18
385856 78943 18
385856 78945 18
385856 78947 18
385859 8034 28
385868 1832 29
385868 121142 29
385889 157773 18
385913 157164 18
385919 266345 18
385921 31677 18
385921 34612 18
385921 34229 18
385921 14518 18
385921 96418 18
385921 81667 18
385921 82056 18
385921 154986 18
385921 9391 18
385921 82058 18
385921 75143 18
385921 151078 18
385921 81670 18
385921 172053 18
385938 8040 18
385938 162028 18
385938 149439 18
385938 163824 18
385941 141200 30
385947 31604 13
385949 74800 18
385949 385950 18
385960 34987 18
385970 3724 29
385978 121334 28
385992 299074 18
385993 299074 18
386027 172484 18
386027 218500 18
386032 386033 18
386032 378033 18
386032 282285 18
386058 386059 18
386058 266816 18
386058 386060 18
386058 384330 18
386058 386061 18
386058 266818 18
386058 382091 18
386058 386062 18
386058 386063 18
386058 384457 18
386078 8521 1
386089 276178 18
386094 176515 18
386114 24753 18
386125 56985 28
386125 135268 28
386128 121491 13
386128 121492 13
386128 386129 13
386130 135231 28
386130 56985 28
386145 386146 18
386155 91053 18
386155 145363 18
386157 317787 18
386157 386158 18
386171 1851 29
43948 10789 18
43948 252193 18
386206 21771 28
386221 135602 18
386223 2256 29
386223 3784 29
386223 7581 29
386240 204302 18
386240 347738 18
126079 81198 18
386243 104478 18
386252 2256 29
386252 32394 29
386252 7581 29
386262 218811 18
386262 241189 18
386263 386268 18
386305 385352 18
386326 348476 18
386327 386329 18
386327 38341 18
386327 187653 18
386327 272646 18
386327 291555 18
386327 228304 18
386366 216664 18
386366 187957 18
386372 14042 18
386372 119685 18
386372 35058 18
386372 106024 18
386380 44639 18
386380 74349 18
386380 252531 18
386441 8659 29
386444 49715 18
386444 14640 18
386444 90108 18
386444 192923 18
386444 236404 18
386447 79733 18
386447 190341 18
386447 7257 18
386447 116844 18
386447 115682 18
386469 228497 18
386478 386479 28
386519 3406 29
386522 362657 18
386534 273408 18
386542 243843 18
386542 8975 18
386542 386543 18
386542 161632 18
386542 381808 18
386542 94886 18
386542 94887 18
386542 94888 18
386551 326668 18
386551 386552 18
386551 29820 18
386551 386553 18
386551 386554 18
386556 343131 18
386575 220834 28
386580 1832 29
386580 8659 29
386596 78028 18
386598 386599 28
279659 22924 18
279659 29674 18
279659 22926 18
279659 136278 18
279659 90009 18
279659 16759 18
279659 118433 18
279659 46237 18
279659 31467 18
279659 89112 18
279659 130336 18
279659 82649 18
386631 140662 18
386695 54208 1
386696 87996 18
386696 140503 18
386696 88006 18
386696 386697 18
386712 159381 18
386712 264728 18
386712 290412 18
386712 290415 18
386733 90063 18
386733 307285 18
386733 214156 18
386733 1184 18
386733 187652 18
386748 1832 29
386771 120817 18
386787 5218 18
386787 5223 18
386833 159382 18
386839 1832 29
386839 2256 29
386839 386437 18
386839 2361 29
386844 159382 18
386856 80712 18
386857 84267 18
386859 103693 28
29274 386862 1
29274 386863 1
29274 386864 1
29274 386865 1
29274 386866 1
386871 180609 18
386892 51857 18
386905 2256 29
386905 3406 29
103728 112258 18
103728 160122 18
103728 169044 18
103728 107605 18
103728 324147 18
103728 247557 18
103728 140241 18
103728 140252 18
386955 386956 30
386962 386963 18
386986 90044 18
386986 19045 18
387020 1832 29
387028 61778 18
387056 98052 18
387056 123919 18
387087 2256 29
387087 387089 18
387087 3724 29
387097 1832 29
387106 10264 18
387106 35191 18
387106 35541 18
387106 7647 18
387106 10281 18
387106 145419 18
387106 73893 18
387106 29462 18
387106 50636 18
387106 43956 18
387106 42898 18
387106 34623 18
387106 53237 18
387106 11715 18
387143 321200 28
387144 13669 29
387144 1832 29
387144 2256 29
387144 16346 29
387144 3784 29
387157 212069 18
387172 358717 18
387172 358087 18
387172 387173 18
387196 24813 18
387196 24815 18
387238 15549 18
387238 3428 18
387238 32971 18
387238 2084 18
387238 3998 18
387238 39536 18
387238 7250 18
387238 94421 18
387238 38449 18
387238 89693 18
387238 82710 18
387238 24730 18
387238 20675 18
387238 90065 18
387238 25457 18
387238 82795 18
387238 45909 18
387238 22944 18
387238 112527 18
387238 108012 18
387244 30904 18
387244 179866 18
387244 164500 18
387244 276461 18
387244 117478 18
387286 46497 18
387286 141685 18
387286 107187 18
387286 312667 18
387286 387287 18
387286 387288 18
387286 288369 18
387286 120086 18
387286 317521 18
387286 107191 18
387286 107196 18
387286 387289 18
387286 304983 18
387286 184819 18
387286 266703 18
387306 238712 18
387310 15946 18
387310 299903 18
387336 226644 18
387337 288167 18
387339 125726 18
387355 387356 18
387355 302238 18
387364 51443 18
387372 1832 29
387374 387375 18
387374 387376 18
387378 224326 18
387378 302972 18
387378 387379 18
387378 383592 18
387378 387380 18
387378 237150 18
387378 295229 18
387378 387381 18
387393 87448 18
387396 238505 18
387396 238506 18
387399 95064 18
387405 103970 18
387405 335687 18
387405 213200 18
387405 298110 18
387405 367062 18
387405 212397 18
387405 367493 18
387405 332303 18
387405 257189 18
387405 279361 18
387405 318650 18
387405 103976 18
387405 235857 18
387405 325339 18
387405 172196 18
387405 343707 18
387405 345845 18
387405 345846 18
387405 297575 18
387429 94996 1
387448 174518 18
387448 35796 18
387448 89509 18
387467 387468 18
387482 155554 18
387491 1832 29
387491 4104 29
387530 159068 18
387530 387531 18
387533 200650 18
387538 152231 28
387540 384485 18
387542 84145 18
387542 282756 18
387542 157309 18
387558 80618 18
387558 83001 18
387558 15385 18
387558 54479 18
387558 224914 18
387558 123779 18
387558 81864 18
387558 54487 18
387558 91476 18
387558 114013 18
387558 125649 18
387558 37111 18
387558 112526 18
387558 95240 18
387558 30118 18
387558 174916 18
387558 39012 18
387575 341483 18
387581 387582 1
240495 212063 18
240495 73349 18
240495 387583 18
240495 174668 18
387584 387585 18
387584 209307 18
387588 2256 29
387588 1851 29
387592 387593 18
387599 104425 18
387620 218811 18
387620 241189 18
387649 8221 18
387649 334282 18
387649 135782 18
387662 1832 29
387667 189021 1
387672 30647 18
387675 271835 18
387675 5058 18
387675 35795 18
387675 42492 18
387675 336464 18
387690 94427 18
387690 347738 18
387707 89111 18
387707 21357 18
387707 106221 18
387711 317787 18
387731 4758 28
387735 350843 30
387735 279517 30
387735 332217 30
387735 387736 30
387755 2256 29
387772 387773 18
387788 9602 29
387788 14120 29
387788 146133 29
387788 14121 29
387792 3724 29
387794 298110 18
387812 42924 18
387821 387822 18
387821 351929 18
387821 351930 18
387821 293149 18
387823 387822 18
387823 387824 18
387823 219513 18
387823 387826 18
387829 96686 18
387837 158322 18
387837 184172 18
387837 82890 18
387843 212068 18
387843 114004 18
387843 331316 18
387851 2256 29
387851 3724 29
387886 113840 18
387886 272639 18
387886 246296 18
387891 168845 18
387907 387908 30
387907 350843 30
387907 115877 30
387907 387909 30
387907 331986 30
387907 229784 30
387907 387910 30
387919 42416 18
387920 193586 18
387920 157586 18
387920 169086 18
387948 168830 18
387948 146629 18
387953 82908 18
387953 112253 18
387962 175064 18
387962 172594 18
387962 248184 18
387977 387978 30
387980 142976 18
387989 90402 18
388005 1832 29
388005 2256 29
388005 8659 29
388019 92436 29
388019 8659 29
388028 1851 29
388028 9602 29
388028 7581 29
388028 8659 29
388035 264187 18
18862 54155 18
388056 103970 18
388056 277783 18
388056 182009 18
388056 181696 18
388056 182010 18
388056 196210 18
388069 1832 29
388085 169625 18
388131 239163 30
388131 11052 30
388131 141200 30
388131 323361 30
388131 355124 30
388131 388132 30
388138 289120 18
388138 382776 18
388141 309296 18
388204 180656 18
388212 376124 30
388213 167310 18
388213 42358 18
388213 42898 18
388216 137733 18
388222 171889 18
388258 118122 18
388258 94457 18
388264 2742 28
388286 13803 18
388291 104649 18
388291 13574 18
388291 300398 18
388291 269593 18
388291 315401 18
388291 267908 18
388301 32739 29
388308 2256 29
388308 15823 29
388323 1832 29
388323 92436 29
388329 53528 18
388329 53535 18
388329 53543 18
388329 388330 18
388342 18157 28
388350 266177 1
388372 9602 29
388390 386943 18
388390 388391 18
388390 388392 18
388400 388401 18
388400 386943 18
388400 341667 18
388400 205404 18
388405 236398 18
388405 40449 18
388420 14630 18
388420 32506 18
388420 119691 18
388420 83664 18
388428 378013 18
388428 192327 18
388428 376818 18
388429 328439 1
388438 170202 18
388443 98287 28
388459 232732 18
388459 342904 18
388466 42779 18
388466 34621 18
388466 114479 18
388466 305094 18
388472 192466 13
379794 13 1
388565 115877 30
388565 280546 30
388565 161716 30
388565 141201 30
388589 272026 18
388589 7130 18
388589 210105 18
388590 100018 18
388590 220416 18
388592 388593 18
388598 388593 18
388606 51064 18
388650 41234 18
388654 250554 18
388654 387379 18
388654 341666 18
388654 193691 18
388654 246294 18
388654 388655 18
388654 293710 18
388691 15823 29
388697 105072 18
388726 109611 18
388746 351929 18
388746 133389 18
388746 124360 18
388746 388747 18
388746 388748 18
388746 388749 18
388746 388750 18
388771 100018 18
388771 220410 18
388779 218114 18
388786 167024 18
388786 47588 18
388786 240861 18
388786 34200 18
388786 388787 18
388786 159301 18
388788 388789 18
388793 192693 18
388798 24641 13
388799 189155 18
388801 176864 18
388811 86815 18
388811 34966 18
388811 34967 18
388811 31629 18
388811 189842 18
388811 31634 18
388811 231391 18
388811 231392 18
388811 388813 18
388821 142546 18
388826 270191 1
388843 192466 13
388845 8659 29
388885 2256 29
330891 218811 18
330891 241189 18
388929 304982 18
388929 388930 18
388929 286436 18
46589 6957 13
388949 20714 18
388957 144463 18
388957 146577 18
388957 146611 18
388957 146669 18
388957 146676 18
388963 144467 18
388963 199361 18
388977 354774 18
388986 388391 18
388997 35290 18
388997 54300 18
389014 146594 18
389014 341158 18
389014 325334 18
389014 146615 18
389014 353896 18
389014 199345 18
389014 144535 18
389014 199347 18
389014 350317 18
389014 353898 18
389014 389015 18
389014 389016 18
389019 15989 18
389019 160471 18
389047 386943 18
389047 294024 18
389050 176685 18
389050 10427 18
389050 218743 18
389052 208174 18
389053 376918 18
389053 389054 18
389053 389055 18
389097 389098 28
389131 135264 28
389131 135265 28
389136 42148 28
389136 376528 28
389145 51239 18
389145 95047 18
389147 135080 28
389153 272377 28
389153 272379 28
389153 272380 28
389155 135263 28
389155 135280 28
389155 135266 28
389160 135114 28
389160 135116 28
389160 135208 28
389160 135210 28
389161 1832 29
389161 10851 29
389171 389172 1
389183 101208 18
389192 351929 18
389196 351929 18
389196 389197 18
389196 343375 18
389196 388942 18
389196 389198 18
389204 31056 1
389208 244421 30
389208 11050 30
389208 115877 30
389208 262204 30
389208 261828 30
389208 356212 30
389217 389218 1
389236 122883 18
389248 125872 18
389259 3784 29
389259 1851 29
389259 7553 29
389259 10851 29
389259 389260 18
389259 92436 29
389259 86086 29
389259 2361 29
389264 1851 29
389264 389260 18
389264 92436 29
389265 1832 29
389265 1851 29
389265 92436 29
389265 86086 29
389267 92436 29
389273 92436 29
389299 166865 1
389303 2256 29
389303 10851 29
389303 2361 29
135386 56890 28
389323 34171 28
389323 53254 28
389323 56806 28
389323 135199 28
389323 135200 28
389323 135201 28
389323 56900 28
389323 135204 28
389323 56906 28
389326 135109 28
389326 389327 28
389326 56665 28
389326 389328 28
389326 56666 28
389326 272371 28
389326 389329 28
389326 33992 28
389326 355426 28
389326 389330 28
389326 56669 28
389326 389331 28
389326 56670 28
389326 11859 28
389326 21906 28
389326 56672 28
389326 56673 28
389326 56674 28
389326 56675 28
389326 389332 28
389326 56677 28
389326 225123 28
389334 7049 28
389340 116679 28
389340 56980 28
389340 56981 28
389340 116681 28
389340 116682 28
389340 56982 28
389340 135232 28
389340 56983 28
389340 135233 28
389340 56987 28
389340 15579 28
389340 135234 28
389341 2256 29
389347 56899 28
389347 135202 28
389347 272374 28
389347 272375 28
389347 272376 28
389347 135203 28
389347 272378 28
389347 56901 28
389347 56903 28
389391 389392 28
389426 211658 18
389426 148132 18
389431 324009 18
389431 324000 18
389431 389432 18
389437 381029 1
389480 1832 29
389480 2256 29
389481 389482 18
389490 141977 18
389493 49732 18
389500 140034 18
389500 389501 18
389500 389502 18
389507 104246 28
389529 51016 18
389533 331310 1
389546 118434 18
389546 51562 18
389546 109787 18
389546 109788 18
389554 89052 13
389561 141199 30
389561 115877 30
389561 161719 30
389561 284606 30
389561 178977 30
389561 115880 30
389561 206422 30
389561 389562 30
389570 1832 29
389570 2256 29
389581 4883 18
389592 240394 18
389602 62457 28
363070 1675 28
389614 168345 18
389614 122468 18
259146 53156 18
259146 32539 18
259146 50399 18
259146 80921 18
259146 131699 18
259146 235983 18
389695 8892 28
389705 200326 18
389705 130691 18
389718 3876 1
389731 265328 18
389731 177178 18
389764 344284 1
389790 7899 18
389790 39966 18
389790 269593 18
389799 40405 28
389810 258999 18
389826 281913 18
389827 387531 18
389874 225026 18
389874 349426 18
389874 284759 18
389874 389875 18
389874 361327 18
389876 131742 18
389917 1832 29
389917 2256 29
389920 319247 18
389920 110042 18
389920 270313 18
389927 282476 18
389937 389938 18
389949 307888 18
389958 3784 29
389958 2361 29
389962 280870 18
389980 22774 18
389980 118498 18
389981 5195 18
389983 21643 18
390004 308574 18
390004 113637 18
390006 135119 28
390006 389327 28
390006 56665 28
390006 225120 28
390006 389328 28
390006 272370 28
390006 56666 28
390006 56667 28
390006 389329 28
390006 33992 28
390006 355426 28
390006 56668 28
390006 272372 28
390006 272373 28
390006 56670 28
390006 225122 28
390006 390007 28
390006 390008 28
390006 56672 28
390006 56674 28
390006 390009 28
390006 390010 28
390006 390011 28
390006 390012 28
390006 56677 28
390006 56678 28
390006 56680 28
390006 306609 28
390006 306610 28
390006 306611 28
79648 7127 18
390021 97460 28
390030 37136 18
390030 13501 18
390030 39598 18
390030 20514 18
390030 74848 18
390030 73007 18
390030 20654 18
390030 43525 18
390044 2256 29
390044 32394 29
390044 1851 29
390044 3724 29
390049 98276 18
390062 17868 18
390062 15285 18
390062 94082 18
390062 213459 18
390062 16791 18
390076 389197 18
390076 390068 18
390076 246294 18
390077 1832 29
390077 3406 29
390077 14120 29
390084 344284 1
390108 2256 29
390125 126957 18
390125 332970 18
390150 54566 18
390154 2384 13
390159 206388 30
390159 293718 30
390159 161717 30
390159 266452 30
390159 295868 30
390159 115880 30
390159 206422 30
390159 369141 30
390159 295870 30
390169 2256 29
390170 38077 18
390170 86004 18
390172 246294 18
390172 337297 18
390178 136394 18
390178 127823 18
390178 236597 18
390187 4104 29
390187 2256 29
390191 136882 18
390191 220307 18
390191 50025 18
390191 214012 18
390191 121912 18
390195 390196 18
390202 189508 18
390202 74122 18
390202 150709 18
390202 52898 18
390218 121142 29
390248 1832 29
390248 27915 29
390249 5151 28
390249 46819 28
390249 113394 28
390249 142645 28
390250 376814 18
390250 384331 18
390250 390251 18
390250 384332 18
390250 388633 18
390250 361265 18
390250 377172 18
390250 390252 18
390250 382091 18
390250 383848 18
390250 386062 18
390250 384457 18
390255 11944 18
390261 2800 28
390270 8659 29
390286 247555 18
390286 228136 18
390286 228137 18
390294 44510 1
390328 176842 18
390334 9602 29
390334 8659 29
390336 39620 18
390353 34076 18
390353 103569 18
390353 189816 18
390369 390370 18
390369 390371 18
390369 386552 18
390373 3784 29
390430 390431 18
390432 4265 18
390434 1829 29
390461 30793 18
390465 390466 18
390465 390469 18
390478 2256 29
390494 164348 28
390499 30802 18
390499 255093 18
390500 390501 1
390516 163824 18
390562 322803 18
390563 3290 18
390563 87551 18
390563 236279 18
390570 390571 28
390572 168944 18
390572 150811 18
390572 79743 18
390572 168349 18
390572 39622 18
390585 28210 18
390588 50536 18
390588 79724 18
390588 169703 18
390593 186678 18
390593 231190 18
390595 231190 18
390604 390605 18
390610 84136 18
390610 12734 18
390610 311382 18
390610 353911 18
390610 332304 18
390610 307118 18
390610 353913 18
390610 226790 18
390610 353900 18
390614 177158 18
390615 167805 18
390620 17338 18
390620 38053 18
390620 24800 18
390620 138891 18
390641 534 28
390657 149732 18
390664 390665 18
390699 107964 28
390699 390700 28
390711 1832 29
390711 7581 29
390726 105888 18
390733 125688 18
390733 333683 18
390744 199972 18
390750 1832 29
390750 8659 29
86442 49736 18
390769 1832 29
390769 2256 29
390769 2361 29
390771 377215 18
390772 192417 18
390785 114329 18
390785 337000 18
390785 160509 18
390785 31466 18
390785 134700 18
390785 125628 18
390785 92657 18
390785 315964 18
390785 167222 18
390788 390789 18
390819 258229 18
390871 240577 18
390899 86815 18
390899 86818 18
390899 86824 18
390899 25111 18
390899 138065 18
390901 55861 18
390901 21407 18
390901 139 18
390910 390911 21
390910 390912 21
390910 2824 21
390927 1832 29
390927 2256 29
390927 3406 29
390940 3199 1
390954 81041 18
390963 175462 18
390966 8659 29
390969 1832 29
390969 2256 29
390969 7553 29
390969 30245 29
390969 2361 29
390969 11537 29
391013 252331 18
391013 354717 18
254991 204369 1
254991 15908 1
391040 226040 18
391041 370585 18
391041 163445 18
391050 43419 29
391053 272640 18
391053 172702 18
391094 258261 18
391094 223684 18
391106 81218 18
391107 391108 13
391107 8592 13
391107 391109 13
391107 391110 13
391107 2604 13
391107 21009 13
391107 21012 13
391107 21014 13
391107 391111 13
391107 28327 13
391107 25320 13
391107 21102 13
391107 391112 13
391107 391113 13
391107 391114 13
391107 391115 13
391107 391116 13
391107 391117 13
391107 391118 13
391107 391119 13
391107 391120 13
391107 391121 13
391122 19886 28
391202 235630 1
391215 34688 18
391227 19373 15
391252 292057 18
391257 222295 18
391257 34730 18
391257 391258 18
391257 285527 18
391257 341633 18
391257 391259 18
391269 80703 18
391269 21947 18
391269 39163 18
391300 289089 18
391304 55616 18
391304 46654 18
391314 16858 1
391323 386942 18
391334 391335 18
391341 80439 18
391341 9992 18
391341 162564 18
391341 98028 18
391341 74261 18
391341 31700 18
391341 94100 18
391352 1832 29
391352 2256 29
391352 3724 29
391369 202923 28
391380 270557 18
391419 391420 1
391432 362656 18
391432 391433 18
391432 295230 18
391435 120774 18
391435 164727 18
391437 30701 1
391442 116257 18
391454 15823 29
391464 196196 18
391464 147729 18
391464 143136 18
391464 201242 18
391478 1035 1
391504 339347 18
391504 391505 18
391511 377190 18
391511 377171 18
391516 377190 18
391519 113841 18
391519 377158 18
391519 391520 18
391544 121142 29
205776 35563 18
205776 53233 18
391554 17373 18
391556 246295 18
391562 391563 18
391564 388392 18
391577 2256 29
391599 339349 18
391599 280874 18
391600 339349 18
391604 339349 18
901 10649 1
901 238 1
901 16148 1
901 153180 1
391630 186684 18
391630 196184 18
391638 25718 18
391638 30639 18
391647 332888 18
391654 4813 18
391654 4086 18
391658 101314 18
391663 103809 18
391663 107956 18
391667 25710 18
391669 228286 18
391676 115630 18
391676 248839 18
391676 7598 18
391676 391677 18
391678 238977 18
391678 94268 18
391678 46060 18
391678 196461 18
391688 126847 18
391688 186382 18
391688 308621 18
391688 13511 18
391688 162513 18
391707 307030 18
391707 96345 18
391707 220413 18
391707 96346 18
391707 220419 18
391707 96351 18
391713 89445 18
391754 8892 28
391767 233469 18
391768 172702 18
391768 295232 18
391776 218811 18
195263 45231 18
195263 247838 18
391802 239357 18
391807 1600 18
391808 153211 18
391808 258280 18
391815 79654 18
391842 172702 18
391850 100733 18
391851 144488 18
391851 168830 18
391851 317118 18
391851 314690 18
391851 332304 18
391851 391852 18
391851 320350 18
391851 144523 18
391851 144541 18
391851 146637 18
391851 146650 18
391851 230645 18
391882 99375 18
391882 168239 18
391884 194592 28
391909 391910 28
391916 154486 18
391916 111772 18
391919 8659 29
391924 295227 18
391924 341667 18
391924 295231 18
391926 345098 18
391935 90358 18
391936 377217 18
391936 391937 18
391936 387384 18
391936 377220 18
391943 391944 18
391943 194418 18
391943 389279 18
391949 391932 18
391953 391954 18
391968 203617 18
391968 43443 18
391968 226965 18
391971 379401 18
391971 388631 18
391971 388633 18
391971 391972 18
391971 391973 18
391971 388640 18
391974 41951 18
391974 41958 18
391990 217763 18
391990 222657 18
391995 43961 18
391995 10964 18
392007 188236 18
392032 100327 18
392061 34987 18
392061 25003 18
392061 167222 18
392088 2256 29
392088 1851 29
392093 146614 18
392093 144510 18
392093 295521 18
392093 368267 18
392093 392094 18
392093 146629 18
392093 225518 18
392093 226772 18
392093 295522 18
392093 144558 18
392093 217986 18
392093 392095 18
392093 353914 18
392093 146659 18
392093 389016 18
392106 2256 29
392106 9602 29
392106 14120 29
392106 9604 29
392109 144243 18
392109 38857 18
392109 34010 18
392109 217821 18
392109 308899 18
392109 138797 18
392109 299220 18
392109 255799 18
392109 24757 18
392110 243975 18
392110 103930 18
392110 168842 18
392110 103934 18
392179 115877 30
392183 188128 18
392206 29081 18
392206 24282 18
392220 2256 29
392244 83015 18
392249 163251 18
392249 117522 18
392263 234872 30
392263 329560 30
392264 32772 18
392264 357662 18
392265 36133 18
392265 94273 18
392270 392271 30
392270 392272 30
392273 382102 18
392273 388632 18
392296 20911 13
392296 20922 13
392301 17367 29
392312 1832 29
392312 32739 29
392312 11538 29
392348 7581 29
392348 392350 29
392348 194189 29
392356 105178 28
392357 109719 28
392358 2256 29
392365 20914 13
392365 20987 13
392365 21079 13
392369 81987 18
392369 19814 18
392378 9615 18
392378 362311 18
392378 187958 18
392396 170538 18
392396 122551 18
392397 280872 18
392397 341669 18
392407 388392 18
392407 280872 18
392407 392408 18
233981 233982 18
392412 150811 18
392421 284758 18
392421 282692 18
392421 277101 18
392440 131338 18
392447 392448 18
392452 1832 29
392452 2256 29
392474 1832 29
392521 2256 29
90144 12495 1
90144 21487 1
392562 100905 1
392621 123779 18
392629 297804 18
392629 298046 18
392629 392630 18
392637 76327 18
392639 179913 18
392652 5508 28
255633 248164 18
392655 392656 18
392663 297804 18
392663 237359 18
392712 76515 18
392712 46093 18
392712 10961 18
392712 149444 18
392736 343375 18
392737 281795 18
210329 157581 18
210329 48791 18
392767 8659 29
392781 285285 18
392798 392799 30
392798 392800 30
392798 392801 30
392806 263763 18
392806 171108 18
392807 145552 18
392811 278272 18
344882 255918 1
392825 24991 18
392931 383864 18
392931 388634 18
392931 392932 18
392937 55319 28
392938 231210 18
392944 142686 28
392946 392947 1
392953 71018 18
392953 286665 18
392977 54258 18
392978 53528 18
392978 53543 18
392985 319610 18
392985 392986 18
393001 107744 18
393001 95007 18
393004 393005 18
393010 93665 28
393018 32394 29
393018 14120 29
393026 202971 18
393026 147730 18
393026 243778 18
393026 196184 18
162668 213599 18
162668 45584 18
162668 181487 18
393034 393035 28
155787 76768 18
393036 43863 18
393043 74207 18
393043 74208 18
393043 77976 18
393043 53507 18
393057 389197 18
393059 47971 18
269045 25415 18
269045 46839 18
269045 44779 18
269045 100325 18
269045 295194 18
269045 106943 18
269045 171852 18
269045 89362 18
269045 86992 18
269045 146869 18
269045 131983 18
393066 91475 18
393066 133660 18
393082 2256 29
393084 98405 18
393084 26726 18
393084 22773 18
393084 91775 18
393084 2121 18
275039 230744 18
275039 230745 18
230742 230744 18
393112 213235 18
393112 19041 18
393141 293815 18
393141 321119 18
393161 196412 18
393161 196413 18
393161 241938 18
393161 196415 18
393161 246010 18
393161 218790 18
393161 196421 18
393168 106942 18
393168 116811 18
393170 196413 18
393170 196415 18
393170 393171 18
393174 321119 18
393177 33868 18
393184 111617 18
393184 121827 18
393184 236597 18
393197 176669 18
393198 2256 29
393198 14120 29
393199 15511 18
393204 186438 18
393204 102965 18
393204 109788 18
268374 82889 18
393206 8659 29
393210 50046 18
393210 155784 18
393210 223425 18
393210 39983 18
393213 103253 18
393213 386963 18
393256 133493 1
393260 86426 1
393262 193691 18
393262 393263 18
393262 341668 18
393262 293149 18
393275 349088 18
393275 193691 18
393276 303320 18
393282 188993 18
393283 79649 18
393285 29039 1
393288 143671 18
393288 82941 18
393288 178571 18
393288 125455 18
393290 9625 18
393290 124481 18
393290 43275 18
393290 246829 18
393290 163925 18
393290 17487 18
393306 343376 18
256934 11765 18
393316 393317 28
393409 341668 18
393417 241913 18
393418 44845 18
393422 216910 18
393422 241912 18
393422 201252 18
393425 2256 29
393430 154858 18
393430 10441 18
393431 393432 18
393444 367970 18
393444 337598 18
393449 71659 18
393457 393458 18
393457 393459 18
393460 183218 18
393471 22770 18
393471 268306 18
393483 163525 18
393483 122468 18
15378 1025 1
393485 219045 18
393485 197088 18
393486 48652 18
393486 34088 18
393486 158435 18
323895 31275 18
393491 161207 18
393492 2256 29
393492 8659 29
393494 375837 30
393494 282827 30
393494 377757 30
393508 49192 18
393508 16311 18
393560 250072 18
393573 179923 18
393573 252770 18
393573 48441 18
375880 393583 18
393593 388401 18
393593 341669 18
393597 157694 18
393610 1832 29
393610 2256 29
393610 7581 29
393610 8659 29
393613 224517 18
393622 8659 29
393648 377158 18
393660 48488 18
393660 202967 18
393660 200694 18
393660 247772 18
393665 1832 29
393665 3724 29
393671 343374 18
393671 389198 18
393679 261215 18
393682 15554 18
393684 393685 18
393684 280873 18
393721 3406 29
393722 114952 18
393734 13088 18
393744 393745 18
393744 225890 18
393744 119921 18
369862 281822 18
369862 281823 18
369862 374167 18
393761 256096 18
393762 256096 18
393763 213599 18
393763 260869 18
393768 133833 18
393768 124405 18
393772 270557 18
393814 169289 18
393814 184181 18
393822 37561 18
393822 94273 18
393822 228842 18
393827 19038 18
393827 258301 18
393827 152550 18
393875 82941 18
393892 1832 29
393915 338613 30
393915 161722 30
393917 393918 1
393923 2256 29
393925 10241 28
393926 317804 18
393933 349215 18
393934 173477 18
393942 269699 18
393945 19096 18
393945 391954 18
393945 236048 18
393982 109630 18
394023 183611 28
394023 183612 28
394030 217248 18
394069 13982 1
394073 91740 28
394114 14120 29
394118 200206 18
394118 191864 18
394127 2256 29
394130 1832 29
394145 108257 28
394158 7136 1
394165 1829 29
394168 55138 28
394207 112893 18
394207 179245 18
394207 234886 18
394219 3784 29
394219 92436 29
394248 29075 18
394252 31276 18
394252 261523 18
394272 394273 18
394281 147652 18
394282 74192 18
394282 53513 18
394282 53572 18
394282 203733 18
394282 344986 18
394305 5621 18
394306 321925 18
394306 392473 18
394317 228536 18
394317 74205 18
394317 272914 18
394317 272915 18
394317 209857 18
394338 214533 18
394338 16406 18
394341 16346 29
394341 10851 29
394342 25851 28
394379 2256 29
394399 1832 29
394408 2256 29
394420 295520 18
394420 144517 18
394424 120063 18
394424 248167 18
394424 279688 18
394430 153951 18
394461 3784 29
394461 8659 29
394465 1832 29
394465 8659 29
394468 394469 18
394472 128270 18
394474 95698 18
394474 176168 18
394492 394493 18
394502 389465 18
394526 5508 28
3261 3254 1
394573 3724 29
394583 282826 30
394583 333545 30
394592 342577 18
394607 394604 18
394608 88009 18
394608 108990 18
394608 208656 18
394610 394604 18
394614 122468 18
394656 2256 29
394696 150963 18
394696 394697 18
394696 394698 18
394696 244987 18
394696 379506 18
394709 274052 18
394709 303234 18
394709 394710 18
394709 274056 18
394709 269397 18
394709 204778 18
394709 394711 18
394709 193076 18
394709 170718 18
394728 239724 18
394728 240393 18
394728 239958 18
394728 240394 18
394728 93387 18
394728 240395 18
394728 39013 18
394745 42084 18
394745 394746 18
394745 147452 18
394751 327998 18
394764 240578 18
394767 206387 30
394767 115877 30
394767 141201 30
394767 338613 30
394767 294035 30
394767 323361 30
394767 286711 30
394767 394768 30
394773 89694 18
394773 11781 18
394773 219552 18
394778 180423 1
394778 394779 1
394809 134010 18
394809 318681 18
394824 1832 29
394824 33256 29
394834 15223 18
394843 4744 13
394843 4745 13
394873 183001 18
394873 199580 18
394873 255852 18
394873 105806 18
394877 167067 18
394877 293222 18
394880 36749 28
394885 1851 29
394908 53959 18
394912 1832 29
394912 2256 29
394912 3784 29
394912 7581 29
394912 2361 29
394926 318016 18
394930 653 28
394941 113478 18
394962 394963 18
394962 394964 18
394971 394972 18
394990 222557 18
394990 238947 18
251238 170538 18
395017 45672 18
395017 178990 18
395029 2256 29
395032 209378 29
395073 188995 18
395073 1540 18
395083 153940 18
395087 39979 18
395100 16847 28
395104 16847 28
395105 141250 18
395105 138065 18
395106 16847 28
395107 3724 29
395110 395111 18
394157 4498 18
394157 7885 18
394157 150692 18
395221 166664 18
395221 340413 18
395234 32769 18
395234 2042 18
395234 108087 18
395234 96714 18
395234 185266 18
395234 185267 18
395234 73365 18
395234 185268 18
395234 272347 18
395234 94677 18
395259 49064 18
395275 1832 29
395279 10851 29
395314 70519 28
395324 3784 29
395325 344825 18
395325 344828 18
395328 9972 1
395397 29318 18
395430 93748 18
395430 339939 18
395430 106741 18
395433 90173 18
395433 154329 18
395434 107775 18
395434 42406 18
395434 44869 18
395434 194799 18
395441 2256 29
395441 3724 29
395456 99342 18
395456 220307 18
395456 292367 18
395456 39013 18
43689 512 18
43689 515 18
395523 9602 29
395523 19271 29
395523 8659 29
395525 10361 28
395533 195656 18
395533 162578 18
395534 74169 18
395545 172701 18
395570 4104 29
395572 293717 30
395572 209050 30
395572 271039 30
395572 395573 30
395583 146133 29
395655 3406 29
395655 7553 29
395664 193163 18
395664 14050 18
395674 2256 29
395699 10649 1
395703 318016 18
395703 318019 18
395703 318023 18
395706 35761 18
395713 47062 18
395713 51572 18
395713 323579 18
395713 173035 18
395719 100327 18
395722 43593 18
395722 264048 18
395722 22871 18
395753 126969 18
395753 213545 18
395753 387153 18
395812 123189 18
395812 148260 18
395817 128993 18
395817 228874 18
395817 48093 18
395817 51462 18
395817 135623 18
395817 212620 18
395827 193810 18
395827 355483 18
395848 395849 30
395848 395850 30
395858 149230 18
395858 185678 18
395858 1614 18
395858 82143 18
25278 157695 18
395870 14151 18
395883 164872 18
395883 378958 18
395884 395885 18
395884 378958 18
395894 134809 18
395894 134810 18
395894 134811 18
395894 59780 18
395894 163252 18
395897 139443 18
395901 239876 18
395901 93547 18
395911 43776 18
395911 157164 18
395920 1588 18
395920 395921 18
395920 1590 18
395926 116876 18
395936 139789 18
395943 395945 18
395943 126016 18
395943 9653 18
395943 196799 18
395943 207984 18
395954 323092 18
395966 42399 18
396031 396032 1
396031 396033 1
396031 396034 1
396031 396035 1
396031 396036 1
396050 396051 18
396050 396052 18
396050 382777 18
396050 388634 18
396053 10851 29
396078 201447 18
396078 376252 18
396078 377419 18
396083 396084 18
396118 47045 18
396118 39163 18
396140 13091 18
396140 13093 18
396140 377512 18
396150 1183 18
396150 124719 18
396150 247603 18
396150 106042 18
396152 396153 18
396170 10299 18
396176 330971 18
396184 14431 18
396184 6739 18
396184 83660 18
396217 38333 18
396217 148124 18
396222 2256 29
396225 4169 28
396230 268782 28
396238 288306 18
396253 396153 18
396253 396254 18
396253 290725 18
396278 167160 18
396288 199970 18
396288 126416 18
396288 53577 18
396288 151351 18
396288 126440 18
396288 74223 18
396288 77978 18
396288 15182 18
396288 105615 18
396288 78007 18
396332 164863 18
396337 141199 30
396337 172465 30
396337 115877 30
396337 344752 30
396337 342072 30
396337 227484 30
396337 224709 30
396342 8659 29
396345 117459 1
396359 10565 18
396359 32859 18
396359 54074 18
396359 35449 18
396362 103870 18
396362 344500 18
396362 326058 18
396362 201243 18
396362 276602 18
396362 159268 18
396362 118059 18
396362 201253 18
396363 396364 18
396363 396365 18
396377 396379 1
396377 396380 1
72722 21487 1
396419 219233 18
396429 396430 18
396429 396431 18
396429 180642 18
396455 367495 18
396456 437 28
396456 32130 28
396512 107596 18
396512 157293 18
248021 396536 18
396570 317107 30
396570 396571 30
396570 308206 30
396572 79908 18
396592 49743 18
396605 103884 18
396605 257177 18
396605 237444 18
396605 227615 18
396625 74805 18
396639 396640 18
396654 128256 18
396654 284328 18
396654 170686 18
396654 23251 18
396661 1675 28
396672 327977 18
396681 2361 29
396685 15823 29
396693 285314 18
396693 310602 18
396699 124721 18
396701 2256 29
396701 3724 29
396714 140228 18
396714 140243 18
396714 151484 18
396734 213635 18
239644 25704 18
239644 25723 18
396781 357505 18
396781 33419 18
396781 219045 18
396781 324833 18
396788 11750 18
396788 135782 18
396788 347428 18
396793 219367 18
396796 2256 29
396800 204683 18
257519 396803 1
396819 229423 18
396819 324655 18
396822 29577 18
396823 34171 28
396823 56806 28
396823 135183 28
396823 135184 28
396823 135187 28
396823 56814 28
396823 56815 28
396823 56816 28
396823 56819 28
396823 56820 28
396835 231745 18
396868 165755 18
396874 59471 28
396875 396876 18
396908 11537 29
396914 396915 18
396914 235858 18
396914 144535 18
396914 227620 18
396961 42337 18
396963 209234 18
396964 1832 29
396964 2256 29
396964 3784 29
396964 1851 29
396964 7581 29
396976 2494 28
9832 231148 1
397018 176222 18
397062 42405 18
397096 151987 18
397104 113167 28
397147 232256 18
397167 9604 29
397196 397197 28
397196 132758 28
397200 9668 13
397200 20077 13
397200 20168 13
397208 187958 18
397222 397223 1
384585 271191 18
384585 82008 18
384585 81598 18
384585 82212 18
384585 355606 18
384585 171554 18
