56204
1843 69 0
2435 69 0
16630 16339 19
11461 62 0
2881 6 0
2345 1660 19
8029 7603 21
4678 4223 19
6359 6081 22
7846 7600 20
16578 68 0
4749 4388 20
10163 9715 20
9047 8686 20
15317 68 0
9271 8658 19
4118 3064 22
6087 42 0
1897 68 0
13019 41 0
6141 5434 20
582 271 20
13525 13016 19
16817 16339 19
6657 337 16
16164 6 0
4936 42 0
14694 2977 14
1132 62 0
3158 24 0
11834 11485 22
6815 6724 20
4127 3064 22
4612 4296 20
7061 42 0
15602 68 0
5674 5393 20
10194 9797 20
13277 13045 20
1102 69 0
12007 24 0
2593 6 0
12072 11921 20
11373 10892 21
15102 6 0
9230 8712 20
7174 42 0
12181 11877 19
6100 6101 14
13181 13061 20
13273 13155 20
5362 18 0
10209 68 0
11961 41 0
8116 7687 20
13742 13052 22
9661 6 0
5291 4350 22
12702 6 0
7914 7571 19
8831 68 0
696 149 20
15490 15156 19
16171 15770 22
8728 9 0
3640 2988 20
836 221 20
2297 1710 21
5241 6 0
8982 8734 21
6023 5417 20
13223 13158 20
7951 7583 20
9241 9242 14
2630 1688 22
12592 11877 12
7129 69 0
15874 15198 20
12183 68 0
7280 6 0
7885 7683 20
14911 14013 22
3659 3098 20
15637 15156 19
9652 9212 22
10253 9770 20
4605 4262 20
10306 9811 20
7767 7691 20
1429 201 22
3509 2944 19
7128 6641 21
1431 1023 22
6010 68 0
7208 6633 22
6780 6785 16
14232 68 0
4683 4357 20
585 68 0
14926 14017 22
633 105 19
3751 3113 20
6863 6760 20
5712 68 0
10988 10805 19
2023 68 0
17080 6 0
11229 10875 20
10319 9733 20
5611 68 0
8353 8243 22
6277 5377 22
14208 14027 20
4660 4388 20
17223 16437 22
6951 6632 19
8622 7675 22
576 68 0
16851 42 0
15555 15299 20
14340 13974 20
13825 6 0
12507 11976 21
12085 11877 19
9084 8790 20
9796 9799 13
16810 16339 19
6587 5494 22
2091 1750 20
11612 11391 22
4079 3701 22
4153 3081 22
9263 42 0
7132 1090 14
16644 16451 20
2380 62 0
36 37 2
3712 3096 21
16393 3144 15
5179 6 0
8973 8698 20
12468 11885 20
5804 68 0
6024 5402 20
10518 9743 22
11203 10920 20
16305 15829 22
2883 1809 22
4717 4358 20
6815 6729 20
10057 9806 20
10044 9792 20
8000 7573 20
4743 4340 20
8521 7636 22
4477 4393 20
5972 5384 20
9927 9710 19
12837 11938 22
9142 8741 20
2691 2458 22
13040 10878 14
13093 9 0
12564 62 0
3915 3599 22
9889 9719 20
14496 13968 19
874 367 20
9395 8672 22
569 178 20
10093 68 0
12754 6 0
7750 7571 19
17262 16923 22
3979 3008 22
13215 13016 19
4367 1074 14
14841 14648 22
13347 13027 20
8974 8781 20
3445 2944 19
3626 42 0
4533 4280 21
7123 3044 14
680 68 0
5377 5379 13
5821 5362 19
9074 8670 20
8130 42 0
16905 16339 19
4698 4223 19
6588 6 0
7312 6657 22
10247 9745 20
3578 51 0
827 68 0
923 210 20
10310 9729 20
10318 7163 14
16879 16382 20
2643 6 0
2764 2527 22
954 955 14
10234 9710 19
11283 10805 19
14288 14007 20
14792 6 0
74 73 0
15966 15167 22
15515 15227 20
3029 238 14
8867 8658 19
1314 1011 22
3943 2994 22
12246 11893 20
996 214 21
16104 6 0
1859 69 0
16328 6 0
10469 9731 22
2039 1660 19
16623 16420 20
13963 13157 22
12277 11968 20
9148 8673 20
16169 6 0
6814 68 0
11450 6133 14
16939 6 0
2371 42 0
3538 3131 20
14409 13968 19
6026 5382 21
2509 51 0
4391 69 0
15492 15156 19
4903 62 0
4356 4357 13
7318 7108 22
1182 42 0
3594 2944 19
16129 15213 22
10589 6 0
11187 10933 20
7497 6 0
360 363 14
12339 11877 19
13618 13021 22
10182 68 0
11363 6733 14
14593 51 0
8002 7614 20
8709 1665 14
13665 13547 22
5709 68 0
7094 6632 19
11976 11877 17
8703 24 0
8133 3007 14
8620 7675 22
12488 11938 21
11200 10808 20
6719 6722 13
1423 935 22
11444 10848 21
10395 9714 22
7272 6 0
4436 68 0
11755 10869 22
7929 7690 20
1779 321 16
7753 7696 20
2465 1786 21
12514 11980 20
4593 68 0
12623 12543 22
9623 9237 22
15517 15156 19
3524 3065 20
8798 41 0
15693 15168 20
6200 69 0
7750 7684 20
3332 68 0
716 257 20
2841 2337 22
4113 3064 22
4702 4268 20
555 105 19
14304 14098 20
10347 9731 21
11116 10805 19
2094 1660 19
12857 11942 22
12341 68 0
5168 4295 22
8301 7577 22
6506 6111 22
17189 6 0
13623 13021 22
14997 6 0
2774 6 0
3926 2990 22
14374 14128 20
14907 14009 22
15378 68 0
11468 10805 19
15375 15178 20
14281 13968 19
3273 3097 20
10354 62 0
14020 968 14
9833 9836 13
10768 10326 22
10403 10313 22
13822 6 0
1996 1761 21
6930 6632 19
15872 15176 21
10221 9716 20
16794 16443 20
15881 42 0
8965 68 0
11871 11477 22
5210 6 0
12297 11926 20
10008 9740 20
9725 41 0
16758 16465 20
11297 10805 19
12585 1672 14
16817 16478 20
13468 13144 20
10844 7606 14
6239 6136 22
3970 3008 22
460 384 20
12042 68 0
3544 3083 20
12274 68 0
4438 4373 20
12625 11884 22
12833 11934 22
14216 13968 19
16608 16405 20
262 69 0
3537 2979 20
4738 4269 20
11169 10866 20
11428 10888 23
14616 14063 20
6642 24 0
6143 5462 23
16143 15216 22
4836 4275 20
12706 6 0
6114 5411 21
13483 13018 23
207 210 13
7320 7164 22
3856 3700 22
10075 9764 20
855 163 20
4856 4304 20
6727 6728 13
4850 42 0
2570 2337 22
10914 10805 17
6443 5426 22
14236 13968 19
10221 10222 14
9057 8658 19
10551 10226 22
7957 7659 20
12341 11998 20
11033 10849 20
3557 3558 14
8956 68 0
11003 68 0
6483 5440 22
3542 2944 19
11045 10861 20
15405 15298 20
9250 8668 21
9209 8658 19
14072 24 0
640 157 20
12213 12016 20
7980 7571 19
10641 6 0
4601 4226 20
14887 14594 22
3929 2990 22
5803 5406 20
16196 6 0
4338 4341 13
4941 4250 20
1188 130 20
2185 68 0
11744 11432 22
16993 16897 22
5570 5495 20
810 235 20
16855 16462 20
2934 1855 22
16602 16353 20
16505 68 0
1937 1816 20
371 125 16
13007 12018 22
10033 9776 20
7113 6644 21
14065 8716 15
7828 7571 19
10450 6 0
8098 7571 19
6135 42 0
8219 69 0
12628 12579 22
3641 2944 19
1047 69 0
7163 69 0
5769 5530 20
8867 8790 20
6875 6773 20
16829 16429 21
15656 15156 19
5075 4261 22
3215 2950 20
9743 9744 13
8687 24 0
7160 6731 20
5005 6 0
8843 68 0
8594 7658 22
13321 13060 20
12041 11913 20
9552 6 0
12934 11962 22
13121 13123 13
14856 6 0
16717 16464 20
806 68 0
4575 68 0
11684 6 0
5535 932 15
5686 5441 20
16921 16422 20
6535 6201 22
5274 4332 22
3379 3066 20
9222 8759 21
15865 4260 14
12347 68 0
15240 15242 13
17253 16450 22
12280 11897 20
4905 4302 21
12073 11925 20
6454 6161 22
3850 6 0
14635 13968 19
3583 2944 19
2847 6 0
13527 13028 20
7994 7623 20
11104 10909 20
15792 15289 20
11579 11494 22
1185 331 21
7636 6037 14
12658 6 0
2185 1690 20
15434 15307 20
13432 13117 20
797 304 20
5803 5462 20
11196 10870 20
2318 1660 19
6832 6768 20
8685 345 14
8930 8658 19
16856 51 0
8049 68 0
1850 1854 16
5928 5406 20
14683 14100 20
10079 68 0
6099 1698 14
7946 68 0
14378 13987 21
14708 2977 14
16702 68 0
9670 9240 22
10025 9710 19
3393 3083 20
10734 9819 22
1034 1035 14
11706 6 0
13403 13016 19
12713 12522 22
7395 6 0
15117 6 0
3380 3131 20
6825 6741 20
14669 13968 19
13028 41 0
2517 1695 23
13554 13141 23
10549 6 0
4817 42 0
8309 6 0
7096 6632 19
14304 13968 19
7112 6650 20
7318 7095 22
4500 68 0
10430 6 0
5644 5421 20
6011 5427 20
14222 14102 20
7060 6688 20
11218 10888 20
6065 2989 14
6649 24 0
11105 68 0
8679 8681 13
11120 68 0
673 185 21
5694 68 0
3628 51 0
10079 9857 20
15884 3579 14
15458 15253 20
7263 6 0
536 135 20
2026 68 0
16819 16356 21
4527 4373 20
8416 6 0
11701 6 0
3834 6 0
7671 7674 14
5356 4407 22
4742 4333 20
14185 14040 20
10174 68 0
10927 10928 13
8443 7610 22
14408 68 0
10961 10902 20
15059 14694 22
9557 8717 22
12070 68 0
16212 6 0
2173 1750 20
15765 15301 20
14502 14117 20
9124 8658 19
14459 14103 20
12994 11997 22
8053 7655 20
12520 11908 21
9696 8775 22
8145 7601 20
15793 15156 19
7923 7584 20
16095 15765 22
12489 11877 19
4121 3064 22
16247 6 0
16924 51 0
9702 8779 22
9025 8658 19
8663 41 0
2287 1660 19
15631 15182 20
8977 8729 20
1997 68 0
6746 6748 13
11036 10805 19
8110 7617 20
8101 68 0
3208 68 0
11909 24 0
7898 7571 19
16491 68 0
4504 4286 21
8909 68 0
7571 104 12
3197 68 0
1398 1126 22
14340 68 0
10421 9718 22
2408 2409 14
8364 7594 22
8645 7698 22
2156 1757 20
7066 6648 21
3799 6 0
814 185 21
5728 5537 20
15835 15225 21
10055 9714 21
14176 14036 20
4905 42 0
13312 13122 20
9921 9857 20
13926 13121 22
16620 16339 19
16088 6 0
7839 68 0
11976 7 0
13209 68 0
8905 8690 20
7943 68 0
562 120 20
4113 3698 22
7374 6 0
4612 4223 19
4637 68 0
7831 7672 20
9863 24 0
10465 10234 22
4348 41 0
6695 9 0
9952 9771 21
7310 7104 22
10165 9830 20
5107 6 0
6488 6175 22
16792 16339 19
15636 15233 20
2074 1660 19
13464 13088 20
16147 15879 22
16879 16339 19
14605 13968 19
10585 6 0
9312 8719 20
5741 5509 20
4762 4413 20
5255 6 0
5511 41 0
2532 54 0
14467 68 0
3896 2978 22
323 327 13
15881 6058 14
4643 4324 20
11831 10908 22
7550 7185 22
16876 42 0
15570 15270 20
9464 6 0
12235 68 0
10768 9837 22
6205 5477 21
6410 5416 22
12699 12580 22
4465 4398 20
9440 8685 22
6648 40 0
11352 10850 20
7187 6643 20
11186 10820 20
16224 6 0
16766 16389 20
8047 7633 20
4542 4248 20
12087 11890 20
3410 3090 20
5990 5427 20
16630 16473 20
8639 8180 22
496 135 20
1503 241 22
13196 68 0
7554 6755 22
3411 3042 20
9084 8658 19
4273 4278 15
2359 1677 20
4672 68 0
8589 7653 22
6424 6066 22
10172 9798 20
7224 6637 22
506 105 19
13892 6 0
12179 11922 20
14981 6 0
9763 9766 13
12503 11888 21
7323 6 0
16901 16358 20
6186 42 0
16486 41 0
4919 4223 19
9463 8689 22
4612 4373 20
14236 14121 20
15239 41 0
16944 16880 22
6066 42 0
8959 8658 19
5053 6 0
7037 6632 19
7366 6 0
13096 13016 17
13225 68 0
15204 15208 15
15149 14616 22
9091 68 0
6278 6045 22
8113 7614 20
3238 3066 20
13536 13108 20
3692 2944 19
15831 15180 20
1145 119 21
8153 7571 19
5610 5482 20
9581 6 0
16189 15229 22
4579 4318 20
11922 24 0
16639 16409 20
13479 13129 20
2689 2501 22
12992 6 0
1994 1701 20
5153 6 0
17237 16442 22
12342 11877 19
6680 6683 13
5730 5362 19
12807 11929 22
5553 5362 19
14919 14013 22
11955 11958 13
9073 8690 20
5631 5420 20
6015 5514 20
15799 2306 14
13254 13016 19
4977 4224 22
15642 15196 20
10039 68 0
11121 10805 19
7939 7668 20
15535 15156 19
13496 13016 19
13933 6 0
8657 0 11
5194 6 0
5880 68 0
12540 11877 19
15765 4285 14
2299 1660 19
2163 1780 20
16440 41 0
13184 68 0
13279 13134 20
15131 14712 22
13547 13040 21
3131 24 0
15369 68 0
6776 6632 17
8153 7657 20
6684 9 0
9326 54 0
14346 68 0
7172 51 0
10461 9727 22
7094 6121 14
3186 3097 20
8175 42 0
994 995 14
3889 2978 22
7682 989 16
9269 8658 19
13323 68 0
12561 11964 20
6120 5362 19
9917 9720 20
3313 2973 20
15375 15230 20
773 271 20
6062 5532 20
923 318 20
1889 1711 20
9062 8677 20
4286 4289 13
5708 5541 20
15797 15156 19
15982 15171 22
1094 272 23
5963 5374 20
4172 3101 22
4386 4389 13
3046 3053 16
1650 353 22
13507 13084 20
15031 14047 22
11195 10831 20
10522 6 0
13493 13016 19
7278 6648 22
8056 7592 20
6495 6 0
6108 5522 20
7018 68 0
12251 11943 20
6305 6 0
5897 5365 20
17009 6 0
11767 11457 22
10619 9771 22
1999 1827 20
1217 6 0
4126 6 0
971 374 20
16515 68 0
8320 7582 22
11279 10923 21
12047 68 0
13402 13057 20
14649 62 0
687 68 0
8194 7677 23
6857 6736 20
3583 1692 14
16139 15763 22
6976 6632 19
16781 16371 20
2078 1868 20
3225 3066 20
4784 4292 20
16564 16412 20
4286 2310 16
1434 1132 22
4946 51 0
5750 5432 20
12579 11877 19
8107 7691 20
14300 13992 20
11356 10805 19
11335 10805 19
15779 10864 14
2074 1711 20
1036 326 20
11602 6 0
14578 14120 20
12733 11908 22
9216 42 0
5500 357 14
6788 6632 19
13530 13111 20
15624 15274 20
2291 1660 19
1480 6 0
16927 16339 12
530 156 20
7745 68 0
7805 68 0
12028 11892 21
3219 2944 19
11469 10805 19
2309 1748 21
6059 42 0
13713 6 0
3456 68 0
9449 9239 22
15195 15197 13
7234 6 0
8853 8790 20
14215 13968 19
16892 16407 20
11742 11489 22
2778 2343 22
10861 24 0
16033 15186 22
9575 6 0
15691 68 0
15935 15809 22
13276 13077 20
12501 6123 14
4672 4297 20
9293 8659 21
16839 16454 21
4185 3111 22
11924 9 0
627 287 20
11508 10805 12
5661 5461 20
10635 10261 22
16224 15784 22
8971 8658 19
14519 68 0
15499 15211 20
16590 68 0
13178 13016 19
7047 6735 20
11244 68 0
11418 62 0
14179 13988 20
10647 9781 22
6176 5373 21
15540 15168 20
15714 15238 20
16936 16339 12
16378 41 0
7144 6637 21
9957 9732 20
10746 9823 22
3388 3153 20
12776 6 0
14903 14616 22
16356 198 14
7928 7699 20
1939 68 0
4795 4224 21
440 105 19
3076 3080 16
13259 13027 20
3179 2944 19
14416 13968 19
14289 14082 20
14092 2402 15
11330 10820 20
12337 11963 20
5672 5525 20
16017 15181 22
34 3 0
13414 13065 20
15770 15309 20
6854 6704 20
6486 5440 22
4523 4223 19
13969 8733 16
14309 14027 20
13457 68 0
7443 6 0
1541 264 22
11753 10869 22
5566 5384 20
5118 6 0
5865 5502 20
15209 3595 14
742 105 19
4427 4351 20
10107 9842 20
14325 13977 20
761 105 19
11873 6 0
11481 10805 19
587 105 19
12755 6 0
2090 1669 20
13282 13142 20
12254 11957 20
3569 2944 19
6143 5362 19
956 105 19
4465 68 0
17049 6 0
3274 2991 20
13519 42 0
8151 42 0
2170 1857 20
3919 2984 22
11008 68 0
14049 41 0
12147 11947 20
2990 9 0
8792 8793 13
4474 68 0
11158 10953 20
7245 6641 22
9090 68 0
4151 3626 22
2261 1660 19
15502 15156 19
10447 9727 22
1351 994 22
674 378 20
11443 10884 21
3111 3112 13
1326 155 22
880 105 19
11485 10898 23
11303 10881 20
14223 14079 20
11004 10805 19
4013 6 0
6320 6 0
5846 5537 20
10523 9743 22
9711 9712 13
14281 68 0
11444 10822 20
7309 6652 22
12898 6 0
9186 8751 21
5482 24 0
11468 116 14
14969 6 0
12213 68 0
2715 1717 22
2291 1761 21
14922 6 0
12197 68 0
12087 11877 19
15678 15280 20
12445 68 0
4847 4350 21
9605 9186 22
16494 16434 20
2135 1868 20
8365 7594 22
9314 8665 21
11050 10831 20
16216 15834 22
7396 6684 22
11614 10823 22
10103 9710 19
12517 11877 19
1573 6 0
14325 13968 19
558 105 19
2399 51 0
484 105 19
1341 6 0
16433 16435 13
16845 62 0
9348 6 0
5921 5420 20
16654 16348 20
4483 4334 20
3553 3113 20
12585 42 0
2134 1846 20
7423 6 0
7343 6666 22
15610 15270 20
8414 8207 22
8382 7599 22
17188 6 0
79 78 9
10923 10924 13
8765 7 0
9596 9224 22
16763 16473 20
5487 24 0
7546 7147 22
941 342 20
6917 6756 20
3287 3137 20
11365 10887 21
737 105 19
10219 9819 21
15046 14051 22
2616 2425 22
12143 11935 20
5828 5531 20
3257 3009 20
5699 5482 20
11219 10876 20
3639 69 0
14359 13968 19
10188 9825 20
15788 15174 20
12339 68 0
9853 24 0
15374 15206 20
16922 16339 19
5657 5487 20
10176 9710 19
7288 6 0
5180 4795 22
9494 6 0
12052 11973 20
9923 68 0
7527 6734 22
6638 24 0
11680 6 0
7548 6 0
9207 8728 21
13553 13016 19
7440 7162 22
6140 2344 14
13892 13519 22
16833 42 0
13237 13048 20
14525 68 0
10857 41 0
12400 12006 20
4439 68 0
9474 9233 22
15018 6 0
6786 6696 20
6096 6097 14
14542 13968 19
16527 68 0
8419 6 0
12174 68 0
15694 15222 20
12375 11939 20
12451 11877 19
16257 6 0
841 348 20
1349 6 0
11433 62 0
7663 24 0
3309 2966 20
9923 9814 20
14198 14111 20
10018 9715 20
8045 7571 19
802 348 20
7241 6641 22
3385 2944 19
8230 7616 21
309 312 13
12179 11921 20
14181 13968 19
5682 5362 19
10892 3709 14
4568 4333 20
4837 4229 21
4774 68 0
12910 11955 22
16276 15808 22
8093 7611 20
9210 8775 21
7694 7696 13
8142 69 0
16696 68 0
16352 16339 17
2006 1674 21
15430 15223 20
4603 4414 20
16232 15240 22
15487 15168 20
11036 68 0
5904 5542 20
750 105 19
15497 15273 20
4490 4236 20
13330 13016 19
4544 4340 20
17091 6 0
7730 7709 20
10160 9715 20
5080 4261 22
16115 15209 22
14127 13968 17
16518 16476 20
4552 4333 20
13784 13064 22
12027 12024 20
3728 42 0
2107 1845 20
4872 4276 20
14199 14047 21
16243 15771 22
13383 68 0
5894 68 0
3367 3153 20
4532 4223 19
16514 68 0
5934 5521 20
15514 15196 20
15070 14657 22
11695 10848 22
10988 68 0
6457 6057 22
3545 3102 20
987 274 20
920 326 20
1855 1857 13
1029 274 20
14330 14057 20
10595 6 0
7959 7696 20
7394 6 0
1536 1132 22
10180 9718 21
3548 2961 20
9024 8790 20
13557 13046 20
749 142 20
13752 6 0
8157 42 0
16482 41 0
4315 41 0
11676 10844 22
16701 16473 20
6943 6752 20
2226 1749 20
7512 6 0
14229 14031 20
7889 7709 20
5839 5384 20
10491 10253 22
7323 7106 22
6812 6777 20
16055 6 0
4592 4340 20
2175 1809 21
9897 9857 20
2411 69 0
11170 68 0
12383 11922 20
3704 2944 19
7553 7145 22
4338 4339 13
10306 9750 20
434 293 20
8418 8177 22
12422 11877 19
1068 69 0
5513 5518 14
11118 10928 20
16690 16376 20
2778 1748 22
14252 68 0
736 105 19
13130 41 0
5316 4372 22
12631 11884 22
11230 10942 20
7109 42 0
7359 6 0
12725 11908 22
13382 13016 19
14294 14002 20
16519 16444 20
5711 5362 19
4208 6 0
15789 15156 19
11472 10921 20
2354 69 0
10195 9782 20
9481 6 0
16337 6 0
7557 6 0
5666 5468 20
13291 13054 20
595 208 20
982 297 21
12455 12007 20
9339 6 0
12651 6 0
3655 2963 20
16271 15786 22
8063 7659 20
3345 3131 20
6540 6199 22
17056 16896 22
8326 6 0
15088 6 0
7404 6 0
11084 10805 19
14468 13968 19
12922 12560 22
3412 2991 20
1073 136 20
13434 13053 20
5627 5501 20
7045 6692 20
12155 68 0
12954 6 0
16651 16339 19
8081 7592 20
17211 16818 22
2363 268 14
10352 9760 20
8188 42 0
8537 8198 22
3027 41 0
7912 68 0
14066 24 0
10629 10233 22
8955 8786 20
8950 8670 20
10830 2310 15
14258 14018 20
15351 15304 20
13725 6 0
248 9 0
2135 1797 21
4323 4324 13
3226 68 0
6095 5362 19
13044 13016 17
11152 10920 20
8210 7571 19
12354 11885 20
8965 8658 19
16885 42 0
1239 1158 22
72 73 0
7915 68 0
14582 13977 20
1052 1053 14
557 105 19
767 68 0
2071 68 0
8725 24 0
7085 6755 21
10099 68 0
11109 68 0
12532 11976 21
13077 24 0
14587 13991 21
10767 6 0
3729 2988 20
14155 14045 20
11393 10921 20
750 287 20
8054 7704 20
10975 10885 20
12520 11889 23
9101 8735 20
2112 1793 20
10756 6 0
4298 41 0
9977 9759 20
487 221 20
14449 14103 20
15809 1095 14
1027 342 20
8148 7613 21
7498 6 0
1429 1126 22
15831 62 0
3071 3075 13
12494 11931 23
11032 10919 20
12404 11972 20
15533 15156 19
5667 5405 21
15772 9313 14
8319 7582 22
14012 41 0
10555 6 0
9297 8730 20
12913 6 0
9146 8780 20
11310 10820 20
4350 4352 13
3013 2944 17
110 69 0
3708 2954 21
8208 7712 20
7150 6632 19
11407 10880 21
4142 3076 22
7058 6632 19
2423 2424 14
8269 7571 12
792 68 0
11925 24 0
7024 6772 20
12286 68 0
8226 7646 20
560 272 20
15446 15210 20
8436 7610 22
7828 7683 20
1490 6 0
5396 5398 13
13525 5550 14
13020 41 0
2923 1840 22
16179 15839 22
5592 5362 19
15840 15289 20
1577 6 0
7532 7171 22
1874 24 0
13739 6 0
10140 9802 20
13448 13045 20
1978 1793 20
882 235 20
14013 9790 14
10194 9749 20
7538 6746 22
10371 54 0
9310 8665 21
7946 7700 20
4520 4229 21
14419 68 0
15641 15242 20
6630 6 0
14439 14066 20
7889 7690 20
14320 14036 20
13875 13101 22
11000 10805 19
6641 6632 17
11306 68 0
4419 4223 17
11855 6 0
12173 11978 20
15783 15255 20
12649 11888 22
17290 16484 22
3261 2967 20
4538 4373 20
608 171 20
4553 4324 20
3701 42 0
17223 6 0
6791 6632 19
3767 54 0
14452 14035 20
15784 3730 14
12281 68 0
14498 14045 20
3637 2944 19
1552 264 22
11054 10919 20
13258 13138 20
7878 7571 19
5585 68 0
9399 8672 22
4887 4223 19
14855 13996 22
15373 68 0
8379 8253 22
10783 9846 22
15393 15284 20
10360 54 0
8062 7571 19
6244 6142 22
10293 9735 21
16532 16339 19
5664 5393 20
16921 42 0
6623 6052 22
3199 2967 20
10845 24 0
1128 244 20
15486 15168 20
12226 11877 19
493 68 0
9775 9780 15
13269 13106 20
11324 10945 20
16532 68 0
13353 13138 20
17282 6 0
6771 152 14
8035 7677 20
3876 2972 22
14298 14108 20
567 105 19
5956 5362 19
7566 7144 22
7831 68 0
4691 4269 20
7069 62 0
5634 5420 20
11349 10805 19
13427 13065 20
3448 2944 19
4626 68 0
5287 6 0
615 368 20
7154 6638 23
4467 68 0
4581 4223 19
16836 16454 21
13208 13106 20
14299 68 0
3447 2954 21
11246 68 0
528 105 19
10549 9753 22
2282 68 0
6849 6700 20
7022 6729 20
9913 68 0
3936 6 0
8206 42 0
11485 62 0
10122 9740 20
2460 1660 19
9287 1680 14
1854 69 0
8934 8766 20
11562 6 0
885 257 20
1246 1019 22
7023 6740 20
12269 11917 20
15678 68 0
3343 3112 20
1325 6 0
5214 4793 22
6024 5473 20
8017 68 0
10016 9863 20
7286 7084 22
16962 16904 22
658 179 20
16891 7602 14
3176 3077 20
1651 353 22
16672 16485 20
14944 14020 22
11598 10819 22
10308 4830 14
4665 4249 20
15988 6 0
14678 14097 21
13797 6 0
8050 68 0
8134 2464 14
1999 1725 20
4870 51 0
16521 16394 20
3383 3112 20
15411 15193 20
2201 1675 20
10404 6 0
6077 42 0
7397 6684 22
14831 14590 22
6454 6 0
5187 6 0
11596 10819 22
11069 10807 20
13233 13113 20
10383 6 0
4528 4269 20
10741 10345 22
12524 11877 19
2188 1856 20
10852 69 0
5721 5402 20
537 265 20
15354 15225 21
15672 15246 20
13252 13117 20
4636 4281 20
12558 5439 14
7783 68 0
11422 10827 21
6249 5368 22
15481 15242 20
6712 5512 15
6706 6707 13
4804 4805 14
6610 6 0
16991 16352 22
14284 13992 20
7388 6680 22
7563 7083 22
14946 6 0
2053 1689 20
16665 68 0
9168 8741 20
2491 1676 20
7503 6 0
14193 14035 20
4490 4223 19
2858 6 0
13674 13035 22
5028 4239 22
13698 13044 22
16554 16473 20
16128 6 0
725 171 20
14491 13968 19
16310 15276 22
4656 4379 20
9399 6 0
7694 7695 13
15762 15156 19
14515 68 0
5936 5495 20
15940 15162 22
15366 68 0
1520 248 22
13501 13085 20
3498 2950 20
16384 16339 17
9157 8658 19
4540 4223 19
16501 16398 20
6362 6 0
5906 68 0
4701 4386 21
8393 8198 22
4699 4223 19
8043 7571 19
5132 4286 22
883 105 19
16117 6 0
14138 14078 20
770 105 19
13457 13016 19
1840 47 0
6842 6632 19
9699 8775 22
15365 15156 19
2536 54 0
8960 8793 20
13081 13084 13
9222 42 0
16171 6 0
15024 14047 22
626 208 20
4509 68 0
3439 2956 20
5825 5427 20
12273 11877 19
7210 6633 22
12900 6 0
11592 10819 22
14885 14005 22
8200 7593 20
7086 6705 20
11840 10914 22
14203 14083 20
3839 2960 22
7640 3563 14
9110 8680 20
677 348 20
14885 14691 22
13940 6 0
16338 0 11
5681 5406 20
14897 14009 22
786 105 19
4412 4416 13
914 68 0
4002 6 0
2377 1660 19
234 237 13
2155 1689 20
5886 68 0
11362 10805 19
7595 24 0
9174 8711 20
8227 1838 14
472 105 19
10033 9805 20
8699 24 0
12010 4807 14
8524 7636 22
9877 9740 20
15181 15185 15
747 68 0
4868 4223 19
226 105 17
8498 6 0
8290 7572 22
4489 4386 21
8640 7686 22
4429 4351 20
5647 5417 20
5979 5461 20
13565 51 0
14278 68 0
5286 6 0
15321 68 0
14583 14077 21
2550 6 0
14979 14034 22
6039 5532 20
3519 3014 20
1975 1811 20
11505 10851 20
11615 11430 22
7632 6743 15
16626 16339 19
14205 14002 20
15177 24 0
7645 41 0
5993 5362 19
9981 9771 21
10726 6 0
10078 9806 20
1130 274 20
1918 1660 19
5898 5362 19
7004 6682 20
4702 4333 20
3297 3076 21
7610 7612 13
5381 69 0
7782 7641 20
11989 11991 13
5572 5362 19
8940 8780 20
13412 13065 20
7958 7677 20
15054 14056 22
11420 10880 21
15674 15245 20
1716 69 0
1212 1019 22
7422 6690 22
1850 1660 17
6911 6685 20
1998 68 0
5151 4291 22
7530 6739 22
2668 6 0
4729 4248 20
3088 7 0
8165 7586 21
1559 270 22
8089 7629 20
11032 10805 19
4477 4225 20
5773 68 0
12708 11904 22
15406 68 0
3315 3101 21
16689 16430 20
16186 6 0
2188 1660 19
8600 7662 22
903 227 20
2454 1862 23
12407 11990 20
16707 68 0
12482 62 0
10203 68 0
10100 9776 20
965 42 0
16133 15213 22
3259 2947 20
10944 2999 14
2544 2337 22
14594 51 0
758 157 20
5922 5362 19
8970 68 0
15473 15156 19
12400 12002 20
3942 3559 22
1473 226 22
16028 15186 22
6511 6095 22
6196 5460 21
7603 204 15
14174 14072 20
16416 7139 16
4596 4281 20
17233 6 0
12527 12528 14
15812 15229 21
1896 1862 20
5010 4235 22
5660 5515 20
3719 42 0
16342 41 0
4519 68 0
13402 68 0
1106 380 20
11318 10902 20
8851 68 0
3371 68 0
4518 68 0
15737 15230 20
2729 2463 22
2085 1695 20
9179 68 0
2698 6 0
13613 13021 22
9207 4799 14
2584 1674 22
11068 68 0
3500 3055 20
1240 119 22
10405 9714 22
9065 8806 20
3343 2944 19
11091 10870 20
10985 68 0
12090 11877 19
16474 41 0
12810 6 0
3323 3083 20
7920 68 0
12867 6 0
5932 5412 20
12972 11986 22
7732 68 0
17102 16388 22
12328 12006 20
7101 6632 19
14726 54 0
16555 16339 19
1085 105 19
8195 7667 21
8134 7613 21
6576 6 0
14252 13968 19
16615 16485 20
911 105 19
5856 5467 20
7006 6667 20
10178 68 0
16187 6 0
3179 68 0
12784 11920 22
14077 7057 16
16029 15186 22
10839 960 14
6001 5437 20
5705 68 0
404 107 20
11988 41 0
16948 6 0
2012 68 0
2215 1845 20
9700 8775 22
13528 13144 20
8044 7599 21
12877 6 0
12531 1709 14
9531 9223 22
460 105 19
15769 15194 20
14545 14027 20
8049 7614 20
5654 5412 20
10574 6 0
11215 68 0
7862 7644 20
6150 5466 21
13433 13134 20
16597 68 0
2839 6 0
9651 8748 22
4927 4928 14
14551 68 0
9129 68 0
13335 13049 20
612 142 20
5183 4302 22
7079 6774 20
13000 6 0
6500 6 0
8303 6 0
20 3 0
13311 13155 20
13590 13017 22
3685 42 0
6017 5362 19
12819 6 0
6381 6 0
16442 1088 16
470 235 20
14196 14129 20
4690 4398 20
2890 2454 22
9233 51 0
3643 1061 14
5092 4267 22
4884 4319 20
16608 68 0
6337 5391 22
8917 68 0
17002 16920 22
12199 68 0
16850 16456 20
2205 68 0
16826 16416 21
12106 11939 20
10198 9792 20
2772 2465 22
10139 9735 21
13032 24 0
13501 13016 19
14505 14088 20
7462 7116 22
3978 3713 22
5304 6 0
11277 10805 19
11679 11423 22
10006 9870 20
16528 68 0
5871 5541 20
15598 15217 20
16304 15784 22
11095 10805 19
2141 1731 20
2421 42 0
7304 7091 22
11737 6 0
9273 8669 23
3297 2962 20
9312 8754 20
4549 68 0
14146 13968 19
3710 1104 14
3076 375 14
6960 68 0
16680 16447 20
814 194 20
8111 68 0
14714 13968 19
5562 5446 20
6075 6076 14
3662 3075 20
7775 7641 20
973 180 20
7120 6664 20
2152 1787 20
1026 69 0
5829 5362 19
12523 42 0
4877 4223 19
8693 8694 13
16310 6 0
2841 6 0
653 68 0
15737 68 0
2978 2983 14
10365 54 0
12279 11877 19
4981 4948 22
1105 105 19
9060 8753 20
6895 6692 20
15824 42 0
9181 8658 19
4247 1685 15
16096 15204 22
6390 5405 22
13257 13018 20
960 69 0
3177 68 0
11965 41 0
13234 13128 20
8847 8661 20
4743 68 0
1616 1176 22
11489 10921 20
11320 10812 20
10133 9754 20
9154 8760 20
9310 3619 14
5597 5487 20
13207 13155 20
13767 6 0
9234 8728 21
9912 9744 20
3435 3055 20
15456 15299 20
2406 1700 21
15865 42 0
614 157 20
10648 10249 22
7192 6664 20
16836 2484 14
14406 13968 19
5792 68 0
2052 1725 20
8933 8674 20
9956 68 0
563 68 0
12048 11999 20
6657 6659 13
15622 15169 20
442 68 0
4596 4223 19
1638 6 0
14530 13968 19
8916 8756 20
9994 9764 20
9341 8659 22
12082 11916 21
7779 7600 20
4837 4319 20
1424 6 0
15665 15241 20
3387 68 0
6035 5502 23
16619 16339 19
1590 6 0
4847 62 0
9894 9736 20
16608 16353 20
13797 13072 22
12411 11990 20
7825 7611 20
12361 12023 20
7921 7709 20
6067 62 0
16450 3661 15
14117 24 0
16610 16481 20
6421 6102 22
2740 1730 22
12329 68 0
475 105 19
562 68 0
2337 1864 20
6562 5481 22
13543 42 0
11207 10825 20
3745 3043 20
11648 6 0
3081 3086 14
16728 16405 20
1289 141 22
5188 4307 22
10559 9757 22
13294 68 0
6513 5455 22
5500 5501 13
1649 6 0
9116 8703 20
9184 68 0
8466 7613 22
6185 5419 21
11329 10816 20
937 42 0
11222 10915 20
14685 4382 14
13517 160 14
10843 41 0
11000 10876 20
8125 7571 19
7361 6676 22
11941 41 0
4771 4352 20
1633 331 22
8847 8658 19
12478 11877 19
7562 6 0
15551 15283 20
2196 1874 20
14671 14001 21
3290 3082 20
8987 8802 20
11450 10922 20
9958 9843 20
6317 5387 22
6218 5362 12
10034 9842 20
16759 16409 20
5704 5378 20
649 243 20
12189 11952 20
8077 7709 20
487 194 20
9264 8658 19
6947 6673 20
15845 15276 21
12542 11877 19
785 272 20
13603 6 0
10255 9746 20
3482 3097 20
12479 11877 19
3298 3048 20
4295 4296 13
7564 7162 22
16753 16339 19
15773 15184 20
15873 15257 21
8400 8137 22
13086 3606 15
13534 13163 20
11874 10944 22
7555 6 0
2269 1817 20
14729 54 0
16135 15213 22
715 135 20
9489 6 0
5847 5495 20
390 105 19
1120 220 21
12233 11957 20
10040 9824 20
11082 10820 20
3488 3137 20
15041 6 0
5107 4273 22
13472 51 0
14952 6 0
12506 12013 20
3742 1026 14
4471 68 0
12444 11944 20
359 69 0
13254 13054 20
16147 15873 22
17182 16411 22
15882 15278 20
941 129 20
16907 1030 14
3861 2965 22
7404 6684 22
1985 1834 20
7599 6207 15
816 243 20
9272 8807 20
11078 10805 19
14401 14018 20
11816 11395 22
17283 16839 22
1844 1847 13
10551 10265 22
6128 5526 20
4402 4404 13
12181 11931 20
2477 42 0
642 105 19
15932 15806 22
11275 10949 20
1449 941 22
5969 5393 20
7254 7133 22
16437 16441 15
7226 7171 22
8939 8658 19
3396 3164 20
1277 6 0
9058 8658 19
1930 1749 20
7852 7672 20
350 41 0
3023 3026 13
13326 13128 20
16618 16443 20
11077 10805 19
6151 51 0
896 280 20
5123 6 0
14633 13968 19
12496 42 0
3002 24 0
9219 351 14
3160 41 0
16687 16339 19
7887 7705 20
14779 14655 22
4568 68 0
5688 5487 20
7430 7058 22
13965 13157 22
4017 3023 22
812 105 19
4744 4388 20
11180 68 0
11003 10855 20
16154 15787 22
3222 2986 20
3683 2949 21
12347 11999 20
13545 13156 20
9527 6 0
4183 6 0
8399 8220 22
2313 1751 20
14894 6 0
4507 4328 20
1967 1660 19
6462 6152 22
575 68 0
9439 6 0
4798 4372 21
17008 16834 22
8702 8706 13
3921 3735 22
5982 5362 19
5756 68 0
11002 10808 20
17287 16479 22
2040 1660 19
16829 16339 19
9727 9730 13
12006 24 0
9161 8666 20
10543 6 0
4823 69 0
3480 68 0
5744 5491 20
14459 14021 20
12265 11880 20
9011 8746 20
12518 12008 20
1687 69 0
11652 11377 22
14609 14055 20
13824 13081 22
11279 10805 19
1300 141 22
8740 24 0
9003 68 0
9315 54 0
5567 5502 20
15194 41 0
6944 68 0
16477 41 0
11268 68 0
13426 13016 19
14496 14108 20
14097 14099 13
1238 119 22
17187 16416 22
12353 68 0
3428 3164 20
14924 14017 22
7982 7704 20
16008 15784 22
16352 7139 16
6360 6137 22
16747 16341 20
6969 6662 21
6948 6658 20
12118 11952 20
11165 68 0
10626 6 0
5678 5428 20
4774 4420 20
15478 15274 20
6603 6102 22
5721 5362 19
15237 8684 15
15723 68 0
4539 4379 20
9081 8718 20
12057 11972 20
14881 6 0
4503 4379 20
6670 41 0
10008 9759 20
4540 4226 20
4181 3107 22
14880 14005 22
5359 4920 22
16302 15770 22
16511 16339 19
6038 5549 20
15614 15192 20
7079 6687 20
3488 2946 20
2819 2345 22
6734 4266 14
1346 162 22
13619 13544 22
16654 16339 19
2750 2499 22
10031 9710 19
9426 6 0
6585 6 0
11185 10866 20
8460 8147 22
14305 14098 20
14418 13969 21
611 68 0
11210 10861 20
10331 9860 14
15439 15201 20
5071 6 0
14608 10931 14
2772 1748 22
5894 5374 20
1398 6 0
16536 16390 20
2076 1798 20
14572 14018 20
7039 6691 20
13434 13097 20
2047 1660 19
13400 13016 19
17063 6 0
12306 11921 20
9054 68 0
14720 54 0
4133 6 0
4679 68 0
3182 3153 20
2020 1660 19
2966 24 0
4474 4223 19
2818 2313 22
8534 7640 22
9176 8674 20
14319 14074 21
8296 7577 22
15936 6 0
9201 8755 21
2194 1799 20
7806 7683 20
14680 51 0
13259 13016 19
16737 16339 19
4117 3064 22
6914 6638 20
7845 7614 20
15348 68 0
16278 6 0
3271 2961 20
771 348 20
12132 68 0
5646 68 0
9240 8734 21
2157 1683 20
9611 8728 22
13494 51 0
15466 15269 20
2546 1661 22
781 107 20
6857 6692 20
15647 15214 20
9002 8717 21
264 269 16
4854 4359 20
5634 5365 20
12917 11959 22
15804 51 0
16799 68 0
12717 12479 22
1469 226 22
5661 5530 20
9688 9292 22
10841 24 0
16157 15221 22
8987 68 0
1092 378 23
14338 14003 20
13787 6 0
12247 68 0
4560 68 0
9219 8762 20
14450 13987 21
8504 8206 22
2063 1660 19
11397 42 0
7741 7611 20
10586 6 0
703 114 20
12370 68 0
1247 942 22
14248 13983 20
4657 4324 20
6097 69 0
11878 11883 15
16788 16420 20
12547 11984 20
8586 7653 22
11070 10849 20
3297 2973 20
10419 10257 22
13270 13065 20
678 235 20
4732 4339 20
6434 6 0
434 194 20
16384 3579 16
10006 9765 20
13969 1785 15
6913 6696 20
15062 6 0
7800 7633 20
13499 62 0
3547 3132 20
15713 15156 19
6068 5490 21
7098 1837 14
15853 10294 14
1307 148 22
6930 6765 20
8824 68 0
489 68 0
2010 1660 19
5587 5362 19
14513 14097 21
16405 24 0
4706 4262 20
5122 4898 22
11033 10805 19
11202 10808 20
2455 69 0
414 120 20
2210 68 0
15607 68 0
9013 68 0
12901 11955 22
9781 9 0
3427 2944 19
7208 7188 22
14464 68 0
4186 3608 22
15498 15259 20
13161 13162 13
2459 69 0
8783 41 0
158 41 0
2905 6 0
1965 68 0
13596 6 0
14494 14045 20
6898 6782 20
15394 68 0
3339 2973 20
6934 6632 19
3431 68 0
6937 6658 20
8137 7571 19
544 127 20
9588 6 0
12380 11877 19
15282 15284 13
3804 6 0
16844 16339 19
1737 1739 13
9169 8760 20
9981 68 0
9967 9825 20
14611 3722 14
7722 7571 19
7086 4310 14
4479 4357 20
10614 6 0
1079 274 20
13182 13045 20
10271 9726 20
3704 42 0
9138 8658 19
738 298 20
7916 68 0
13231 13127 20
6069 5445 21
6146 5497 20
385 41 0
8894 8658 19
4623 4398 20
15390 15156 19
2939 2414 22
12018 1037 14
11776 11464 22
2522 1660 19
4767 4223 19
4800 42 0
16530 16371 20
13150 9832 15
7534 6739 22
504 105 19
2923 6 0
13557 2369 14
10464 9731 22
9183 8660 20
13335 68 0
6126 6103 14
982 252 20
4376 69 0
4806 4807 14
15857 15221 21
15380 15192 20
11317 10805 19
3310 68 0
484 68 0
10055 9820 20
11835 6 0
6487 6093 22
5676 5362 19
8537 6 0
8606 7662 22
12100 68 0
15544 68 0
4505 4308 20
13072 152 15
4367 4368 13
5983 68 0
4090 6 0
14161 68 0
12343 11963 20
11319 10840 20
6619 6049 22
8931 8765 21
13302 68 0
5301 4356 22
11944 24 0
1234 956 22
4793 62 0
3189 68 0
9710 18 0
15747 15182 20
3414 3164 20
10256 9787 20
4675 4230 20
12289 11963 20
14316 14087 20
13081 4246 16
4835 69 0
9221 6718 14
3719 3010 20
11328 10933 20
8804 69 0
17248 16820 22
1995 1816 20
11856 11376 22
3348 3024 20
15135 6 0
17072 6 0
9251 8658 19
16244 15244 22
2754 1737 22
11574 6 0
10951 41 0
5642 5397 20
12059 11983 20
2228 68 0
9878 9710 19
12358 68 0
11372 10806 21
7812 68 0
9704 6 0
13389 13018 20
13030 13033 13
8030 7571 19
11468 42 0
15785 15308 20
16902 42 0
12576 11877 19
6265 5373 22
11454 51 0
10776 6 0
441 349 20
8557 6 0
5321 4876 22
14929 14017 22
13987 1035 14
742 279 20
8855 8658 19
8642 7689 22
6862 6760 20
12740 12546 22
6870 6753 20
3637 3091 20
13029 41 0
4221 6 0
7296 6652 22
4727 68 0
1579 6 0
16876 16340 21
8 39 1
13334 68 0
41 24 1
13621 13021 22
10353 9821 20
10126 9710 19
3649 3650 14
13677 6 0
15711 15241 20
8213 42 0
12055 68 0
17213 16830 22
6280 5377 22
13748 6 0
4599 4274 20
5862 68 0
5833 5362 19
12387 11921 20
11122 10805 19
16437 16339 17
8865 8776 20
14656 14033 20
3201 2944 19
7006 6724 20
2835 1772 22
9881 9809 20
5642 5362 19
3696 3107 21
12108 11877 19
9588 8724 22
808 279 20
6835 6714 20
16082 15199 22
9852 9710 17
3825 3618 22
3391 2973 20
11292 10805 19
10453 9727 22
16307 6 0
10981 10841 20
5401 2350 14
15673 15253 20
14369 13968 19
6311 6052 22
7418 6 0
11431 10899 20
7487 6 0
16678 68 0
4357 24 0
9373 8668 22
12213 11952 20
9823 9824 13
15108 14081 22
3287 2944 19
12333 11890 20
6336 5391 22
11700 6 0
4064 6 0
10788 6 0
12951 6 0
16851 16350 20
10256 9855 20
8921 8745 20
6799 6782 20
2094 1841 20
4127 3729 22
7824 7641 20
12310 11963 20
14383 13968 19
15039 14051 22
778 272 20
15590 15230 20
7510 6723 22
2951 41 0
8141 7657 20
14616 8727 14
14340 13968 19
5340 6 0
1113 69 0
7783 7617 20
6015 68 0
10058 9710 19
5712 5467 20
5150 4291 22
295 41 0
13439 13073 20
3974 3571 22
4197 6 0
1833 1836 13
6734 3121 15
7095 6669 20
16056 15191 22
7789 7705 20
7117 6644 21
1265 126 22
6488 6 0
13869 6 0
16807 68 0
5753 68 0
14701 14084 20
7086 42 0
13353 13109 21
10972 10832 20
3365 3117 20
12458 11943 20
3300 68 0
4528 4288 20
16556 16339 19
3203 2944 19
13041 24 0
5949 5547 20
11441 10936 20
14190 13988 20
11016 68 0
1175 1109 14
14384 14036 20
8889 8670 20
15651 15172 20
1063 266 20
4419 4420 13
11465 42 0
16563 16417 20
11404 10833 20
4880 4223 19
9624 9237 22
5034 6 0
15775 15219 20
15725 15246 20
728 68 0
16981 16347 22
12532 7119 14
9243 8762 20
1901 68 0
15139 14686 22
11800 6 0
312 41 0
12645 11888 22
3534 68 0
15157 15156 17
16141 6 0
3976 6 0
8825 8690 20
12048 12023 20
612 271 20
16859 16339 19
14426 68 0
3796 6 0
8532 7640 22
8606 6 0
11061 10824 20
17219 6 0
6899 6757 20
13351 13042 20
10223 2422 14
15388 15217 20
1438 6 0
4356 4361 14
3581 3134 20
3824 2954 22
3368 3073 20
17262 16890 22
836 348 20
9349 6 0
3018 3019 13
14708 14090 20
11763 6 0
13557 13016 19
8970 8735 20
9598 8728 22
6105 42 0
1827 24 0
15339 15173 20
6141 51 0
11771 10874 22
13749 13519 22
1932 1845 20
14512 68 0
5299 6 0
8659 8662 13
15229 2976 15
3469 3147 20
12132 11877 19
1597 6 0
12329 12023 20
5749 5392 20
2149 1690 20
4836 4286 21
13076 13079 13
9309 51 0
11371 62 0
16588 16421 20
15969 15167 22
14295 14088 20
12125 11877 19
6940 6649 20
870 340 20
9277 8658 19
1894 1660 19
9120 8672 21
13356 13078 20
6016 5432 20
2228 1868 20
9071 8785 20
10103 9768 20
966 69 0
13259 13159 20
16467 1121 16
6594 5504 22
12945 11967 22
10180 9805 20
15605 15156 19
5626 5384 20
302 69 0
9002 8752 20
11521 54 0
15657 15192 20
14191 14093 20
17151 16854 22
632 68 0
12050 11936 20
15142 14106 22
2044 1827 20
3037 41 0
616 105 19
16774 68 0
5025 6 0
12515 11965 20
15439 68 0
748 105 19
8994 68 0
15849 15313 20
12039 11877 19
13221 13016 19
8226 3727 14
10121 9724 20
9119 8690 20
3822 6 0
7983 7672 20
765 202 20
14902 14639 22
9018 68 0
6964 6649 20
3540 2944 19
6676 9 0
5991 5536 20
14216 68 0
14182 68 0
15667 68 0
2751 2377 22
14512 13968 19
8961 8681 20
152 69 0
4350 4355 16
14455 14041 20
873 201 21
10041 9710 19
7293 6 0
6795 6649 20
3554 2947 23
15819 15181 21
4564 4223 19
3651 3074 20
15514 15223 20
13376 13155 20
11309 68 0
8801 8658 17
3234 2991 20
6545 6189 22
2019 1683 20
15840 15313 20
15636 15156 19
15460 15156 19
4449 4223 19
6139 5362 19
126 128 13
11875 11383 22
15553 15217 20
15659 15230 20
3531 2944 19
10596 10248 22
1844 1849 16
10958 10805 19
1634 331 22
9405 9208 22
13452 68 0
6197 6198 14
2805 6 0
14883 14641 22
7590 3629 14
8679 8684 15
3157 966 14
12531 42 0
901 368 20
656 150 20
11710 11399 22
14181 14079 20
7380 6 0
13436 68 0
5595 5382 21
11019 68 0
10811 8139 15
2832 1772 22
11601 10823 22
6158 5395 20
13776 13064 22
3359 2944 19
10667 9785 22
12200 68 0
4696 4398 20
9033 8752 20
2343 42 0
3095 69 0
10948 10805 17
8893 8658 19
13081 2418 14
4760 4408 20
11199 10817 20
15704 15280 20
15610 15259 20
6250 6072 22
7965 7641 20
3268 2947 20
8204 7571 19
7034 6632 19
15638 68 0
10599 9767 22
11707 6 0
13518 13112 21
16173 6 0
11125 10848 21
11243 10805 19
6445 5431 22
12719 12523 22
3461 68 0
9288 9289 14
6313 6 0
10956 10920 20
4642 4421 20
6025 5515 20
12835 6 0
16411 8738 14
11300 68 0
8036 7571 19
17022 16360 22
7098 42 0
12083 12024 20
16675 16394 20
4254 40 0
4546 4297 20
14666 13968 19
7171 6657 21
2452 1765 20
11986 11988 13
12218 11973 20
12149 11877 19
7732 7571 19
1566 270 22
8714 24 0
1346 6 0
11757 6 0
6902 6773 20
3785 2945 22
5792 5388 20
731 114 20
7146 2372 14
12573 11970 20
950 42 0
7114 6746 21
11393 10827 21
12872 6 0
57 6 1
8190 42 0
12049 12006 20
10255 3652 14
14646 14000 20
3472 2944 19
12842 6 0
3558 69 0
74 22 7
12428 68 0
14501 14002 20
2673 1706 22
8453 7613 22
11540 6 0
10688 6 0
6186 5483 20
5974 5446 20
7759 7571 19
12260 11877 19
5804 5393 20
16836 16363 20
15392 15226 20
9149 68 0
13577 13016 12
14654 14130 20
8347 8155 22
11341 10915 20
5975 5362 19
7005 6632 19
6192 5458 20
15819 15156 19
4801 42 0
1512 6 0
3533 2944 19
4494 4324 20
10048 9732 20
8261 54 0
15481 68 0
14766 13973 22
9292 8658 19
11220 10915 20
13405 13082 20
5584 5362 19
14275 13968 19
13429 13023 20
11606 11452 22
7016 6782 20
8103 7571 19
11702 10853 22
6208 5423 20
11262 10817 20
7152 42 0
14828 13991 22
13199 13016 19
4785 42 0
3534 3072 20
15856 15213 21
10131 9754 20
7836 7695 20
12059 11926 20
4470 4230 20
7160 6723 21
14827 13987 22
9005 8674 20
11668 6 0
14449 13968 19
2639 1694 22
2669 2425 22
13731 6 0
11757 11395 22
5802 5362 19
8224 7635 20
2347 42 0
3211 68 0
15508 15217 20
6946 6741 20
7988 68 0
11378 10862 20
721 243 20
14161 13968 19
7766 7700 20
12093 11959 21
676 135 20
3408 2944 19
8896 8790 20
8135 7670 20
1998 1845 20
14472 14018 20
2805 2357 22
11188 10953 20
10010 68 0
8971 68 0
15328 15187 20
4604 4248 20
3944 3717 22
15015 14594 22
435 287 20
15423 68 0
15585 15238 20
12476 11938 21
7421 7172 22
13543 13154 23
17101 16388 22
10844 10845 13
3666 2944 19
12095 11905 20
598 127 20
14138 14052 20
5070 4261 22
7306 6652 22
687 106 21
2211 1862 20
4535 4339 20
17073 6 0
14775 6 0
492 298 20
2745 1730 22
9753 9755 13
5531 24 0
15129 14709 22
6025 5525 20
5939 5547 20
15700 68 0
5973 68 0
8816 8767 20
9887 9710 19
6831 6768 20
4085 3566 22
8049 7687 20
5654 5441 20
1895 1787 20
14020 14023 13
8025 7571 19
13876 13101 22
14547 13968 19
15157 1072 16
6283 6 0
3195 3163 20
15508 15156 19
9833 9710 17
3215 3153 20
5739 68 0
7746 7675 21
9439 8685 22
1094 105 19
16017 6 0
11337 10888 20
15730 15249 20
5599 5362 19
6833 6741 20
4487 68 0
5481 7 0
7128 6659 20
2479 1676 20
11438 5523 14
6174 1853 14
5903 5362 19
14042 41 0
16714 16339 19
5674 5362 19
11935 24 0
2297 1697 20
8830 8806 20
13325 13091 20
16593 68 0
1112 331 21
7074 6766 20
5963 5362 19
180 41 0
5259 6 0
5593 68 0
5450 5454 15
5570 68 0
6610 5513 22
7142 6672 21
8197 7621 21
899 105 19
3111 3115 15
14973 6 0
10207 9736 20
13541 13075 20
3586 2960 21
13870 13537 22
604 105 19
154 69 0
377 380 13
4577 4420 20
7689 7692 13
13793 6 0
5544 69 0
612 194 20
1213 920 22
9160 8670 20
7294 7162 22
7135 42 0
12516 11954 20
12670 11892 22
3373 2973 20
8017 7648 20
15292 15296 13
16136 15213 22
14525 14098 20
12420 11877 19
4132 3071 22
5181 6 0
11842 11470 22
571 68 0
4544 68 0
9342 6 0
2305 1818 20
2293 1660 19
10707 10315 22
718 201 21
8884 8760 20
17055 6 0
14297 68 0
3529 2986 20
10675 6 0
12177 11967 21
11265 68 0
6585 5494 22
8423 7607 22
13281 13073 20
12179 68 0
15431 15273 20
10839 10840 13
2514 69 0
7764 7644 20
12957 11976 22
8642 6 0
7395 6684 22
7432 6 0
3612 3001 21
436 227 20
5706 5441 20
866 235 20
16335 15306 22
11384 42 0
5327 4377 22
6640 69 0
2161 1834 20
16469 24 0
1867 1872 16
13948 13137 22
4449 4225 20
13264 68 0
14518 14067 20
3499 2944 19
16856 16408 21
6851 68 0
1023 1024 14
2972 2977 16
2199 1660 19
12294 11930 20
3513 3061 20
2471 2472 14
13059 13061 13
15528 15156 19
8588 8243 22
7111 42 0
11590 6 0
13773 13556 22
1688 40 0
4945 69 0
2237 68 0
7477 6 0
7118 7119 14
3376 3148 20
10009 9710 19
5786 5456 20
10582 9763 22
715 105 19
16039 15191 22
14362 14010 20
3428 2944 19
5816 5362 19
9677 8759 22
2570 1668 22
3438 3014 20
11325 10841 20
16226 15240 22
15849 15279 21
15807 42 0
3378 3019 20
12862 6 0
12466 11877 19
11478 10846 20
13340 13016 19
16806 16444 20
9305 51 0
6117 5362 19
4788 168 14
13765 13059 22
13057 24 0
2907 1826 22
8882 8710 20
5803 68 0
12278 68 0
15630 68 0
2248 68 0
11067 68 0
11157 10836 20
6051 5471 21
16560 16375 21
9186 8658 19
2035 1694 21
8920 8658 19
13518 13016 19
5973 5530 20
2463 1681 21
14662 13976 21
10455 9727 22
12921 6 0
511 68 0
14428 14015 20
12854 11942 22
3589 42 0
12524 1785 14
10891 69 0
6907 6700 20
495 68 0
11140 68 0
12397 11939 20
12201 11987 20
8522 7636 22
14335 13968 19
774 258 20
8622 8198 22
12884 11946 22
388 105 19
1299 994 22
5361 0 11
6876 6736 20
3545 2944 19
4327 4330 13
1330 6 0
12280 11877 19
6824 6757 20
2404 1858 20
10060 9775 21
13722 13047 22
6192 5429 20
14497 68 0
15512 68 0
2323 1829 20
15138 14106 22
3438 3002 20
10106 9749 20
1265 1056 22
3130 3132 13
13220 13057 20
13774 6 0
14597 14082 23
2898 6 0
6934 68 0
8919 8690 20
5704 68 0
14801 6 0
15083 14070 22
4077 3721 22
8205 69 0
7885 7684 20
4503 68 0
10328 9854 20
10955 10849 20
4776 4223 19
11430 42 0
16141 15216 22
5205 4312 22
14694 14017 21
1307 6 0
9433 6 0
6570 5486 22
8183 7678 20
14796 14653 22
3107 1698 15
17086 16379 22
12572 2300 14
4158 6 0
10308 62 0
4667 4303 20
3211 2966 20
6578 5490 22
2614 1688 22
13991 330 16
15984 15857 22
8894 8806 20
3703 253 14
12273 68 0
16844 42 0
16525 16468 20
8277 8127 22
1098 62 0
16875 16347 21
12342 68 0
4204 3130 22
16034 15186 22
825 68 0
15320 15244 21
7150 6697 20
3685 2367 14
3464 3137 20
7980 7644 20
9672 6 0
16336 15306 22
6353 5396 22
11729 10860 22
11618 6 0
1864 41 0
4845 4223 19
5739 5362 19
5580 5417 20
11104 10824 20
10027 9833 21
476 105 19
1965 1660 19
1187 152 14
8946 8658 19
5232 4323 22
2563 2448 22
8437 6 0
13807 6 0
3535 3030 20
5772 68 0
7151 6632 19
14529 14075 20
14194 68 0
831 372 20
16677 68 0
2851 6 0
15637 15270 20
1236 119 22
2388 42 0
3688 3029 21
13605 13017 22
16058 6 0
455 105 19
3029 9 0
12651 11888 22
14365 14048 20
3781 2945 22
5033 4801 22
14541 13976 21
14119 14121 13
10226 9713 20
14473 13992 20
5163 6 0
7480 6706 22
9166 8785 20
15568 68 0
973 974 14
11230 10805 19
14485 14031 20
5635 5521 20
5001 4235 22
5086 6 0
7051 6709 20
15484 15294 20
16763 68 0
9104 68 0
12416 11877 19
14458 68 0
16044 15817 22
4985 6 0
6055 42 0
2764 2498 22
3652 69 0
6628 5540 22
1116 1117 14
12381 11955 21
15080 6 0
10655 9785 22
5566 5421 20
15441 15167 21
5492 41 0
8044 7608 20
10146 68 0
12576 364 14
9999 68 0
4788 4380 20
987 105 19
15716 15169 20
135 24 0
6371 6 0
14325 14032 20
446 228 20
16425 24 0
9011 8658 19
13590 13484 22
9927 9754 20
12493 42 0
15451 68 0
3867 2972 22
3476 68 0
11209 10836 20
5351 4804 22
12088 11916 21
13922 13121 22
5336 4890 22
6964 6632 19
11270 10942 20
16188 15229 22
9781 6091 14
858 105 19
4907 4223 19
9671 8759 22
5771 5420 20
12333 11877 19
8408 6 0
2323 1660 19
10545 9753 22
16498 16469 20
11289 68 0
12966 11981 22
5809 5370 20
1632 6 0
8193 42 0
7704 24 0
14092 14094 13
9960 9740 20
13370 68 0
4779 4287 20
2271 1816 20
4178 6 0
12121 12020 20
6051 5511 20
8046 7629 20
4449 4318 20
1640 339 22
10132 68 0
11452 62 0
15884 42 0
637 170 20
15464 15249 20
2574 2438 22
4987 6 0
6975 6653 20
11049 10805 19
7940 68 0
629 250 20
3205 2946 20
7760 7644 20
9906 9798 20
10128 9820 20
13874 13563 22
5037 4247 22
13679 13035 22
14649 14026 21
9791 9795 15
13021 13016 18
3322 68 0
12729 12564 22
6108 3671 14
10643 9781 22
13280 13048 20
9630 6 0
6051 5510 20
9133 68 0
779 361 20
10441 6 0
5990 5362 19
7783 7571 19
11757 10869 22
1743 1745 13
5839 68 0
6607 6 0
9951 9782 20
6463 6 0
2318 1800 20
5158 6 0
9740 24 0
6802 6777 20
3335 3117 20
11030 68 0
6132 6133 14
2989 69 0
7837 7709 20
12521 11962 21
6659 41 0
15286 15290 13
14576 13968 19
6099 5396 21
14276 14057 20
15674 15156 19
7931 7699 20
8477 7616 22
15457 15209 21
15045 6 0
15859 42 0
2356 69 0
5197 6 0
12431 68 0
5614 68 0
4873 1170 14
11505 42 0
15036 14047 22
1950 1781 20
8668 8669 13
14724 54 0
14907 6 0
6588 6077 22
8848 68 0
13504 13505 14
15578 15284 20
42 3 0
14672 6711 14
1968 1724 20
15366 15158 20
8380 6 0
6929 6632 19
4291 4223 17
13276 13057 20
4761 68 0
5638 68 0
15634 15182 20
9457 6 0
15612 15270 20
10305 183 14
11871 6 0
7603 7571 17
11769 10874 22
15232 15236 16
15408 15156 19
1036 51 0
2458 1776 20
11690 6 0
16336 6 0
8192 7575 20
9188 62 0
7239 6641 22
16881 16448 20
4242 41 0
699 68 0
11001 10807 20
5529 932 16
665 107 20
4629 68 0
3833 3752 22
14596 13979 20
1210 6 0
6186 5379 20
6086 231 14
13282 13049 20
8673 24 0
7229 7126 22
6917 6713 20
8158 42 0
13664 6 0
17057 16816 22
1689 24 0
10780 10247 22
9254 69 0
7813 7648 20
5399 41 0
12194 11902 20
9709 0 11
7109 6632 19
6916 68 0
9010 8755 21
12662 11892 22
8655 6 0
14249 13998 20
6181 5500 21
17059 16880 22
13486 5415 14
6163 5387 21
7085 6737 20
5222 4925 22
4475 68 0
12473 11877 19
1118 244 20
9819 9820 13
9182 8772 20
856 194 20
10761 9833 22
13072 7177 16
1916 1660 19
5396 3733 14
9264 8799 20
1518 248 22
10199 9758 20
4130 3737 22
8822 68 0
8164 7165 14
15595 15262 20
13249 13128 20
12240 11999 20
10877 41 0
5570 5537 20
741 105 19
1892 1675 20
14536 14128 20
9954 9853 20
9383 6 0
11336 10861 20
11265 10893 20
15349 68 0
9406 8676 22
7541 6 0
12231 11998 20
14632 14037 20
7124 6742 20
9692 6 0
15692 15196 20
13854 6 0
7840 7709 20
7401 6 0
7941 7571 19
7698 7700 13
4727 4303 20
462 68 0
3574 3575 14
11376 10905 21
4182 3685 22
15171 15174 13
15818 42 0
928 42 0
17252 6 0
13333 68 0
13143 41 0
1543 6 0
15688 68 0
2913 2331 22
14877 6 0
14185 13977 20
14060 7 0
12612 6 0
1228 6 0
10044 9710 19
14696 3684 14
12080 11877 19
4815 4816 14
8406 7603 22
13309 13016 19
5546 5548 13
15065 14056 22
12974 12532 22
16743 16385 20
14618 13968 19
7658 7571 17
4051 3670 22
1826 1832 16
13331 68 0
550 202 20
12698 12530 22
2215 1660 19
13295 13016 19
1514 6 0
16176 15225 22
5108 4273 22
12185 11897 20
10757 6 0
1417 201 22
8975 8781 20
10218 6074 14
1089 42 0
4271 41 0
14557 13968 19
10792 9852 22
12572 11911 20
16809 16367 20
6012 5482 20
6242 5363 22
12959 6 0
11363 10930 20
12417 68 0
10124 68 0
2461 62 0
912 250 20
15329 15183 20
11206 68 0
506 242 20
16567 16367 20
957 237 20
7143 6632 19
16023 15831 22
1176 105 19
9536 8713 22
5340 4840 22
3162 3167 14
11617 10823 22
5535 5539 16
11483 10805 19
13290 13016 19
15580 15222 20
13241 13154 20
3793 6 0
10342 1720 14
1681 1686 15
17021 6 0
14659 42 0
2015 1702 20
12447 68 0
3172 3153 20
2043 1738 20
16454 16339 17
4345 1687 14
2325 1869 20
2204 1780 20
6108 5423 20
15372 15294 20
14500 13968 19
6267 6 0
4922 4370 20
12398 11930 20
1360 169 22
11439 10805 19
7159 6632 19
8174 7696 23
1451 1042 22
12151 11909 20
10637 6 0
9709 1 0
4126 3724 22
15944 6 0
12457 11877 19
13182 13018 20
1145 105 19
975 234 21
4231 24 0
11420 42 0
8167 7612 20
2281 1695 20
3924 3560 22
12966 6 0
1938 1834 20
8077 7571 19
5964 5363 21
7819 7676 20
7771 68 0
10099 9773 20
7732 7655 20
9616 8734 22
7101 3086 14
16743 68 0
15457 15156 19
3064 2944 17
15539 68 0
11636 10827 22
8856 8674 20
7469 6 0
8786 24 0
14915 14013 22
15748 15245 20
12164 11947 20
7925 7611 20
14832 6 0
13551 1693 14
6086 51 0
15422 15211 20
16273 6 0
455 186 20
7075 42 0
13522 62 0
15788 15156 19
2537 1660 12
12904 12531 22
2243 1846 20
13456 68 0
278 285 16
16366 24 0
11916 40 0
11444 10847 20
2263 1660 19
6445 6155 22
613 228 20
6980 6773 20
13751 6 0
10351 9730 20
5902 5362 19
12523 5539 14
5822 68 0
8112 7588 20
856 378 20
13459 13138 20
12991 6 0
4446 4398 20
9067 8658 19
16686 16353 20
7096 6678 20
1807 69 0
4245 69 0
6096 62 0
6333 6 0
5329 4854 22
15726 15241 20
2114 1669 20
14421 14048 20
4696 4223 19
394 242 20
7832 68 0
11457 10805 19
5232 6 0
15489 15183 20
4044 3035 22
17197 16924 22
1006 105 19
14440 13988 20
8627 8179 22
2203 68 0
7008 6760 20
4372 3167 16
3691 3032 20
9334 8659 22
5611 5420 20
2026 1787 20
5005 4235 22
5120 6 0
4952 4341 20
2006 1780 20
8426 8160 22
14229 14078 20
8796 47 0
9539 8713 22
3515 3118 20
14047 14048 13
4246 69 0
4739 4223 19
16285 15265 22
6311 6 0
13048 24 0
8235 7600 23
2504 1668 21
8131 7624 20
6433 6 0
11472 10837 20
6898 68 0
245 69 0
6864 6696 20
8013 7588 20
5310 6 0
4969 4854 22
10042 9773 20
673 367 20
7113 6651 20
10220 4915 14
2216 68 0
3203 2996 20
5846 5362 19
4356 4358 13
3323 2944 19
2353 1702 23
1101 113 21
13072 13075 13
8646 7698 22
3862 6 0
11181 10855 20
7586 7587 13
11105 10910 20
10975 10816 20
10529 9747 22
10264 9710 19
3557 2944 19
1600 1017 22
843 298 20
9994 9815 20
1110 172 20
6539 5466 22
14415 13968 19
10004 68 0
8231 42 0
8759 8658 17
3807 3638 22
14217 14088 20
14152 13988 20
6192 5450 21
16897 16356 21
15161 41 0
10520 10287 22
11847 6 0
819 249 20
3526 3125 20
2293 1674 21
13700 13044 22
4582 4374 20
13316 13110 20
14145 14002 20
15677 15226 20
13563 1796 14
12512 42 0
11510 10805 12
5779 68 0
10097 9805 20
11714 11470 22
3013 3015 13
9185 8760 20
13857 13093 22
15477 68 0
4356 124 16
16880 51 0
1329 155 22
7972 7571 19
4571 4223 19
7322 7146 22
4982 6 0
14454 13968 19
14814 13987 22
5203 4312 22
11427 42 0
3979 6 0
5891 5389 20
15026 14642 22
10139 9764 20
3705 3166 20
985 986 14
10118 9848 20
5928 5428 20
12495 62 0
7106 4871 14
9580 8720 22
12667 12539 22
5891 5432 20
5951 68 0
12024 24 0
3286 3048 20
1027 105 19
16760 16438 20
7238 6637 22
13483 13016 19
6060 5379 20
5560 5374 20
8577 8206 22
3572 3113 20
10394 9714 22
1173 343 20
3341 68 0
1154 1155 14
14650 14068 20
10201 9710 19
3994 6 0
12512 3699 14
4154 6 0
7157 6632 19
2442 1660 19
13478 13016 19
12460 68 0
10085 9824 20
691 195 20
16573 16442 21
3549 3126 20
1920 1694 21
16220 15775 22
6169 4945 14
9197 8658 19
13398 13053 20
1934 1660 19
14697 12545 14
448 68 0
11621 10827 22
9139 8772 20
920 147 14
7074 6775 20
14179 13968 19
6997 6677 20
9393 8672 22
1458 220 22
16479 1831 16
16560 68 0
10216 9732 23
3594 3075 20
4136 6 0
16437 16438 13
15853 15225 21
9401 9309 22
12890 11951 22
15157 15159 13
10213 68 0
2198 1816 20
14556 14092 21
13926 13493 22
3695 2384 14
2759 1743 22
4512 4399 20
13266 13141 20
3107 3109 13
12927 12481 22
11548 10811 22
9769 41 0
10839 10843 13
9239 8762 20
2123 1730 21
5124 6 0
13661 13030 22
10750 6 0
15453 15284 20
15582 68 0
10820 24 0
7898 7709 20
5088 6 0
5174 6 0
3255 68 0
9193 8658 19
16139 15786 22
7778 7571 19
3172 68 0
16446 2958 16
3819 2954 22
829 304 20
14672 42 0
2228 1834 20
221 24 0
2283 1841 20
15276 6679 14
10896 7 0
5837 5487 20
5555 5362 19
12527 42 0
10013 68 0
12943 12572 22
982 228 23
2296 1733 20
3226 2944 19
9354 9238 22
6405 6 0
4874 4345 21
3298 3148 20
13532 13160 20
4704 4403 20
1093 69 0
14695 2360 14
11912 11915 13
564 178 20
6937 6768 20
7842 7573 20
14904 14009 22
7131 6725 20
3295 3073 20
360 365 16
15865 15156 19
13973 8139 16
16537 16345 20
5924 5362 19
3273 2950 20
17007 16356 22
9193 8777 20
5302 4356 22
9532 9276 22
14740 14614 22
6727 6729 13
11526 10805 12
1067 1068 14
17166 16404 22
3295 68 0
9718 8664 15
9678 6 0
16499 16339 19
13516 51 0
4248 24 0
13536 320 14
5118 4273 22
10880 10882 13
7162 62 0
2110 1660 19
3688 3020 20
9656 9218 22
2463 1660 19
15009 6 0
8855 8721 20
1577 286 22
16807 16409 20
3088 3095 16
7073 6652 21
2456 51 0
729 105 19
4694 4225 20
6124 5474 20
10633 6 0
8188 7590 21
14706 14004 20
16683 16362 20
797 150 20
2425 1660 19
16581 16424 21
13969 13971 13
9368 8668 22
4579 4333 20
3647 2944 19
8274 7572 22
3001 3007 16
16610 16367 20
16399 41 0
5285 4345 22
3407 68 0
16216 15237 22
3209 2944 19
13168 13077 20
3971 3580 22
13591 6 0
1833 1835 13
11982 24 0
16905 42 0
14516 14052 20
11637 10830 22
12763 6 0
16547 16339 19
5661 68 0
15897 15224 20
5845 5456 20
7186 6751 21
16877 3606 14
4908 4291 21
14610 13973 21
6065 5385 20
824 68 0
13500 13075 20
8867 8686 20
3382 3048 20
8401 6 0
14580 13982 21
17186 16416 22
4336 41 0
4505 4274 20
13934 13560 22
9460 9294 22
8018 7696 20
12597 54 0
2033 1660 19
6573 5490 22
12200 11877 19
10166 9830 20
15399 15201 20
16320 15845 22
3423 68 0
13441 13114 20
10299 42 0
774 384 20
456 156 20
14508 14010 20
4427 4223 19
15686 68 0
11066 68 0
3538 3141 20
9945 9833 21
2416 42 0
5377 40 0
17111 16388 22
12261 11957 20
16376 24 0
12193 68 0
16709 16444 20
10353 9811 20
16364 41 0
16590 16339 19
1935 1793 20
6010 5456 20
9276 5400 14
11014 10934 20
2002 1738 20
4005 3018 22
12949 6 0
9595 8724 22
16035 6 0
8969 68 0
10094 68 0
10644 10273 22
5882 5363 21
12447 11902 20
15453 15156 19
2259 1781 20
16882 1186 14
3999 6 0
3677 42 0
7844 68 0
3975 3638 22
9930 9863 20
9926 9710 19
15372 15156 19
15765 42 0
106 40 0
11822 10905 22
15771 42 0
12017 41 0
11271 10805 19
9623 9238 22
339 345 15
5727 5362 19
15157 40 0
16569 68 0
4026 3029 22
7917 7655 20
3124 3127 13
15176 200 16
2021 1762 20
2496 1691 20
4447 4287 20
11458 10895 20
568 279 20
2901 1820 22
2023 1767 21
11750 11499 22
1981 1702 20
13126 13130 13
16557 16413 20
9103 8658 19
15942 15162 22
15731 15210 20
5572 5530 20
3543 3126 20
1312 148 22
16326 6 0
16968 16904 22
13481 13085 20
14540 68 0
7455 6 0
1048 270 21
16522 16468 20
3983 3622 22
5556 5389 20
7357 6 0
1948 1707 20
16680 16405 20
3873 3700 22
15272 1679 14
8431 7607 22
2434 2435 14
7628 7630 13
10708 6 0
12403 11897 20
2303 62 0
6079 5445 21
10293 42 0
7740 7571 19
17114 6 0
12771 6 0
2724 2386 22
10399 10287 22
17054 16840 22
11198 10933 20
4927 4223 19
14681 13969 21
4612 68 0
2230 1718 20
3618 51 0
1470 1164 22
14303 13968 19
3410 68 0
16876 16466 20
6915 68 0
3316 68 0
6209 42 0
3388 68 0
4153 6 0
9924 68 0
14623 13969 21
360 362 13
2754 2364 22
1772 112 15
9647 6 0
7996 7583 20
13918 13467 22
16800 16348 20
5857 5412 20
11098 10924 20
7365 6 0
10985 10805 19
4933 51 0
7897 68 0
7924 7695 20
4675 4379 20
1955 1863 20
2751 6 0
16330 6 0
7159 1808 14
4791 4383 21
9292 8675 20
9358 6 0
3173 2944 19
1529 6 0
16837 3070 14
2196 1682 20
4513 4223 19
3494 3164 20
12851 11942 22
5941 5478 20
9964 9853 20
3673 3098 20
15700 15186 21
16051 6 0
4211 3708 22
8078 7651 20
11161 10836 20
3846 2960 22
9011 8718 20
12179 11987 20
1895 1718 20
6326 5387 22
12902 11955 22
725 105 19
14250 14061 20
4169 3670 22
8927 8658 19
9927 9720 20
11138 68 0
5707 5487 20
2770 6 0
4204 3598 22
10381 9711 22
13632 13558 22
8924 8760 20
4890 42 0
7085 42 0
14378 13968 19
2364 2365 14
16058 15802 22
1284 134 22
541 105 19
13982 13985 13
13934 6 0
3872 2972 22
10892 10894 13
3646 3114 20
10146 9777 20
16900 16374 20
3541 3148 20
849 68 0
6908 6632 19
3967 3001 22
15674 68 0
9152 8658 19
6003 5362 19
14498 14041 20
7002 68 0
10042 9710 19
8542 8170 22
17077 16379 22
9285 8658 19
16603 16438 20
14888 14662 22
7053 3738 14
9596 6 0
2505 42 0
13760 13059 22
10375 6 0
14195 13997 20
11621 6 0
8923 8790 20
6098 5382 21
7484 6 0
4095 6 0
7006 68 0
16666 16419 21
14396 14062 20
10511 9743 22
15813 42 0
11376 10805 19
9267 69 0
10176 68 0
5176 6 0
8322 6 0
2039 1738 20
6767 4290 15
15820 15156 19
15576 15156 19
15113 14599 22
14343 13970 20
789 68 0
1661 1664 13
2327 1670 20
7643 2478 15
6868 6761 20
661 68 0
15660 15293 20
5612 5362 19
14880 6 0
6258 6 0
741 250 20
16696 16339 19
10190 9847 20
16867 16424 21
14381 14082 20
1493 234 22
71 3 0
486 195 20
9472 6 0
483 105 19
13390 68 0
3341 2944 19
12487 42 0
16685 68 0
4958 54 0
7468 6 0
15583 68 0
2430 2431 14
8932 8785 20
3054 3055 13
2780 1748 22
12634 6 0
10463 9731 22
14372 14078 20
5753 5547 20
16048 6 0
7005 68 0
10345 9249 14
15030 14047 22
15467 15284 20
6341 5391 22
7023 6700 20
12635 11884 22
6647 69 0
10997 10805 19
8112 7604 20
1855 1856 13
15363 15156 19
6930 6685 20
1548 6 0
15961 15791 22
14231 68 0
3412 3047 20
11867 10927 22
3246 2944 19
15985 15171 22
13965 13503 22
11289 10854 20
2458 1826 21
14510 13968 19
8988 8658 19
4729 4292 20
6794 6658 20
5650 5398 20
13770 13059 22
1510 6 0
16780 16402 20
11321 10861 20
4128 3615 22
17205 6 0
9086 68 0
2847 1786 22
15396 15211 20
4071 6 0
17063 16863 22
12662 6 0
1472 226 22
3128 69 0
5584 5525 20
14373 14067 20
8654 8192 22
10581 6 0
3157 2944 17
11001 10805 19
8623 6 0
867 341 20
17167 16867 22
15469 68 0
174 69 0
4613 4324 20
15505 15273 20
9027 8658 19
13208 13083 20
14663 13968 19
16015 15881 22
1366 169 22
2200 1662 20
15257 7 0
17275 6 0
11236 10897 20
5838 5402 20
15229 15230 13
11028 10888 20
11160 68 0
14961 6 0
5684 5428 20
9084 8756 20
13443 68 0
15474 15284 20
2519 2484 14
10237 62 0
5282 6 0
6154 269 14
1168 196 20
15705 15183 20
13145 13149 13
2760 6 0
5540 5544 14
7753 68 0
12408 11896 21
5817 5397 20
2913 6 0
16783 16430 20
3751 3639 14
16191 15893 22
11946 9 0
11260 10855 20
126 127 13
2426 1765 20
6945 6632 19
3292 68 0
3421 2944 19
15440 15222 20
3354 3014 20
12312 11931 20
15511 15156 19
13189 13016 19
14871 6 0
14931 14017 22
5646 5467 20
15798 15156 19
8153 7628 21
6631 1 0
7981 7583 20
14506 13968 19
529 332 20
1513 6 0
11255 10869 21
1570 6 0
4620 4248 20
5883 5547 20
13233 13045 20
5698 5362 19
2045 1774 20
6740 24 0
6845 6632 19
8242 62 0
5917 5370 20
5211 4854 22
7892 7571 19
1589 292 22
1539 1168 22
9548 8717 22
13571 54 0
4473 4231 20
3086 69 0
12556 9267 14
3865 6 0
14504 14066 20
14963 14030 22
12993 11997 22
10372 54 0
8630 7679 22
2448 1681 21
10360 9710 12
12490 42 0
8960 8735 20
3718 2944 19
3720 2944 19
9877 9710 19
1907 1821 20
12206 11944 20
1755 986 16
17247 6 0
16520 16344 20
11264 10805 19
886 258 20
12543 11975 20
17273 16919 22
16872 16342 20
2094 1749 20
16370 16371 13
2087 1773 20
11075 68 0
7987 68 0
12779 6 0
5965 5473 20
15496 15183 20
5297 4356 22
4865 4309 20
12958 6 0
14373 68 0
4916 4298 20
4707 68 0
15472 15156 19
16676 16347 21
1994 1774 20
5405 5409 14
16650 16480 20
15117 14092 22
9574 8720 22
17062 6 0
9085 8704 20
11464 10922 20
7019 6753 20
3494 3030 20
6242 6 0
3329 68 0
4852 51 0
16121 15868 22
3757 3020 20
6880 6663 20
826 361 20
13780 13064 22
715 287 20
14318 14053 20
11468 51 0
13720 13560 22
6680 9 0
11291 10805 19
7528 7098 22
2487 1660 19
16537 16385 20
8092 7574 20
1277 1185 22
8192 7594 21
9846 9851 15
13277 13151 20
2994 2999 15
13514 13148 20
8114 7584 20
4616 4223 19
13605 13529 22
2073 1660 19
10087 9814 20
1976 68 0
15077 6 0
13847 13093 22
7922 7611 20
17137 16397 22
10560 9757 22
16656 16376 20
7427 6695 22
15176 15178 13
5513 5519 15
9244 8701 20
556 105 19
1050 122 20
8609 7667 22
16885 1785 14
3987 3013 22
1122 235 23
2423 1833 21
4649 4288 20
13885 13105 22
11109 10805 19
14522 13970 20
11026 10934 20
16696 16476 20
14142 14078 20
15535 15168 20
881 68 0
14805 6 0
10727 6 0
15938 15162 22
9165 8780 20
7362 6676 22
12041 11877 19
15387 15211 20
12333 68 0
11587 10819 22
10281 9821 20
7203 6632 12
6386 5405 22
13081 13083 13
11964 41 0
7137 69 0
8035 7691 20
13331 13057 20
8145 7640 21
2622 2389 22
10341 6157 14
609 162 21
9141 8674 20
10819 40 0
10602 6 0
1369 169 22
6698 958 15
8148 7571 19
8898 8658 19
4926 1753 14
8755 8738 16
1342 1019 22
16869 42 0
2008 1660 19
1571 6 0
7895 68 0
8622 6 0
7156 69 0
9095 8729 20
3549 68 0
13977 24 0
8813 8658 19
13137 6121 15
15645 15227 20
6502 5450 22
13750 13508 22
13357 13102 20
635 186 20
7147 6715 20
2320 1772 21
6169 42 0
944 286 21
12503 62 0
15897 42 0
5603 5487 20
8371 6 0
4528 4328 20
7235 6 0
3640 42 0
7607 4244 16
8025 7704 20
7188 6632 19
11176 10805 19
8199 7650 21
9002 8658 19
605 68 0
15292 6050 15
2332 1660 19
7188 62 0
11055 68 0
17009 16824 22
7709 24 0
4588 68 0
10480 6 0
15339 15183 20
1960 1660 19
7703 7705 13
13595 6 0
11406 10951 20
14583 68 0
8060 7591 20
15601 15284 20
5327 6 0
2165 1874 20
7971 7571 19
605 105 19
4016 3023 22
14286 14052 20
872 186 20
14081 14083 13
4659 68 0
331 338 16
14713 2964 14
6984 6740 20
16746 16339 19
2414 42 0
10186 9710 19
16901 16418 20
6011 68 0
2547 6 0
5382 5386 14
15961 15167 22
6154 5362 19
16645 68 0
14187 14066 20
3598 3001 21
3711 3062 20
16861 16339 19
16838 16427 20
148 152 14
9296 8787 20
6119 4322 14
1023 210 20
15669 15156 19
11256 68 0
527 105 19
5002 4905 22
4514 4358 20
2609 6 0
11202 10805 19
15753 51 0
17156 16404 22
3748 3749 14
9638 8744 22
2687 1710 22
11831 11421 22
594 68 0
3041 123 15
1765 41 0
1000 42 0
16745 68 0
9040 8761 20
11171 10805 19
11492 10805 19
12226 11921 20
1889 68 0
13679 6 0
4254 4223 17
11738 6 0
6043 5433 20
14224 13968 19
2087 1750 20
208 24 0
5298 4356 22
4895 4336 20
7828 7709 20
16608 16339 19
9409 9248 22
14327 14078 20
2193 1774 20
3604 2470 14
10503 6 0
5751 5473 20
15672 68 0
4698 4333 20
15292 3727 14
4897 4223 19
3369 2946 20
12458 11877 19
14193 14011 20
11466 10837 20
4267 3648 15
13417 68 0
13363 13122 20
14020 14025 16
12875 12574 22
10507 6 0
5672 5362 19
3414 3072 20
691 105 19
6481 5440 22
16170 15881 22
8167 7624 20
12632 12523 22
454 324 20
12945 6 0
10307 69 0
699 105 19
16209 6 0
12040 11968 20
9574 6 0
8830 68 0
16685 16339 19
10407 6 0
11639 11484 22
15864 15227 23
6066 5362 19
3397 2966 20
13401 13158 20
16774 16398 20
3562 3563 14
10289 9713 20
771 105 19
10681 9791 22
11152 10812 20
14047 14050 15
4667 4292 20
10308 9763 21
8275 8221 22
2162 1749 20
2245 1695 20
15019 6 0
4572 68 0
8307 7577 22
10062 68 0
16490 16362 20
7133 51 0
15654 15245 20
12586 11950 20
15115 14678 22
12343 11877 19
929 69 0
16177 15225 22
10435 9722 22
5090 4267 22
13408 68 0
7935 7608 20
847 372 20
6883 6781 20
12258 68 0
353 354 13
6126 5394 20
16048 15191 22
16666 16339 19
5878 5362 19
1548 264 22
3700 51 0
9269 8757 20
2076 1660 19
853 68 0
1279 134 22
6877 6686 20
1234 6 0
17291 6 0
2074 1712 20
3739 2984 21
10226 42 0
10052 9711 21
16875 16456 20
5192 4865 22
16483 41 0
290 69 0
1229 6 0
9462 8689 22
8046 68 0
3445 3164 20
2887 6 0
13244 13151 20
14574 68 0
7594 2457 14
11336 10845 20
4908 4325 20
13890 13541 22
10443 9722 22
10924 24 0
14139 68 0
16989 6 0
10682 10233 22
7602 69 0
1931 1755 21
4456 4368 20
5471 5472 13
8893 8793 20
2738 1730 22
9417 9273 22
6848 68 0
11288 10884 21
3674 2944 19
9046 8658 19
15604 68 0
2081 1660 19
2410 2411 14
11611 6 0
5671 5537 20
8161 42 0
14283 14067 20
13371 13037 20
9758 24 0
9073 8699 20
2351 1710 21
1713 41 0
7853 7654 20
3549 3073 20
3092 41 0
16519 16394 20
2949 2952 14
10290 9734 20
12238 12011 20
4468 4249 20
7036 6685 20
12553 11877 19
9856 9857 13
16831 16360 21
6868 6777 20
9512 8709 22
5679 68 0
1031 105 19
10071 9748 20
6826 6700 20
1324 6 0
15568 15230 20
10545 10265 22
14673 14004 20
631 68 0
3411 3108 20
8181 69 0
12527 11991 20
15559 15178 20
11765 6 0
16324 6 0
6179 5419 21
7038 68 0
3356 3083 20
11983 24 0
13327 13016 19
14542 14062 20
1120 1121 14
12436 68 0
14196 68 0
7918 68 0
10254 9743 21
12899 12520 22
6412 6129 22
12583 9828 14
14424 14094 20
2824 2432 22
10709 6 0
9113 8725 20
10427 9722 22
11460 10954 20
524 68 0
4210 6 0
9209 2396 14
12062 11877 19
13322 13158 20
5486 5487 13
527 121 20
14308 13968 19
7213 7106 22
9579 8720 22
12462 11960 20
16751 16481 20
7491 6 0
10905 10805 17
16081 15774 22
11360 10836 20
3340 2955 20
6339 6 0
11270 10840 20
9097 8746 20
7807 7700 20
2768 6 0
3440 3014 20
1779 1780 13
1644 1032 22
15152 6 0
8679 8680 13
3138 41 0
9986 9777 20
6869 6632 19
11266 68 0
8225 7673 20
9123 8749 20
10173 9782 20
3437 3137 20
2078 1660 19
17209 16899 22
15445 15229 21
15900 15156 12
14652 42 0
2362 69 0
14488 14093 20
2623 2419 22
16716 16480 20
8118 7571 19
6380 6179 22
4247 40 0
12300 11877 19
11117 10949 20
3867 6 0
1477 6 0
17290 16917 22
10848 10850 13
11235 10849 20
7002 6632 19
15403 15284 20
3512 2944 19
2700 6 0
6006 5362 19
4802 62 0
17133 6 0
632 272 20
1188 323 21
12154 11893 20
4084 3054 22
13881 6 0
15960 6 0
14169 14045 20
13564 62 0
3835 2960 22
2841 2318 22
6808 68 0
11350 10939 20
8185 7640 21
11489 10856 20
16862 16440 20
13897 13109 22
6415 6 0
2301 1688 21
14245 14128 20
4970 4224 22
10653 9785 22
3323 2995 20
15180 41 0
13990 41 0
4615 4223 19
15286 15291 15
16618 68 0
7464 6703 22
4589 4223 19
16359 41 0
14640 42 0
5981 5520 21
13153 13016 17
13519 13125 20
12891 6 0
6032 5500 21
3486 2944 19
7116 42 0
4865 51 0
16303 15272 22
2113 1731 20
15502 15200 20
11855 10923 22
811 208 20
12528 69 0
6123 69 0
8191 7642 20
13613 6 0
3970 3630 22
6028 5486 21
9996 9802 20
5801 5384 20
8751 1871 14
3509 3126 20
884 265 20
2449 69 0
14673 14033 20
7128 42 0
16943 16909 22
5935 5509 20
8560 7647 22
14427 14006 20
13517 13016 19
2637 2458 22
15040 14607 22
5664 5437 20
3363 3141 20
11061 10897 20
10168 68 0
12839 11938 22
9092 68 0
3215 68 0
13299 13118 20
16697 16371 20
14360 14072 20
6161 1030 14
12168 11972 20
3826 2954 22
1395 1013 22
16581 16339 19
2467 62 0
5759 5441 20
2220 1810 20
10313 9715 23
2180 1799 20
4739 68 0
11493 10848 21
12843 12582 22
5494 5495 13
6176 5380 20
9135 8669 20
5966 5427 20
10670 9791 22
3409 68 0
2341 1660 19
3319 3148 20
2549 1661 22
2701 2494 22
3700 2944 19
16795 16390 20
2095 68 0
14274 14043 21
16766 16379 21
9384 6 0
14077 7 0
9436 6 0
4858 4254 21
13593 13493 22
5902 5521 20
8597 7662 22
12410 12002 20
5391 5394 13
2241 1773 20
9965 9772 20
10010 9710 19
218 69 0
3616 267 14
5851 5521 20
7473 6706 22
13907 6 0
2950 24 0
5737 68 0
10170 9764 20
6870 68 0
3111 3113 13
11349 10924 20
4444 68 0
1596 1150 22
1218 1126 22
16495 16468 20
11278 10805 19
6619 6 0
3278 68 0
6092 42 0
12893 12479 22
14221 68 0
15951 15875 22
908 163 20
3726 3127 20
16803 16357 20
6004 5374 20
2524 1794 20
1920 68 0
14092 14093 13
8604 6 0
5920 5437 20
1091 379 20
13462 13117 20
1657 383 22
3322 2947 20
15277 24 0
5301 4874 22
8545 8163 22
5800 5428 20
9714 9715 13
12936 6 0
12185 11877 19
15622 15187 20
814 249 20
9536 6 0
11199 10841 20
12421 68 0
6357 5396 22
6641 966 16
3292 2950 20
6249 6108 22
3631 69 0
2494 1727 20
12894 6 0
13378 68 0
9406 9268 22
9933 9838 20
8724 3028 15
12288 68 0
8218 7630 20
10319 9837 21
12612 11878 22
1569 1130 22
7104 3567 14
9244 8759 21
3429 3147 20
10622 6 0
7103 357 14
6493 6 0
6884 6721 20
12839 6 0
10102 9874 20
579 120 20
7109 6781 23
8790 24 0
9727 1837 14
16512 68 0
13233 13128 20
5540 5545 16
11497 11498 14
3785 6 0
11866 10927 22
5802 68 0
9523 8709 22
4427 4230 20
13363 13037 20
10120 9874 20
15854 15198 20
13568 42 0
15243 41 0
7329 6 0
2589 1674 22
16735 16438 20
4485 4225 20
3237 68 0
7134 42 0
5595 68 0
5788 5525 20
8214 7659 23
16237 15244 22
11043 10812 20
11112 10924 20
12726 11908 22
6070 42 0
13408 13074 20
13415 13016 19
13304 13066 20
13983 24 0
553 105 19
5023 4868 22
8627 8200 22
16517 16394 20
11280 10945 20
16183 6 0
12226 12003 20
7183 6632 19
15851 15228 20
1950 1817 20
12707 12527 22
6457 5431 22
5729 5402 20
10657 9785 22
13224 68 0
14220 14077 21
833 68 0
1044 162 21
6614 5520 22
4931 4224 21
5006 4903 22
6082 976 14
5171 4295 22
3173 3019 20
8832 8749 20
11268 10914 21
5946 5541 20
2982 41 0
14372 68 0
424 249 20
3448 68 0
1126 105 19
10049 9793 20
9153 68 0
7253 6 0
1384 177 22
16805 16339 19
514 68 0
6489 5445 22
6922 6632 19
13167 13022 20
2179 68 0
928 62 0
15552 68 0
10908 4832 16
15292 15293 13
807 384 20
10326 42 0
7822 7641 20
5709 5374 20
524 361 20
14670 13968 19
4458 68 0
8518 6 0
10447 6 0
14412 13968 19
15571 15299 20
14546 14036 20
6471 5436 22
14680 14101 21
14278 14053 20
3444 2944 19
3917 3560 22
16782 16481 20
14672 14004 20
908 331 21
15443 68 0
15733 15156 19
8175 51 0
3430 3024 20
7318 6657 22
12279 68 0
15302 15304 13
5648 5362 19
15562 15226 20
852 68 0
6904 6691 20
2499 1660 19
7149 69 0
1438 207 22
1989 68 0
4469 4379 20
5811 5502 20
13416 13016 19
11378 42 0
11076 68 0
16284 15854 22
7219 6633 22
13799 13072 22
13479 13016 19
9147 8658 19
11456 62 0
1354 6 0
5300 4356 22
13205 68 0
4480 4329 20
13461 13091 20
15240 15156 17
9087 8673 20
9265 69 0
7799 68 0
13355 68 0
8566 6 0
698 105 19
8751 8752 13
15216 15218 13
14872 6 0
6458 6 0
2676 1706 22
8111 7574 20
1798 24 0
13853 6 0
4542 4303 20
1081 42 0
8114 7668 20
4280 4284 15
9243 8658 19
6599 6 0
12578 3687 14
3502 68 0
7219 7104 22
881 105 19
7997 7608 20
9516 8709 22
3914 2984 22
8403 7603 22
4818 42 0
4929 4377 21
11496 10805 19
8983 8772 20
14519 14048 20
12353 11925 20
13476 13059 21
15585 15169 20
2709 6 0
13701 13464 22
12391 11925 20
1334 6 0
8572 7650 22
10214 9710 19
3346 3132 20
3985 3700 22
13687 13556 22
13299 13016 19
2404 2405 14
14152 68 0
10933 24 0
14326 14078 20
2001 1874 20
513 265 20
12380 11879 20
15516 15182 20
13210 68 0
3389 3112 20
8864 8745 20
16400 41 0
11698 11365 22
2783 2295 22
4139 3718 22
11245 68 0
8217 7620 20
5172 6 0
10420 9718 22
13111 41 0
2527 1664 20
16633 16353 20
16643 16339 19
10994 10933 20
11289 10807 20
1327 155 22
14554 14111 20
1907 1874 20
2477 1660 19
4429 68 0
4530 4281 20
10918 10805 17
13988 24 0
13534 13016 19
9162 8687 20
1637 6 0
15553 15156 19
13408 13045 20
4744 4223 19
5637 5451 20
15108 6 0
13524 42 0
13189 13027 20
8946 8703 20
8455 8145 22
10425 9718 22
8090 7672 20
9508 9258 22
2105 68 0
14363 14045 20
15837 15198 20
15656 15283 20
12652 11888 22
14001 14002 13
9909 68 0
11688 6 0
3181 2991 20
16620 16398 20
16695 16452 20
3669 2944 19
1330 155 22
12372 11997 21
13399 13042 20
9943 9866 20
14166 14035 20
14184 68 0
619 68 0
14412 14107 20
10830 10833 13
4555 4373 20
12749 6 0
6212 54 0
990 369 20
16484 1018 14
6216 5362 12
12536 11911 20
12206 11917 20
798 68 0
7765 7571 19
16281 15265 22
9198 62 0
2610 1681 22
6474 6105 22
15739 15249 20
2505 1660 19
4555 4399 20
3145 69 0
3406 3141 20
14653 13968 19
2353 62 0
12550 42 0
12493 12014 20
14560 68 0
10104 9810 20
11533 10806 22
13951 13467 22
8003 7648 20
11620 6 0
6255 6135 22
12253 11990 20
996 997 14
16703 16345 20
4048 6 0
2316 1723 21
7786 7614 20
4338 4340 13
4229 4223 17
14334 14040 20
9064 8752 20
14419 13968 19
1032 230 20
14212 14111 20
9290 8658 19
16173 15808 22
3954 6 0
9234 8706 20
14747 6 0
6028 5362 19
6949 6632 19
15600 68 0
12668 11892 22
16881 16435 20
5959 5412 20
6378 5401 22
16616 16344 20
1043 69 0
7473 6 0
9652 8751 22
10884 7 0
14168 14061 20
5821 5451 20
12474 11975 20
13093 6207 14
15749 15156 19
16855 16408 21
12047 11982 20
10180 9866 20
11075 10938 20
13378 13147 20
10069 9847 20
9252 8807 20
16836 42 0
12242 11877 19
8636 7682 22
13064 13071 16
3021 69 0
14446 14112 20
5477 5480 16
8547 6 0
6974 6634 20
4719 68 0
6096 42 0
10502 10345 22
9886 9848 20
5241 4837 22
13929 6 0
1323 155 22
3124 3126 13
5995 68 0
12187 12012 20
7467 6 0
9046 68 0
6329 5391 22
4657 4263 20
3502 3047 20
11027 10805 19
6379 5405 22
11222 10805 19
13865 6 0
7758 7571 19
13140 13143 13
11855 11428 22
8068 7640 21
13312 68 0
7420 6 0
16293 15268 22
7108 6651 20
7017 6682 20
11605 10823 22
12498 11941 20
15537 15156 19
12530 11958 20
16799 16409 20
15619 68 0
5866 5370 20
5411 5362 17
4730 4254 21
1599 297 22
14250 14062 20
2527 1792 21
12125 11982 20
2232 1669 20
3523 68 0
10043 9802 20
7941 7699 20
17033 16360 22
16028 15756 22
16568 16348 20
11809 11446 22
1139 343 20
2303 1691 20
4032 3029 22
1886 1827 20
8965 8710 20
11363 42 0
496 372 20
13531 13028 20
3674 42 0
5651 5537 20
921 380 20
8119 7571 19
14402 68 0
2233 1660 19
6509 5450 22
9731 246 14
10272 9710 19
4407 4410 13
15474 15156 19
11183 68 0
5776 68 0
14921 14013 22
10198 9808 21
521 157 20
52 3 0
2075 68 0
11076 10897 20
11602 11492 22
9998 9853 20
16994 16833 22
3377 3048 20
10256 42 0
4674 4413 20
14794 14682 22
15793 15186 21
603 68 0
6895 6632 19
11552 10811 22
6027 68 0
5058 4852 22
13263 13016 19
15421 15303 20
4824 4422 20
12463 11956 20
1643 339 22
5244 4327 22
5363 5364 13
9906 9744 20
13574 54 0
10133 68 0
2376 69 0
14136 14018 20
3139 69 0
12798 11924 22
15697 15169 20
2127 1804 20
16659 16339 19
7019 6632 19
14825 13987 22
11309 10805 19
4859 1666 14
6961 6658 20
9937 9772 20
16819 351 14
7301 6652 22
11652 11410 22
4043 6 0
4756 4287 20
8499 7628 22
9577 6 0
13565 13016 19
2559 1668 22
6203 5517 20
3438 68 0
14705 14034 21
13345 13032 20
7550 6 0
13618 13556 22
3580 2944 19
9097 8785 20
4808 337 14
17070 16375 22
184 69 0
14525 14007 20
14648 14030 21
6899 6663 20
12311 11925 20
628 257 20
15617 15273 20
16613 16388 21
11557 10811 22
11668 10839 22
15540 15223 20
6348 6 0
4445 4223 19
5720 5383 20
9468 6 0
9681 6 0
16890 42 0
4350 4354 15
15840 15191 21
4189 6 0
7166 6632 19
14005 6200 16
8985 8745 20
3601 42 0
9965 9806 20
13098 24 0
8249 7681 20
1900 1828 20
11050 68 0
10179 9712 20
5445 5448 13
2442 42 0
13219 13094 20
483 310 20
7403 6684 22
2437 69 0
9623 8734 22
4244 69 0
16719 16413 20
790 368 20
13402 13155 20
10083 9712 20
4510 4340 20
10038 9777 20
2243 1757 20
3970 3598 22
13137 6671 14
8377 7594 22
14829 14663 22
3338 3064 21
4036 6 0
16689 68 0
3317 2955 20
12076 68 0
16094 15766 22
1558 6 0
14814 14633 22
9432 9226 22
14376 13968 19
11772 6 0
7483 7185 22
16572 16402 20
11297 10845 20
14715 13994 20
3680 3072 23
6542 5466 22
11128 10805 19
14054 41 0
4065 6 0
7392 6 0
7873 7571 19
14551 14117 20
17237 6 0
6225 5363 22
3236 68 0
806 105 19
5042 4927 22
16548 16339 19
9693 6 0
1988 1737 21
5460 5461 13
8939 8781 20
11542 6 0
10793 9856 22
1359 169 22
6034 5362 19
3238 3137 20
5641 5406 20
8548 8221 22
3263 2944 19
12823 6 0
4341 41 0
5554 5369 20
1211 956 22
4667 4363 20
1552 930 22
3377 2950 20
12535 51 0
13519 5415 14
2359 42 0
13261 13057 20
12440 11929 21
17004 6 0
7025 68 0
12124 11880 20
13535 1673 14
16681 68 0
10412 10299 22
13198 13154 20
15044 6 0
2807 1761 22
14595 14016 20
9129 8658 19
12564 11881 20
5176 4295 22
16225 15753 22
12099 11953 20
6417 6 0
6203 5377 21
15292 15294 13
9952 9815 20
16818 16347 21
17169 16408 22
9209 8768 20
469 105 19
7928 7668 20
1755 1756 13
2714 1717 22
2341 1775 20
5350 6 0
3410 3077 20
12123 11924 21
870 250 20
5596 5417 20
4599 4373 20
16629 68 0
8694 24 0
3352 68 0
15722 15226 20
13898 13109 22
4020 3676 22
449 372 20
12502 11964 20
13502 13038 20
16728 16388 21
15023 14711 22
6139 5463 20
9157 8714 20
17256 16450 22
14728 13968 12
8095 7571 19
5601 5502 20
17076 16375 22
8439 8133 22
15060 6 0
4429 4236 20
10399 6 0
14322 14036 20
5703 5525 20
14888 6 0
742 348 20
707 105 19
15635 15238 20
636 105 19
5860 5525 20
2154 1660 19
4295 4297 13
3221 2944 19
5745 5412 20
16760 16413 20
965 343 20
4916 4389 20
4781 4226 20
3096 3097 13
1321 1108 22
704 178 20
13942 13132 22
7748 7633 20
10605 6 0
16162 6 0
12108 68 0
15867 15166 20
4151 3583 22
5431 9 0
14300 14083 20
8828 8740 20
12498 11908 21
7915 7592 20
2751 2508 22
14469 14011 20
16824 16339 19
11226 10836 20
10125 9830 20
4643 4223 19
11316 10849 20
12476 11882 20
14857 6 0
13460 13016 19
11129 10845 20
13132 7 0
16156 15221 22
8964 8725 20
7636 3561 15
4901 69 0
7325 6 0
9102 8690 20
12669 12524 22
3170 2944 19
15823 15156 19
10161 9724 20
12508 11958 20
14810 14692 22
8810 8724 21
7511 6723 22
426 105 19
9953 9870 20
3751 3084 20
12931 11962 22
14230 68 0
16929 16339 12
702 105 19
4123 3674 22
16518 16438 20
17117 16393 22
5738 5462 20
3775 54 0
10145 68 0
13506 13064 21
10346 9741 20
16544 16339 19
12792 11924 22
10101 9764 20
2079 1862 20
4884 4341 20
14421 14041 20
7830 7616 21
8189 51 0
4148 3081 22
3859 2965 22
12057 11978 20
10290 9710 19
1075 1076 14
17026 16360 22
13542 13107 20
13242 13022 20
5759 5362 19
13188 13016 19
16752 16398 20
17177 16411 22
15514 68 0
7158 6737 20
8645 6 0
757 68 0
11058 68 0
6155 42 0
12648 6 0
3554 2954 21
16513 68 0
3655 2944 19
11841 10914 22
4707 4263 20
4525 4230 20
8823 8749 20
946 236 20
11782 11488 22
8973 8714 20
3634 2944 19
10638 10319 22
12529 11975 20
7012 68 0
16842 16404 21
4492 4223 19
3231 2961 20
8539 7643 22
8762 41 0
7723 68 0
2524 1660 19
1978 1696 20
17130 16924 22
14467 14103 20
3355 3048 20
11356 10916 20
3490 68 0
15385 15177 20
14902 6 0
3933 2990 22
16566 68 0
15142 6 0
1124 107 23
3175 3048 20
8924 8690 20
12052 11877 19
11646 11450 22
2248 1762 20
10600 10305 22
8207 7610 21
3146 1753 14
10045 9863 20
2452 42 0
7739 7571 19
3430 3041 21
5815 5487 20
2582 2410 22
3806 6 0
8616 6 0
12296 11877 19
14438 13968 19
16507 16339 19
795 105 19
9199 62 0
9109 8658 19
12622 11878 22
11024 10817 20
4530 4296 20
13434 68 0
14958 14026 22
2351 42 0
14971 14625 22
12432 11877 19
4721 4388 20
12532 62 0
15565 15245 20
5202 4925 22
13271 13118 20
3443 3117 20
6803 68 0
8312 7582 22
14736 13968 12
5883 5462 20
15923 15157 22
1251 119 22
16494 16339 19
6972 6761 20
6826 68 0
8717 8719 13
4143 6 0
15738 15253 20
195 24 0
12287 11959 21
8360 7590 22
10088 9712 20
13630 13560 22
10566 10266 22
10272 9835 20
205 69 0
573 333 20
10326 51 0
6129 42 0
16536 16469 20
5054 4254 22
9379 6 0
6801 6632 19
15561 15287 20
16829 51 0
16641 16398 20
5140 4286 22
973 51 0
12492 42 0
15621 15188 20
8052 7658 21
15397 15288 20
8471 6 0
7987 7637 20
920 173 20
15628 15221 21
14059 41 0
7212 7130 22
1987 1660 19
13361 13016 19
14601 14049 20
14830 14682 22
3898 2978 22
6570 6 0
12229 11894 20
4670 68 0
10584 10235 22
3457 3024 20
478 271 20
9603 6 0
72 13 7
10602 10320 22
14699 14056 21
15865 15216 21
2032 1662 20
9435 8685 22
10893 24 0
11367 10947 20
739 378 20
4523 4274 20
16561 16367 20
10760 9833 22
15951 15162 22
9336 8659 22
12575 11951 21
895 68 0
12792 12575 22
13050 41 0
6247 6141 22
7051 6675 14
15059 14056 22
10980 10825 20
7338 7079 22
980 273 20
9484 9281 22
6205 51 0
14641 14101 21
13185 13146 20
16890 1693 14
2145 1660 19
604 68 0
4518 4223 19
13222 13016 19
16809 16341 20
646 107 20
10965 10942 20
11386 10805 19
5813 5377 21
5782 5421 20
14451 14006 20
2327 1688 21
8665 3086 15
5768 5547 20
10732 9813 22
1260 6 0
5345 6 0
16484 1129 16
9145 8660 20
9216 9217 14
13572 54 0
16495 16421 20
6364 6062 22
16356 16339 17
12149 11894 20
6878 6632 19
14619 13968 19
7438 6 0
6368 6127 22
6537 6152 22
11494 10806 21
16267 15818 22
596 215 20
15433 15221 21
14192 14035 20
1058 42 0
10228 9710 19
8190 116 14
14920 14680 22
10439 9722 22
965 141 21
14308 68 0
11243 68 0
15382 15186 21
2357 1670 20
6275 5373 22
944 42 0
7354 7066 22
2553 2499 22
8943 8669 20
13510 13059 21
1958 1845 20
12177 68 0
12548 11901 21
12269 68 0
1011 1012 14
11524 54 0
1405 6 0
5994 5513 21
1660 18 0
889 271 20
6075 5489 20
6047 1117 14
3590 62 0
6125 69 0
4344 69 0
9006 8776 20
13250 13073 20
8141 7646 20
1446 214 22
4737 4223 19
12156 11885 20
1901 1772 21
4345 4348 13
1222 113 22
6939 6632 19
4668 4399 20
14166 14108 20
4477 68 0
547 243 20
7408 6690 22
16542 16345 20
8334 6 0
860 279 20
10147 9749 20
7908 7690 20
6993 6642 20
6098 5371 20
6978 68 0
16215 6 0
10721 6 0
10189 9793 20
2890 6 0
12167 11889 20
5699 5509 20
2513 62 0
11716 6 0
16596 68 0
16360 1159 14
12520 11877 19
14739 6 0
1400 6 0
9056 8658 19
4815 42 0
8989 8673 20
481 68 0
5647 68 0
9200 8747 20
12228 11877 19
3216 3024 20
6270 6 0
14576 14116 20
9150 68 0
11062 10805 19
15895 62 0
15972 15171 22
13362 13154 20
14352 14061 20
7857 7710 20
5587 68 0
11269 10893 20
16924 16340 21
5606 5412 20
3518 3097 20
10174 9710 19
9506 6 0
12736 11908 22
2006 1827 20
3651 3046 21
15787 15156 19
15425 68 0
2408 42 0
3060 2462 16
11100 10861 20
12781 11920 22
7093 6719 21
7607 7571 17
12695 11901 22
5792 5420 20
8095 68 0
11396 10819 21
15896 1009 14
2389 42 0
3184 2995 20
15153 14637 22
922 69 0
9862 9863 13
7577 7579 13
16652 16352 21
10232 9710 19
16343 40 0
11308 10870 20
13391 13066 20
11355 10881 20
15454 15273 20
8123 7617 20
5896 5515 20
2373 1745 20
5277 4338 22
14326 14112 20
905 105 19
5868 5363 21
11867 6 0
8739 315 14
837 265 20
14598 14017 21
8626 7679 22
16783 16412 20
9975 9710 19
2476 1660 19
2341 1792 21
10166 9710 19
513 68 0
2832 2463 22
16222 15240 22
4667 4236 20
10343 9840 20
2675 2505 22
1861 1808 16
15938 6 0
4049 3743 22
14448 14041 20
7887 68 0
10603 9767 22
835 202 20
4261 4223 17
15355 15226 20
16012 6 0
2214 1660 19
13408 13057 20
16727 16390 20
3174 2944 19
15697 15283 20
12170 11952 20
10023 9710 19
8908 8756 20
15419 15177 20
15073 14648 22
15895 15156 19
6167 5362 19
11904 11906 13
6142 42 0
8143 8144 14
6303 5382 22
6170 5442 20
12734 12554 22
693 105 19
10038 68 0
2654 1700 22
14086 7 0
14602 42 0
6672 6673 13
6894 6728 20
7110 6635 20
7540 7138 22
2348 69 0
9008 8802 20
5689 5362 19
1761 1764 13
17037 6 0
16181 6 0
5981 68 0
1887 1851 20
14466 13968 19
7066 42 0
15025 6 0
11804 10892 22
10520 10349 22
13535 13129 20
14587 42 0
16610 16344 20
14590 42 0
2517 2518 14
6706 6711 14
14715 13968 19
10183 68 0
12846 12490 22
15940 15878 22
14721 54 0
12380 11893 20
3371 3125 20
506 354 20
12548 12014 20
17272 16831 22
11141 10870 20
13892 13109 22
16324 15866 22
4402 4406 16
6549 6 0
3528 3102 20
4563 4223 19
1058 1059 14
15606 15176 21
16140 15850 22
6695 6697 13
7880 7574 20
653 368 20
16060 15195 22
14666 14122 20
4903 4305 20
6874 6632 19
11186 10805 19
13868 6 0
2720 6 0
3489 2956 20
7795 7571 19
12095 12002 20
4974 4950 22
1070 69 0
6040 69 0
15190 41 0
585 135 20
4517 4328 20
15823 51 0
8089 7699 20
10551 9753 22
3140 3143 13
1171 297 21
7505 6 0
17207 16429 22
14513 13968 19
14492 13988 20
11490 10842 20
3365 3030 20
11738 10865 22
13827 6 0
6915 6632 19
17257 16915 22
12051 12019 20
15551 15164 20
8950 8687 20
8198 7681 20
13705 6 0
13207 13016 19
14057 24 0
14687 42 0
12397 11885 20
15075 6 0
12266 11922 20
3849 6 0
13522 13061 23
4562 4226 20
15876 15194 20
2026 1834 20
3995 6 0
7470 6 0
4671 4346 20
15808 15276 21
2887 2525 22
14667 321 14
15003 14039 22
7081 42 0
11449 42 0
3719 2944 19
10467 10234 22
5925 5369 20
7987 7571 19
8199 7702 20
12122 11925 20
14599 42 0
15769 15156 19
14593 42 0
3967 6 0
11441 10869 21
6144 42 0
5684 5387 21
9037 8658 19
14714 13996 21
15510 68 0
2325 62 0
4540 68 0
14538 68 0
9051 8658 19
5296 4790 22
7172 42 0
12359 11885 20
13533 42 0
7073 3619 14
9808 9809 13
2035 1762 20
810 333 20
11959 6665 15
13561 13016 19
10258 9733 20
10271 9710 19
2882 1809 22
6283 5377 22
1832 69 0
12483 11877 19
16874 42 0
12613 6 0
8016 68 0
7754 7710 20
14775 14700 22
15763 15263 20
9680 9188 22
4952 4239 21
2607 1681 22
5472 24 0
13283 13036 20
14546 13968 19
9813 4846 16
10596 6 0
6996 6632 19
5977 5531 20
11400 10904 20
10884 6738 16
680 324 20
16120 6 0
2663 2450 22
11459 42 0
8848 8677 20
6306 5382 22
12413 11880 20
5100 4267 22
9293 8658 19
12806 6 0
7471 7124 22
7463 6 0
16099 15204 22
15376 15196 20
2288 1661 21
3930 6 0
15887 15309 20
11908 11910 13
1655 383 22
450 265 20
16978 16869 22
15589 15211 20
3915 3708 22
14760 14587 22
7196 54 0
12835 11934 22
30 3 0
12882 11946 22
437 105 19
4112 3647 22
12478 11954 20
5975 5451 20
12925 11959 22
1878 69 0
8906 8658 19
10286 9755 20
13868 13096 22
7899 7571 19
3589 3107 21
6590 5500 22
5411 5414 13
980 105 19
7045 68 0
15545 15193 20
16501 16339 19
4069 6 0
248 255 16
13367 13102 20
1062 220 21
9337 6 0
17126 6 0
10242 9710 19
12764 12531 22
16629 16443 20
9205 8720 21
12254 68 0
1002 270 21
8349 7590 22
13438 13016 19
12463 11902 20
1029 158 20
8155 7711 20
3911 2984 22
12669 6 0
8744 1832 14
3673 2957 20
15401 15168 20
8751 6744 16
10232 42 0
5905 5456 20
7744 7611 20
8226 7586 21
14107 24 0
12981 11989 22
16303 6 0
9741 41 0
2218 1663 20
16935 16339 12
6056 5362 19
5405 2352 15
2297 2298 14
835 121 20
6578 6045 22
11174 10805 19
6531 6 0
2994 2996 13
12830 11934 22
12134 68 0
7543 6 0
2532 1660 12
11034 10805 19
3705 3098 20
12147 11956 20
7496 6 0
17212 6 0
1333 6 0
16583 16372 20
10799 9873 22
1243 6 0
5964 5491 20
12746 6 0
8038 7571 19
3750 3138 20
3710 2944 19
14794 14692 22
13064 13070 15
6855 6632 19
13665 13538 22
16228 15240 22
12281 11877 19
38 73 0
3324 3125 20
12089 11877 19
8154 7662 21
15374 15191 21
4559 4248 20
7219 7153 22
3218 68 0
3486 3090 20
4290 69 0
16353 24 0
7694 47 0
7796 7571 19
4485 68 0
3798 2949 22
6038 5362 19
15820 15256 20
3418 2944 19
1616 316 22
12572 42 0
11145 10910 20
2140 1660 19
8825 8669 20
4599 4363 20
3959 3001 22
14466 14010 20
1224 113 22
9785 9710 17
2118 68 0
2273 1857 20
15225 15226 13
7989 68 0
6959 6748 20
10718 6 0
600 316 21
11878 11881 13
10249 42 0
2109 1874 20
11272 10820 20
14282 14002 20
7777 7600 20
638 324 20
8619 6 0
6182 5517 20
11415 42 0
12444 12007 20
4163 6 0
15531 15261 21
6925 6782 20
4433 68 0
14407 13968 19
1280 134 22
15888 15285 20
6921 6782 20
1567 6 0
16809 68 0
15365 15163 20
10703 9801 22
12485 12023 23
10659 6 0
5883 5515 20
10201 9806 20
11031 10875 20
3924 6 0
8095 7591 20
12784 6 0
9068 68 0
12481 11994 20
10887 10891 15
12251 11987 20
6920 6696 20
9296 8726 20
5068 4931 22
6475 5440 22
1717 1660 17
711 68 0
15063 14587 22
4006 6 0
764 68 0
8492 7621 22
13381 13016 19
8197 7706 20
13374 68 0
15875 13981 14
9241 42 0
14525 13968 19
7187 51 0
10289 3070 14
10604 9767 22
1128 42 0
3450 3082 20
13263 13110 20
8064 68 0
6937 68 0
17067 6 0
10114 68 0
8962 8735 20
16013 15181 22
14156 13968 19
12117 11953 20
5867 5362 19
13244 13106 20
13600 6 0
14379 13968 19
3239 2995 20
7599 7602 14
13453 13147 20
4727 4388 20
2221 1660 19
13618 6 0
7476 6 0
5295 4350 22
3381 3164 20
11170 10920 20
360 361 13
13773 13059 22
13563 13021 21
2481 2482 14
15348 15233 20
13081 13085 13
6764 6632 17
16151 6 0
361 24 0
2202 1707 20
4058 3041 22
4332 4334 13
15439 15245 20
2624 6 0
2311 1794 20
7434 6695 22
4468 4223 19
4464 4313 20
1149 42 0
6535 6 0
8693 9 0
4758 4333 20
13112 13115 13
571 105 19
14163 68 0
3752 2987 20
16401 16403 13
12731 11908 22
7833 7623 20
2068 1660 19
8836 8661 20
625 279 20
562 280 20
13186 13016 19
3018 3022 16
4781 4340 20
15248 15156 17
5588 68 0
12561 11980 20
5599 5451 20
7192 6742 20
7056 51 0
4591 4223 19
2159 1749 20
16679 68 0
14647 42 0
11791 11451 22
12118 11922 20
6113 5517 20
10043 9815 20
8857 8680 20
15897 15156 19
5649 5362 19
16417 24 0
15819 42 0
11959 224 14
8241 7620 20
4553 4374 20
16785 16389 20
4612 4350 21
6172 5516 20
7610 1078 16
14200 13992 20
11888 11889 13
8210 7662 21
2716 6 0
2867 2355 22
4672 4398 20
5336 4386 22
7075 6659 20
9776 24 0
11756 6 0
6863 6632 19
15700 15156 19
13202 13016 19
15791 15218 20
11549 10811 22
708 105 19
15750 15235 20
11395 62 0
3346 2946 20
9418 6 0
15785 42 0
5168 6 0
10702 9801 22
1868 24 0
13996 3642 16
8668 1665 15
14391 68 0
10026 9710 19
10078 9711 21
13504 13026 21
543 287 20
4922 4923 14
15734 15156 19
4725 68 0
10874 10805 17
5840 5402 20
9891 9724 20
6870 6632 19
7925 7571 19
773 68 0
14034 9779 15
611 323 21
11456 42 0
13982 4301 16
2051 1828 20
12626 12496 22
8166 69 0
4738 4357 20
5068 6 0
1075 379 20
17062 16370 22
2827 1767 22
16604 16443 20
12302 11982 20
8702 8705 13
2019 68 0
10257 2512 14
14536 13968 19
16822 16457 20
3362 2944 19
8010 68 0
1932 1737 21
697 287 20
10251 9711 21
15147 14115 22
9205 42 0
12326 11902 20
8998 8680 20
4992 4229 22
5578 5407 20
5661 5362 19
10364 9710 12
13859 6 0
15333 15273 20
9134 68 0
6551 6122 22
15051 14056 22
13105 7062 14
1017 42 0
11099 68 0
9509 8702 22
3415 3025 20
4948 4372 21
840 105 19
2473 1852 20
11184 10820 20
1669 24 0
2353 2354 14
11413 10805 19
9359 6 0
15771 15156 19
8245 51 0
5006 6 0
7477 6706 22
14717 14019 20
14716 13990 20
7065 6716 20
14071 24 0
11047 68 0
4460 4413 20
4578 68 0
15247 41 0
1925 1862 20
8736 41 0
3422 3137 20
8401 8131 22
917 105 19
14361 68 0
4761 4230 20
13911 6 0
11955 11956 13
3599 42 0
7803 7591 20
4862 4335 20
13654 6 0
13992 24 0
9900 9720 20
12565 42 0
11682 6 0
13507 970 14
3833 2960 22
6338 6 0
3963 3001 22
946 105 19
12206 68 0
931 42 0
5950 5362 19
347 349 13
13542 13016 19
2556 2491 22
3222 2944 19
15562 68 0
14436 14121 20
4880 4416 20
12075 11968 20
16731 16398 20
10668 6 0
2445 1660 19
14697 13968 19
14160 14102 20
16747 16353 20
15195 7177 15
5750 5428 20
7966 7595 20
3626 3627 14
13315 13078 20
2892 1815 22
14043 1041 15
5606 5362 19
11181 68 0
12887 11951 22
7480 7171 22
1010 214 21
11472 42 0
9212 8658 19
1050 1051 14
12773 6 0
11962 11877 17
8862 8756 20
1155 69 0
9714 6671 14
2361 42 0
14552 14062 20
16528 16385 20
13503 42 0
5658 68 0
13702 13517 22
5109 4273 22
5804 5417 20
6803 6713 20
10230 9822 20
16996 6 0
12647 11888 22
14193 14007 20
704 68 0
9215 8775 21
8332 7586 22
1965 1816 20
14989 14039 22
2239 68 0
8980 8786 20
1580 6 0
859 105 19
12974 12475 22
3136 47 0
2608 2438 22
13824 13481 22
17169 16886 22
4939 42 0
2632 6 0
4469 4225 20
10986 10805 19
14361 14117 20
6839 6632 19
10651 9781 22
6060 42 0
7792 7587 20
9479 8697 22
4536 4318 20
12058 11877 19
10477 10230 22
7738 7637 20
1652 6 0
6142 2518 14
589 107 20
14425 68 0
7944 7644 20
14358 68 0
4644 4368 20
4186 6 0
14151 14014 20
2140 1857 20
4204 6 0
14481 13970 20
12246 68 0
9846 9848 13
620 310 20
14319 13968 19
16824 16363 20
7304 6 0
10637 9781 22
61 3 0
759 169 21
9922 9773 20
9156 8658 19
11467 10857 20
9112 8756 20
15688 15178 20
3364 2973 20
15768 15215 20
8398 6 0
10630 9775 22
6473 5440 22
16365 40 0
16347 16349 13
14212 68 0
1394 6 0
967 62 0
540 120 20
1363 6 0
13343 13061 20
4266 69 0
4880 4372 21
8965 8672 21
3474 3002 20
12053 11879 20
4864 4223 19
9868 7141 15
2127 1724 20
14479 14078 20
4735 4223 19
13317 13016 19
2105 1660 19
6858 68 0
11435 10823 21
12477 11975 20
12479 12008 20
16943 6 0
4516 4241 20
8923 8746 20
15487 15259 20
16437 1704 16
8331 6 0
2402 69 0
3118 24 0
1575 1092 22
6013 5397 20
6580 6030 22
16691 16402 20
17118 6 0
14715 42 0
11502 51 0
14293 68 0
8052 7651 20
12060 11925 20
3506 68 0
16218 15834 22
9889 68 0
11434 10815 21
9188 8659 21
10295 9864 20
2952 69 0
7694 7571 17
15764 69 0
3657 2997 20
11127 68 0
13630 13026 22
15272 2464 16
10415 10242 22
6223 5362 12
12076 11902 20
6275 6041 22
9409 9230 22
13381 13018 20
11417 51 0
3516 68 0
8952 8704 20
16826 16418 20
3284 68 0
8127 51 0
11201 10828 20
8068 7699 20
6148 69 0
9314 8660 23
9406 6 0
10477 6 0
3270 2984 21
16574 16339 19
13773 13500 22
6988 6667 20
8844 8772 20
4551 68 0
6164 1001 14
11136 68 0
14640 13968 19
8559 6 0
3524 2946 20
16582 16460 20
3430 2944 19
5953 5530 20
13881 13492 22
8116 68 0
5900 5362 19
15070 6 0
3252 3048 20
9519 8709 22
1537 256 22
15523 68 0
6561 5481 22
3761 2972 21
5495 24 0
4876 123 14
3554 62 0
5387 40 0
9101 8721 20
10492 6 0
10260 300 14
10084 9842 20
13463 125 14
873 105 19
3844 6 0
292 7 0
6876 68 0
4269 24 0
11690 10848 22
7914 7654 20
14250 68 0
8720 4322 14
2739 1730 22
15730 15266 20
11459 8162 14
12010 12011 13
13950 13538 22
9957 9743 21
9676 9297 22
9992 9720 20
8634 6 0
13380 13016 19
8368 6 0
13044 4915 14
1987 1669 20
14493 14006 20
2748 1737 22
9843 24 0
4068 6 0
11337 10805 19
11497 10806 21
12130 11972 20
3657 3658 14
11528 10806 22
1855 1860 16
241 242 13
398 105 19
4536 68 0
16888 42 0
771 68 0
5885 5397 20
1628 1166 22
3793 2945 22
904 280 20
8250 7607 21
16071 6 0
10636 9781 22
10960 10805 19
6536 6 0
4922 42 0
2144 1660 19
5604 5514 20
5711 5420 20
2008 1688 21
13009 12472 22
698 68 0
10605 9767 22
14703 2526 14
14334 14082 20
14265 14079 20
14973 14034 22
214 216 13
14635 13025 14
13566 13016 19
9429 8679 22
6093 42 0
5426 1104 14
11096 10817 20
8159 69 0
13424 13138 20
3098 41 0
15425 15169 20
15369 15201 20
5626 5437 20
15081 14070 22
9202 8803 20
14944 6 0
1194 105 12
12406 11931 20
3717 2944 19
12253 11960 20
15050 14051 22
15990 6 0
12844 11938 22
8938 8658 19
14904 6 0
7767 68 0
8914 8741 20
2082 1660 19
15382 15230 20
9368 9248 22
13562 13139 20
7956 7611 20
12001 1097 16
15614 15298 20
2699 1710 22
7496 7180 22
15774 4406 14
12346 11972 20
16262 15257 22
5947 5490 21
7144 42 0
892 114 20
917 128 20
17280 16896 22
1092 105 19
6547 5466 22
12349 12002 20
10014 9710 19
9817 41 0
2172 68 0
7807 7629 20
2380 1761 21
8530 6 0
497 105 19
16854 16456 20
9321 8658 12
4722 4379 20
2188 68 0
2450 2451 14
11354 10916 20
969 195 23
600 105 19
10248 2500 14
12295 68 0
627 202 20
3392 68 0
12091 11894 20
6227 6152 22
7248 7153 22
8305 7577 22
4765 4393 20
14034 14037 13
13493 13058 20
9186 51 0
12526 11877 19
9873 9874 13
4533 4296 20
4417 69 0
13494 13016 19
5846 5473 20
15465 68 0
6974 68 0
14595 6091 14
10638 6 0
7069 6737 20
15430 15186 21
590 105 19
14771 6 0
14208 14036 20
9930 68 0
7858 7587 20
13250 13134 20
10223 9710 19
13436 13054 20
3827 6 0
5779 5432 20
14763 13973 22
1903 1739 20
11166 10805 19
17108 16830 22
7046 6692 20
9575 8720 22
3224 3163 20
7079 42 0
12689 6 0
1906 68 0
15991 15785 22
4011 6 0
6767 6768 13
3596 3085 20
3504 2944 19
1123 69 0
3184 3118 20
9865 47 0
4743 4223 19
12576 11941 20
9131 8711 20
8890 68 0
11361 10805 19
11387 69 0
7671 7672 13
10059 9866 20
3740 42 0
16529 16366 20
11461 4816 14
4695 4388 20
9907 9825 20
12824 6 0
16563 16398 20
9483 9228 22
15669 15261 21
14652 14024 20
4849 4223 19
10132 9715 20
6848 6638 20
10978 10876 20
16805 16444 20
6023 5365 20
14880 14679 22
5811 5441 20
13285 13133 20
891 280 20
3504 2961 20
16437 7 0
9788 41 0
14597 13968 19
6997 68 0
3328 2973 20
9184 8749 20
15431 15245 20
3942 3719 22
16854 16478 20
9528 9197 22
1710 1715 15
12584 42 0
7797 7571 19
366 370 13
5509 24 0
14341 68 0
6314 6 0
3618 3074 20
12726 6 0
1523 6 0
10806 10805 17
5957 5521 20
11031 10909 20
15825 15300 20
5922 5370 20
2271 68 0
10591 6 0
10964 10933 20
397 68 0
4812 62 0
4345 1080 16
6937 6632 19
10704 6 0
13691 6 0
14690 14059 20
8218 7660 20
2746 1730 22
2765 6 0
2300 69 0
9471 6 0
8720 8721 13
14135 13968 19
2114 68 0
5016 4903 22
3280 3061 20
10163 9736 20
2184 1868 20
8860 8658 19
11606 11403 22
10127 9809 20
3550 3090 20
13552 13031 23
16896 42 0
15058 6 0
446 105 19
12097 68 0
1730 1733 13
9091 8681 20
6861 6667 20
16661 16339 19
15809 15199 21
4893 4223 19
6532 5460 22
8 3 0
5710 5446 20
415 149 20
13605 13538 22
4619 4274 20
10479 9735 22
5743 68 0
10174 9732 20
2118 1757 20
6799 6753 20
4510 4403 20
12455 12011 20
11135 10850 20
7717 7705 20
7200 54 0
5585 5513 21
14048 24 0
14184 13988 20
6056 5450 21
7094 51 0
924 69 0
15609 68 0
7759 7654 20
13737 13510 22
10382 9711 22
10343 9756 20
9068 8681 20
2648 1694 22
2169 1868 20
17005 6 0
4503 4303 20
14386 13968 19
4765 4223 19
12417 11877 19
11202 10924 20
776 179 20
1680 69 0
12175 11936 20
8660 24 0
4535 4223 19
13397 13054 20
4448 4368 20
2101 1660 19
2050 1739 20
9033 8741 20
3547 3163 20
7012 6632 19
13139 41 0
6066 5368 21
1423 1094 22
10714 9801 22
5947 5531 20
2029 1757 20
11254 10876 20
6719 6720 13
15694 68 0
10526 6 0
13243 13054 20
12286 11973 20
1842 41 0
5233 4922 22
14344 14083 20
8058 7604 20
14394 14102 20
7187 6739 21
8050 7571 19
1396 1042 22
11394 1028 14
3477 2944 19
13658 13030 22
15464 15171 21
1920 1817 20
10536 6 0
7781 7617 20
14658 13971 20
13701 13531 22
10551 10321 22
2758 2361 22
10941 10805 17
14213 68 0
4939 4940 14
8397 8143 22
10594 10303 22
12210 11879 20
4621 68 0
3464 68 0
15046 6 0
15766 15285 20
13247 68 0
11284 10915 20
2872 1803 22
4440 68 0
7993 7571 19
16963 16915 22
10214 9719 20
9427 6 0
7146 6766 20
11227 10820 20
1145 189 20
15607 15242 20
5059 6 0
4857 4233 14
14349 68 0
11556 10811 22
13419 68 0
10971 10876 20
2166 1787 20
9903 68 0
238 69 0
1840 267 15
11849 11400 22
572 367 20
10065 9870 20
7124 6697 20
16976 16347 22
6107 5362 19
10635 6 0
2860 6 0
6205 5492 20
2425 1864 20
7952 7571 19
4665 68 0
13297 13042 20
487 68 0
3054 3058 14
15206 24 0
9204 8658 19
2118 1768 20
12065 11877 19
6049 42 0
6727 4915 16
14537 68 0
8616 7671 22
15045 14051 22
2403 940 14
1587 292 22
3810 2954 22
11374 10805 19
645 114 20
5500 5503 13
7667 7 0
3580 1159 14
9941 9710 19
841 324 20
7181 7182 14
14482 13968 19
13076 13078 13
14640 14012 20
3275 68 0
11417 10833 20
2158 1683 20
2291 1829 20
16522 68 0
15857 15296 20
11815 6 0
15105 6 0
14195 14082 20
11347 10849 20
5470 69 0
4772 4387 20
10690 9796 22
9362 9210 22
15957 6 0
2067 1750 20
886 310 20
11929 11931 13
15991 15176 22
9495 9204 22
14992 6 0
7361 7124 22
15869 2433 14
10232 9796 21
17058 16370 22
4479 4292 20
977 373 20
5905 5542 20
10034 68 0
364 69 0
11440 10805 19
7667 7668 13
13086 13088 13
8356 7590 22
678 258 20
14816 6 0
5230 6 0
14315 68 0
15872 51 0
11976 11979 13
14506 68 0
2785 1748 22
7329 7133 22
3412 2944 19
7060 6674 20
12652 12482 22
12072 68 0
8906 8760 20
14343 13968 19
11825 11470 22
16812 12528 14
3563 69 0
3719 3049 20
14376 68 0
14563 68 0
15697 68 0
1413 1002 22
6059 62 0
6959 6632 19
12370 11982 20
16552 16380 20
3177 3024 20
7041 6781 20
16873 42 0
2031 1660 19
12308 11999 20
6085 1741 14
4860 51 0
9682 6 0
4591 4393 20
6053 5379 20
2016 1862 20
7703 1754 14
10823 3059 16
3302 2944 19
14153 14094 20
7022 6747 20
3001 3004 13
11209 10897 20
14637 42 0
4735 4387 20
16968 16343 22
10713 10288 22
15682 15156 19
12696 6 0
3181 2944 19
7155 6725 20
1158 51 0
14723 13968 12
14665 14066 23
12326 68 0
5120 4273 22
7864 7571 19
2189 1768 20
7853 7633 20
15441 15156 19
15442 15173 20
7607 328 14
402 105 19
7734 7614 20
4030 3744 22
1341 162 22
700 105 19
13348 13061 20
11327 10805 19
3195 2944 19
1559 6 0
13025 69 0
1120 105 19
7960 7591 20
12418 11890 20
14165 13983 20
5309 4950 22
9701 8779 22
16444 24 0
9507 8702 22
3102 24 0
12497 11878 21
16867 10858 14
7907 7571 19
13293 68 0
7632 940 14
6449 5431 22
15787 9818 14
4879 69 0
9868 9869 13
8455 6 0
7354 6 0
5708 5365 20
11357 68 0
15332 15156 19
1987 1816 20
7995 7595 20
5608 68 0
15373 15214 20
12418 11877 19
8577 6 0
9620 6 0
6918 6668 20
7028 68 0
1803 1806 14
4502 4347 20
1989 1701 20
8088 7699 20
6064 42 0
1234 1006 22
13615 13472 22
3332 2944 19
512 332 20
7969 68 0
16164 15221 22
4379 24 0
15504 15188 20
4459 4280 21
7621 7571 17
1700 1702 13
8324 8213 22
4249 24 0
16915 16482 20
14288 68 0
12330 11947 20
10069 9869 20
7782 7690 20
12062 11921 20
5939 5491 20
7452 6 0
9929 68 0
5870 5437 20
2264 68 0
11480 10815 21
4638 4308 20
3683 2944 19
14602 938 14
3732 51 0
1158 42 0
12379 11939 20
7833 68 0
6785 69 0
14426 14116 20
1958 1660 19
15237 15239 13
6567 6151 22
13398 13016 19
8148 7635 20
15237 15156 17
14556 14093 20
5856 5362 19
14157 14047 21
2794 2314 22
13822 13525 22
11609 10823 22
14447 14035 20
8382 8253 22
6145 5481 21
16574 16389 20
7285 6648 22
538 298 20
10030 68 0
10982 10805 19
587 170 20
8592 6 0
4700 4358 20
9380 6 0
12361 11990 20
11121 10855 20
9944 68 0
9173 8661 20
14722 13968 12
5823 5362 19
3454 3077 20
2162 1689 20
472 126 21
10246 9710 19
12767 6 0
1459 220 22
7179 6632 19
561 105 19
452 135 20
2722 2460 22
9185 8761 20
7088 69 0
5819 5491 20
8212 7679 21
13484 13075 20
126 131 14
13245 13073 20
4162 6 0
13076 13077 13
9127 8658 19
8856 8658 19
17219 16433 22
3531 2956 20
11422 42 0
10309 2486 14
4597 4363 20
6598 6 0
5469 41 0
3643 42 0
6524 6059 22
14225 68 0
15874 15256 20
2558 1668 22
12452 11940 20
8932 8767 20
2206 68 0
16716 68 0
2368 1660 19
16826 42 0
9282 2959 14
8276 6 0
9231 8707 14
12559 11985 20
7762 7700 20
14867 14001 22
16771 68 0
7079 6632 19
7008 6696 20
10097 9848 20
2018 1857 20
14396 14067 20
489 317 20
6706 6632 17
13234 13066 20
12852 6 0
15397 15156 19
5840 5491 20
3171 3148 20
7158 6632 19
12313 11987 20
4768 4240 20
933 105 19
6069 5522 20
10761 6 0
7549 7155 22
6776 6778 13
6950 6713 20
5083 6 0
14592 14077 21
3149 41 0
12074 11977 20
726 121 20
1694 262 15
11160 10902 20
4569 4399 20
16237 6 0
642 249 20
11025 10875 20
9115 68 0
12938 11962 22
5366 41 0
9140 8735 20
3630 3631 14
14489 14057 20
8693 8695 13
14935 6 0
14218 13993 20
7177 69 0
6290 6 0
7191 42 0
12322 68 0
15422 15156 19
6059 5508 21
2747 1730 22
1048 1049 14
7479 7176 22
8096 68 0
9155 68 0
10016 9776 20
12915 6 0
16028 6 0
4713 4363 20
9389 8672 22
7423 6695 22
13168 13158 20
15940 15857 22
6431 5419 22
7970 7571 19
9739 1802 15
7521 6727 22
8896 8658 19
10172 68 0
7936 7583 20
8350 7590 22
10250 42 0
3755 3032 20
7686 47 0
15450 15156 19
9771 3555 15
15893 15237 21
13318 13022 20
15772 15156 19
9662 8755 22
15093 14074 22
14924 6 0
7672 24 0
7650 7571 17
9043 68 0
580 258 20
5695 68 0
6069 5362 19
12307 11943 20
431 68 0
11389 10833 20
2743 6 0
8842 8752 20
3805 2949 22
10908 10911 13
2160 68 0
4555 4261 21
11908 970 16
3346 3158 20
4665 4262 20
12860 11942 22
66 24 8
7610 40 0
6270 6190 22
9669 8759 22
8956 8780 20
8245 8246 14
10014 9740 20
7751 7699 20
6363 5396 22
15860 42 0
11729 11408 22
741 68 0
16803 68 0
11046 10805 19
1931 1660 19
4459 4352 20
10250 9710 19
10966 10831 20
1220 113 22
8892 8658 19
12478 11884 21
6065 5368 21
3672 42 0
543 105 19
13791 6 0
16227 15785 22
13369 68 0
14645 9861 14
7270 6644 22
15676 15177 20
16965 6 0
4402 47 0
3401 68 0
4828 4232 20
1902 1660 19
6490 6 0
11816 11365 22
13498 13101 21
9123 8658 19
14633 14081 21
9492 8697 22
13528 42 0
16530 16345 20
3178 3130 21
5184 4302 22
14086 13968 17
7988 7571 19
2226 1774 20
13715 13047 22
12497 42 0
11190 68 0
14550 14040 20
7136 7137 14
13822 13081 22
14676 42 0
15706 15258 20
10298 9710 19
7425 6695 22
11778 11400 22
270 9 0
13511 13032 23
13461 13076 21
2765 1743 22
14457 13968 19
778 156 20
585 249 20
12228 11885 20
10742 10295 22
2080 1660 19
7046 6663 20
780 156 20
395 304 20
3018 3020 13
7152 6774 20
12567 11959 21
4605 4274 20
5878 68 0
5760 5362 19
11141 10854 20
8450 8247 22
16292 6 0
13132 110 14
2434 1700 21
6150 3667 14
5251 4327 22
2368 42 0
14591 14080 20
444 257 20
5896 68 0
3373 2944 19
11552 11460 22
14001 3652 14
2604 6 0
6010 5398 20
10992 10849 20
8217 7571 19
9944 9710 19
16958 16343 22
544 68 0
4556 68 0
5063 6 0
6113 3012 14
2994 2944 17
4069 3635 22
3494 68 0
12192 11955 21
15854 15301 20
7061 6723 21
16087 15199 22
16525 16366 20
5419 5421 13
3187 3153 20
11438 42 0
5641 5402 20
8949 68 0
16508 16390 20
3948 6 0
8842 8658 19
9192 8795 20
5735 5362 19
14020 14021 13
15950 6 0
5584 5397 20
9214 8658 19
9452 6 0
13567 51 0
17127 6 0
10388 10258 22
13874 13467 22
9871 41 0
6999 6756 20
7101 6762 20
6789 6741 20
2124 1660 19
10418 6 0
3364 68 0
16887 42 0
15898 15156 12
1084 69 0
7963 7604 20
10979 10805 19
15382 68 0
13511 6183 14
15660 15279 21
11021 68 0
11828 6 0
12126 11877 19
5633 5547 20
8175 7701 20
7188 6739 21
1520 1040 22
6957 6748 20
9904 9798 20
16328 15292 22
14159 14006 20
14936 14636 22
4856 4359 20
11989 6050 14
426 384 20
16690 68 0
12161 11968 20
15711 15156 19
2164 68 0
15326 68 0
12066 12002 20
10991 10903 20
8167 42 0
8702 8658 17
3632 3633 14
2290 1750 20
14741 14640 22
422 105 19
6076 69 0
3247 2984 21
2227 1862 20
876 68 0
16593 16367 20
9930 9744 20
9201 51 0
14595 14096 20
13499 9262 14
4761 4223 19
5604 5537 20
5968 5362 19
11165 10816 20
2183 1803 21
4752 4236 20
3366 68 0
15855 15782 14
3590 2980 23
3257 68 0
2680 6 0
13558 13017 21
8018 7571 19
13690 13040 22
7768 7653 21
11560 11386 22
1209 6 0
11784 10880 22
6605 5513 22
12324 11877 19
3686 3114 20
12941 12496 22
17198 16419 22
7995 7571 19
3419 2986 20
7393 7171 22
2442 1820 21
8049 7710 20
9578 6 0
11506 10842 20
10339 9718 21
7815 7571 19
2654 6 0
1417 1183 22
7887 7583 20
16264 6 0
12200 11931 20
2759 2334 22
4865 4866 14
12472 11903 20
8367 7594 22
783 105 19
3116 3119 13
10247 6661 14
8689 3093 15
3136 1111 16
14584 14072 20
4940 69 0
3754 2966 23
2214 1779 21
9031 8658 19
16715 16361 20
10108 9710 19
5484 41 0
13487 13016 19
3116 3122 15
93 73 0
13639 6 0
11126 10920 20
4683 4368 20
11019 10805 19
14192 14014 20
1433 1073 22
13929 13126 22
8771 8658 17
7502 7143 22
1164 260 20
7028 6768 20
16800 16426 20
8243 42 0
7475 7159 22
13157 3614 16
2980 24 0
9423 9279 22
15457 15259 20
7596 41 0
14381 68 0
8216 7571 19
7153 51 0
1435 6 0
5255 4327 22
930 105 19
10228 42 0
10062 9847 20
4952 4275 20
6512 5455 22
11587 11469 22
15568 15210 20
735 105 19
2069 1669 20
3771 54 0
1481 6 0
2797 6 0
877 105 19
2595 2397 22
13204 13032 20
4470 4318 20
8234 7597 20
12695 6 0
8777 41 0
16590 16460 20
13411 13074 20
14931 6 0
11084 10811 21
15460 15200 20
16329 15292 22
630 105 19
8668 3167 16
4811 42 0
2637 2434 22
11094 68 0
16945 16340 22
13320 13061 20
5135 4804 22
303 307 15
7430 6 0
8402 6 0
10092 9815 20
12177 11957 20
8431 8215 22
10055 9754 20
16634 16425 20
9416 9224 22
12081 11944 20
6185 2493 14
10920 24 0
1262 126 22
4962 54 0
13217 13016 19
9148 68 0
4086 6 0
5036 4247 22
13665 13541 22
4426 4262 20
2392 69 0
1306 148 22
10348 9710 19
14211 14027 20
16321 6 0
7875 7584 20
16568 16425 20
8237 42 0
7662 7 0
4111 3060 22
4254 4257 13
12458 11948 20
5588 5362 19
14594 1072 14
1772 1778 16
17287 6 0
4733 68 0
5254 4919 22
4010 3664 22
7298 6652 22
14488 13977 20
9306 62 0
4657 4223 19
11305 10903 20
10075 9805 20
16316 15279 22
13194 13086 21
16764 16469 20
13238 13016 19
483 68 0
13348 13158 20
9865 9866 13
11146 68 0
4880 42 0
9019 8673 20
11325 68 0
7873 7578 20
5858 5362 19
4188 6 0
9117 8658 19
4224 4228 15
16205 15232 22
15082 14070 22
13376 13044 21
2978 152 16
11120 10805 19
4555 4225 20
15618 15303 20
6433 5419 22
7087 6646 20
10770 10262 22
9961 68 0
10923 10805 17
13311 13016 19
3247 3024 20
1873 1875 13
9940 9710 19
16863 16360 21
14735 13968 12
6255 6 0
721 68 0
8044 7668 20
12116 11977 20
4169 6 0
10054 9820 20
2511 1710 21
11618 11421 22
7973 7571 19
5420 24 0
14922 14647 22
15777 4918 14
11507 10805 19
4022 3646 22
1821 24 0
10963 10817 20
12189 11902 20
1520 6 0
5161 6 0
5260 4834 22
16674 16339 19
4138 6 0
12071 11998 20
16994 16887 22
8306 6 0
353 359 16
13887 13567 22
4817 4237 20
6052 42 0
11336 68 0
1106 1107 14
10694 6 0
6882 6699 20
9565 8720 22
9613 6 0
10324 9739 21
11854 11386 22
9868 47 0
9922 9863 20
6448 5431 22
4091 3054 22
14222 68 0
3061 24 0
13221 13114 20
10874 10877 13
16274 15261 22
3940 3673 22
14070 7 0
13376 13118 20
2106 68 0
3204 2944 19
10666 6 0
9948 9870 20
10104 68 0
12675 12497 22
182 69 0
10815 10805 17
14782 13976 22
4291 932 16
14910 14665 22
10268 9829 21
2813 6 0
6629 6161 22
12003 24 0
13236 68 0
7308 6652 22
2255 1731 20
11504 10911 20
6015 5505 20
8222 7621 21
7617 24 0
4482 4296 20
14580 14061 20
7628 7571 17
4709 4347 20
8125 7590 21
15232 9 0
9819 7 0
10691 10354 22
448 384 20
5421 24 0
16698 68 0
10035 9719 20
3760 69 0
339 105 17
1373 169 22
6860 68 0
16080 6 0
7412 6690 22
10269 42 0
6956 68 0
9468 8693 22
620 105 19
1903 1862 20
11739 6 0
15162 40 0
14173 14082 20
1211 106 22
13627 13513 22
6294 6 0
12057 68 0
17114 16863 22
5776 5389 20
13243 13147 20
14750 13969 22
10127 9710 19
2637 1694 22
9950 9782 20
8136 7590 21
4602 4329 20
1428 201 22
448 128 20
7063 6632 19
8073 7641 20
3373 2985 20
15126 6 0
16839 16425 23
1587 6 0
3126 24 0
1931 68 0
2610 2476 22
5792 5412 20
8133 42 0
7563 6764 22
12096 68 0
16317 15847 22
6578 6 0
16558 16398 20
6073 6074 14
6572 6 0
554 68 0
7813 7571 19
5859 68 0
407 127 20
13441 13049 20
685 361 20
13490 2292 14
371 373 13
10691 10269 22
17248 6 0
2463 42 0
14039 13968 17
16912 16400 20
7735 7705 20
5030 4247 22
2642 6 0
16107 6 0
8138 8139 14
3264 3081 21
12115 68 0
5963 5462 20
11585 10819 22
6053 2317 14
14671 1131 14
2556 2299 22
16459 4835 14
8520 6 0
601 287 20
2277 1707 20
5296 4789 22
12292 12011 20
8223 69 0
8128 7640 21
6223 54 0
2032 1774 20
5942 5374 20
13401 13162 20
11132 10830 21
9801 1692 15
17278 6 0
11749 6 0
2978 2981 13
801 287 20
13416 13113 20
7923 68 0
6002 5487 20
1964 68 0
896 105 19
4908 4353 20
5887 5473 20
4837 4416 20
10538 6 0
16679 16379 21
10245 69 0
1838 69 0
9345 6 0
4100 3054 22
15844 15198 20
16506 68 0
3553 62 0
15965 6 0
9968 9710 19
4441 4241 20
13532 13068 20
7052 6737 20
4892 4309 20
15533 68 0
7190 6659 20
1092 42 0
12687 12586 22
6759 6760 13
7397 6 0
15912 54 0
10601 10296 22
7218 7154 22
4920 4921 14
9312 9313 14
16653 16465 20
14783 13976 22
15583 15156 19
14168 13998 20
11795 6 0
8251 7571 19
3339 68 0
11884 11877 17
9001 8679 21
12144 68 0
8652 8186 22
15120 14092 22
2937 2313 22
7821 7604 20
10901 3011 14
1539 6 0
12944 12499 22
6881 68 0
2290 68 0
14296 14065 21
12548 11877 19
16619 16485 20
4833 4332 21
10107 68 0
12138 11877 19
7036 6768 20
6844 6632 19
11458 42 0
667 105 19
4598 4249 20
16244 6 0
3453 68 0
7499 7111 22
16500 16380 20
11367 10805 19
15335 15266 20
4377 7 0
6861 68 0
5967 5401 21
16661 16420 20
14226 68 0
14208 14031 20
5922 5451 20
5586 5362 19
886 105 19
13918 6 0
4337 69 0
8444 7610 22
11285 10805 19
8158 7571 19
3951 2994 22
1532 6 0
15337 15177 20
4479 68 0
12191 11877 19
2835 6 0
13561 2420 14
14740 14605 22
7722 68 0
8724 8726 13
16777 16348 20
3345 2944 19
6936 6748 20
11810 11447 22
2195 68 0
5998 5389 20
4475 4240 20
1099 42 0
3151 69 0
2098 1863 20
9610 8728 22
13338 68 0
1572 1164 22
6707 24 0
15061 14056 22
16404 1848 16
16912 16339 19
11420 10805 19
16867 16474 20
9943 9853 20
9937 9710 19
10083 9870 20
2341 51 0
2281 68 0
15382 15200 20
9706 6 0
15232 15234 13
9915 9710 19
10102 68 0
14552 13968 19
12225 11894 20
17190 16416 22
16083 15199 22
8294 7577 22
13412 13032 20
15115 14092 22
8771 8774 16
15093 6 0
8075 7637 20
15534 15156 19
1907 1682 20
12121 12003 20
939 141 21
11616 6 0
3521 2944 19
14947 6 0
15127 14097 22
782 170 20
8765 8658 17
8096 7571 19
1132 42 0
14608 14118 20
8036 7618 20
11442 10805 19
7877 7571 19
3644 51 0
11418 10933 23
16899 8166 14
2174 1846 20
5147 6 0
10206 9710 19
15468 15156 19
12991 11992 22
12521 62 0
9829 9830 13
9482 6 0
3613 3081 21
11011 68 0
11748 10869 22
8448 7610 22
13413 13077 20
17190 6 0
12062 11955 21
16970 6 0
9346 9273 22
3711 3018 21
3191 2986 20
264 267 14
899 270 21
11094 10820 20
11330 10807 20
11724 6 0
1562 270 22
9329 8659 22
12529 11961 20
11490 10805 19
7908 7571 19
16406 41 0
7863 7704 20
11895 41 0
5932 5362 19
4884 4267 21
12506 42 0
9273 8706 20
11643 10830 22
1507 921 22
2482 69 0
15980 15895 22
5657 5362 19
8054 7573 20
2379 69 0
8965 8703 20
12380 11982 20
8168 4945 14
543 354 20
13199 13134 20
16714 16362 20
1959 1731 20
2804 1761 22
15187 24 0
5943 68 0
4120 3608 22
11082 10831 20
16252 15836 22
15681 68 0
8911 8790 20
7614 24 0
4751 4223 19
9946 68 0
672 265 20
8311 7582 22
10617 10242 22
684 368 20
914 105 19
8383 6 0
1278 978 22
3216 3047 20
624 293 20
5269 4332 22
14159 14121 20
15418 15258 20
14657 13973 21
1991 1660 19
12551 11945 20
14705 1125 14
8184 2354 14
13506 13106 23
1646 6 0
5504 5505 13
11794 10884 22
2022 1804 20
9985 9740 20
10028 9710 19
9077 8670 20
5876 68 0
11077 68 0
7927 7691 20
8533 7640 22
16237 15834 22
13016 18 0
2689 2432 22
5720 5468 20
11246 10875 20
5692 68 0
14541 14048 20
4390 41 0
4550 4373 20
15449 15226 20
15362 15277 20
11590 10819 22
1452 1098 22
8758 69 0
3511 3132 20
1571 1154 22
12000 41 0
14344 13968 19
13288 13151 20
12119 11877 19
8937 8776 20
720 105 19
8966 8687 20
7590 7593 13
15649 15156 19
4715 4286 21
2098 1874 20
7298 7072 22
6664 41 0
4750 4318 20
8239 7706 20
17124 16859 22
6072 42 0
1022 69 0
8951 68 0
804 135 20
7961 7571 19
13090 24 0
3543 2944 19
11853 10918 22
15132 6 0
3580 42 0
2903 6 0
9993 9710 19
6520 6 0
1940 1701 20
5638 5514 20
2084 1674 21
719 105 19
10918 7 0
6881 6751 21
3492 68 0
12599 54 0
2623 6 0
4756 68 0
576 340 20
11428 10889 20
8027 7611 20
8873 8802 20
16662 16390 20
12112 11877 19
2854 6 0
6973 6747 20
10685 9791 22
16699 16434 20
14391 14061 20
9431 6 0
10124 9815 20
529 68 0
13116 2424 15
3366 2944 19
15702 68 0
8236 42 0
1323 6 0
5999 5441 20
8546 8203 22
15684 15178 20
12657 6 0
11171 10934 20
16271 15261 22
13633 13026 22
8411 6 0
4327 9 0
3116 3121 14
13136 41 0
15195 15198 13
3404 68 0
4573 4223 19
15702 15293 20
11173 10807 20
730 68 0
13116 13016 17
14557 14061 20
10187 68 0
1255 946 22
12387 68 0
12412 11894 20
10176 9843 20
16994 16352 22
4522 4358 20
4383 1179 16
7059 6770 20
776 68 0
13451 13065 20
9204 8697 21
15668 68 0
8057 7587 20
6196 5362 19
8902 68 0
12067 11956 20
1926 1701 20
9517 6 0
2859 1792 22
9150 8781 20
9673 9230 22
14601 42 0
14124 13968 17
9073 8658 19
15176 40 0
14283 13968 19
9933 9710 19
9996 68 0
14897 6 0
925 264 21
9755 41 0
7162 6632 19
14596 14099 20
16587 68 0
10262 9766 20
4954 54 0
2669 6 0
3583 2997 20
15269 24 0
2933 6 0
15550 15156 19
16529 68 0
15642 15156 19
15591 15156 19
2920 6 0
1339 155 22
3404 2944 19
5261 6 0
1087 62 0
5711 5365 20
13309 13023 20
10530 6 0
3632 42 0
5697 5421 20
2864 6 0
1034 105 19
5554 5446 20
13052 40 0
8928 8704 20
10970 10892 21
13318 13123 20
4317 4319 13
16745 16473 20
8967 8658 19
8123 7571 19
451 332 20
740 127 20
4930 42 0
15356 68 0
14283 14120 20
844 68 0
3224 2944 19
9268 4803 14
3482 2955 20
10697 6 0
5575 5384 20
9735 6031 14
3256 3083 20
5931 5392 20
9279 8692 20
13424 13016 19
15186 9295 14
5575 5362 19
4829 4830 14
4917 4223 19
8145 7571 19
10007 9796 21
5529 5530 13
16635 16366 20
2410 1828 23
10082 9710 19
14601 13968 19
13940 13546 22
11742 10869 22
5089 6 0
10458 10232 22
1820 1821 13
5757 5362 19
12362 11917 20
9938 9710 19
12234 11926 20
11311 10854 20
10660 9785 22
11415 10926 20
11551 10811 22
3576 2949 21
13701 13044 22
3812 6 0
14662 13968 19
12474 11877 19
11050 10942 20
10709 10220 22
9266 8712 20
14684 42 0
5916 5362 19
6127 5418 20
6319 6205 22
12514 11946 21
16081 15826 22
15811 42 0
10237 9711 21
16981 6 0
17121 16824 22
16092 6 0
15667 15156 19
15749 15192 20
11000 10824 20
6105 4866 14
8092 7676 20
6174 42 0
16054 15191 22
17133 16828 22
8646 6 0
9999 9723 20
3700 2992 20
16804 16402 20
14160 14075 20
11906 41 0
6322 5387 22
8858 8661 20
12093 11877 19
12222 12012 20
12516 11877 19
9193 9194 14
10937 10940 13
3710 3071 21
7983 7571 19
4829 4223 19
16764 16443 20
4822 4823 14
15392 15200 20
528 340 20
9783 41 0
13463 13084 20
7131 6762 20
2796 1755 22
12167 11962 21
4433 4268 20
1507 241 22
12940 12585 22
14233 13968 19
2222 1660 19
912 243 20
6158 5440 21
14545 14036 20
14692 14105 20
6288 6205 22
4767 4414 20
6864 68 0
12445 11968 20
6712 6632 17
4821 936 14
889 68 0
14191 68 0
7450 6698 22
14391 14006 20
7263 7059 22
4498 4363 20
14026 6031 16
4723 68 0
1494 234 22
1011 42 0
4078 6 0
6519 5455 22
15892 15180 20
9837 9838 13
16709 68 0
7445 6 0
5925 5525 20
1185 42 0
3569 3149 20
8926 68 0
8818 8658 19
17209 16429 22
12554 11914 20
17154 16404 22
6841 6773 20
14097 4886 14
1910 1739 20
6846 6641 21
12526 4838 14
10072 9848 20
15848 15267 20
15155 1 0
634 354 20
7935 68 0
16958 16858 22
12747 11912 22
9432 8679 22
451 68 0
15922 15819 22
11904 11905 13
10288 42 0
12645 6 0
12470 11943 20
264 105 17
8890 8746 20
11019 10928 20
2479 51 0
5960 5478 20
16706 16468 20
11580 11467 22
13996 13968 17
15450 15280 20
3385 3019 20
8244 7597 20
8078 7571 19
15513 15187 20
7647 2518 16
8983 8752 20
11267 10805 19
7352 7131 22
3897 2978 22
808 243 20
6549 6064 22
15366 15200 20
10015 9777 20
7742 7659 20
2021 1660 19
6057 42 0
10109 9793 20
5101 6 0
1218 1166 22
12544 12545 14
9691 8771 22
3312 2944 19
7053 6650 20
5861 5468 20
16450 15291 14
14387 68 0
11454 42 0
16181 15870 22
14948 6 0
4929 42 0
7106 6639 20
15319 68 0
3343 68 0
10794 9856 22
3517 2961 20
1002 42 0
15420 15169 20
7320 6657 22
12025 41 0
1231 6 0
6799 6632 19
1469 6 0
6843 6772 20
12767 11916 22
15687 15223 20
15754 2952 14
14614 13968 19
6502 6152 22
15524 15156 19
14488 68 0
8775 8778 15
3987 6 0
3170 68 0
9546 8713 22
10740 10308 22
9442 8685 22
6405 5411 22
16558 16425 20
15279 15281 13
16676 68 0
4933 4404 20
7802 68 0
7865 7572 21
4706 4373 20
13519 13152 20
7532 6 0
3162 3166 13
4012 3023 22
177 182 14
2492 1660 19
12906 6 0
4347 24 0
6067 5468 23
8949 8658 19
13607 13021 22
5147 4880 22
12174 11877 19
14161 13993 20
4948 4256 20
8844 8669 20
13430 13109 21
16562 16339 19
6663 24 0
11144 10939 20
12546 62 0
9880 68 0
3348 3031 20
16447 24 0
4537 68 0
11942 9 0
9193 8744 21
6208 3747 14
13395 13142 20
11193 10897 20
15854 4382 14
12486 11975 20
7876 68 0
12148 68 0
16684 16405 20
2742 6 0
13332 68 0
11836 6 0
2139 68 0
9217 69 0
14424 13968 19
7936 7571 19
15576 15262 20
4840 4223 19
2879 2469 22
15306 3629 15
292 296 16
15882 62 0
5981 5472 20
1496 234 22
3943 6 0
6367 5401 22
12583 42 0
9163 8699 20
17008 6 0
402 250 20
3623 51 0
15492 68 0
12423 12006 20
5787 5362 19
16949 16818 22
14555 14027 20
3312 3073 20
15526 15156 19
3254 2944 19
5906 5521 20
3559 3071 21
12470 11953 20
4412 1807 16
5445 9 0
12422 12002 20
7868 7600 20
8103 7687 20
5644 5392 20
5668 68 0
5100 6 0
4780 68 0
5167 6 0
16750 16444 20
4032 3576 22
9432 9199 22
10746 10339 22
4420 24 0
7819 7705 20
14654 62 0
8168 7682 21
15117 14601 22
2002 1675 20
2026 1660 19
9269 8765 21
11093 10845 20
12677 6 0
12061 11999 20
807 150 20
1532 256 22
8190 7616 21
7773 7574 20
14621 14049 20
12069 68 0
16765 16460 20
1510 1169 22
2498 1694 21
4012 6 0
10073 9869 20
2393 1733 20
451 324 20
5722 5362 19
14683 1796 14
4367 4223 17
3804 2949 22
11609 6 0
6780 232 14
13929 13476 22
6257 5368 22
11168 68 0
9070 8658 19
6999 6632 19
17036 6 0
8551 6 0
13477 42 0
570 349 20
1917 1774 20
2039 68 0
4310 69 0
15146 6 0
664 142 20
17180 16411 22
8366 7594 22
16875 42 0
14796 13982 22
16650 16426 20
7951 7618 20
8091 7571 19
8020 7611 20
7951 68 0
15816 15190 20
7981 7699 20
11845 6 0
1204 6 0
10624 6 0
7983 68 0
13544 13124 20
11971 11975 13
6487 5440 22
15840 15260 20
6929 6748 20
15882 15257 21
5340 4386 22
16159 15766 22
397 105 19
12632 11884 22
11721 10860 22
16112 15209 22
4837 62 0
6036 6037 14
10600 10341 22
15067 6 0
15718 15159 20
12554 7626 14
1916 68 0
12100 11989 21
6964 6634 20
10959 10805 19
11322 10885 20
1951 1875 20
15538 15182 20
16484 16487 13
3492 3112 20
1183 105 19
6872 6632 19
16631 68 0
13645 13471 22
17108 16388 22
8029 7710 20
11189 10840 20
1882 1762 20
14474 68 0
15520 15280 20
14634 42 0
11514 10805 12
16819 42 0
15594 15274 20
10932 10805 17
8955 68 0
15857 6763 14
1124 62 0
14343 14120 20
8264 7571 12
12199 11885 20
5171 6 0
11358 10850 20
12991 12519 22
1990 1660 19
10180 9776 20
5552 5482 20
2126 1660 19
14690 14102 23
13373 13022 20
9724 24 0
14464 14035 20
2851 1786 22
12089 11947 20
2522 1795 20
8217 7619 20
1633 1054 22
9369 6 0
5733 5369 20
2295 1737 21
16456 41 0
7860 7648 20
12701 12485 22
16847 16363 20
2025 1874 20
7877 68 0
2506 1876 20
15216 15217 13
5486 2466 15
15621 15229 21
1130 250 23
13310 13016 19
12974 12533 22
2363 1812 20
13646 13030 22
8125 42 0
6627 6 0
5917 5362 19
3260 3125 20
15743 15201 20
5987 68 0
8296 6 0
14060 3642 15
1944 68 0
10635 9781 22
13979 41 0
6408 6194 22
9067 8674 20
14657 13968 19
14065 7 0
11192 10805 19
13435 13061 20
13164 68 0
15960 15875 22
4184 6 0
15590 15200 20
2320 1870 20
15325 15249 20
3299 68 0
15624 15258 20
2846 1786 22
6927 6704 20
9022 68 0
4312 262 15
8820 8772 20
690 68 0
5710 5441 20
10319 9710 19
15867 15184 20
13549 13016 19
16545 68 0
10711 6 0
16885 16386 20
16077 6 0
6377 6144 22
3385 2979 20
779 105 19
14518 13968 19
14564 68 0
4033 3029 22
1587 1006 22
15282 15283 13
14201 14082 20
7716 7710 20
14224 68 0
2937 1855 22
9268 42 0
2805 1761 22
13676 13544 22
5706 5362 19
10704 10258 22
15347 15270 20
5348 4947 22
7823 7571 19
1932 1856 20
2468 69 0
15738 15158 20
15297 15156 17
2113 68 0
6926 6632 19
1948 1660 19
357 69 0
9276 42 0
12546 11922 23
8974 8746 20
14682 14086 21
6909 6632 19
4428 4303 20
12427 68 0
1292 6 0
17149 6 0
2268 68 0
13515 13079 20
207 211 14
16129 6 0
13699 6 0
10093 9710 19
1058 51 0
15949 15162 22
9225 1778 14
16646 16362 20
15168 24 0
15749 15277 20
5729 5428 20
16252 6 0
16133 6 0
4442 4387 20
8244 42 0
2052 1710 21
3076 2944 17
14429 14031 20
885 68 0
3707 42 0
6102 6103 14
12133 11939 20
12677 12560 22
14923 6 0
5007 4235 22
9134 8658 19
13444 68 0
4824 42 0
8186 6195 14
3626 2944 19
773 179 20
8454 7613 22
10644 9781 22
11340 10805 19
9757 9760 13
4857 42 0
9781 1838 15
3620 2974 20
12586 12008 20
1945 1757 20
6026 5378 20
12462 11939 20
9388 9232 22
8157 7589 20
4584 68 0
5938 5370 20
17231 16437 22
11534 6 0
15882 15179 20
2079 1660 19
12046 11926 20
2941 6 0
7759 68 0
3897 6 0
10109 9710 19
8958 8658 19
9678 8765 22
3491 3147 20
7747 7691 20
6150 42 0
15948 6 0
10276 9766 20
5445 5362 17
10335 9821 20
9131 8658 19
5177 6 0
12022 12024 13
10248 9760 20
11322 68 0
14543 68 0
16555 16421 20
1837 69 0
8846 8669 20
16515 16385 20
15565 15273 20
5812 5505 20
12779 11920 22
12497 11877 19
10222 69 0
6475 6 0
14780 14663 22
11111 10850 20
1176 172 20
16416 1007 14
1639 331 22
13836 13089 22
12729 6 0
1193 105 12
8843 8785 20
13459 13045 20
10335 9800 20
13496 62 0
8679 3129 16
3809 6 0
4471 4339 20
8628 7679 22
4490 4347 20
9159 8674 20
3407 3163 20
14115 47 0
14288 14066 20
1081 201 21
10927 10805 17
7246 7124 22
10108 68 0
14855 6 0
16165 6 0
13552 13067 20
7959 7574 20
14488 13968 19
6690 6691 13
14589 14000 20
10892 10805 17
9520 8709 22
6114 5424 14
15822 15156 19
8979 8694 20
13271 13065 20
7051 6758 20
831 156 20
15895 15225 21
12454 11926 20
12245 11936 20
13326 13045 20
7984 68 0
7857 7583 20
10332 42 0
3516 2966 20
13295 13110 20
2112 1724 20
1616 1091 22
15665 15210 20
276 69 0
5304 4898 22
10076 68 0
13217 13082 20
9075 8761 20
4514 4223 19
5221 4317 22
7830 7684 20
3411 68 0
7004 68 0
12493 11976 21
9007 8735 20
595 278 21
3269 3048 20
5548 41 0
10332 9710 19
10571 10262 22
12334 11877 19
16282 6 0
4211 3560 22
2021 68 0
10344 9731 21
868 105 19
591 349 20
10908 10909 13
8297 6 0
4789 4335 20
4905 4275 20
10281 9714 21
2897 2373 22
12405 11877 19
13014 6 0
12251 11953 20
2906 1826 22
3735 3064 21
11951 11482 16
12429 12011 20
11529 11426 22
9718 9721 13
445 298 20
4155 3088 22
3208 3083 20
982 983 14
2525 1788 20
14705 51 0
11461 42 0
14235 13993 20
3486 2961 20
4554 4223 19
12260 11999 20
9 3 0
4061 3752 22
4387 24 0
14482 14117 20
481 128 20
8438 6 0
6552 5471 22
12425 68 0
1458 1124 22
689 179 20
4544 4274 20
6987 68 0
16770 68 0
9019 8679 21
7982 7584 20
6164 5494 21
7186 6714 23
13625 13026 22
9512 9300 22
7923 7617 20
16955 16845 22
2185 1817 20
10110 9732 20
4206 3130 22
5069 4261 22
12084 11935 20
8697 1005 16
13425 13060 20
7095 321 14
7341 6 0
12750 12499 22
2234 68 0
16751 16339 19
14632 3587 14
9348 8665 22
10778 6 0
11781 11473 22
12283 11935 20
3331 3164 20
2190 1787 20
8765 8767 13
12260 68 0
7155 6632 19
8277 7572 22
9164 8666 20
8975 8658 19
4772 4338 21
2693 1710 22
9143 8766 20
14165 13993 20
16659 16385 20
3445 3154 20
3079 69 0
677 105 19
8895 8658 19
488 68 0
3718 3107 21
7556 6 0
6676 6678 13
3461 2944 19
16567 16389 20
14499 14087 20
16939 16340 22
14629 14089 20
380 41 0
2066 1660 19
2458 51 0
13046 41 0
17082 16834 22
1145 42 0
6816 6632 19
409 68 0
15354 68 0
13536 13016 19
7631 69 0
12491 1080 14
863 271 20
14838 14668 22
8469 8203 22
684 271 20
828 340 20
6887 6632 19
6947 6781 20
17256 6 0
7827 7587 20
1295 141 22
7523 7192 22
10338 9710 19
14242 14062 20
492 68 0
771 333 20
9781 9783 13
14640 51 0
14106 14108 13
4439 4223 19
3635 3636 14
4872 4223 19
1899 1817 20
1058 342 20
10051 68 0
15432 15172 20
9505 6 0
10375 9711 22
13502 13111 20
12282 11877 19
10105 68 0
14865 6 0
10527 6 0
14353 14079 20
8291 7572 22
11661 6 0
8363 8141 22
553 186 20
9983 9806 20
16784 16451 20
11453 3000 14
6916 6713 20
9120 8767 20
6800 68 0
84 73 0
12294 11877 19
532 298 20
1367 169 22
16437 3575 14
994 42 0
6115 5369 23
10992 10805 19
4764 68 0
2291 2292 14
11433 10886 20
13016 104 12
4828 42 0
8113 68 0
5693 68 0
6048 5362 19
12441 11926 20
10387 6 0
9308 42 0
7736 7710 20
6852 6632 19
13569 13016 19
6144 51 0
6925 68 0
12368 11987 20
14006 24 0
13228 13159 20
13597 13017 22
8183 42 0
12909 12526 22
7819 68 0
12517 4321 14
16754 16372 20
6048 42 0
14859 6 0
241 246 15
8559 7647 22
6321 5387 22
1136 278 21
7634 41 0
14040 24 0
6039 5362 19
11039 10836 20
389 105 19
7848 7571 19
13634 13474 22
7262 6644 22
478 68 0
16075 15199 22
9980 9710 19
3520 3125 20
13759 6 0
3455 3147 20
10552 10299 22
802 68 0
10944 47 0
16589 68 0
6992 6654 20
2382 1761 21
12571 42 0
4745 4223 19
10306 10307 14
13194 13016 19
11087 10820 20
15315 68 0
13204 13123 20
13370 13133 20
7301 6 0
16707 16485 20
10060 9777 20
10567 9757 22
11652 6 0
1182 155 21
14236 14047 21
12553 42 0
15606 15299 20
3551 3088 21
6142 5481 21
2014 1663 20
15462 68 0
9238 42 0
576 293 20
16454 16456 13
14219 14098 20
7358 6 0
4332 9 0
14578 14083 20
14599 1789 14
5772 5412 20
3398 68 0
3369 3102 20
13461 68 0
6395 6 0
3381 3066 20
16027 15897 22
12452 11993 20
3802 6 0
1404 925 22
14606 2312 14
7304 7051 22
16949 16340 22
7113 6667 23
7794 7608 20
10144 9764 20
5401 5404 16
4876 4289 20
16737 16367 20
5207 6 0
4779 4328 20
14906 14640 22
1542 264 22
14933 6 0
6034 5481 21
13089 13091 13
607 349 20
11544 11505 22
8969 8781 20
15446 68 0
10123 9744 20
7153 1053 14
9780 69 0
11476 10805 19
14399 68 0
6159 5394 20
15150 14119 22
13980 69 0
7172 3045 14
2758 2448 22
6081 42 0
11576 11447 22
6181 997 14
9021 8766 20
3450 2980 20
1225 6 0
12887 12554 22
9236 8693 21
13332 13142 20
14495 14007 20
2839 2299 22
749 105 19
8187 7577 21
8596 8217 22
5209 6 0
3251 2946 20
3746 42 0
1082 69 0
17042 16365 22
6847 68 0
12036 11902 20
580 68 0
3406 2985 20
9035 8670 20
15344 15312 20
3975 3008 22
2309 42 0
16705 68 0
193 199 15
5313 4367 22
2117 1682 20
15972 15864 22
7183 6770 20
14221 14036 20
6230 6122 22
7913 7571 19
11137 10920 20
12488 11877 19
16960 6 0
3626 3027 20
15847 15224 20
8104 7600 20
4397 4399 13
9868 9710 17
679 304 20
15295 41 0
14655 13979 20
16355 41 0
8188 51 0
16695 68 0
7838 7571 19
5565 5362 19
14375 14052 20
8215 7621 21
7872 7648 20
3479 3042 20
6224 5363 22
13769 6 0
13370 13053 20
10366 54 0
2504 42 0
8025 68 0
3414 68 0
14669 14109 20
14532 13998 20
13285 13090 20
4860 4383 21
12567 11933 20
16748 68 0
5659 5420 20
13651 6 0
13096 1784 16
3413 2944 19
7212 7060 22
15830 15186 21
2590 6 0
7600 24 0
1165 69 0
13426 13074 20
2842 2492 22
1465 987 22
10141 9847 20
15469 15156 19
11572 6 0
12557 11892 21
7962 7592 20
12994 6 0
16773 16481 20
4563 4324 20
4922 4223 19
12281 11977 20
1984 1690 20
1603 303 22
12052 11987 20
394 170 20
11221 10832 20
15489 15156 19
8175 7571 19
7903 7676 20
10428 6 0
9585 6 0
13034 69 0
9066 8686 20
5267 6 0
10685 10290 22
5991 5494 21
15889 69 0
16569 16425 20
616 349 20
12549 11877 19
13259 68 0
9667 8755 22
14242 14045 20
15507 15307 20
9403 8676 22
13238 13158 20
15580 15233 20
12475 11967 21
3615 42 0
14363 14067 20
8885 8658 19
4948 4949 14
10279 10280 14
10229 9845 20
5513 5514 13
12747 6 0
4532 4240 20
5947 5427 20
16343 1838 14
12186 11999 20
2142 1851 20
649 208 20
13176 13022 20
4042 3035 22
15678 15214 20
15740 15156 19
11621 11366 22
10897 24 0
9176 8760 20
15894 15156 19
4793 4223 19
5155 6 0
7060 6697 20
2156 1763 20
12937 11962 22
11190 10805 19
6591 6187 22
4643 4313 20
7606 69 0
2752 2425 22
6872 6721 20
16200 6 0
15594 15156 19
13211 13016 19
9748 24 0
4710 4241 20
2823 2377 22
16915 16431 20
3744 3075 20
10287 9814 23
14198 68 0
7166 42 0
12068 68 0
3647 2965 21
2130 1690 20
5768 5487 20
12889 6 0
12001 3044 15
913 68 0
8828 8772 20
246 69 0
702 234 21
7935 7676 20
13790 13534 22
7132 6705 20
491 105 19
13401 13060 20
7010 68 0
100 8 7
13083 24 0
14609 42 0
2721 2406 22
14541 14129 20
2581 2397 22
6666 9 0
15265 267 14
4929 4298 20
4705 4347 20
1278 6 0
3903 6 0
14026 9861 14
12464 68 0
12350 11977 20
14901 14009 22
10827 10829 13
10353 42 0
12981 6 0
13461 13117 20
10978 10805 19
14341 14051 21
12247 12012 20
14306 13968 19
4297 24 0
10232 1814 14
15884 15273 23
1370 169 22
10553 10265 22
17276 16467 22
7247 6 0
4632 4223 19
6300 6 0
7135 6774 20
1156 241 21
2764 1743 22
14526 14082 20
14300 68 0
10125 9858 20
11209 10866 20
15527 15177 20
3601 3166 20
7086 6644 21
5908 68 0
14964 14030 22
15463 68 0
11480 10950 20
1008 105 19
16335 6 0
14013 14014 13
5701 5456 20
10039 9710 19
14119 167 14
9794 41 0
4789 4223 19
14948 14610 22
14384 14107 20
6099 5510 20
5115 4831 22
16771 16339 19
12298 11944 20
5667 5420 20
1476 226 22
4527 4384 20
141 144 13
2284 1737 21
11110 68 0
9835 41 0
14682 13968 19
5947 5362 19
6546 6 0
8189 7640 21
7025 6777 20
1890 68 0
12801 11924 22
10537 9747 22
13790 13064 22
13132 13133 13
5611 5374 20
5985 68 0
10105 9806 20
10662 6 0
13404 13054 20
7940 7571 19
12327 11999 20
4102 3060 22
6177 42 0
4723 4329 20
13182 68 0
6321 6 0
5990 5451 20
16909 62 0
5508 1722 14
2519 1660 19
4710 4307 21
13525 13081 21
2318 2319 14
9988 9710 19
11938 2486 14
5716 5374 20
9564 9239 22
16924 42 0
15088 14668 22
5935 5388 20
11062 68 0
14679 14000 20
7932 68 0
16293 15767 22
3448 3131 20
12035 12012 20
4903 4239 21
3081 3084 13
7186 1704 14
5682 5398 20
13864 13096 22
6144 5385 20
12089 11935 20
2207 1857 20
6035 5368 21
6210 3741 14
5854 5505 20
16627 16339 19
10268 42 0
80 13 7
7954 7651 20
581 68 0
10764 10322 22
3807 6 0
9690 8771 22
8995 8658 19
3924 2990 22
2110 1846 20
10050 68 0
2187 1669 20
965 966 14
5936 5374 20
1032 51 0
4485 4340 20
16832 3730 14
14652 10859 14
616 325 20
6480 6 0
6021 5391 21
14791 13976 22
723 105 19
824 228 20
9281 51 0
12510 42 0
10172 9809 20
4566 4346 20
11392 10868 20
16098 6 0
15712 68 0
10246 42 0
4221 3162 22
9974 9798 20
963 964 14
14741 6 0
10347 9710 19
14934 6 0
1248 939 22
6136 5363 21
15919 6 0
14691 14104 20
17150 16907 22
11438 10921 20
9106 8658 19
8999 8658 19
2213 1660 19
16838 16375 21
4214 3759 22
15558 15277 20
5845 5542 20
15286 15287 13
1396 185 22
4188 3111 22
12483 11929 21
6823 6686 20
8602 7662 22
8033 7571 19
1543 264 22
3788 6 0
658 324 20
15572 15156 19
6110 42 0
13282 13016 19
11915 41 0
7723 7676 20
10045 68 0
16195 6 0
11949 41 0
13192 68 0
640 105 19
10144 9776 20
2226 1821 20
9510 8702 22
10100 68 0
760 271 20
4925 42 0
2335 1820 21
4217 3152 22
4593 4223 19
277 69 0
16858 16418 20
1484 956 22
14934 14020 22
12748 6 0
14797 14707 22
3653 2944 19
14228 14036 20
8194 7649 20
12532 11926 23
5841 5502 20
193 194 13
1953 1810 20
7867 7710 20
5596 5374 20
3379 2944 19
10226 9712 23
17060 16370 22
6318 5387 22
6916 6632 19
12302 11877 19
8318 6 0
15623 15277 20
7766 7583 20
16251 15248 22
2766 1743 22
9763 9765 13
13157 13159 13
13264 13162 20
14447 14027 20
821 68 0
6083 5436 21
2782 6 0
8842 68 0
8161 8162 14
11924 11925 13
3357 2944 19
4281 24 0
6968 6632 19
549 105 19
8982 8681 20
1031 155 21
13359 13087 20
3518 68 0
6446 5431 22
7184 62 0
12328 11877 19
1652 353 22
13255 13016 19
13165 68 0
5711 5487 20
558 121 20
7769 7595 20
2316 42 0
1098 318 20
9866 24 0
11806 10892 22
16035 15186 22
6492 6 0
572 105 19
15543 15303 20
4649 4358 20
7489 7179 22
15794 1722 14
7508 6719 22
2711 6 0
5934 5388 20
5842 5365 20
3393 2956 20
783 215 20
6150 5475 20
10013 9710 19
8990 8740 20
12287 68 0
610 105 19
3529 3002 20
3470 2966 20
2517 1842 20
8849 68 0
17160 16404 22
16700 16376 20
10315 9778 20
5889 5531 20
11836 10914 22
9763 9764 13
3693 2944 19
3130 3135 15
3632 2944 19
14270 14032 20
104 69 0
7537 6739 22
5899 5362 19
12799 12584 22
14011 24 0
8823 8717 21
4028 6 0
6393 6036 22
3510 2944 19
8022 7595 20
8466 6 0
9365 6 0
7682 7571 17
6319 6 0
6786 6667 20
12730 6 0
17042 6 0
11161 68 0
1963 1660 19
14106 5470 14
11150 68 0
12586 12587 14
15556 15156 19
4770 4350 21
15429 15226 20
12097 11922 20
2655 2421 22
7952 68 0
6127 42 0
15982 6 0
16730 16460 20
141 145 14
12693 11901 22
2321 69 0
15519 15259 20
1103 259 20
11967 6750 16
9193 51 0
1815 1819 15
1898 1689 20
5973 5362 19
9284 51 0
2530 54 0
5334 4386 22
3390 3024 20
11809 11451 22
1991 1712 20
11409 10884 21
2526 69 0
3842 6 0
6056 5538 20
15355 68 0
8384 6 0
7972 7676 20
2828 6 0
9030 8658 19
7731 7595 20
733 221 20
7621 7624 13
14043 9 0
5140 6 0
5970 5364 20
11927 41 0
3746 2944 19
7192 6739 21
11053 68 0
9936 9719 20
16772 16376 20
141 105 17
11807 6 0
8576 8177 22
6975 68 0
14400 68 0
15579 15232 21
11720 10860 22
7365 7101 22
3578 42 0
9414 8676 22
16632 16339 19
17140 6 0
8878 8666 20
12700 6 0
13253 68 0
16134 15886 22
13610 13021 22
809 127 20
12236 11956 20
6228 6069 22
9852 5465 15
11202 10820 20
11082 10805 19
1861 1660 17
15909 54 0
2542 1660 12
6954 6692 20
6583 6196 22
2380 1864 20
11506 10905 21
4674 4223 19
377 381 14
3755 2978 21
3096 3098 13
13480 13064 21
2005 1857 20
7317 7075 22
8967 8753 20
6206 5387 21
16572 68 0
14142 14041 20
3233 2947 20
8896 8714 20
12129 11877 19
11226 10902 20
13800 6 0
1417 6 0
11341 10885 20
1335 6 0
14933 14020 22
11007 10805 19
6019 5416 21
16837 16466 20
7933 7691 20
13466 13035 21
744 250 20
1934 1756 20
9555 8717 22
15648 15259 20
13501 51 0
15489 15270 20
3806 3577 22
13814 13518 22
10125 68 0
4239 4246 16
15691 15257 21
13775 13064 22
6862 6735 20
9352 6 0
13349 13016 19
16553 16426 20
2063 1756 20
13265 13016 19
8141 7571 19
3206 3077 20
10238 9710 19
5814 5432 20
8216 42 0
4575 4223 19
5971 5374 20
4110 6 0
16950 16340 22
9747 9749 13
3495 68 0
9584 9197 22
13329 68 0
9521 8709 22
15746 15156 19
14713 14038 20
2954 2955 13
10317 9710 19
10717 10278 22
10977 10866 20
10130 9736 20
16349 41 0
14234 14060 21
9455 6 0
11434 10847 20
5931 5389 20
8405 6 0
2272 1851 20
17268 16459 22
9397 6 0
16302 15272 22
10408 6 0
1726 41 0
2862 1797 22
4619 4223 19
13644 13026 22
16038 15894 22
11369 10805 19
13272 13016 19
10860 10863 15
4559 4393 20
2433 69 0
12567 12013 20
13459 13083 20
16742 16405 20
1199 106 22
3324 3036 20
8626 8191 22
3045 69 0
4408 24 0
9731 9734 13
3479 3126 20
4634 4223 19
395 367 20
15801 15156 19
720 209 20
1128 266 20
10259 6074 14
16261 15252 22
2766 2296 22
14861 14597 22
2359 1765 20
1507 939 22
5754 5441 20
4267 4270 13
9649 6 0
2483 2484 14
6043 5398 23
12677 12549 22
3237 3164 20
16695 16481 20
17031 6 0
4578 4323 21
8835 8721 20
3309 3002 20
15532 15222 20
542 105 19
16862 16347 21
14566 13968 19
10060 9842 20
5915 5370 20
11315 10885 20
4506 4223 19
15322 15206 20
12022 11877 17
15284 24 0
7932 7654 20
13383 13134 20
6843 6741 20
43 16 0
5510 41 0
8815 8741 20
11440 42 0
13540 13016 19
5391 205 16
15831 15215 20
16261 6 0
5040 6 0
517 142 20
17234 16442 22
15629 15159 20
14470 13968 19
8945 8703 20
14903 14598 22
2000 1660 19
15250 41 0
12453 11957 20
14819 6 0
16146 15797 22
3613 2948 20
8579 7650 22
8263 54 0
1889 1660 19
7749 68 0
12638 6 0
1367 6 0
16815 16339 19
1659 1 0
944 243 23
14577 68 0
1737 1660 17
8490 7621 22
13362 13087 20
3342 68 0
11997 7 0
13189 13031 20
14303 14062 20
1295 6 0
5652 68 0
6628 6 0
5982 68 0
7460 6703 22
12293 11944 20
1682 24 0
2070 1763 20
2151 1834 20
16527 16362 20
14842 6 0
16801 16447 20
13379 13016 19
7166 1181 14
14806 13982 22
5563 68 0
16787 16339 19
11281 10805 19
9655 9234 22
13568 13162 23
11410 10925 20
6132 62 0
7169 7170 14
1245 1077 22
396 170 20
17082 6 0
14564 13987 21
11307 10808 20
6629 6135 22
13775 6 0
15704 15156 19
15601 15156 19
10221 9866 23
5837 5467 20
11775 10880 22
14051 14055 13
12115 11894 20
1555 264 22
3176 68 0
2304 1660 19
7835 7571 19
5238 4323 22
4504 4223 19
9906 9710 19
3737 3046 21
1225 987 22
8072 7571 19
9803 41 0
13059 6188 15
9979 9768 20
14293 13993 20
10830 10832 13
9026 8658 19
11822 6 0
2261 1851 20
1316 148 22
3375 3132 20
8425 7607 22
6122 5418 20
14031 24 0
4675 4255 20
1418 201 22
1025 293 23
3798 6 0
1695 24 0
13556 13059 21
4950 51 0
9801 2326 14
8076 7611 20
6657 6658 13
14725 54 0
8685 1806 15
16664 16366 20
1743 1744 13
6494 5445 22
16291 6 0
3596 3109 20
6021 5501 20
14632 13991 21
1895 1821 20
11962 11963 13
5723 68 0
13222 13042 20
9540 8713 22
15499 15206 20
10598 9767 22
7564 6764 22
7224 6 0
871 68 0
7393 6 0
1083 42 0
8836 8786 20
14603 14070 21
10267 9796 21
1150 105 19
673 235 20
15549 15214 20
12250 11931 20
9181 8681 20
2199 1750 20
14560 14098 20
11648 10830 22
7059 1129 14
13127 24 0
6545 6 0
14504 14120 20
3822 2954 22
6925 6728 20
429 105 19
3334 3072 20
14092 4945 14
4779 4339 20
710 142 20
16861 16356 21
1973 68 0
11088 68 0
2098 1690 20
5191 4857 22
15724 15196 20
9201 42 0
6889 6632 19
12708 6 0
4434 4230 20
7875 7571 19
3250 2944 19
5868 5362 19
3588 1789 14
3266 2944 19
8301 6 0
15779 15279 21
5980 68 0
4617 4223 19
2367 69 0
12222 68 0
2013 1845 20
1128 105 19
5494 5497 13
3954 3552 22
7142 6685 23
4050 3605 22
10188 68 0
8173 7658 21
10608 9771 22
6868 6632 19
7184 42 0
14290 13984 20
14628 51 0
6993 6713 20
3751 51 0
11359 10831 20
13401 13016 19
13404 68 0
4818 4289 20
2031 1749 20
12442 12006 20
3748 42 0
5431 5434 13
7104 6730 20
15213 15156 17
11382 42 0
3712 42 0
14751 6 0
7433 7146 22
16108 15857 22
11014 10806 21
10298 9774 20
7041 6685 20
3664 3124 21
37 16 0
9512 9256 22
15196 24 0
1558 270 22
6107 5363 21
16314 15826 22
6985 6632 19
4325 41 0
11794 6 0
1981 1763 20
11865 10927 22
5840 5398 20
14348 14066 20
4933 4879 14
14951 14026 22
14177 68 0
7787 7668 20
3285 3126 20
12440 11957 20
16915 42 0
10173 9710 19
3963 3759 22
3923 6 0
6621 6 0
8336 8206 22
5561 5441 20
11274 10870 20
16529 16430 20
8463 8192 22
15752 15156 19
15890 15289 20
9009 68 0
15679 68 0
6172 5396 21
16720 68 0
6637 6639 13
8821 8658 19
10231 9854 20
10838 41 0
547 68 0
11176 68 0
10024 68 0
6822 6714 20
5722 68 0
7815 7633 20
13096 13098 13
13520 4830 14
6865 6648 21
16104 15848 22
3446 2944 19
5827 5406 20
13695 13528 22
5891 5525 20
6241 5363 22
3581 51 0
10410 9718 22
2042 1661 21
11335 10811 21
13685 13040 22
6214 5362 12
5794 68 0
10111 9723 20
9021 8658 19
14443 13968 19
17140 16839 22
5779 5362 19
2943 0 11
6167 42 0
1945 1851 20
10079 9710 19
506 113 21
16861 992 14
13369 13036 20
12143 68 0
11435 10838 20
2479 2480 14
10676 6 0
12838 12588 22
6052 5474 20
1099 356 20
11877 104 12
6185 5362 19
830 258 20
6245 5368 22
10965 10805 19
649 187 20
7511 7158 22
14393 14032 20
17049 16365 22
15574 15227 20
508 105 19
7678 41 0
6424 6 0
14685 14004 20
1688 1693 16
16791 16476 20
12117 11877 19
5807 5525 20
11528 6 0
12297 11977 20
16529 16473 20
6060 5500 21
8102 7587 20
16694 16430 20
15668 15254 20
3195 68 0
14430 14048 20
3431 2944 19
2377 42 0
3956 6 0
2257 68 0
11182 10909 20
12322 11877 19
7629 24 0
4948 4330 20
8120 68 0
709 317 20
10143 9724 20
10327 42 0
11060 10821 20
12485 42 0
11530 6 0
3432 3088 21
1183 379 20
11212 10861 20
7845 7680 20
519 156 20
15613 15230 20
249 24 0
11286 68 0
845 105 19
8402 8140 22
6336 6 0
15521 15252 21
4978 4849 22
8112 7709 20
10373 9710 12
13424 13110 20
9296 8744 21
2621 1688 22
7723 7699 20
12816 6 0
12855 11942 22
1574 278 22
11253 10897 20
4455 68 0
15396 15158 20
11413 9779 14
10921 41 0
8968 68 0
12241 68 0
2393 2394 14
16413 24 0
16688 68 0
13172 13155 20
12176 11921 20
11158 10805 19
14221 13968 19
11431 10950 20
8410 6 0
11306 10854 20
755 243 20
14459 13968 19
1103 105 19
14632 14083 23
13423 13016 19
9504 8702 22
5693 5362 19
9305 8765 21
9422 8679 22
6854 6729 20
8709 8711 13
4585 4223 19
411 258 20
11371 10847 20
10805 104 12
7183 42 0
16621 16425 20
11879 24 0
12208 11877 19
1445 6 0
4625 68 0
1028 69 0
7531 6 0
7486 6712 22
4821 4348 20
10049 9710 19
7242 7147 22
16794 68 0
13167 13114 20
6607 5513 22
10325 9766 20
2313 1660 19
6436 6 0
3508 3118 20
1529 256 22
14909 14013 22
11321 68 0
12702 11901 22
1772 1774 13
13661 13534 22
4534 68 0
14766 6 0
7169 6632 19
741 310 20
1208 106 22
6576 5490 22
5678 5362 19
16259 6 0
4565 4373 20
15318 68 0
914 187 20
498 179 20
11213 68 0
954 264 21
11431 42 0
3853 6 0
12543 42 0
10724 9808 22
5608 5421 20
2494 1660 19
10063 68 0
5110 4273 22
2552 6 0
3220 68 0
1021 144 20
16235 15867 22
8930 8729 20
3835 6 0
15811 15255 20
9889 9786 20
5586 5502 20
14110 47 0
8262 54 0
13542 13085 20
12153 11877 19
2267 1817 20
16541 16370 21
15040 6 0
12559 296 14
4481 4357 20
7352 6672 22
13605 6 0
3008 3010 13
2671 1706 22
11861 10923 22
12348 11973 20
16354 41 0
3140 3141 13
9050 8710 20
3229 3147 20
5968 5370 20
16683 16438 20
6448 6083 22
11645 10830 22
13252 13110 20
6093 6094 14
1000 158 20
6950 68 0
14682 42 0
8957 8790 20
2154 1810 20
14790 13976 22
12945 12540 22
10296 9840 20
6361 6 0
12384 11938 21
3206 2986 20
13502 13116 21
12502 6718 14
12278 11877 19
8136 4848 14
792 127 20
566 303 21
15817 42 0
11686 10844 22
13231 13016 19
3638 3075 20
15338 15280 20
6890 68 0
17143 6 0
8839 8658 19
9652 6 0
11180 10888 20
14564 14053 20
594 105 19
13411 13078 20
3245 68 0
15685 68 0
9146 8677 20
3244 3118 20
12583 11919 20
17261 16454 22
12589 42 0
4793 4375 20
14140 14079 20
15029 6 0
3424 3097 20
4806 4223 19
4766 4308 20
17201 16858 22
5562 68 0
3196 3077 20
17035 16865 22
12208 11998 20
11200 10870 20
12075 11931 20
7808 7699 20
10394 10336 22
5419 3156 14
5294 4350 22
12166 11983 20
9000 68 0
2201 1694 21
7902 7571 19
2112 1725 20
16178 15225 22
4088 6 0
8053 7571 19
4778 68 0
2351 51 0
12074 11942 21
15706 15205 20
17142 16401 22
1441 984 22
9159 8760 20
15422 15252 21
14402 14066 20
7970 7644 20
7428 7091 22
7043 68 0
16647 68 0
469 171 20
11929 9 0
2774 1748 22
4622 68 0
5070 6 0
7830 7571 19
2286 1695 20
15752 51 0
13222 13162 20
15633 15156 19
9787 41 0
7727 7705 20
12935 6 0
3984 3013 22
1396 1183 22
14673 13968 19
9453 8689 22
8805 8808 14
707 280 20
13848 6 0
16251 15792 22
89 73 0
16340 16339 17
12434 11898 20
755 120 20
15923 15751 22
13982 13983 13
4550 4223 19
13540 8205 14
12277 11956 20
14561 14048 20
9224 8685 21
14089 41 0
7130 6633 21
15113 14086 22
4358 24 0
3608 2944 19
12439 11978 20
15407 15210 20
8908 8658 19
3720 3134 20
2200 1757 20
16286 6 0
11154 10849 20
5975 68 0
14499 68 0
3309 2944 19
85 73 0
7728 7595 20
13260 13065 20
7628 1153 15
4108 3676 22
5717 5392 20
11649 11457 22
4981 6 0
7721 7644 20
17230 16437 22
16233 15895 22
13126 13129 13
11380 11381 14
7643 7645 13
8156 7649 20
15729 15177 20
17087 16379 22
11358 10881 20
16965 16853 22
15413 15245 20
14363 68 0
759 127 20
10473 9731 22
6960 6728 20
8196 42 0
6079 5413 20
1554 6 0
11313 10832 20
2345 1827 23
13430 13128 20
15851 15156 19
16926 54 0
14956 14026 22
4504 4297 20
14433 14053 20
7722 7663 20
11428 968 14
8008 7696 20
12938 12476 22
11220 10945 20
6605 6164 22
9549 8717 22
2812 2463 22
2496 1660 19
6844 68 0
9478 8697 22
5719 5420 20
13821 13081 22
16784 68 0
3610 2949 21
10137 9792 20
8165 8166 14
770 113 21
12586 12000 20
1297 1077 22
10084 9838 20
921 922 14
16715 68 0
14483 68 0
430 193 21
15385 15187 20
14620 14099 20
3467 68 0
11250 10933 20
2001 68 0
16419 7 0
16222 6 0
9449 9245 22
11426 10856 20
657 105 19
11334 10870 20
10636 6 0
9560 8717 22
7526 6 0
10370 9710 12
7812 7699 20
9685 8765 22
3961 3001 22
8034 7571 19
10025 68 0
13245 13127 20
2502 1669 23
6153 5457 20
2773 1748 22
13492 13119 20
7805 7583 20
2120 1750 20
1303 6 0
16545 16339 19
12094 11939 20
11987 24 0
15090 14074 22
15331 15270 20
7770 7668 20
4018 3624 22
10112 68 0
7044 6668 20
4569 68 0
16506 16339 19
17184 6 0
3236 2961 20
13476 1878 14
9899 9798 20
6357 6 0
4932 69 0
6980 6720 20
7355 6 0
3686 3035 21
7864 7583 20
11378 10823 21
13562 13125 20
12362 11877 19
5015 4239 22
15476 15222 20
5816 5547 20
8079 7571 19
13785 6 0
7811 7710 20
15657 15156 19
8672 8675 13
11432 10819 21
16886 16418 20
14475 14052 20
12045 11917 20
1763 24 0
3731 2944 19
7502 7173 22
14794 14619 22
11286 10805 19
11001 10820 20
12555 11877 19
3942 6 0
570 68 0
845 361 20
7746 7573 20
11386 11387 14
6051 5458 20
11908 11911 13
9004 8776 20
6289 6 0
5923 68 0
3881 3748 22
15381 15227 20
8072 7641 20
11793 11395 22
10493 9735 22
14813 6 0
707 333 20
15778 15156 19
4685 4223 19
4596 68 0
17188 16856 22
4312 4314 13
15411 15233 20
8102 7583 20
2360 69 0
7969 7571 19
15364 15288 20
12815 6 0
6977 6632 19
6812 6632 19
1961 1811 20
610 243 20
13491 13121 21
1296 6 0
15783 42 0
1168 105 19
16026 15186 22
16493 16339 19
8792 8658 17
2373 42 0
6414 5416 22
3999 3018 22
14469 68 0
13558 13118 23
15863 1093 14
5159 4291 22
285 69 0
5995 5378 20
17270 16463 22
4827 4360 20
1180 292 21
5939 68 0
11287 10866 20
17062 16907 22
5981 5501 20
2707 6 0
69 3 0
2593 1674 22
10623 10341 22
15809 15271 20
16154 6 0
10505 10304 22
2314 42 0
570 105 19
13533 945 14
6420 5416 22
15719 15214 20
6839 68 0
12707 12557 22
3463 3082 20
15268 15269 13
8724 8725 13
15903 15156 12
6641 6642 13
4123 3064 22
5952 5502 20
16987 16347 22
5701 5362 19
4826 4223 19
16622 16339 19
12089 11939 20
8093 68 0
9654 9245 22
8704 24 0
8285 6 0
214 218 15
16117 15209 22
8098 7676 20
8236 7670 20
7223 6637 22
3552 3111 21
15522 68 0
16081 15199 22
8066 7629 20
16560 16421 20
2154 1725 20
12326 12002 20
11021 10821 20
12120 11905 20
13292 13123 20
10068 9736 20
14304 68 0
14150 13968 19
15408 15230 20
16750 68 0
10918 10922 13
15452 15156 19
11281 10919 20
821 187 20
9199 8658 19
14336 13976 21
8191 6183 14
2545 2414 22
3564 3565 14
10001 9857 20
11388 62 0
2316 1660 19
15827 6094 14
13260 13122 20
5341 6 0
6899 6632 19
3311 3089 20
15095 14074 22
12530 11971 21
15525 15214 20
1978 68 0
13102 24 0
11617 11415 22
12304 68 0
860 113 21
282 41 0
9155 8729 20
4699 4334 20
3752 3753 14
16988 16896 22
16630 16394 20
14801 14698 22
2325 2326 14
14490 13968 19
4740 68 0
12214 11943 20
5752 68 0
7511 6 0
8856 8661 20
10516 9743 22
12301 68 0
15654 15173 20
7900 7659 20
2391 42 0
3096 7 0
2713 6 0
6978 6632 19
499 157 20
5854 68 0
12521 11945 20
5057 4254 22
3831 2960 22
22 3 0
397 120 20
6244 6 0
12013 41 0
9908 9870 20
7154 42 0
15900 54 0
3637 42 0
14149 14052 20
7095 6709 20
4689 68 0
7091 6648 21
12146 11885 20
9193 8750 20
5551 5531 20
504 107 20
555 194 20
14486 14082 20
6704 24 0
10463 6 0
8724 8658 17
16702 16339 19
6185 51 0
9036 8658 19
13220 13016 19
1645 339 22
15445 15158 20
10913 69 0
345 69 0
11129 10805 19
2291 1852 20
4536 4403 20
1457 6 0
15592 68 0
6086 5362 19
2554 1661 22
14519 14072 20
8820 8660 20
9100 8781 20
12336 11922 20
11178 10909 20
11869 10941 22
13751 13492 22
6045 5362 19
11008 10824 20
13472 13064 21
14703 14058 20
13527 13125 20
13919 13121 22
15560 15156 19
3076 3079 15
8100 7571 19
10604 6 0
16498 16425 20
16420 24 0
15653 68 0
13473 13116 21
13627 13026 22
5949 68 0
16065 15195 22
14452 14007 20
6163 51 0
14608 14095 20
4685 68 0
2099 1660 19
4625 4324 20
13935 13126 22
13615 6 0
14631 10883 14
3242 3141 20
15257 1115 16
9971 9710 19
9527 8709 22
3515 2944 19
6140 5496 20
4494 4223 19
15872 15250 20
6105 5474 20
3572 2954 21
11158 10816 20
3977 3008 22
14273 14102 20
941 105 19
8488 7621 22
4836 4223 19
6954 6760 20
1981 68 0
6905 6654 20
10319 42 0
12063 12002 20
11837 6 0
6935 6777 20
14509 13970 20
16368 41 0
11056 68 0
12841 6 0
11181 10805 19
1067 256 21
14446 13968 19
15525 15172 20
9228 8658 19
14203 14072 20
3574 42 0
4853 69 0
16607 16425 20
10015 9866 20
2041 1683 20
6828 6685 20
3616 3008 21
12501 11980 20
6118 5362 19
453 156 20
16476 24 0
13560 13144 20
2984 2402 16
16571 16376 20
9982 9758 20
14463 14022 20
775 372 20
13797 13486 22
6942 6736 20
16586 16443 20
16694 16443 20
5677 5362 19
7708 7711 13
12402 68 0
5986 5495 20
13553 13116 21
13695 13040 22
13024 41 0
10253 9820 23
7053 6703 21
9003 8698 20
5445 275 15
15887 15281 20
772 105 19
16700 16370 21
8218 62 0
12566 1014 14
13239 13155 20
3184 2944 19
6758 41 0
15427 15284 20
10983 68 0
10653 6 0
16050 15825 22
13436 13142 20
3564 3015 20
272 24 0
3850 2965 22
15017 6 0
13439 68 0
13564 42 0
3696 2944 19
16567 68 0
10263 42 0
11904 11907 13
14060 14062 13
4652 4269 20
13628 6 0
3721 3722 14
7931 7696 20
8526 8161 22
16132 15213 22
4050 3035 22
16743 16409 20
15724 15288 20
14086 2354 15
9917 68 0
13270 13016 19
9530 8713 22
5760 5467 20
9332 6 0
2469 1805 20
6746 6747 13
5387 5390 13
16176 15866 22
3333 2991 20
6104 5479 20
14509 13998 20
2726 2419 22
7496 6712 22
14955 6 0
3878 6 0
9014 68 0
13338 13078 20
5683 68 0
5170 6 0
3466 3036 20
10325 62 0
9109 68 0
8903 68 0
10298 224 14
685 242 20
15766 15184 20
681 195 20
5758 68 0
8418 7607 22
2508 1660 19
895 114 20
16365 16366 13
16549 16443 20
6174 5362 19
3932 3610 22
7996 7591 20
10760 6 0
16803 16367 20
8304 7577 22
15340 15238 20
9196 8751 21
13252 13022 20
11672 11417 22
2117 1744 20
3446 2947 20
14992 14039 22
3413 3118 20
6277 6 0
14369 68 0
16101 15757 22
6013 68 0
12030 11880 20
5339 6 0
13334 13016 19
751 310 20
17120 16868 22
5719 5406 20
10719 9804 22
11399 7082 14
2569 1668 22
11448 69 0
13569 13111 20
7682 2324 15
2335 42 0
8089 7571 19
11402 10936 20
16023 6 0
11371 10805 19
6790 68 0
447 135 20
7679 7680 13
11560 6 0
4592 4296 20
4790 4223 19
3372 2944 19
2485 1660 19
5717 5515 20
668 114 20
1453 214 22
12198 68 0
9912 9732 20
3504 3001 21
12373 11889 20
5018 4929 22
1871 69 0
12096 11962 21
948 342 20
16710 16345 20
13509 13016 19
15425 15158 20
9872 69 0
3279 3112 20
815 105 19
14960 14619 22
10874 10875 13
2002 1660 19
15216 15156 17
11846 11390 22
2303 932 14
15675 15158 20
14362 13968 19
12915 11955 22
17196 6 0
5921 68 0
8732 69 0
4646 4303 20
10980 10824 20
4867 42 0
8300 7577 22
4574 4313 20
5812 5530 20
11820 10905 22
9811 41 0
16905 16423 20
16795 16465 20
6568 6 0
8169 42 0
16723 68 0
11555 11492 22
504 68 0
8702 8707 14
4332 4337 16
11247 10866 20
15933 15157 22
14210 14048 20
11222 68 0
16132 15818 22
14288 13968 19
11868 11450 22
10214 68 0
8953 8658 19
241 245 14
585 149 20
892 68 0
11216 10919 20
4537 4281 20
6767 6770 13
7402 6684 22
4621 4268 20
5953 68 0
8088 7571 19
13200 68 0
1918 1739 20
2895 6 0
12498 11877 19
7781 7595 20
6392 5405 22
5616 5478 20
10018 9842 20
6941 6652 21
15637 68 0
2515 2516 14
9449 6 0
8083 7641 20
2475 1727 20
4856 4223 19
8880 68 0
1939 1668 21
931 105 19
12048 11921 20
13209 13057 20
7250 7146 22
113 114 13
14449 68 0
1775 41 0
1983 1690 20
3869 3674 22
6983 6692 20
1388 177 22
3334 2944 19
6891 6736 20
8497 8140 22
13524 13040 21
9901 9712 20
4929 4330 20
2001 1856 20
4253 69 0
2101 1856 20
15131 6 0
11591 6 0
14259 14014 20
7449 7179 22
13786 13064 22
1468 1096 22
14303 14125 20
14389 13993 20
4513 68 0
1452 214 22
9954 9712 20
7522 7110 22
15173 24 0
5603 5407 20
9957 9710 19
8007 7571 19
16870 42 0
2887 1815 22
13197 13090 20
1952 68 0
13933 13126 22
9323 8658 12
17118 16833 22
10253 9710 19
10298 9821 20
7432 7162 22
6484 6153 22
16723 16476 20
14571 13998 20
3358 2950 20
13126 13131 14
8120 7676 20
9727 9710 17
3130 2402 16
6952 68 0
2416 1742 14
2105 1696 20
16757 16465 20
3404 3047 20
15832 15156 19
12452 11877 19
3490 3047 20
14855 14613 22
967 105 19
1015 105 19
15723 15196 20
807 105 19
6244 5368 22
14202 14066 20
7867 7604 20
5552 68 0
3747 69 0
12430 68 0
2579 1674 22
15730 15156 19
12036 68 0
16393 16396 13
2483 1769 20
8980 68 0
8149 8150 14
11193 10805 19
7509 6723 22
405 105 19
1536 256 22
15575 15274 20
13298 13083 20
4650 4248 20
6829 6777 20
6856 68 0
8891 8699 20
9747 9710 17
9192 8719 20
7977 7668 20
12776 12564 22
14150 14112 20
7072 6635 20
2103 1682 20
1002 222 20
15698 15156 19
13338 13162 20
13567 1016 14
5760 5428 20
11475 5476 14
11090 10920 20
10315 9727 21
8601 6 0
10316 9777 23
5185 6 0
12248 11957 20
2837 2497 22
4798 4375 20
11025 10832 20
7787 7648 20
7086 6632 19
17100 6 0
9062 8658 19
14501 14045 20
4516 4223 19
6347 6056 22
9252 8732 14
15420 15156 19
16517 16412 20
885 324 20
5796 68 0
15557 15188 20
4789 62 0
7256 6641 22
9635 9281 22
8260 54 0
2438 1660 19
423 384 20
15797 42 0
3474 2944 19
8014 7690 20
5021 4892 22
3765 51 0
5914 5412 20
7494 7097 22
6169 5362 19
2250 1660 19
10404 10290 22
12331 11944 20
10465 9731 22
6521 6055 22
5949 5362 19
5452 41 0
4748 4268 20
8423 6 0
1087 157 23
8090 7571 19
9041 8735 20
5615 5451 20
6559 6 0
6194 5407 23
14244 13968 19
3463 2944 19
12220 11973 20
12864 12484 22
3496 68 0
12540 11932 20
11508 54 0
13898 6 0
1826 1831 15
2275 1874 20
2712 6 0
16902 16397 21
1058 105 19
15133 14709 22
724 68 0
13281 13127 20
7925 68 0
11188 10938 20
16841 16339 19
15402 15156 19
6827 6721 20
9503 8702 22
9862 47 0
9053 8721 20
4748 4318 20
14851 6 0
13969 2422 14
11112 10807 20
7270 7154 22
11669 6 0
10682 6 0
10008 9866 20
6436 5426 22
8184 7571 19
4489 4281 20
5696 5384 20
185 192 16
8403 8202 22
785 114 20
6282 5377 22
4895 4305 20
526 187 20
3953 6 0
137 41 0
799 250 20
3717 1807 14
2945 2946 13
12284 11909 20
4900 4223 19
688 68 0
1083 1084 14
5961 68 0
15747 15192 20
9984 9793 20
11514 54 0
8868 68 0
12575 12014 20
6413 5416 22
16697 16480 20
836 194 20
9993 9825 20
6167 5464 20
15384 15249 20
2343 1660 19
3331 68 0
8362 7594 22
16817 3733 14
11601 11479 22
15416 15172 20
8132 62 0
6201 42 0
13720 6 0
4991 4229 22
13845 13471 22
16522 16339 19
10983 10939 20
10962 10949 20
16799 16344 20
13671 13035 22
12272 12006 20
14646 131 14
9952 9723 20
5352 6 0
736 298 20
8234 7642 20
15030 6 0
4445 4333 20
4082 6 0
6914 6663 20
8836 8658 19
16748 16443 20
1987 1874 20
5662 5362 19
14709 14101 21
11929 3007 15
13756 13568 22
7714 7571 19
10961 10906 20
6919 6741 20
4570 68 0
5275 6 0
10221 9710 19
3615 1172 14
4338 4342 13
16660 16390 20
14386 14014 20
12977 6 0
14338 68 0
14392 68 0
1826 1660 17
5623 5362 19
13293 13159 20
3000 69 0
11967 4799 15
12388 11890 20
16404 16405 13
673 105 19
15186 7581 15
13803 6 0
14163 14053 20
16172 15225 22
2954 2956 13
738 194 20
1108 350 20
8097 7637 20
1977 1710 21
4877 4389 20
5920 5412 20
787 349 20
15147 6 0
2238 1660 19
8857 8658 19
14024 41 0
4634 4248 20
5459 69 0
5766 68 0
15953 15167 22
5934 68 0
7965 7571 19
11474 10844 21
6594 6 0
13187 13016 19
7824 7683 20
12117 68 0
14731 13968 12
16813 42 0
9767 9768 13
14632 42 0
4646 4225 20
2296 118 14
8245 7671 21
10224 9710 19
66 73 0
11337 10876 20
9601 9212 22
3928 2990 22
9126 8699 20
8960 68 0
511 114 20
6485 5440 22
13529 13112 21
15554 15241 20
6973 68 0
16524 16425 20
11140 10835 21
11208 10934 20
6018 68 0
1101 105 19
4712 4248 20
4200 6 0
1365 169 22
7192 6655 20
7013 68 0
1286 1013 22
16006 6 0
16008 15181 22
12503 4835 14
10339 9784 20
5823 5514 20
694 105 19
16712 16367 20
13510 42 0
1464 1173 22
11082 68 0
7855 68 0
5797 5392 20
16792 16420 20
1207 1175 22
13093 13016 17
16462 41 0
7592 24 0
14953 6 0
11488 4260 14
10263 9846 21
17150 16899 22
15707 15269 20
5257 6 0
13349 68 0
8173 110 14
3742 2944 19
11355 68 0
14661 14000 20
5209 4312 22
12077 12016 20
10004 9710 19
2986 24 0
15224 41 0
4486 4351 20
12105 11877 19
7611 24 0
10345 9811 20
14700 14064 20
9139 8658 19
10389 6 0
16082 6 0
1724 24 0
12328 11940 20
4929 4242 20
9290 8668 21
6378 6189 22
487 114 20
11811 6 0
818 68 0
3437 68 0
5718 5521 20
16000 15176 22
15617 68 0
6432 6 0
9622 9245 22
3716 3092 20
10175 9863 20
4769 4223 19
540 134 21
6608 5513 22
1332 1021 22
7321 6 0
15503 15156 19
13293 13032 20
7347 6 0
7827 7571 19
16335 15763 22
9146 8661 20
1954 1827 20
4447 4296 20
3023 3027 13
9221 8719 20
531 163 20
10150 9710 19
2667 6 0
2921 1833 22
12320 11943 20
8250 7596 20
15427 68 0
15377 15283 20
14686 42 0
15595 15156 19
1977 1798 20
2280 1660 19
3404 2965 21
13091 24 0
10545 10220 22
3723 2944 19
12191 11952 20
1361 6 0
4665 4334 20
1164 51 0
10801 6 0
13620 13021 22
15710 15270 20
11642 10830 22
7796 7608 20
6038 5510 20
13491 13019 20
12022 12023 13
5592 68 0
11144 68 0
15087 14070 22
10067 68 0
965 105 19
12157 68 0
14350 14128 20
9595 9237 22
3271 2965 21
8155 42 0
3311 3042 20
1407 1015 22
3454 68 0
9594 8724 22
14574 13968 19
14680 42 0
14474 13968 19
2414 1836 20
2844 1786 22
15268 7 0
11281 10817 20
6914 6632 19
10200 68 0
9320 54 0
5897 5502 20
7847 7571 19
5616 68 0
12567 42 0
1634 6 0
11634 6 0
23 5 1
3742 3062 20
10335 3682 14
2597 6 0
14807 14589 22
4450 68 0
12564 11890 23
3457 3082 20
9385 6 0
14381 13968 19
5573 68 0
5373 2959 14
7906 68 0
11053 10820 20
11774 6 0
1039 69 0
12074 11902 20
6144 5362 19
9244 62 0
5116 4273 22
3670 3003 20
3452 2944 19
10830 10831 13
14251 14117 20
7737 7571 19
1040 151 20
2251 1660 19
8887 68 0
4384 24 0
16869 16349 20
2102 1660 19
10793 6 0
15260 41 0
2888 6 0
13593 6 0
16521 16344 20
5765 5514 20
8827 8797 20
36 19 3
8457 6 0
1976 1798 20
4265 69 0
545 105 19
7903 7691 20
11311 10933 20
8760 24 0
8571 6 0
15748 15230 20
8979 68 0
16601 16421 20
16591 16339 19
11119 10805 19
15631 68 0
414 349 20
14217 68 0
5252 4931 22
1946 1660 19
12139 68 0
8851 8674 20
11355 10850 20
7981 7571 19
3060 1003 14
12707 6 0
6682 24 0
9735 9737 13
14348 68 0
9011 8786 20
919 372 20
13291 13098 20
8106 68 0
7385 6680 22
8351 8170 22
14395 14002 20
1075 105 19
10339 3762 14
12377 11913 20
1407 6 0
12198 11877 19
9767 9710 17
12554 12007 23
12500 12025 20
7715 7623 20
1364 6 0
15366 15242 20
11959 11960 13
10007 9866 20
12450 11983 20
16320 6 0
657 128 20
11259 10835 21
16298 15850 22
4805 69 0
7093 42 0
296 69 0
4506 4384 20
9537 9220 22
13551 13019 20
13525 13051 20
17050 16365 22
8556 6 0
845 107 20
13324 13032 20
11741 10869 22
4574 4393 20
9910 9712 20
5 3 0
15726 15283 20
9073 8711 20
17166 16830 22
5828 5446 20
1290 141 22
5591 68 0
3768 2944 12
2265 68 0
2605 2476 22
6592 5500 22
12373 68 0
11516 10805 12
14513 14075 20
6838 6681 20
3269 2944 19
14227 13968 19
14248 14066 20
10826 41 0
9257 1167 14
11710 6 0
8287 7572 22
16839 16395 20
13637 13026 22
8097 7574 20
2329 1795 20
7148 6632 19
11204 68 0
7616 7618 13
5690 5451 20
8848 8670 20
383 47 0
11373 10805 19
10252 9792 23
13871 13101 22
5573 5495 20
2103 1694 21
492 105 19
9606 8728 22
12902 12485 22
7479 6706 22
5247 4788 22
4473 4340 20
5730 5547 20
15924 15157 22
11840 6 0
3724 2978 21
15367 68 0
14055 41 0
620 298 20
1159 69 0
11803 6 0
12085 11913 20
14576 68 0
10831 24 0
15536 68 0
11465 10917 20
12115 11931 20
15562 15293 20
5363 40 0
2694 6 0
78 73 0
1476 6 0
1881 1863 20
8093 7677 20
1594 6 0
9131 8673 20
12178 11877 19
10702 10244 22
13178 13147 20
1928 1662 20
6041 5416 21
16652 16447 20
3392 3126 20
12194 68 0
9314 62 0
16681 16362 20
7896 68 0
13403 13053 20
16519 16339 19
6270 5373 22
5323 4377 22
13468 13112 21
5841 5446 20
5922 68 0
6393 6201 22
10644 10322 22
7675 7678 13
4576 4263 20
15843 51 0
7352 6 0
14665 14033 20
12484 12000 20
15526 68 0
15895 9242 14
1013 62 0
5024 4239 22
13261 13061 20
17173 16408 22
3020 41 0
10803 10349 22
12559 42 0
10648 6 0
10025 9863 20
1900 68 0
3909 6 0
13666 13554 22
6146 5362 19
12441 11877 19
10281 9710 19
4429 4313 20
5578 5427 20
15119 14644 22
13116 13118 13
12462 11898 20
6553 6068 22
11086 10915 20
1925 68 0
14579 14018 20
15810 8205 14
12386 11977 20
11350 10924 20
9592 6 0
12452 11943 20
8901 68 0
6614 6080 22
1158 105 19
5689 5365 20
6138 42 0
8234 42 0
10320 42 0
654 68 0
4759 4333 20
12336 68 0
776 114 20
11971 11974 13
9852 9854 13
10738 6 0
1071 105 19
14930 14017 22
10736 6 0
2296 1660 19
15388 15156 19
12288 11880 20
15302 47 0
11025 68 0
11103 10871 20
16450 7 0
15538 15283 20
10998 10870 20
7667 3028 16
11746 6 0
4976 4224 22
2984 40 0
13515 13062 20
14320 13977 20
3019 24 0
16669 16339 19
6464 5436 22
7724 7571 19
4821 4223 19
7679 7129 16
6344 5391 22
15590 15156 19
4786 69 0
3552 1165 14
2213 68 0
1119 69 0
4976 4796 22
15628 15293 20
7437 7147 22
7871 7704 20
5486 5488 13
13478 13152 20
15541 15156 19
15065 14659 22
12298 11877 19
11303 10920 20
2487 2488 14
10814 69 0
11826 6 0
8966 8749 20
2177 1787 20
2133 1660 19
911 163 20
4295 4301 16
14368 14048 20
12324 11960 20
5419 5424 15
13176 13138 20
12081 11913 20
13166 13117 20
14696 13987 21
15140 14599 22
13259 13073 20
14110 2977 16
12589 11920 21
6308 6156 22
15570 68 0
12547 4366 14
4512 4223 19
15853 51 0
6938 68 0
7869 7574 20
9529 8713 22
5413 41 0
17172 16408 22
12148 12024 20
9934 68 0
16844 16342 20
6979 6682 20
8123 7595 20
15873 2294 14
6005 5446 20
3518 2979 20
3773 54 0
12384 68 0
6982 6642 20
13480 4799 14
9345 8659 22
11539 6 0
15828 15194 20
9261 8705 20
9181 8660 20
522 170 20
6617 6073 22
17195 6 0
7929 7571 19
14546 68 0
12127 11877 19
5909 68 0
17276 6 0
16855 16465 23
13815 13081 22
16645 16339 19
12979 6 0
1531 256 22
16814 13025 14
9285 8742 20
3480 3047 20
13306 13078 20
2603 2425 22
6712 6713 13
9978 9814 20
1426 201 22
125 69 0
17104 16388 22
9711 3145 16
12548 42 0
11179 68 0
7806 7633 20
16753 16398 20
14336 13974 20
3054 3057 13
11851 6 0
3939 2994 22
12315 11973 20
11268 10821 20
3296 3147 20
14803 13982 22
4785 4377 21
2353 1755 21
4732 4231 20
1046 105 19
13030 13016 17
4306 69 0
12330 11880 20
16651 16341 20
2796 6 0
582 304 20
11244 10861 20
16791 68 0
7436 7144 22
4461 68 0
9885 9724 20
3755 42 0
16705 16476 20
17002 16352 22
3073 24 0
4658 68 0
701 265 20
14806 14602 22
6249 6 0
4882 4251 20
11278 68 0
8093 7700 20
11345 10861 20
5703 5473 20
6845 6724 20
15721 15206 20
11329 68 0
10706 9801 22
450 68 0
2391 1660 19
6966 6632 19
8864 8686 20
14686 14076 20
16870 224 14
2172 1660 19
5308 4362 22
5593 5473 20
4070 3046 22
14675 5400 14
11328 10861 20
8948 8734 21
14047 7062 16
9123 8699 20
15873 42 0
13731 13052 22
11242 10945 20
6767 3575 16
3282 2991 20
14544 14129 20
1226 6 0
16504 16339 19
7437 6698 22
12919 11959 22
17022 6 0
3277 68 0
13464 13130 20
13607 13517 22
15841 8139 14
16756 16420 20
7279 7157 22
8062 68 0
11326 10945 20
15544 15227 20
11466 10951 20
12293 68 0
2954 40 0
14081 13981 15
11593 6 0
8377 8222 22
6271 5373 22
7008 68 0
868 228 20
14070 14072 13
8574 6 0
14195 13977 20
4057 6 0
744 68 0
15595 15173 20
957 958 14
3607 51 0
12107 68 0
11709 6 0
5657 68 0
9293 42 0
10965 68 0
11029 10920 20
6933 6746 21
10757 10284 22
349 24 0
8282 7572 22
5867 5501 20
3874 2972 22
4714 4313 20
15964 15167 22
603 202 20
15377 15193 20
4444 4223 19
9199 8696 20
4156 3088 22
11253 10849 20
12231 68 0
15495 15299 20
4781 4313 20
9139 8753 20
16149 6 0
9839 41 0
982 181 20
1232 963 22
9264 42 0
11368 69 0
11403 10892 21
4973 4224 22
6512 6 0
13245 13016 19
12427 11912 21
3381 2944 19
6132 5403 20
2577 2339 22
2736 1730 22
3452 3163 20
5680 5397 20
6903 68 0
14110 14112 13
1027 1028 14
709 68 0
5760 5521 20
453 105 19
16550 16411 21
2234 1755 21
10959 68 0
7211 6 0
13554 2472 14
15680 15270 20
5977 68 0
5785 5542 20
12323 11968 20
13458 13073 20
1023 105 19
14808 6 0
17031 16892 22
7412 6 0
11460 10940 20
2366 1782 20
220 225 16
1919 1798 20
129 41 0
13030 13032 13
8345 6 0
15793 42 0
4254 4256 13
3841 3719 22
14353 68 0
10026 68 0
789 271 20
3326 2950 20
3177 2944 19
13535 13132 21
9925 9858 20
5888 5515 20
14937 6 0
3689 69 0
13726 13047 22
910 220 21
11137 10805 19
11201 10876 20
14882 14614 22
14839 13991 22
3500 3090 20
12350 11935 20
17246 6 0
10964 10928 20
11128 10875 20
11215 10881 20
5985 5514 20
6813 6723 21
6023 5472 20
14448 14006 20
4484 4223 19
16632 16443 20
15032 14047 22
11141 10949 20
16826 16827 14
4655 68 0
16903 42 0
2879 1809 22
9067 8670 20
8947 68 0
12395 11952 20
14583 14066 20
14653 42 0
928 298 23
4116 6 0
12693 6 0
6908 68 0
134 137 13
13156 41 0
7072 6660 20
7488 6 0
12380 11947 20
1336 6 0
132 69 0
15633 68 0
12271 11877 19
15760 15761 14
7089 6719 21
13218 13110 20
16837 16471 20
3898 6 0
5335 6 0
8541 6 0
2834 6 0
6963 6713 20
5052 4254 22
15741 15201 20
3487 3164 20
10453 6 0
16424 4320 14
14182 14011 20
10447 10247 22
14665 14092 21
9981 9853 20
10411 6 0
2256 1669 20
16041 15819 22
10269 9871 20
9991 9853 20
10569 9757 22
12467 11999 20
16181 15229 22
797 105 19
15508 15201 20
16889 16388 21
3578 2981 20
6835 6761 20
6506 6127 22
1880 1762 20
1143 374 20
5977 5509 20
8028 7633 20
4872 4395 20
7329 6662 22
6239 6048 22
17094 16845 22
9133 8658 19
11410 3104 14
14370 14040 20
2031 68 0
14550 14014 20
6992 6685 20
7761 7571 19
14334 13982 21
4745 68 0
13793 13539 22
11881 41 0
7346 6666 22
13654 13030 22
16365 11996 15
8580 7650 22
2166 1707 20
6153 5492 20
5376 41 0
15332 15242 20
2233 1669 20
629 121 20
7667 1754 14
6943 6735 20
10064 68 0
17193 16864 22
6282 6 0
10751 9829 22
1214 6 0
8158 7579 20
8647 6 0
7039 6696 20
12138 11990 20
2828 2347 22
5223 4317 22
12776 11916 22
12259 11952 20
11320 68 0
9026 8740 20
9635 8744 22
9069 8658 19
4742 4297 20
2144 1857 20
9401 8676 22
5576 5495 20
9645 8748 22
13795 13072 22
6637 2484 14
14110 13968 17
16673 16362 20
15082 6 0
10347 330 14
12167 11921 20
4499 68 0
5626 5362 19
1863 24 0
2116 1793 20
4753 68 0
9301 8715 20
13458 13018 20
8249 7571 19
9865 9710 17
16600 16376 20
2710 6 0
6243 5368 22
9268 8683 20
3988 6 0
4907 4405 20
14600 192 14
1949 68 0
8495 6 0
12680 6 0
5569 5362 19
11228 10805 19
14371 14128 20
14224 14078 20
13122 24 0
9127 8672 21
14540 14061 20
14124 1078 16
11951 2449 15
2696 1710 22
14428 14102 20
8056 7578 20
9499 9306 22
6791 6747 20
4730 4231 20
6032 5362 19
972 69 0
15552 15206 20
10144 9723 20
2863 1797 22
4476 4223 19
11457 10918 21
11733 10865 22
3220 2944 19
10229 1831 14
13126 7 0
12195 68 0
10347 42 0
12909 12572 22
12851 6 0
888 340 20
32 19 3
6085 5507 20
14434 14107 20
10156 68 0
12240 68 0
10207 9843 20
543 348 20
5171 4919 22
13651 13030 22
9999 9710 19
5281 6 0
5703 5362 19
14672 14114 20
8816 8753 20
6986 6781 20
12150 11877 19
9552 8717 22
13201 68 0
700 68 0
4586 4223 19
11012 10805 19
10716 9804 22
4520 4223 19
10778 9841 22
9261 9262 14
12532 11895 20
13279 13016 19
12667 6 0
6726 69 0
15425 15156 19
7207 6633 22
13056 9291 16
538 242 20
8891 68 0
490 105 19
536 149 20
14486 13968 19
11092 10805 19
5768 5402 20
9109 8740 20
13511 13016 19
9125 8658 19
5242 4787 22
6077 6078 14
7123 6657 21
710 331 21
13832 13086 22
2689 1710 22
16093 15204 22
9162 68 0
7626 69 0
16731 16405 20
5304 4356 22
13761 13496 22
6285 5377 22
11333 10849 20
7114 6669 20
14524 68 0
16388 16392 16
3282 68 0
9973 68 0
13174 13065 20
1482 6 0
10343 9710 19
6404 6134 22
553 107 20
4377 4380 13
10277 9710 19
15888 62 0
3644 2944 19
16842 8129 14
8179 7571 19
14462 14022 20
819 280 20
7735 7675 21
17167 16408 22
11463 10837 20
300 69 0
10999 10805 19
16501 16345 20
6968 6772 20
810 249 20
2090 68 0
12911 6 0
11302 68 0
2873 6 0
10080 9710 19
2015 1774 20
9190 8720 21
16664 16468 20
15116 6 0
4028 3704 22
4582 4255 20
12529 42 0
6036 5489 20
9460 9238 22
4255 24 0
12495 254 14
5520 3738 16
6567 6 0
2303 1660 19
612 105 19
4680 4413 20
7911 68 0
9767 9769 13
14625 13968 19
12418 68 0
8034 7629 20
5599 5374 20
14532 13968 19
2555 6 0
6072 5492 20
9917 9737 20
7841 7622 20
8884 68 0
13185 13083 20
10566 6 0
15252 15256 13
4860 4223 19
11161 10934 20
11936 24 0
4762 4248 20
14324 13968 19
12063 11953 20
3390 2944 19
12180 68 0
14147 14057 20
4550 68 0
10601 10256 22
5941 68 0
1049 69 0
5288 4922 22
2461 1869 20
2854 2385 22
6108 5506 20
8846 8746 20
506 340 20
4118 6 0
12999 12578 22
5584 5466 21
201 205 15
8091 7704 20
3629 69 0
9170 8703 20
339 341 13
5210 4829 22
5682 5495 20
3218 3154 20
15806 15198 20
7933 7687 20
10283 51 0
12788 6 0
5807 5406 20
15201 24 0
5343 6 0
8251 7586 21
1769 41 0
11344 10805 19
5731 5525 20
1141 105 19
9123 8729 20
1782 41 0
15776 4848 14
3610 3133 20
3432 2979 20
7698 3602 16
6461 5436 22
6401 6 0
1055 69 0
11122 68 0
6442 6 0
10908 346 15
7233 6 0
14774 6 0
16578 16425 20
8031 7571 19
3203 2966 20
7586 7588 13
9369 8668 22
4822 4223 19
16983 16347 22
11703 6 0
12495 11953 23
9178 8658 19
10172 9710 19
17165 16404 22
6045 5419 21
15519 15156 19
14137 68 0
12388 68 0
7803 7636 21
16864 16339 19
12901 12485 22
10337 51 0
5436 5439 14
16966 6 0
10808 24 0
12812 12558 22
8604 8174 22
1543 998 22
987 42 0
13565 13058 20
11223 10876 20
16945 6 0
3711 2957 20
16280 15779 22
12186 68 0
769 287 20
12093 68 0
9164 8793 20
13385 13066 20
8614 8175 22
5673 5437 20
5887 5402 20
8093 7572 21
15242 24 0
5374 24 0
15710 15262 20
906 68 0
11200 68 0
3263 3065 20
14329 14093 20
2909 6 0
3252 3154 20
15199 15200 13
12091 11877 19
8713 8716 14
3279 3073 20
11065 10916 20
6351 6 0
17106 6 0
681 257 20
16059 15195 22
13422 13123 20
11471 42 0
13394 13018 20
15332 15293 20
7369 6 0
5061 6 0
5368 940 16
7970 7584 20
9438 9294 22
1779 1660 17
7047 6682 20
4302 4223 17
6945 68 0
12427 11877 19
3703 62 0
1946 1744 20
9905 9714 21
11269 68 0
2028 1750 20
14595 42 0
14363 14018 20
4037 3029 22
2082 1718 20
15428 15259 20
7038 6663 20
3997 6 0
15443 15156 19
6609 6 0
13396 13074 20
15032 6 0
4338 4344 15
16909 42 0
796 341 20
11718 10860 22
652 332 20
4539 68 0
3459 3153 20
1994 1660 19
6898 6729 20
7513 6 0
13830 6 0
8734 314 16
9988 9843 20
2175 1750 20
583 202 20
15310 15313 13
12610 6 0
4088 3054 22
1029 1030 14
4882 4422 20
2307 1660 19
7762 68 0
4350 4353 13
6612 6 0
11388 42 0
7590 40 0
14282 14010 20
4510 4223 19
5078 4877 22
3643 3078 20
3420 2956 20
9266 8701 20
9535 6 0
9753 9756 13
13414 68 0
9949 68 0
4478 4263 20
11997 11999 13
12220 68 0
10109 9718 21
9161 8704 20
5818 5362 19
4392 7 0
198 69 0
4911 2411 14
10091 9776 20
12522 11877 19
9190 8691 20
16925 54 0
13553 13111 20
8215 7664 20
7908 7623 20
2128 1696 20
16765 16370 21
11390 10844 21
4537 4223 19
780 113 21
15472 15258 20
15498 15156 19
8000 7571 19
10776 10259 22
5693 5473 20
12257 68 0
1849 69 0
10932 1736 16
12393 12011 20
16554 16339 19
2040 1701 20
4368 24 0
15895 15218 20
13323 13122 20
8668 8671 13
452 68 0
6544 5466 22
6111 5474 20
2515 42 0
607 105 19
15626 15254 20
7731 7696 20
16811 62 0
1632 1094 22
12780 11920 22
16909 16449 20
383 385 13
3498 3097 20
3218 2944 19
17286 6 0
16942 6 0
11084 10898 20
13552 13016 19
12739 11908 22
7384 6680 22
13587 6 0
10615 9771 22
14034 14038 13
13934 13463 22
15710 15156 19
15805 15272 21
10099 9732 20
2187 1845 20
672 349 20
3696 42 0
6734 7 0
11307 10805 19
9285 42 0
15361 15222 20
7764 7696 20
3170 2984 21
16832 16356 21
13348 13016 19
638 298 20
14560 13993 20
13997 24 0
12085 11939 20
14155 68 0
11663 6 0
652 105 19
9092 8739 21
1141 42 0
14530 13974 20
13392 13141 20
2473 42 0
12065 11931 20
6232 5363 22
6816 6685 20
15888 15238 23
14312 14103 20
12479 51 0
14990 14595 22
3818 6 0
16252 15248 22
4451 4223 19
2401 1660 19
6382 6 0
16956 16343 22
13499 13113 23
5567 5450 21
6269 5373 22
4834 4362 21
1019 334 20
9628 8739 22
14895 14009 22
5547 24 0
4736 68 0
7068 6632 19
7646 41 0
15831 42 0
7846 7588 20
5271 6 0
14949 14026 22
16897 16406 20
9359 9270 22
11191 10902 20
13823 6 0
8170 7638 20
8080 7691 20
7152 6632 19
16490 16339 19
9386 8672 22
15449 15187 20
9649 8748 22
11283 10816 20
15755 15156 19
15715 15274 20
1062 42 0
5627 68 0
714 105 19
15570 15253 20
799 105 19
16356 40 0
4699 4255 20
16429 16339 17
11145 10830 21
12482 12008 20
12120 11877 19
10281 9811 20
2454 62 0
2274 1660 19
12282 11989 21
3733 69 0
3672 1831 14
13390 13016 19
10810 69 0
994 385 20
15882 1754 14
15408 68 0
9422 6 0
13548 13076 21
11153 10832 20
10939 24 0
15404 15298 20
8997 8670 20
9959 9825 20
15336 68 0
4004 3018 22
11276 10885 20
4188 3644 22
14673 14013 21
2366 51 0
5519 69 0
7267 6 0
5391 5395 13
15554 68 0
5508 5512 15
621 105 19
1458 6 0
16684 16339 19
16854 16339 19
10853 10805 17
5330 6 0
15557 15164 20
7798 7644 20
1287 1032 22
12785 12504 22
13517 13019 20
16435 41 0
7928 7571 19
13779 13519 22
7653 7656 13
14508 68 0
4865 42 0
11929 11877 17
7885 7588 20
3918 6 0
12014 41 0
4766 68 0
11249 68 0
12564 11974 20
10131 68 0
4636 68 0
9946 9754 20
14716 14065 21
15176 15180 13
551 68 0
12697 11901 22
9246 8799 20
7674 69 0
8927 8802 20
14787 14623 22
11009 10840 20
7173 62 0
11122 10938 20
10228 6103 14
13472 13016 19
16655 16480 20
3714 3715 14
8410 8231 22
1394 185 22
5850 5362 19
5053 4254 22
14647 13968 19
7317 6657 22
8463 7613 22
9896 9858 20
9209 8692 20
16898 16339 19
12434 11877 19
286 289 14
2512 69 0
2719 2385 22
15481 15156 19
6122 5396 21
15663 15158 20
11754 6 0
2366 2367 14
5553 5542 20
2426 1660 19
11354 10831 20
16808 16485 20
13528 13064 21
4895 4338 21
10547 6 0
4857 4395 20
8445 8130 22
2616 2404 22
4550 4352 20
16100 6 0
9686 6 0
12136 11983 20
10973 10821 20
1040 42 0
3443 2944 19
7959 7648 20
13528 7602 14
13381 13032 20
8051 7571 19
4917 42 0
14218 13968 19
210 41 0
5857 5428 20
16831 16456 20
15176 15177 13
525 121 20
13374 13057 20
1591 292 22
15849 3105 14
9706 8792 22
6992 6663 20
10152 9710 19
9240 8726 20
6145 5422 20
6456 5431 22
17055 16370 22
4668 4308 20
14264 13968 19
3707 3142 20
2560 1668 22
9804 9710 17
6055 3039 14
2009 1702 20
5926 68 0
2729 1723 22
6971 6667 20
9775 9776 13
1360 6 0
15783 15305 20
10836 24 0
9775 9779 14
7140 6632 19
15590 68 0
3784 6 0
13371 68 0
12027 11877 19
9243 8683 20
5705 5521 20
4887 986 14
15473 68 0
8940 8658 19
1069 129 20
2244 1781 20
15341 15156 19
9224 42 0
4897 4416 20
12353 12024 20
2049 1660 19
13925 6 0
13500 13016 19
12781 6 0
13022 24 0
8200 7571 19
6850 6721 20
10413 6 0
4286 1082 14
6962 6691 20
275 69 0
14965 14590 22
4594 4230 20
14793 6 0
9237 42 0
3758 3103 20
3213 3147 20
14255 14061 20
16751 16398 20
15326 15156 19
11011 10805 19
7468 6703 22
6439 6 0
9892 9723 20
8724 8727 14
9572 9280 22
5989 5494 21
12584 11891 20
11967 11970 13
8833 8710 20
2845 1786 22
15816 51 0
12375 11877 19
15754 15195 21
14476 14117 20
16704 16452 20
3623 2944 19
16322 15282 22
15542 68 0
9091 8790 20
2044 1660 19
13103 41 0
2465 1660 19
7376 6680 22
3622 3049 20
10204 68 0
13411 68 0
11175 10850 20
15655 15283 20
16821 12590 14
1498 1015 22
12073 11987 20
8931 8699 20
10258 1005 14
11418 42 0
12652 6 0
9931 9754 20
12240 11926 20
16059 15754 22
6338 5391 22
6111 62 0
10130 9825 20
11343 10841 20
6210 5394 20
3265 3101 21
1245 119 22
16898 42 0
9917 9825 20
4604 4403 20
15685 15156 19
6615 6 0
15869 15167 21
15406 15158 20
4900 4374 23
1681 1660 17
13068 41 0
2337 1812 20
9816 41 0
6106 5492 20
12297 11877 19
11655 11418 22
7157 6698 21
14359 14007 20
9190 8658 19
4432 4263 20
977 947 14
9488 9246 22
11446 10822 20
10097 9710 19
1306 6 0
13955 6 0
11967 6183 14
8346 7590 22
4900 4309 20
3338 2944 19
9198 8679 21
645 178 20
12336 11880 20
16256 15757 22
3449 68 0
15315 15229 21
5576 68 0
12309 11917 20
7752 68 0
16446 16447 13
12620 11878 22
14335 68 0
4923 69 0
12541 11901 21
6996 6752 20
2186 1718 20
7841 7571 19
13401 13049 20
7103 6633 21
1156 42 0
7473 7084 22
10450 10266 22
16582 16339 19
15415 15156 19
14213 14052 20
2650 2364 22
8727 69 0
10069 9837 21
5653 68 0
801 68 0
13076 13016 17
6587 6 0
4566 68 0
15128 6 0
11899 41 0
6143 1146 14
12964 6 0
7097 6632 19
16911 16360 21
12221 12006 20
15669 15303 20
9170 8756 20
10119 9830 20
8153 976 14
14613 7602 14
15507 68 0
5932 5421 20
229 41 0
9976 9768 20
7284 6 0
9114 8790 20
7013 6645 20
7621 9 0
5434 41 0
8339 8236 22
804 105 19
10851 41 0
2769 6 0
2731 6 0
3947 3685 22
9837 9247 14
2579 2508 22
5879 5398 20
14747 14673 22
17136 16397 22
8135 7635 20
17279 16472 22
2440 1681 21
2042 1682 20
14139 13968 19
16920 42 0
16433 16436 13
13055 41 0
7107 6732 14
5513 4928 16
4807 69 0
4925 4335 20
5852 68 0
4066 3625 22
6554 6056 22
6734 6736 13
14945 14659 22
6353 6041 22
7179 42 0
1025 105 19
4289 41 0
11261 10805 19
16705 16389 20
3481 3002 20
10858 69 0
9531 9272 22
16251 6 0
9837 7 0
15973 6 0
8074 7614 20
7829 7644 20
14454 14128 20
4981 4229 22
3272 2979 20
7191 3110 14
2819 2489 22
201 202 13
6481 6 0
8895 8781 20
2124 1856 20
14587 13968 19
16321 15282 22
5823 5364 20
588 227 20
10024 9710 19
15600 15262 20
9968 9736 20
2687 6 0
3590 42 0
14110 14113 13
3159 41 0
6866 6714 20
6920 6677 20
8650 6 0
8859 8658 19
11671 6 0
8348 6 0
15846 15225 21
13072 13016 17
14254 68 0
5651 5536 20
3527 2966 20
5731 5486 21
9292 42 0
14826 13987 22
15466 15178 20
234 235 13
10036 68 0
12505 12004 20
2111 1660 19
1911 1811 20
9009 8694 20
7482 6 0
13594 13017 22
14323 14128 20
10329 9854 20
1950 1660 19
5104 4273 22
5838 5398 20
12304 11992 21
3216 2956 20
763 150 20
16879 42 0
13084 41 0
11268 10855 20
920 297 21
6780 6783 13
3147 24 0
11198 10805 19
13661 13569 22
15631 15156 19
3919 6 0
5173 4798 22
5540 5541 13
4437 4223 19
13954 13137 22
15328 15156 19
2663 6 0
3574 2957 20
9083 8746 20
5982 5369 20
5868 68 0
8901 8797 20
10051 9723 20
9673 8759 22
6790 6649 20
14284 13968 19
5344 4392 22
6185 42 0
8007 7577 21
7632 9 0
9480 9269 22
15859 15272 21
3647 42 0
15683 68 0
8613 7671 22
14344 68 0
15414 15284 20
15751 15247 20
16511 68 0
2056 1660 19
9841 4283 14
2658 2456 22
878 178 20
15863 15156 19
421 105 19
3708 3125 23
8267 54 0
11366 42 0
10372 9710 12
4733 4297 20
1344 1042 22
948 42 0
16707 16417 20
16484 16485 13
1006 362 20
16917 16341 23
448 249 20
9153 8740 20
11079 10910 20
10870 24 0
13791 13528 22
1988 1660 19
15599 15168 20
16526 16464 20
5751 5362 19
3053 69 0
15975 15773 22
15586 15173 20
15455 68 0
845 372 20
14822 13987 22
2709 2487 22
592 68 0
10714 6 0
3789 2945 22
15665 15156 19
15125 14097 22
9831 41 0
16116 15209 22
6580 6090 22
6317 6 0
13835 13089 22
3363 68 0
3784 2945 22
10789 9846 22
9067 68 0
4809 4353 20
4518 4303 20
8629 7679 22
14589 62 0
14496 68 0
1608 6 0
11169 68 0
4508 4223 19
3792 2945 22
4142 3566 22
16951 16340 22
5391 5362 17
10454 6 0
10189 9710 19
11237 10897 20
513 105 19
7490 7115 22
10067 9710 19
16740 16413 20
3353 2950 20
13465 13130 20
11174 10939 20
533 304 20
10677 6 0
892 105 19
14607 42 0
2382 1014 14
6452 5431 22
13299 13074 20
4859 4223 19
4679 4241 20
12536 11886 20
14873 6 0
8251 8252 14
15967 15784 22
1913 1862 20
11363 51 0
11404 42 0
4405 41 0
15727 15156 19
13923 13121 22
5552 5362 19
659 120 20
16985 16347 22
9890 9710 19
1385 177 22
13230 13123 20
14607 13968 19
1959 1660 19
8941 68 0
7778 68 0
9771 166 14
9164 8761 20
12284 11877 19
16851 5424 14
1124 1125 14
4203 6 0
9283 1086 14
13153 47 0
2739 2469 22
1772 1777 14
14692 13973 21
6032 5375 20
3876 6 0
14691 10810 14
8631 7679 22
16174 6 0
12373 11978 20
13232 13016 19
4735 4248 20
16459 16462 13
10230 9771 21
994 51 0
1066 69 0
6875 6632 19
5704 5389 20
4858 2437 14
16871 16478 20
7258 7121 22
11862 11422 22
5313 4876 22
1963 1799 20
6122 62 0
16721 16430 20
12425 12011 20
14772 6 0
11460 42 0
10995 10805 19
14070 14073 13
16705 16390 20
14619 9191 14
16746 16425 20
15745 15156 19
3889 3583 22
16427 41 0
5875 5364 20
10440 6 0
10507 10354 22
10349 42 0
8819 68 0
2470 69 0
6542 6 0
2752 6 0
11353 10903 20
3695 42 0
3692 2990 21
4267 938 16
15879 322 14
2993 69 0
5068 4800 22
14619 14034 21
11395 10912 20
16732 68 0
13284 13016 19
14056 14058 13
13541 13016 19
9206 8728 21
8033 7584 20
4472 68 0
8918 8661 20
8829 8785 20
239 69 0
8874 8725 20
14658 13968 19
16553 68 0
12275 11992 21
15634 68 0
9692 8771 22
12669 12567 22
15318 15187 20
17079 6 0
14222 13968 19
614 333 20
8468 8208 22
4482 4262 20
17267 6 0
7450 6 0
13206 13083 20
13852 6 0
5182 6 0
226 9 0
8160 42 0
16679 16473 20
9260 8696 20
2609 2391 22
7582 7585 13
9624 6 0
16262 15836 22
9269 42 0
13560 190 14
14864 14001 22
5582 5501 20
14591 14055 20
12419 12006 20
14808 13982 22
3451 2946 20
12171 68 0
5027 4239 22
10138 9863 20
14738 14659 22
58 59 3
1943 1750 20
15691 15159 20
4469 68 0
1556 939 22
270 105 17
9813 9815 13
11410 42 0
4607 4274 20
8536 6 0
11674 6 0
7953 7571 19
16887 16427 20
6113 5496 20
769 68 0
10065 9834 20
15216 9 0
14646 42 0
2353 1858 20
8001 7710 20
7422 7058 22
9392 8672 22
11164 10812 20
7885 68 0
12249 68 0
15828 974 14
11342 68 0
3379 2965 21
2216 1702 20
14119 13968 17
10716 6 0
17135 16831 22
13392 13053 20
7675 2394 16
6719 7 0
12636 6 0
9571 6 0
14263 13968 19
2399 1691 20
2267 1681 21
14096 41 0
16890 16339 19
10156 9814 20
15371 15173 20
6985 68 0
14545 68 0
8807 41 0
14537 13968 19
5906 5446 20
3023 2944 17
3551 2997 20
11070 68 0
7442 6 0
9899 9719 20
14241 13968 19
14757 13969 22
10727 9808 22
12382 11905 20
13227 13016 19
5368 5371 13
14437 68 0
3453 3071 21
699 280 20
9995 68 0
11405 10842 20
9674 6 0
16735 16413 20
7879 7644 20
8126 7711 20
10487 6 0
12443 11877 19
13231 13048 20
13965 6 0
2583 6 0
11872 6 0
16393 11368 14
13807 13076 22
2722 6 0
3504 3125 20
16678 16357 20
17122 6 0
15151 14642 22
11768 6 0
5922 5542 20
11182 10888 20
5747 68 0
12070 11987 20
8616 8171 22
17132 6 0
7729 7614 20
14234 14087 20
2417 2418 14
16541 16361 20
11265 10934 20
6442 6028 22
11034 10840 20
8799 41 0
8429 6 0
12088 11877 19
15021 6 0
7162 6654 23
12489 11969 20
16515 16481 20
11235 10840 20
11824 11464 22
2024 68 0
12903 6 0
470 202 20
11730 11406 22
14097 14098 13
14247 68 0
2706 2361 22
9841 9845 13
2822 6 0
6437 5426 22
12450 12024 20
1388 1052 22
8400 8238 22
5808 5362 19
8105 68 0
15996 15892 22
16289 15772 22
7750 7588 20
14173 68 0
8093 7571 19
4412 4417 14
6834 6781 20
4907 4385 20
16871 42 0
7802 7571 19
14478 13968 19
17068 6 0
14830 13991 22
6684 6688 13
2193 68 0
4903 4223 19
2841 1779 22
5892 5362 19
3348 2944 19
2149 68 0
9711 9713 13
11577 6 0
3795 6 0
3442 3048 20
3646 62 0
1635 1008 22
3613 2944 19
16315 15279 22
1261 6 0
17262 16903 22
14656 13968 19
10006 68 0
12715 6 0
9933 9737 20
15581 15266 20
9190 8799 20
1069 1070 14
16819 16410 20
15881 15243 20
16419 2998 15
15149 14119 22
7015 6696 20
12401 11894 20
558 340 20
8204 42 0
3707 3078 20
10600 9767 22
9514 6 0
214 215 13
10728 6 0
1218 113 22
8238 7658 21
820 68 0
11460 51 0
8000 7583 20
9228 42 0
14680 13968 19
3525 2967 20
813 105 19
2191 1856 20
4670 4414 20
2837 6 0
14307 68 0
12429 11877 19
4430 4398 20
9362 8665 22
14802 6 0
3712 3091 20
13642 6 0
16041 15191 22
14416 14036 20
14481 68 0
412 178 20
7339 6666 22
1069 42 0
3845 2960 22
4782 4297 20
11383 3565 14
6824 6645 20
15599 68 0
14598 14035 23
7949 7571 19
1901 1660 19
13840 13517 22
5342 4392 22
15528 15238 20
7421 7079 22
16547 16348 20
9213 8722 20
15310 15311 13
13196 13016 19
15899 54 0
6584 6208 22
10139 9720 20
11117 10805 19
3790 2945 22
12119 68 0
12339 11968 20
8817 8751 21
11167 10828 20
16068 15195 22
3185 3055 20
13372 68 0
16472 16473 13
7239 6 0
10290 9816 20
870 68 0
6168 42 0
3588 3075 20
10485 10302 22
16958 6 0
3505 2944 19
3668 3114 20
15249 24 0
14743 6 0
10830 40 0
11462 42 0
8768 41 0
1304 6 0
12843 12561 22
4442 4223 19
13166 13016 19
16797 68 0
10336 133 14
10211 68 0
5847 5432 20
14628 1796 14
12755 11912 22
3829 6 0
10316 9769 20
11793 11443 22
11426 10889 20
13435 13016 19
13769 13059 22
9968 9802 20
5755 5362 19
9326 8658 12
2571 6 0
3693 3081 21
14610 14128 23
4888 4889 14
13523 1026 14
15447 15156 19
7811 68 0
407 372 20
3464 3024 20
5772 5397 20
11315 10928 20
10860 9 0
3728 2944 19
13175 68 0
784 215 20
5800 5397 20
14267 68 0
16334 6 0
2209 1689 20
10490 6 0
5900 5521 20
12566 11924 21
2428 1864 20
7054 6758 20
15600 15183 20
2988 41 0
10732 10332 22
10410 6 0
14473 14093 20
15204 15207 13
16705 16339 19
6583 6 0
16768 16480 20
11418 10918 21
2195 1739 20
5125 6 0
3713 2978 21
13844 13539 22
14417 14013 21
848 187 20
11352 68 0
12515 11977 23
4137 3583 22
13261 68 0
16695 16434 20
6141 5466 21
16115 6 0
2110 1827 20
12230 11880 20
786 68 0
3293 2955 20
8213 7706 20
16864 42 0
6518 5455 22
2474 1700 21
15130 6 0
6723 6726 16
2235 1695 20
7002 6663 20
12103 11877 19
1706 1687 14
3014 24 0
12533 12013 20
16838 42 0
12226 11925 20
3346 3097 20
3544 3154 20
3201 2956 20
15789 42 0
12808 11929 22
1094 1095 14
5051 4795 22
2373 62 0
5870 68 0
10463 10353 22
11564 11471 22
3553 3026 20
2141 1660 19
14479 68 0
10977 68 0
5670 5364 20
7720 7571 19
12366 11877 19
6282 6201 22
5112 6 0
13514 13063 20
16242 15244 22
10385 6 0
1915 1669 20
4620 68 0
1949 1660 19
13126 13127 13
6968 68 0
14492 14097 21
660 127 20
12095 11877 19
16853 16448 20
13942 6 0
15153 14124 22
5788 68 0
8728 8733 15
11030 10815 21
11189 10805 19
2373 2374 14
11734 6 0
11172 10903 20
10322 9804 21
4239 4240 13
9560 6 0
16733 16339 19
7738 7618 20
2703 2517 22
8880 8767 20
16033 15778 22
1120 42 0
14470 14053 20
3621 3085 20
5948 5446 20
16599 16426 20
7729 68 0
11859 6 0
13612 6 0
13717 6 0
10002 68 0
14748 6 0
8194 7621 21
14658 14004 20
15496 68 0
8653 8230 22
11004 68 0
6937 6782 20
17261 6 0
7951 7571 19
4598 4240 20
615 250 20
2111 1773 20
11405 10829 20
16709 16362 20
8821 8698 20
11491 10819 21
13355 13133 20
609 349 20
7560 7150 22
12350 11939 20
14163 14092 21
7590 7571 17
14268 13982 21
2197 68 0
14833 6 0
185 186 13
8121 7663 20
14317 68 0
10216 9746 20
7211 6633 22
6513 6 0
14181 14067 20
5405 5362 17
16843 16446 21
14269 14035 20
4927 42 0
3154 24 0
11353 10849 20
10118 9710 19
630 272 20
5832 68 0
13796 6 0
8709 6074 15
8328 7586 22
1271 1046 22
13936 6 0
4604 4223 19
1903 1725 20
16573 16339 19
2485 51 0
15574 15156 19
16777 16397 21
2820 6 0
9846 9710 17
16533 68 0
3778 2944 12
3294 3065 20
12065 68 0
16576 16366 20
4766 4223 19
6159 5412 23
15204 15205 13
3127 41 0
1408 193 22
4107 6 0
8757 41 0
10494 6 0
10173 9759 20
4523 4225 20
10779 6 0
15373 15258 20
15648 15277 20
4631 4223 19
10312 42 0
9715 24 0
988 256 21
15352 68 0
563 105 19
3427 3112 20
890 368 20
8927 68 0
13316 13016 19
5860 5468 20
16301 6 0
9120 8714 20
13656 13552 22
14498 13968 19
12933 12492 22
5013 6 0
10019 9724 20
13173 13093 21
5282 4338 22
1649 967 22
8520 8214 22
12376 11877 19
4234 69 0
5669 5530 20
2883 6 0
4902 51 0
406 194 20
9749 24 0
9256 1070 14
11221 10817 20
2476 1794 20
16139 15893 22
5738 68 0
11470 10805 19
6744 69 0
14670 42 0
3259 3164 20
15052 14056 22
7981 7659 20
16130 15213 22
8029 7571 19
2373 1763 23
6861 6756 20
16804 16447 20
8608 7667 22
14092 7 0
16999 6 0
4481 4223 19
14260 68 0
3566 3567 14
11582 6 0
6814 6724 20
14768 13973 22
2327 2328 14
14203 13968 19
12039 12007 20
14097 7 0
11153 10805 19
14713 42 0
11667 6 0
10412 9718 22
14243 14066 20
8628 8200 22
7187 42 0
5894 5509 20
12390 68 0
5631 5531 20
12258 12019 20
17078 16882 22
3966 6 0
3835 3632 22
9577 8720 22
14860 14001 22
12609 11878 22
13470 13016 19
10803 9873 22
1654 988 22
16397 16400 13
16565 68 0
16767 16480 20
6829 6649 20
2428 1660 19
10732 6 0
2054 1660 19
3462 68 0
1189 105 12
15851 42 0
7176 6722 20
7676 24 0
11474 8774 14
11311 68 0
2331 284 14
4840 4841 14
6075 5362 19
156 24 0
10643 10352 22
3498 3009 20
16053 15763 22
507 187 20
3376 2944 19
9569 9253 22
2279 1695 20
1901 1816 20
15772 15230 23
11143 10825 20
16530 16481 20
11546 6 0
14623 42 0
3107 3108 13
3468 3164 20
14289 13968 19
5108 6 0
4903 4904 14
6662 6663 13
15207 41 0
15111 14086 22
15780 15165 20
10030 9720 20
8849 8735 20
1535 256 22
3594 3595 14
8132 1074 14
389 68 0
2331 1809 21
12716 11904 22
963 222 20
17151 6 0
4467 4223 19
10266 9710 19
15575 15163 20
9992 9710 19
7938 7571 19
736 68 0
810 227 20
4473 4226 20
4914 62 0
3994 3695 22
3525 68 0
8256 7571 12
6703 9 0
12861 6 0
6534 6128 22
1549 264 22
2175 1725 20
6086 5445 21
9193 42 0
4973 6 0
9130 8785 20
5988 68 0
4680 4357 20
9302 8658 19
8780 24 0
5445 5449 16
11832 10908 22
16163 6 0
15400 15156 19
4852 4327 21
6589 6 0
10095 9754 20
13602 13529 22
16497 68 0
5602 68 0
2990 2992 13
15317 15303 20
927 42 0
9171 8658 19
8849 8767 20
13772 6 0
3279 68 0
14622 51 0
10019 68 0
5905 5362 19
12264 68 0
3695 2960 21
8469 7616 22
16805 16367 20
10016 9798 20
7004 6714 20
15699 15156 19
16282 15824 22
9206 2387 14
11744 11401 22
5817 68 0
3081 964 16
8509 6 0
13245 13044 21
666 368 20
4262 24 0
5746 5530 20
5083 4261 22
7640 2435 16
7118 6769 20
16683 16480 20
6014 5362 19
11127 10870 20
10769 9837 22
2654 2501 22
5897 5362 19
5099 6 0
8174 7571 19
6950 6708 20
11265 10805 19
2279 1660 19
13241 13106 20
4053 3035 22
11945 41 0
17111 6 0
10104 9765 20
3379 2946 20
11234 10849 20
10164 68 0
10202 68 0
7031 6699 20
17073 16375 22
3266 3090 20
16798 16430 20
16597 16465 20
4773 4223 19
7044 6667 20
8836 8755 21
10149 9798 20
5893 5421 20
16537 68 0
4112 6 0
11205 10876 20
11043 10942 20
6077 5504 21
6187 42 0
7801 7629 20
2339 42 0
3554 2968 20
10687 10269 22
12402 11877 19
9745 41 0
5964 68 0
12358 11956 20
3347 3077 20
2019 1702 20
13302 13016 19
1721 69 0
11205 68 0
10056 68 0
1869 41 0
6970 6632 19
12005 47 0
11808 6 0
1524 6 0
14669 14056 21
3646 255 14
8058 7571 19
2207 68 0
16531 16476 20
16835 4940 14
12174 11957 20
16944 6 0
7744 7583 20
8007 68 0
8442 7610 22
2109 1756 20
11744 10869 22
15531 15156 19
6184 42 0
2297 42 0
12473 42 0
4859 62 0
4572 4373 20
1936 1816 20
8167 7572 21
10346 9711 21
14656 14073 20
864 105 19
14659 14017 21
9307 42 0
14149 13969 21
8495 8203 22
13459 13154 20
13008 12502 22
11329 10920 20
14138 14072 20
15645 15294 20
15615 15178 20
8513 7632 22
1163 69 0
9143 8658 19
11814 11462 22
15389 15169 20
15701 68 0
6275 6 0
15405 68 0
9222 62 0
9210 42 0
9148 8658 19
2782 2364 22
14013 3736 16
9473 6 0
508 348 20
8116 7571 19
12349 11963 20
12210 11925 20
2178 1702 20
11084 10910 20
13345 13132 21
6191 42 0
4844 4404 20
6100 42 0
4817 4307 21
10467 6 0
7072 6678 20
16751 16444 20
16514 16464 20
8739 8740 13
15770 15204 21
3608 2431 14
16554 68 0
3862 3729 22
965 51 0
1437 207 22
9764 24 0
856 235 20
8920 8776 20
12055 11885 20
14033 41 0
6035 42 0
1065 319 20
5962 68 0
13245 13134 20
14208 13968 19
6350 5396 22
6239 6099 22
15546 15173 20
11424 10853 21
2296 1688 21
9976 9710 19
12748 12577 22
3206 2947 20
14485 14102 20
5789 5502 20
16662 68 0
10147 9805 20
2370 42 0
1126 173 20
7835 7595 20
15393 15156 19
14676 14024 20
15931 15887 22
9865 8178 15
6997 6632 19
16969 6 0
991 188 20
14295 14036 20
753 293 20
9121 68 0
1062 196 20
17210 16429 22
16990 16347 22
15821 3575 14
10073 68 0
9261 8658 19
3492 3055 20
4774 4324 20
1451 1112 22
15027 14597 22
6524 5455 22
1730 9 0
13248 68 0
7121 6632 19
9484 8697 22
6105 5362 19
11196 68 0
10578 6 0
7949 7644 20
2318 42 0
14356 68 0
8917 8740 20
16843 42 0
14173 13968 19
9945 9764 20
11493 9860 14
5946 5388 20
13472 13024 20
8321 6 0
7458 6703 22
16636 16339 19
6789 68 0
7146 62 0
1968 1725 20
14982 14034 22
9208 365 14
5808 68 0
6776 2455 15
16206 15859 22
8267 7571 12
15822 15165 20
12505 11877 19
6232 6 0
13114 24 0
2817 1767 22
12583 12009 20
409 105 19
11386 10822 20
14527 14112 20
13192 13057 20
16173 15225 22
9126 8739 21
1400 193 22
12104 11877 19
2949 2944 18
13517 13038 20
2066 1804 20
15367 15249 20
860 287 20
6054 5533 20
1263 126 22
16047 15191 22
15419 15156 19
541 150 20
3496 2944 19
11622 6 0
1372 6 0
13035 6188 15
12145 11978 20
8216 1814 14
10238 9875 20
16027 15814 22
16156 15806 22
8854 8670 20
14236 14072 20
7230 7138 22
3653 2960 21
11493 10929 20
14768 14654 22
10259 9710 19
7983 7633 20
6755 2407 14
15573 68 0
6164 5362 19
8197 7701 20
6304 5382 22
16370 16373 13
8375 8197 22
1478 946 22
7994 7571 19
15718 68 0
14717 14105 20
15868 15156 19
5994 5362 19
867 105 19
12673 6 0
6958 6699 20
2332 1797 21
11172 10805 19
3192 3019 20
5933 5501 20
14925 14017 22
6438 5426 22
4763 4223 19
17080 16379 22
16924 16474 20
7145 6669 20
2031 1827 20
14463 14035 20
5466 5362 17
15325 68 0
644 195 20
15322 15156 19
4792 1059 14
8221 7669 20
920 51 0
4063 3041 22
4045 3035 22
14401 68 0
8005 68 0
13342 13016 19
12796 6 0
11893 24 0
4074 3046 22
9374 8668 22
9172 8753 20
11051 10824 20
2403 1660 19
13239 68 0
10018 68 0
11158 10845 20
15417 15238 20
7900 68 0
3988 3013 22
16446 7 0
17149 16891 22
14176 13968 19
16805 68 0
3190 68 0
3471 2944 19
9422 9274 22
13912 13472 22
11673 10839 22
462 186 20
1265 1112 22
437 157 20
5055 6 0
5649 68 0
8233 7571 19
14335 13984 20
3731 42 0
9823 9825 13
11897 24 0
16613 68 0
14355 68 0
14805 13982 22
1487 234 22
4151 6 0
2202 1660 19
10192 9723 20
15886 3167 14
1092 62 0
16300 15272 22
14119 14120 13
12154 11922 20
831 128 20
15803 42 0
12168 11877 19
2682 1706 22
16203 6 0
15870 15282 21
12934 6 0
14009 382 14
10574 9757 22
15663 15156 19
6052 5433 20
636 68 0
12657 12566 22
11793 10884 22
12367 11993 20
13388 13031 20
8603 7662 22
6122 5362 19
155 40 0
3050 41 0
6805 6761 20
14629 14033 20
3521 2966 20
9016 8669 20
4097 6 0
6007 5432 20
12573 4810 14
13876 6 0
12984 12574 22
9991 9715 20
7385 6 0
15753 15231 20
6051 5362 19
8157 7571 19
14691 13994 20
11296 68 0
15347 15156 19
13213 13097 20
10273 9735 21
2006 1874 20
16841 16373 20
3655 2981 20
32 33 2
8983 68 0
2471 1870 20
13310 13146 20
8232 69 0
5440 1685 16
752 126 21
12841 11938 22
14971 14030 22
1823 41 0
15099 6 0
10256 9757 21
2270 68 0
11483 42 0
16723 16345 20
12398 68 0
9609 6 0
3212 3014 20
13560 13075 20
6060 5362 19
3441 2944 19
3673 3163 23
10285 5449 14
16525 16455 20
8934 8710 20
6047 5371 20
8476 7616 22
11164 10805 19
16660 68 0
3527 2944 19
739 325 20
1694 1696 13
14319 68 0
14329 14112 20
3431 3077 20
11411 42 0
4648 4413 20
10900 41 0
12737 11908 22
3526 2944 19
16897 16427 20
9487 8697 22
7253 7155 22
9996 9858 20
14306 14018 20
13631 13489 22
4603 4223 19
9668 8759 22
12049 11877 19
5019 4239 22
7984 7655 20
8936 8689 21
16896 16393 21
12116 11877 19
1151 69 0
16803 16352 21
16596 16339 19
2843 1779 22
13179 13023 20
9593 8724 22
14753 14663 22
15006 6 0
5063 4254 22
6432 5419 22
6261 5373 22
8648 7703 22
7792 7588 20
5777 5362 19
7966 7573 20
13494 13109 21
11888 9795 15
4890 4891 14
16722 68 0
7662 7666 14
3340 2985 20
7819 7571 19
12416 11894 20
15585 15156 19
624 105 19
11878 11877 17
9929 9764 20
9304 2964 14
14537 14048 20
8748 5534 16
9391 8672 22
882 170 20
7030 6696 20
8104 68 0
12751 12560 22
5059 4254 22
16754 16434 20
3761 3032 20
14906 6 0
16192 15229 22
12510 11882 20
15864 15156 19
15969 15881 22
11292 10910 20
4183 3111 22
5605 5402 20
15248 3106 14
3729 51 0
11126 10888 20
3175 3137 20
2060 68 0
11282 10805 19
6778 41 0
9165 8761 20
8387 6 0
15103 14077 22
14693 42 0
14649 13997 23
17194 16419 22
16464 24 0
12495 11906 20
3352 2961 20
7219 6 0
9089 8658 19
4726 68 0
1908 68 0
6045 42 0
480 105 19
8172 7571 19
7820 7641 20
15244 15245 13
6793 68 0
333 24 0
10486 6 0
1814 69 0
7803 68 0
11254 10942 20
13600 13525 22
756 221 20
3538 2944 19
16161 6 0
13636 13026 22
10021 68 0
8336 6 0
12476 283 14
8897 8749 20
9887 68 0
1512 1171 22
4458 4223 19
12381 11990 20
4701 4223 19
16860 2455 14
8163 7571 19
6887 6699 20
12355 11889 20
12184 11877 19
2914 6 0
5219 6 0
13164 13048 20
11503 10805 19
93 54 7
5453 69 0
14263 14098 20
693 368 20
16671 16339 19
4703 4351 20
753 304 20
4698 68 0
2124 68 0
10972 10805 19
12184 11913 20
13326 13109 21
13172 68 0
4491 4340 20
6165 5469 20
6812 6668 20
8515 7632 22
10278 9871 20
13976 7062 14
7647 7648 13
3380 3002 20
643 105 19
15728 15183 20
10297 9836 20
5675 5482 20
7432 7172 22
3166 41 0
9246 8658 19
11156 10825 20
10086 68 0
6862 68 0
9232 42 0
15790 15156 19
14738 14699 22
7996 68 0
849 310 20
16906 16393 21
11252 10805 19
2208 1748 21
10027 9810 20
14544 68 0
7689 7571 17
5245 4818 22
15225 15227 13
14671 13968 19
15473 15266 20
6990 6686 20
7014 6658 20
10281 10282 14
5893 5487 20
7749 7573 20
16666 16409 20
9974 9710 19
16113 15209 22
1063 356 20
14975 6 0
14938 6 0
12051 11877 19
9147 8666 20
3200 3031 20
14754 13969 22
7126 6703 21
11346 10805 19
15796 15218 20
14782 6 0
10402 6 0
3543 3154 20
12309 68 0
843 202 20
15740 15270 20
2386 1660 19
9930 9748 20
14677 14043 21
8883 8741 20
14468 68 0
7806 68 0
7956 68 0
9929 9853 20
3114 41 0
10770 9837 22
10775 9841 22
5011 6 0
288 41 0
10527 10321 22
891 135 20
12315 68 0
414 187 20
14148 14082 20
14853 13996 22
5353 6 0
560 105 19
12601 11877 12
3908 6 0
8689 1679 16
12029 11952 20
11649 6 0
7924 7592 20
557 68 0
4870 4223 19
3035 3037 13
16895 16377 20
12263 11930 20
1444 956 22
7007 6632 19
7073 6688 20
12267 11957 20
7794 7680 20
740 221 20
2575 6 0
7529 7051 22
16793 16430 20
11974 41 0
14274 13968 19
9402 6 0
4731 4351 20
12529 1115 14
5850 5478 20
10138 68 0
963 42 0
5841 5530 20
1985 1660 19
12230 11948 20
266 41 0
5109 6 0
9383 8672 22
13021 13023 13
12389 11944 20
1094 62 0
16999 16916 22
11282 10866 20
6471 6066 22
5912 68 0
13682 6 0
5763 5472 20
7235 7087 22
10053 9809 20
864 279 20
3186 2954 21
15637 15226 20
5066 4261 22
16898 16455 23
10572 9757 22
9992 9786 20
7111 6650 20
16235 6 0
8242 7684 23
12424 12020 20
753 340 20
10148 68 0
5217 4317 22
1137 311 20
14420 14057 20
7788 7637 20
16905 2462 14
8215 42 0
8009 7571 19
10611 6 0
14785 14700 22
2461 1876 20
13781 6 0
7054 6632 19
14632 62 0
6226 6 0
2335 2336 14
895 215 20
8813 8704 20
16479 47 0
656 68 0
13056 13016 17
10268 9867 20
1668 1673 16
8996 8793 20
5931 5473 20
16946 6 0
9717 41 0
16777 16371 20
11133 68 0
12356 11877 19
7563 6 0
9796 9 0
13244 13016 19
1521 1124 22
13905 6 0
9011 68 0
3638 3071 21
8967 8802 20
9673 6 0
3531 3018 21
9165 8658 19
16788 16398 20
3202 68 0
7194 54 0
11019 10909 20
9183 8658 19
4583 4281 20
7866 7695 20
16796 68 0
16678 16390 20
9419 8679 22
11833 10908 22
9298 8658 19
13430 13016 19
4699 68 0
16755 16339 19
15343 15294 20
8127 7603 21
11710 10853 22
10017 9814 20
5561 5362 19
900 68 0
13052 12590 15
4577 4226 20
9220 3579 14
12450 68 0
17275 16467 22
7512 6723 22
8218 8219 14
10786 6 0
3863 6 0
4050 6 0
613 187 20
1442 1183 22
7079 7080 14
17212 16429 22
16853 62 0
1233 928 22
6926 6667 20
8967 68 0
6131 1720 14
9214 1095 14
1904 68 0
3957 3001 22
11767 6 0
4058 6 0
7147 6716 20
11813 11396 22
11059 10875 20
9984 9802 20
10103 68 0
641 107 20
15210 24 0
9065 8658 19
8070 7680 20
2695 1710 22
2309 2310 14
13178 13045 20
10827 3115 16
4523 68 0
479 105 19
15640 15227 20
10989 10871 20
3796 2949 22
13510 13143 20
2230 1701 20
5546 5549 13
15905 54 0
472 258 20
7053 42 0
11184 10805 19
3724 3150 20
10242 42 0
4345 7 0
309 314 15
15929 15157 22
11501 10865 21
13552 3602 14
552 249 20
13380 68 0
5984 68 0
11258 10805 19
14365 13996 21
11115 10892 21
15807 15282 21
3513 3083 20
14344 13970 20
11632 6 0
8052 68 0
6406 6084 22
16646 16375 21
4229 4233 15
9119 8704 20
10379 6 0
2505 1706 21
1029 42 0
8196 7571 19
11277 10919 20
4933 42 0
3892 2978 22
2836 2467 22
16513 16485 20
9990 9810 20
1347 6 0
8554 6 0
1457 220 22
5081 4261 22
14185 68 0
11353 10919 20
16765 68 0
3910 6 0
2159 1660 19
4828 4375 20
3679 42 0
11119 10828 20
16059 6 0
9590 9220 22
16496 68 0
13372 13154 20
509 105 19
12221 11917 20
10948 6183 14
3343 3148 20
13987 13990 13
7967 7680 20
6751 6632 17
12312 11877 19
1158 295 20
4604 68 0
1287 1002 22
5455 1125 14
4392 1806 16
15832 42 0
14701 14702 14
3176 3163 20
10322 9710 19
81 77 0
15558 15172 20
6104 5387 21
7121 6637 21
15181 40 0
13231 13042 20
10968 10845 20
3946 6 0
12223 11972 20
1581 1058 22
14697 42 0
8545 7643 22
15872 42 0
12248 11999 20
5445 5447 13
3655 51 0
11006 68 0
14922 14013 22
1685 69 0
12529 51 0
5466 4361 16
9288 42 0
7610 7611 13
16299 6 0
7274 6648 22
16900 16339 19
15885 15300 20
6226 6169 22
3443 3118 20
7507 6719 22
767 341 20
11343 10840 20
9558 8717 22
10056 9740 20
6528 6105 22
15412 68 0
7770 7571 19
7174 7175 14
15618 15253 20
925 51 0
7559 6 0
3815 6 0
472 68 0
15826 15156 19
9330 8659 22
10267 9750 20
7649 41 0
11612 10823 22
2915 6 0
6972 6632 19
5853 5542 20
9901 9710 19
3285 68 0
3347 68 0
5661 5397 20
7628 7631 14
11132 10824 20
879 105 19
2918 6 0
1368 948 22
13822 13528 22
16575 16464 20
15943 15162 22
14242 68 0
15367 15258 20
10700 10264 22
8104 7651 20
7167 42 0
6249 6173 22
12828 6 0
5426 5430 13
3387 2944 19
5971 68 0
3210 68 0
8809 69 0
9849 41 0
2561 6 0
1974 1660 19
16626 68 0
14134 14007 20
5685 68 0
6874 6761 20
552 298 20
1934 1675 20
5583 5441 20
1437 998 22
15712 15265 21
4565 68 0
638 354 20
14167 14040 20
9895 9743 21
3222 3112 20
14888 14005 22
8717 1770 14
8221 42 0
16010 15833 22
11201 68 0
1363 169 22
7408 6 0
2641 6 0
2919 2331 22
14468 14078 20
5807 68 0
16210 15801 22
13625 13507 22
15592 15156 19
15697 15274 20
16693 16367 20
2962 24 0
16714 68 0
10979 10855 20
2128 1744 20
11464 42 0
12169 11877 19
15583 15277 20
8169 7651 23
10741 10267 22
7861 7654 20
8588 7653 22
6152 42 0
9208 8755 21
12561 2396 14
1030 69 0
8044 68 0
5637 68 0
6929 6756 20
9140 8761 20
4434 4223 19
6623 5535 22
3292 2985 20
10191 9710 19
7236 6637 22
8156 1080 14
12840 11938 22
7091 7092 14
9080 68 0
6901 6632 19
2524 1797 21
527 68 0
5949 5541 20
11203 68 0
14224 14041 20
2624 1688 22
16905 16350 20
14388 68 0
4556 4223 19
9939 9820 20
9979 9710 19
13474 6195 14
9529 9270 22
15965 15167 22
17001 6 0
7079 6710 20
4856 4372 21
388 298 20
14199 68 0
316 317 13
5873 5441 20
8157 7594 21
3571 2944 19
10117 9740 20
3423 3148 20
2216 1660 19
10801 10300 22
16655 16425 20
4364 41 0
15862 42 0
5740 5362 19
10288 3563 14
13410 13123 20
5984 5536 20
6079 62 0
6152 5430 20
8847 8666 20
6932 6645 20
2975 41 0
7741 7571 19
11587 11506 22
511 372 20
10785 9846 22
9705 8792 22
7917 68 0
1715 69 0
15590 15294 20
175 69 0
12321 11898 20
12416 68 0
11783 6 0
4689 4255 20
12721 12508 22
2865 6 0
12173 11877 19
1744 24 0
663 280 20
9047 68 0
6347 6043 22
11135 10914 21
3583 3081 21
6922 6707 20
1572 6 0
7398 6684 22
1502 241 22
15904 54 0
3869 2972 22
6265 6054 22
11119 68 0
5838 5378 20
1812 41 0
1945 68 0
4675 4223 19
1993 68 0
2884 1809 22
10343 51 0
4498 4403 20
4738 4363 20
6798 68 0
15537 15272 21
1637 331 22
16046 15191 22
7061 7062 14
13234 13147 20
11821 6 0
1276 6 0
9023 8673 20
2634 1694 22
8204 51 0
15755 42 0
8843 8765 21
6142 5510 20
15749 15230 20
14152 13993 20
15588 15183 20
3604 3056 20
15970 6 0
13903 13112 22
7351 6672 22
7783 7611 20
11771 6 0
6203 42 0
1690 24 0
3313 68 0
3950 3659 22
7686 262 16
7272 6648 22
16561 68 0
2142 1724 20
3046 3047 13
16534 16339 19
6034 62 0
8202 7702 20
452 163 20
8064 7651 20
3327 68 0
7758 7633 20
8812 8666 20
704 186 20
2337 1660 19
5962 5365 20
14652 13987 21
7796 7676 20
14512 14057 20
2187 1660 19
6111 218 14
12895 11951 22
15300 41 0
11778 11458 22
11951 11953 13
16912 16406 20
10400 9714 22
546 105 19
8066 7592 20
3944 3696 22
13436 13078 20
13529 314 14
4910 42 0
11377 10882 20
17263 16834 22
9449 9246 22
15879 42 0
2122 1856 20
11022 10910 20
9584 8724 22
676 249 20
14349 13968 19
465 68 0
1171 105 19
11070 10805 19
9795 69 0
11581 11492 22
17107 6 0
15786 42 0
4220 6 0
15747 15156 19
13669 13035 22
7933 7611 20
14969 14030 22
5999 5462 20
297 105 17
12033 11921 20
15340 15259 20
5422 41 0
13380 13048 20
1447 6 0
12505 42 0
13109 13110 13
2158 1660 19
12459 11877 19
15425 15252 21
1230 113 22
12922 6 0
2338 69 0
8826 8658 19
2954 1084 15
14855 14693 22
7907 7641 20
5087 4267 22
4497 4388 20
13384 68 0
7708 7710 13
13428 13061 20
1743 1747 16
8003 7705 20
15409 15269 20
12165 11978 20
10336 9733 20
1952 1700 21
13844 13474 22
12692 6 0
12112 68 0
13220 13060 20
2958 69 0
12529 11896 21
14760 13973 22
7138 42 0
3363 2944 19
4704 4263 20
11908 2317 14
15892 8232 14
9246 9247 14
12149 68 0
701 68 0
6767 1770 14
1617 316 22
2537 54 0
7843 7578 20
8243 7645 20
6841 6707 20
8236 7571 19
12479 12480 14
6651 41 0
12912 6 0
16826 16339 19
16829 16342 20
5568 5370 20
1648 977 22
5877 5502 20
3337 68 0
12384 11880 20
15474 15158 20
13783 13064 22
10390 6 0
2691 6 0
4511 4318 20
15141 14617 22
7964 7571 19
13372 13045 20
12969 6 0
3707 2944 19
2509 1713 20
7732 7611 20
8910 68 0
8077 68 0
11418 10822 20
9804 290 16
15362 15280 20
7213 6 0
14613 14081 21
14158 14108 20
10581 9763 22
1220 6 0
7144 51 0
10644 10293 22
15896 15202 20
9294 8667 20
12251 68 0
2522 1684 20
11671 10839 22
15135 14101 22
2924 6 0
939 51 0
14396 68 0
9014 8658 19
3355 3024 20
4733 4263 20
8976 68 0
7956 7695 20
8720 8722 13
8121 7640 21
4218 3152 22
12193 11902 20
12640 11888 22
4202 6 0
8709 8658 17
3163 24 0
9878 9846 21
11204 10893 20
6885 6667 20
593 187 20
7000 6753 20
15684 15298 20
17251 6 0
9188 42 0
13150 13152 13
8739 8743 16
9404 9232 22
17204 16846 22
10748 9829 22
594 249 20
4468 4288 20
309 315 16
10061 9758 20
7774 7588 20
15875 15202 20
8085 68 0
4914 42 0
3293 3090 20
8141 51 0
14139 14007 20
7609 41 0
10650 10352 22
2635 6 0
6801 6692 20
4730 68 0
14443 14048 20
4768 4318 20
15789 15272 21
3435 68 0
17074 16375 22
13470 13093 21
15835 9832 14
3516 3014 20
14351 68 0
2911 1826 22
4700 4388 20
12399 11990 20
12385 12006 20
1353 6 0
4605 4357 20
3714 2984 21
7735 7668 20
6049 5431 21
2815 6 0
3770 54 0
8542 7643 22
969 105 19
1604 6 0
6819 68 0
10108 9773 20
6028 5385 20
6989 6772 20
6933 6632 19
360 364 15
1851 24 0
4462 4384 20
13987 1016 15
12956 11976 22
4386 4391 15
9625 8739 22
13673 6 0
13877 6 0
11566 6 0
2487 1792 21
7872 7571 19
15394 15282 21
4753 4346 20
55 3 0
10092 9848 20
7952 7592 20
9201 4354 14
7834 7571 19
8014 68 0
2267 68 0
9601 8728 22
14277 14071 20
6804 6681 20
3641 3067 20
7261 6 0
6330 5391 22
15934 6 0
6884 6686 20
16729 16405 20
1067 229 20
2655 6 0
9266 8658 19
10944 10947 13
13320 68 0
15188 24 0
1162 113 21
5638 5398 20
16379 9 0
8184 7665 20
3848 3718 22
14734 13968 12
9944 9820 20
12850 11938 22
7099 6769 20
13289 13133 20
12591 11877 12
10397 6 0
962 69 0
15542 15269 20
16592 16357 20
2325 1829 20
279 24 0
1992 68 0
4146 3081 22
2012 1828 20
1332 1187 22
14601 14079 23
15058 14056 22
10782 6 0
6973 6782 20
4065 3612 22
16845 16349 20
1446 1019 22
16556 16425 20
9375 8668 22
8320 8201 22
11997 1879 14
13312 13016 19
16839 16346 20
6784 41 0
2649 1694 22
9297 8799 20
5715 5521 20
5758 5482 20
15693 68 0
1150 42 0
12629 6 0
15524 68 0
5986 68 0
14434 13968 19
2382 1800 20
3780 3605 22
9266 51 0
12079 12007 20
7616 7620 13
6767 6769 13
1108 105 19
867 304 20
5115 4818 22
13526 13016 19
3318 2944 19
7005 6696 20
9509 6 0
15464 68 0
16860 62 0
12395 11898 20
5798 5374 20
3279 2944 19
15859 15161 20
16606 68 0
15480 68 0
11165 10805 19
12247 11952 20
11162 10870 20
94 73 0
6621 5535 22
4688 4231 20
9804 9262 14
13473 13159 23
12796 11924 22
14597 14024 20
16501 68 0
15941 15162 22
9557 6 0
1203 106 22
11290 68 0
3688 3138 20
13234 13016 19
14354 68 0
15008 14043 22
14955 14597 22
15432 15178 20
9618 6 0
12723 12471 22
6908 6696 20
13451 68 0
11080 10807 20
5387 5388 13
4732 4308 20
2237 1739 20
15666 68 0
2984 2988 13
10610 9771 22
7160 7161 14
7989 7644 20
9198 983 14
6030 5405 21
11068 10805 19
2020 1762 20
13874 6 0
10286 9711 21
15123 14097 22
2882 6 0
6001 5541 20
14699 13968 19
356 41 0
4907 1814 14
16844 1807 14
12303 11877 19
14163 14015 20
13056 1076 15
10070 9723 20
13720 13047 22
552 340 20
14507 14088 20
15278 41 0
1112 42 0
14351 13968 19
9215 62 0
15954 6 0
13408 13091 20
1344 162 22
8210 7701 20
8207 7576 20
6029 42 0
15636 15280 20
9893 9749 20
12498 62 0
14254 14007 20
1505 930 22
15801 42 0
15884 15251 20
3380 2944 19
774 105 19
16526 68 0
12162 68 0
15886 51 0
16962 16343 22
3176 2955 20
6856 6746 21
5103 4878 22
7686 7571 17
9668 6 0
10183 9710 19
6874 68 0
16903 16339 19
3711 365 14
16352 3135 15
17172 6 0
16340 40 0
14602 13973 21
6072 1825 14
3461 3036 20
13347 13016 19
6054 1770 14
6533 6 0
3222 68 0
3217 2947 20
8837 8721 20
8197 7571 19
4174 3101 22
589 68 0
15575 68 0
4898 4350 21
16467 47 0
2778 2349 22
2540 1660 12
7983 7629 20
16658 16367 20
8326 7586 22
2445 1723 21
13494 42 0
14171 14098 20
7145 6690 21
16038 15787 22
15286 357 14
3368 68 0
134 138 14
1536 1134 22
10649 9781 22
15133 14703 22
13588 6 0
15448 15193 20
8968 8760 20
1235 6 0
11183 10875 20
849 186 20
2078 68 0
12218 11877 19
6143 5500 21
14719 54 0
11059 68 0
16738 16417 20
621 258 20
3192 3041 21
16918 16365 21
16401 16339 17
5646 5432 20
16828 16339 19
62 63 6
2735 6 0
6019 5388 20
8895 8749 20
7790 7684 20
4763 68 0
489 105 19
8314 6 0
4762 4333 20
16900 16433 21
13318 13016 19
14668 14008 20
4938 238 14
4549 4318 20
733 258 20
1772 1775 13
15270 24 0
4884 51 0
8882 8658 19
1259 6 0
14444 68 0
13423 68 0
6070 5362 19
3676 2944 19
13553 42 0
8913 68 0
15261 1686 15
7919 7690 20
14106 14107 13
17010 16356 22
12049 11940 20
8193 2344 14
7021 6632 19
12661 12578 22
10499 9739 22
1114 1115 14
5622 5370 20
12518 4246 14
3707 3116 21
7613 2970 16
8824 8658 19
10613 6 0
475 272 20
11196 10898 20
5619 5406 20
5669 5362 19
4705 4225 20
15471 68 0
836 105 19
8827 8658 19
11380 10805 19
7246 6641 22
12107 11890 20
4771 4223 19
16404 9 0
12837 6 0
2264 1772 21
12127 11960 20
8440 7610 22
9225 8668 21
613 324 20
1296 1150 22
8608 6 0
4691 4379 20
10313 9769 20
13596 13508 22
671 105 19
7319 6 0
11329 10949 20
14452 13968 19
17255 16450 22
13477 13126 21
6271 6 0
13731 13477 22
1492 6 0
5589 5362 19
8264 54 0
4332 4336 13
6311 5382 22
15891 15186 21
8070 7571 19
5123 4280 22
12549 12016 23
449 105 19
13309 68 0
11284 10909 20
6077 5538 20
2585 2421 22
1761 1765 13
5804 5427 20
14138 13968 19
10262 9710 19
9964 68 0
15831 15234 20
14543 14125 20
5289 6 0
6907 6632 19
16787 16455 20
7493 6712 22
7094 42 0
6347 6 0
9919 68 0
5970 68 0
11393 3645 14
14982 6 0
14161 14017 21
14233 68 0
8850 68 0
9204 42 0
13394 13154 20
12501 11971 21
7040 6654 20
13512 13109 21
4247 4251 13
14733 13968 12
8961 8658 19
13407 13016 19
959 173 20
6927 6760 20
11758 10874 22
9018 8694 20
10393 9714 22
400 68 0
1888 68 0
11293 68 0
6650 41 0
11308 10902 20
8255 7571 12
318 41 0
4902 4223 19
1651 1176 22
3345 3164 20
15033 14599 22
13512 42 0
1423 6 0
2800 6 0
15414 15214 20
6295 5377 22
16475 16477 13
9163 8679 21
12464 11956 20
4581 68 0
13905 13522 22
15692 68 0
6137 42 0
11065 10836 20
6113 5362 19
11613 6 0
14914 6 0
11310 10816 20
2793 6 0
998 234 21
2267 1660 19
11294 10897 20
12491 11914 20
9488 9269 22
3484 2944 19
3664 3665 14
6981 6685 20
1688 1692 15
12997 6 0
12518 42 0
6828 6741 20
12112 11957 20
500 68 0
6096 5420 23
16509 16425 20
5828 68 0
3613 42 0
8061 7587 20
4476 4334 20
7497 6712 22
15844 945 14
1114 105 19
14203 14022 20
3752 2944 19
17208 6 0
13547 7189 14
15080 14070 22
507 105 19
8313 8155 22
11115 10924 20
8956 8729 20
12471 11877 19
7048 68 0
10293 9710 19
9288 8720 21
5029 6 0
13291 13016 19
6006 68 0
16863 16395 20
14712 13989 20
11981 11985 13
7115 42 0
9656 9308 22
2134 1811 20
12238 11973 20
2616 2343 22
5396 1734 15
447 187 20
10146 9806 20
15383 15156 19
8898 8718 20
5398 24 0
2174 1750 20
3008 2944 17
14438 68 0
16411 16412 13
9216 8794 20
11403 10227 14
10107 9772 20
8702 8703 13
11138 10897 20
15523 15156 19
1293 6 0
15774 15305 20
11337 68 0
7773 68 0
2545 2410 22
12394 11877 19
10496 6 0
9134 8698 20
10771 6 0
9894 9710 19
1772 1773 13
6890 6720 20
3179 3117 20
13089 9 0
14244 14014 20
14425 13968 19
1944 1810 20
7860 7583 20
2794 6 0
2269 1660 19
17099 6 0
15835 51 0
5835 5495 20
15841 15240 21
9804 9805 13
1661 1660 17
1063 210 20
2890 1815 22
2121 68 0
14727 54 0
12519 12021 20
11677 10844 22
14531 68 0
578 298 20
7971 7637 20
6806 6765 20
10614 9771 22
8024 68 0
5938 5388 20
10250 9785 21
4798 4231 23
7475 6706 22
3559 3031 23
542 157 20
15777 15180 20
3508 2944 19
692 68 0
5055 4817 22
15391 15262 20
2129 1662 20
16697 16339 19
6569 5486 22
8457 7613 22
10989 10805 19
7190 5527 14
15777 42 0
16620 16465 20
10011 9768 20
1149 379 20
5944 5362 19
7322 6 0
873 150 20
13729 13052 22
5072 4925 22
5231 4800 22
13645 6 0
1985 1725 20
3214 2944 19
17 73 0
13421 13127 20
8135 62 0
10431 9722 22
8167 7571 19
10662 9785 22
17005 16352 22
8092 68 0
6392 6080 22
16269 6 0
9248 42 0
4696 4303 20
831 105 19
15770 15234 20
5508 5510 13
8202 7619 20
11060 10812 20
1661 1667 16
326 41 0
3277 2944 19
6182 6183 14
11154 10840 20
14388 14022 20
8378 7594 22
582 105 19
11848 10918 22
14160 14094 20
1809 1660 17
3384 3001 21
15326 15265 21
4772 4223 19
13874 13463 22
7739 7604 20
6073 42 0
1091 181 20
5494 5362 17
12960 6 0
16954 16340 22
944 945 14
7515 6 0
15796 15237 21
9840 41 0
10153 68 0
14030 14031 13
11980 41 0
17142 16834 22
3869 6 0
13502 13068 20
894 272 20
1927 1828 20
11258 10825 20
626 149 20
11112 68 0
6295 6 0
2797 1755 22
16963 6 0
2270 1749 20
16684 68 0
12512 12003 23
13266 13016 19
1302 6 0
15141 14620 22
12822 6 0
13883 13105 22
6975 6704 20
4533 68 0
13401 68 0
523 156 20
11531 6 0
4354 69 0
16625 16430 20
16934 54 0
3624 3068 20
12806 12555 22
14127 2490 15
490 68 0
8002 7637 20
10528 6 0
12308 11902 20
15736 15196 20
14580 68 0
709 340 20
4705 4223 19
3392 2944 19
1923 1762 20
1530 6 0
8048 7571 19
2075 1660 19
4317 4321 15
2285 1660 19
708 348 20
15527 68 0
8615 8146 22
3466 2944 19
7023 6632 19
14357 13968 19
6360 6 0
5170 4295 22
16910 16347 21
10918 10919 13
16585 16341 20
11576 6 0
2613 6 0
15337 68 0
7544 6746 22
9421 8679 22
16713 68 0
12134 11902 20
15466 68 0
7140 6651 20
3241 2944 19
8080 7583 20
10427 10339 22
10115 68 0
16663 68 0
13811 13076 22
835 148 21
15351 68 0
11375 10865 21
10705 10285 22
10478 6 0
12812 6 0
7577 7580 14
16274 6 0
7166 6651 20
4656 4226 20
7767 7571 19
15441 15270 20
452 280 20
2045 68 0
9059 68 0
10263 1789 14
2403 1876 20
2159 1857 20
1286 957 22
6249 6079 22
1562 6 0
13589 13017 22
7586 7589 13
7861 7571 19
10944 3561 16
13554 42 0
5745 5482 20
3414 2950 20
1453 6 0
2260 1660 19
3353 2986 20
16204 6 0
5991 68 0
12044 11877 19
12542 11907 20
4635 4226 20
7616 9 0
2477 51 0
4793 42 0
2860 2323 22
17037 16360 22
7671 7 0
12986 11989 22
3376 3061 20
4734 4223 19
1017 1018 14
13425 13016 19
4623 4393 20
9164 68 0
14664 51 0
2271 1660 19
12695 12546 22
16609 16452 20
11223 10920 20
17082 16379 22
5125 4280 22
9142 8713 21
8462 8212 22
6320 6062 22
9551 8717 22
12336 11877 19
16822 62 0
16583 68 0
2483 51 0
9271 8762 20
10070 9870 20
11058 10817 20
6930 6708 20
15855 15224 20
12992 11992 22
16824 42 0
8555 6 0
2087 1780 20
316 321 15
10426 6 0
6095 5368 21
6671 69 0
328 69 0
4796 51 0
14526 13970 20
8016 7595 20
13845 13093 22
17119 16393 22
11310 68 0
16312 6 0
10544 9753 22
14296 13993 20
15856 15313 20
14636 14058 20
8652 8199 22
10328 42 0
3659 2954 21
13477 1729 14
7780 7571 19
1618 6 0
5706 68 0
3362 3141 20
1761 1766 15
15028 14047 22
13181 13016 19
6589 6146 22
12086 11931 20
11472 4871 14
9993 9773 20
13345 13147 20
2579 6 0
13306 13016 19
5591 5388 20
14638 966 14
1098 339 21
14305 68 0
6201 5508 21
3982 6 0
1413 6 0
16723 16339 19
2412 1805 20
10018 9797 20
7809 7600 20
7431 6 0
3651 42 0
11912 11914 13
14776 13976 22
11477 10887 21
8634 7682 22
12569 11927 20
6309 5382 22
7964 7654 20
12409 11897 20
10012 9805 20
8990 8658 19
941 316 21
9961 9834 20
10470 10339 22
13327 13041 20
12560 11896 21
7572 7574 13
6057 5450 21
487 293 20
9279 8794 20
9232 8731 20
4812 4338 21
10819 1167 14
3592 3127 20
12405 11931 20
7745 7691 20
15085 14616 22
9132 68 0
8460 7613 22
861 105 19
5690 5505 20
6498 6 0
13317 13023 20
11105 10855 20
8837 8781 20
7987 7604 20
7153 42 0
11408 10805 19
11246 10855 20
3178 2944 19
9942 9765 20
8495 7628 22
13756 13482 22
3512 68 0
7641 24 0
15653 15253 20
10412 10285 22
7577 7578 13
15057 6 0
15979 15171 22
12486 42 0
11054 10828 20
2057 1702 20
9037 8761 20
15252 1127 16
11171 10902 20
12346 68 0
15640 15172 20
10748 6 0
5743 5362 19
4880 4380 20
7231 6 0
1492 234 22
13112 13114 13
2670 1706 22
15878 15267 20
12552 42 0
5727 5417 20
4825 2983 14
5857 5392 20
842 171 20
4544 4269 20
4101 3605 22
1757 24 0
4592 4288 20
6987 6714 20
8120 7571 19
4470 4223 19
2933 2412 22
15846 51 0
4802 4223 19
7520 6 0
16347 16350 13
2002 1725 20
6323 6154 22
12354 11877 19
3439 3083 20
12552 11877 19
12831 6 0
13235 13106 20
3517 3048 20
14152 14066 20
7770 7611 20
15962 15167 22
15366 15211 20
3360 3083 20
629 68 0
9616 6 0
16505 16344 20
12563 42 0
6538 5466 22
1077 1078 14
4590 68 0
12802 11924 22
16779 16345 20
10015 68 0
15704 68 0
942 105 19
16127 15795 22
7017 68 0
1387 177 22
15432 15156 19
3315 2955 20
2239 1875 20
15617 15299 20
445 142 20
4570 4248 20
7053 51 0
11884 958 15
517 361 20
4051 6 0
4451 4339 20
1613 6 0
3697 69 0
9718 9719 13
1861 1864 13
2122 1834 20
16803 16341 20
4502 4414 20
11351 10812 20
1688 1690 13
5852 5362 19
1985 1744 20
4513 4333 20
8938 68 0
11129 10849 20
790 293 20
16561 16409 20
15815 2451 14
10418 9718 22
9102 8790 20
12845 6 0
12130 68 0
5143 4291 22
10111 9715 20
14840 6 0
13908 13112 22
13466 42 0
4712 4333 20
6811 6773 20
3210 2944 19
12504 11877 19
14667 62 0
738 368 20
5755 5374 20
7351 6 0
13186 68 0
6025 68 0
2343 2344 14
3298 2955 20
918 121 20
8225 1163 14
8834 8776 20
11715 6 0
8916 8718 20
15818 15263 20
2030 1863 20
5776 5487 20
6771 6773 13
15257 15259 13
6544 6034 22
196 41 0
6528 5460 22
7106 42 0
7885 7571 19
9160 68 0
10917 41 0
11697 10848 22
10184 9732 20
12355 12023 20
996 62 0
2782 2316 22
10162 9710 19
15836 2526 14
8954 8658 19
16669 68 0
16628 16460 20
9214 8760 23
9311 42 0
5567 5509 20
15835 42 0
6846 6654 20
15351 15307 20
3883 6 0
8179 2326 14
660 105 19
14297 13968 19
767 304 20
8128 7571 19
5876 5541 20
3952 3728 22
489 187 20
14931 14629 22
16708 68 0
14557 14128 20
11631 10827 22
10329 9763 21
3635 51 0
6953 68 0
732 243 20
4992 6 0
15352 15158 20
4686 4223 19
6168 5429 20
13920 13121 22
3196 3047 20
15530 15156 19
5147 4800 22
11119 10881 20
5827 5542 20
12323 11998 20
13771 6 0
1098 42 0
7705 24 0
5290 4900 22
9999 9715 20
8713 9 0
3008 1078 14
8148 51 0
12117 11925 20
3402 68 0
15106 14081 22
11599 6 0
4659 4414 20
16511 16426 20
6297 6199 22
12022 1807 15
3705 3134 20
8214 6202 14
2054 68 0
4912 4309 20
7494 6 0
5316 6 0
14266 14018 20
9280 4233 14
15443 15187 20
3692 1785 14
4500 4351 20
812 202 20
12270 11917 20
16143 6 0
12705 11901 22
1815 7 0
7777 7654 20
4426 4223 19
745 68 0
11536 6 0
89 6 7
17109 6 0
6690 283 16
8086 7571 19
15592 15283 20
15442 15171 21
2140 1793 20
1452 923 22
16767 16394 20
1077 51 0
14515 14082 20
4738 68 0
654 235 20
14018 24 0
13364 13162 20
14884 14005 22
5844 5421 20
8140 42 0
14664 2413 14
12387 11877 19
7028 6673 20
8959 8680 20
11886 41 0
8908 8661 20
8876 8666 20
13469 13026 21
10351 9831 20
12205 11879 20
2741 1730 22
12136 11877 19
3386 3065 20
3673 62 0
9096 8760 20
8792 8795 13
14274 68 0
8170 7571 19
14538 14116 20
8508 7632 22
12995 11997 22
6322 6 0
14575 13968 19
2892 6 0
15272 4285 15
2939 1861 22
13183 68 0
5979 5421 20
11834 6 0
255 69 0
16996 16352 22
1329 1077 22
3514 68 0
11639 10830 22
5994 68 0
3673 3138 20
13544 13111 20
10321 9710 19
4443 4255 20
14463 68 0
5033 6 0
9432 6 0
14061 24 0
1997 1738 20
3633 69 0
12633 11884 22
5038 6 0
13496 42 0
16331 15888 22
14106 14109 13
11689 6 0
3902 3755 22
15781 15243 20
9343 8659 22
4600 4223 19
5169 6 0
16893 16387 20
11030 10805 19
13300 13128 20
3667 69 0
9703 6 0
14172 14002 20
1054 177 21
13655 13030 22
2077 1868 20
6085 5362 19
10232 9729 20
2378 2379 14
3165 41 0
2061 68 0
14328 14062 20
16905 16451 23
10481 10224 22
12698 6 0
4507 68 0
31 13 2
15471 15246 20
6469 5436 22
5330 4792 22
2082 1821 20
5435 69 0
3266 68 0
6114 5483 20
10019 9710 19
6140 5362 19
12343 11948 20
12928 12569 22
13482 13016 19
12137 11913 20
5777 68 0
1444 6 0
9888 9792 20
12250 11877 19
17048 6 0
7405 7059 22
3717 2968 20
3824 6 0
14525 14061 20
12769 6 0
9693 9246 22
6292 6 0
13463 13092 20
14253 13998 20
33 16 0
12382 11978 20
14994 14613 22
6367 6030 22
17236 6 0
16881 2294 14
4936 4392 21
16211 15822 22
15967 15167 22
6727 6731 13
3680 1119 14
9343 6 0
1883 68 0
17183 16411 22
9288 8658 19
12369 68 0
16917 16449 20
3487 68 0
12324 11959 21
1934 68 0
13369 13102 20
13496 13068 20
15747 68 0
753 68 0
7807 7633 20
11615 10823 22
16717 16465 20
6568 5486 22
2429 69 0
937 51 0
15522 15156 19
11377 10841 23
15532 15156 19
2585 6 0
13568 13136 20
16622 16411 21
13006 6 0
11106 10924 20
12780 6 0
14745 6 0
6967 6714 20
9076 8790 20
13065 24 0
9517 8709 22
14517 13997 20
778 384 20
9080 8658 19
15762 15289 20
2560 6 0
14662 1068 14
14663 14096 20
11399 10805 19
13219 13016 19
6644 4906 16
16645 16357 20
8860 8703 20
11463 42 0
3757 51 0
11402 2369 14
1071 342 20
16964 6 0
6169 5475 20
3787 2945 22
6984 6707 20
12923 11959 22
15929 15826 22
8117 7571 19
3107 1181 14
11417 10805 19
13764 6 0
2732 1723 22
14106 13968 17
6736 24 0
4721 4421 20
2735 1730 22
3227 2944 19
12350 68 0
6118 51 0
12847 11938 22
10067 9777 20
9002 8703 20
11754 10869 22
6435 6 0
7780 7629 20
8029 7574 20
4727 4223 19
5460 5465 16
9444 6 0
1890 1811 20
14681 62 0
16752 16426 20
4852 4227 20
15139 6 0
4486 4378 20
12132 12006 20
2289 1660 19
16807 16361 20
7441 6 0
6712 6715 13
6804 6632 19
3557 2963 20
600 171 20
16057 15195 22
3337 2965 21
9564 8720 22
1319 148 22
5328 6 0
6819 6632 19
13509 13055 20
5026 4239 22
15472 15222 20
9277 2387 14
8452 8215 22
8222 8223 14
6090 5362 19
16889 62 0
3255 3077 20
12880 6 0
15995 6 0
2234 1731 20
13585 13016 12
9285 8702 21
11433 42 0
4624 4374 20
11140 10850 20
4908 4359 20
12504 42 0
8490 8134 22
7424 7081 22
5477 7 0
12242 68 0
13517 13112 21
15753 15216 21
14608 42 0
9975 9748 20
12078 11877 19
14974 14034 22
6858 6756 20
2083 1660 19
10004 9842 20
10853 10856 13
15833 1028 14
6793 6632 19
10889 41 0
10159 9824 20
11089 68 0
15192 24 0
3136 2944 17
9138 8674 20
2036 1712 20
2328 69 0
12476 11877 19
3325 3055 20
449 202 20
527 150 20
6141 5433 20
9310 8785 23
6428 5419 22
13339 13141 20
16472 1831 14
1717 1718 13
12600 54 0
5882 68 0
14453 68 0
4903 4369 20
747 354 20
3089 24 0
16820 16364 20
9954 9863 20
16681 16405 20
81 13 7
17194 6 0
13196 13114 20
8227 42 0
14588 13968 19
6106 5503 20
14953 14026 22
14924 14587 22
4852 4853 14
14870 6 0
4158 3088 22
874 68 0
14258 13968 19
513 324 20
1647 6 0
11018 10824 20
3719 2949 21
12447 11913 20
12073 68 0
3547 2944 19
13074 24 0
29 16 0
15387 15238 20
759 221 20
12487 62 0
13827 13086 22
15912 15156 12
2874 2491 22
10353 9781 21
4924 4223 19
2423 42 0
5387 1055 16
8249 7680 23
15785 15241 23
15931 15157 22
14719 13968 12
15828 62 0
17259 6 0
14567 14098 20
10887 10805 17
12701 6 0
690 258 20
14588 14012 20
9056 68 0
4860 4861 14
3408 68 0
12355 11877 19
15622 15312 20
8517 6 0
438 378 20
5497 41 0
15974 15171 22
10067 9853 20
7052 6662 21
4125 3064 22
14405 68 0
15855 15282 21
4777 4357 20
11255 10805 19
14803 6 0
905 242 20
10960 10928 20
12838 6 0
7093 3709 14
512 333 20
756 105 19
14571 13968 19
820 195 20
10448 9727 22
1808 69 0
13814 13081 22
10123 9820 20
11548 6 0
9103 68 0
6136 5526 20
15832 153 14
8765 3007 15
6110 5362 19
4685 4352 20
8405 8160 22
12187 12007 20
8898 8786 20
2748 6 0
13752 13466 22
10532 10333 22
7657 41 0
9487 9305 22
15373 15156 19
8870 8658 19
4142 6 0
10136 9710 19
14336 14108 20
7892 7600 20
15837 15257 21
11407 2466 14
8124 7571 19
15265 13039 15
8011 68 0
9132 8721 20
13026 13029 13
514 271 20
7097 1766 14
11424 42 0
5520 7 0
17032 16360 22
13583 54 0
6146 5396 21
5924 68 0
4149 3081 22
15373 15200 20
14238 14061 20
15307 24 0
10725 10265 22
16933 16339 12
4236 24 0
6430 6 0
16351 69 0
15384 15277 20
2466 69 0
2525 2526 14
5233 4323 22
2242 68 0
12168 11935 20
11411 10851 20
4394 41 0
14984 6 0
2073 1811 20
4495 4241 20
7297 6652 22
8955 8658 19
737 68 0
12897 6 0
8070 7600 20
12925 6 0
6896 68 0
11464 10880 21
11306 10805 19
14716 14033 20
11236 68 0
2610 2450 22
8095 7691 20
11240 10866 20
12571 11882 20
1067 164 20
7647 9 0
6877 68 0
14638 42 0
12208 11889 20
16270 15829 22
583 105 19
5958 5478 20
2489 1737 21
1439 1168 22
12439 12020 20
6930 6634 20
16551 16447 20
4003 3610 22
16284 6 0
16978 6 0
15503 15287 20
7074 6709 20
10066 68 0
13257 68 0
7650 3069 14
13296 13016 19
12236 11877 19
460 257 20
9273 62 0
6084 5538 20
5200 6 0
10449 9727 22
7980 68 0
2173 1660 19
3464 2962 20
16743 16339 19
2258 1762 20
14669 7631 14
11361 10836 20
5313 4847 22
10216 9710 19
1961 1688 21
6620 6129 22
9989 68 0
3720 2409 14
12138 68 0
1108 220 21
8012 7571 19
11363 10905 21
10649 6 0
10610 10270 22
2771 2304 22
2357 1737 21
12613 11878 22
663 68 0
8944 68 0
6709 41 0
13506 13016 19
14666 14100 20
4504 4374 20
4795 62 0
11382 1086 14
4907 4302 21
12148 11877 19
12303 68 0
15930 15862 22
1132 143 20
11238 10906 20
10081 9710 19
7406 7187 22
14720 13968 12
16798 16405 20
7798 7710 20
11261 10953 20
11260 10910 20
11389 10945 23
10539 6 0
6315 5387 22
10998 10805 19
8168 7579 20
7246 6 0
13402 13016 19
2000 1711 20
12519 11967 21
3743 42 0
3381 3112 20
16391 41 0
8359 7590 22
13313 68 0
454 298 20
7784 7588 20
15837 2336 14
16497 16398 20
8157 7670 20
13805 6 0
10690 10338 22
6816 68 0
11436 10880 21
3538 68 0
3406 2984 21
8127 7701 20
4490 68 0
5640 5461 20
3303 68 0
5312 4850 22
2520 1689 23
7003 6632 19
756 68 0
4113 6 0
3732 3032 20
1253 6 0
4439 4313 20
3182 68 0
16384 9 0
15879 15167 21
6327 6194 22
15731 15173 20
13273 13083 20
3605 3116 21
4708 4225 20
6390 6 0
13484 13016 19
7708 7713 16
5068 4261 22
2440 1660 19
7282 6648 22
6559 6210 22
7736 7571 19
11069 10805 19
482 280 20
4716 4225 20
4440 4387 20
14972 14030 22
1356 162 22
8792 2478 16
5812 5362 19
6661 69 0
3297 3031 20
4842 4275 20
3695 2968 20
8695 41 0
3205 3107 21
11474 10805 19
2551 6 0
16812 16356 21
17244 16446 22
14625 14074 21
5707 68 0
12407 11983 20
13499 13043 20
4845 4323 21
2232 68 0
1060 186 23
14070 1084 16
5332 4383 22
12864 6 0
2736 6 0
15824 4284 14
2655 1700 22
5880 5388 20
10887 10888 13
3333 68 0
8130 7682 21
15814 1001 14
9437 8685 22
5784 5472 20
8910 8721 20
7926 7654 20
12694 6 0
9799 41 0
8229 42 0
6190 5517 20
15388 15246 20
4907 42 0
4790 4366 14
15890 15272 21
3415 2944 19
7715 7633 20
17274 16467 22
6906 6632 19
624 68 0
7447 6698 22
9177 8698 20
8617 6 0
12214 12023 20
8017 7571 19
12689 11896 22
5529 5533 13
8309 7577 22
13993 24 0
14613 51 0
7616 6636 16
12566 42 0
2051 68 0
17264 16907 22
11170 10884 21
6118 42 0
2619 1688 22
8696 41 0
3569 2990 21
11997 1003 16
13532 42 0
4929 4255 23
12487 12009 20
790 105 19
8287 8179 22
10874 9249 15
113 118 16
3443 68 0
323 324 13
1654 6 0
12462 11877 19
13565 13064 21
12914 12583 22
15432 15265 21
3316 2962 20
3800 6 0
2389 2390 14
16836 16470 20
15892 15156 19
13813 6 0
5312 6 0
7933 7671 21
16304 6 0
556 194 20
515 227 20
10180 68 0
11431 10805 19
11520 10805 12
14889 14637 22
8850 8785 20
4386 7 0
1755 1758 13
8639 6 0
831 150 20
16698 16468 20
581 271 20
1134 159 20
12575 2518 14
12771 11916 22
9943 9710 19
10770 10304 22
593 68 0
5414 41 0
12245 12020 20
13487 42 0
13411 13151 20
15959 15167 22
5097 6 0
11080 10915 20
53 16 0
225 69 0
11904 40 0
13479 13085 20
398 316 21
15221 9 0
9914 68 0
16573 16409 20
9346 8665 22
12767 12542 22
13674 6 0
777 142 20
7042 68 0
2215 1694 21
6210 5362 19
14562 14070 21
12364 11983 20
6968 6740 20
14170 13968 19
1002 62 0
16535 16480 20
13419 13060 20
8171 7650 21
1149 352 14
2921 6 0
7138 6632 19
13995 41 0
12493 11886 20
14144 14060 21
3723 2973 23
3146 1100 16
17087 16877 22
4204 3584 22
11444 42 0
15795 42 0
14172 14120 20
848 298 20
12137 68 0
10975 68 0
950 162 21
4447 4226 20
10206 9792 20
14345 14074 21
4582 4223 19
15644 68 0
10670 6 0
4014 6 0
10356 9710 12
14444 13988 20
7491 6712 22
11285 10820 20
5529 5532 13
15689 15187 20
9282 8658 19
5843 68 0
15686 15222 20
13584 54 0
12451 68 0
2278 1682 20
14397 14013 21
5695 5482 20
15880 42 0
6918 6714 20
12147 68 0
14553 14014 20
15115 6 0
16352 16353 13
6739 6745 16
1990 1768 20
14959 14026 22
15415 15201 20
6986 6698 21
12515 11877 19
6805 6632 19
9052 8673 20
2334 1660 19
7307 6 0
8231 7660 20
1038 292 21
15733 15259 20
10082 9758 20
933 934 14
2817 6 0
6879 6714 20
13161 6157 14
877 68 0
8651 8245 22
8253 7643 21
3688 3015 20
8739 7627 15
4968 6 0
16047 6 0
5628 5402 20
12299 68 0
7142 62 0
14694 14028 20
2217 1718 20
8305 6 0
403 149 20
7276 6648 22
5680 5362 19
735 163 20
545 68 0
5787 68 0
14174 68 0
12284 11936 20
4764 4387 20
16921 16423 20
9076 8658 19
13233 68 0
10025 9718 21
10835 10837 13
1126 309 21
2769 2417 22
4604 4329 20
5675 5487 20
10066 9710 19
12211 68 0
6500 6164 22
2608 1681 22
12460 11920 21
16026 6 0
11434 10805 19
9603 8728 22
15598 15273 20
803 68 0
7439 6 0
3774 2944 12
1909 1737 21
1526 959 22
13686 13472 22
15297 15298 13
11469 10900 20
2513 1803 21
1614 6 0
2069 1660 19
8039 7571 19
8856 8775 21
7772 7696 20
7519 6 0
3594 3160 20
7962 7687 20
9807 41 0
15554 15258 20
8050 7704 20
1083 51 0
8597 6 0
6913 6686 20
7121 6683 20
13508 13016 19
7954 7648 20
4628 4358 20
5783 5362 19
7165 69 0
10077 68 0
4482 4223 19
10728 9813 22
4616 4352 20
857 105 19
7120 6632 19
3009 24 0
5122 4280 22
6105 5489 20
685 68 0
3280 3072 20
3763 2944 19
6905 68 0
12473 11996 14
12466 11917 20
14932 14017 22
5431 5432 13
5045 4247 22
7006 6757 20
14728 54 0
7181 42 0
2918 1833 22
5279 4338 22
11296 10805 19
9166 68 0
12386 12007 20
13565 13143 20
12501 51 0
16731 68 0
818 135 20
12520 11958 20
10754 10347 22
12033 68 0
4859 42 0
14474 14120 20
8861 68 0
15216 6188 15
3233 2979 20
6838 68 0
9646 6 0
9233 3040 14
7977 7654 20
5460 4855 14
10686 6 0
1371 1046 22
11245 10805 19
1855 1660 17
4557 4379 20
13396 13116 21
3610 42 0
4860 42 0
6590 6 0
7097 6746 21
10084 9728 20
12285 11877 19
7943 7587 20
14007 24 0
5640 5362 19
53 54 5
2726 1723 22
12182 11889 20
16018 15181 22
4072 3046 22
6652 6655 13
4523 4240 20
3350 2944 19
10079 9758 20
3416 3096 21
1094 42 0
7739 7672 20
7055 69 0
416 105 19
9068 8658 19
8539 8177 22
3915 3590 22
9069 8694 20
9453 9293 22
8206 7688 20
11375 10917 20
6444 5426 22
15540 68 0
370 41 0
4241 24 0
5265 4800 22
12418 11931 20
579 298 20
1904 1660 19
437 258 20
5931 5451 20
6038 42 0
8253 7673 20
13255 68 0
6047 5362 19
16323 15282 22
2640 2479 22
17170 6 0
6815 6736 20
16668 16357 20
3235 2967 20
428 105 19
11396 42 0
4895 42 0
2024 1660 19
696 221 20
309 7 0
13289 68 0
996 130 20
2319 69 0
16543 16454 21
7740 7659 20
2043 1834 20
7443 7143 22
10038 9863 20
14233 13987 21
12110 11925 20
13928 13496 22
5189 4307 22
1955 1690 20
10113 9830 20
12852 11942 22
6894 6654 20
592 105 19
7302 6 0
899 349 20
8999 8741 20
14587 1819 14
11630 6 0
12495 11997 21
10415 9718 22
12437 68 0
16347 16348 13
1664 41 0
7337 6666 22
3360 68 0
9293 2369 14
8482 7616 22
7708 1777 14
1844 47 0
13131 69 0
9968 9715 20
11148 10933 20
12593 11877 12
1495 6 0
6307 5382 22
392 105 19
9501 8702 22
683 68 0
11346 68 0
16751 16411 21
1203 6 0
10034 9858 20
14480 14003 20
2910 1826 22
13248 13016 19
9570 8720 22
14653 277 14
10506 9739 22
4367 7 0
3634 3029 21
11037 10805 19
869 105 19
16590 16446 21
1293 141 22
9521 9229 22
13346 13155 20
7746 68 0
2272 1762 20
13342 13118 20
13509 13040 21
3679 2294 14
9310 62 0
2022 1660 19
15341 15230 20
16814 16469 23
13246 13133 20
13363 68 0
6192 5362 19
1440 6 0
4793 4794 14
15638 15223 20
6279 6 0
2130 1689 20
10158 9802 20
3244 2973 20
1094 303 21
4590 4323 21
632 105 19
1820 1825 15
8666 24 0
13981 69 0
340 24 0
5725 5437 20
7134 6632 19
13101 13104 16
11397 10805 19
13841 13089 22
8111 7571 19
3955 6 0
11966 69 0
13472 42 0
16340 16339 18
8582 6 0
7174 6632 19
11572 11427 22
13920 13502 22
14522 13968 19
2033 1811 20
16410 41 0
7769 7654 20
16762 16362 20
17185 16913 22
5919 5362 19
14127 14129 13
15514 15193 20
4015 6 0
6119 5486 21
15569 15226 20
5890 5491 20
15063 6 0
4898 42 0
6838 6768 20
4854 4280 21
15032 14636 22
16748 16366 20
14200 68 0
14989 14659 22
7764 7654 20
7036 6682 20
9259 8748 21
10299 8733 14
7130 42 0
4520 4281 20
16564 16447 20
9903 9719 20
8169 7638 20
7162 7163 14
9919 9793 20
1884 1662 20
6349 6105 22
528 68 0
9088 8714 20
14987 14626 22
2199 68 0
1389 185 22
7440 6 0
6147 42 0
12520 296 14
3459 3077 20
15763 15278 20
13330 13078 20
14320 14003 20
13322 13016 19
1926 68 0
17225 16437 22
9039 8806 20
10218 62 0
16401 2993 15
3521 68 0
16899 16471 20
5885 68 0
13373 68 0
11446 10940 20
13172 13016 19
9884 9710 19
7047 6768 20
8107 7705 20
7901 7637 20
15792 15170 20
7851 7584 20
6470 6 0
5736 68 0
2458 1836 20
12786 11920 22
134 140 16
12220 11925 20
15131 14686 22
3714 42 0
4514 4393 20
8417 7607 22
14784 14711 22
16732 16366 20
10277 42 0
6139 42 0
15163 24 0
14436 13968 19
6188 69 0
5569 5495 20
16379 16382 13
9589 8724 22
5278 4338 22
16899 62 0
11878 40 0
9001 8674 20
14183 14040 20
10251 9710 19
11805 11495 22
226 231 14
5615 5437 20
5577 5468 20
8056 7571 19
15572 15270 20
4215 6 0
6080 949 14
10365 9710 12
10038 9737 20
15948 15809 22
2440 1852 20
12472 4252 14
4013 3655 22
6422 5416 22
2640 1694 22
16256 6 0
17158 16810 22
3762 69 0
6083 62 0
4359 41 0
7586 267 15
6988 6632 19
1739 24 0
12030 11968 20
10314 9756 20
9095 8718 20
457 135 20
8116 7611 20
8403 6 0
13247 13098 20
2067 1660 19
13700 6 0
3540 3002 20
11384 10842 20
2474 1818 20
16084 15804 22
1388 6 0
6045 5510 20
15495 15156 19
5579 68 0
5764 68 0
13971 41 0
12805 11929 22
9767 4807 15
12161 11957 20
11304 10805 19
14351 14052 20
11468 10930 20
9499 6 0
16706 16345 20
4440 4357 20
13193 13016 19
16808 16339 19
5766 5417 20
3130 3134 13
14214 68 0
7922 7622 20
1525 1154 22
8593 6 0
9962 68 0
13952 6 0
1053 69 0
8022 7571 19
5876 5393 20
9278 5410 14
9290 8686 23
14919 6 0
14923 14017 22
10090 9806 20
839 105 19
13388 68 0
16167 15225 22
5072 6 0
16633 16412 20
11273 10832 20
15625 15229 21
11924 11926 13
1955 68 0
621 68 0
12129 68 0
168 69 0
6515 6151 22
3385 68 0
16619 68 0
2871 6 0
3597 3071 21
6982 6772 20
8009 68 0
492 127 20
5481 5485 15
11589 11449 22
15331 15242 20
706 228 20
11159 10939 20
14296 13984 20
14429 68 0
2582 2502 22
520 105 19
3500 68 0
16616 16339 19
12432 68 0
12459 11889 20
11485 10805 19
8813 8703 20
7209 6 0
14530 68 0
5927 5427 20
6185 5496 20
4126 3064 22
6534 6070 22
7991 7623 20
10344 42 0
13261 13151 20
11457 51 0
6055 5362 19
12087 68 0
8482 6 0
6595 6172 22
5099 4267 22
13687 13560 22
4709 68 0
15650 15223 20
8158 7672 23
14709 14131 20
5686 5495 20
11838 10914 22
11032 10828 20
7370 7116 22
12130 11877 19
4254 4260 16
6468 6 0
3481 2944 19
14282 68 0
7806 7704 20
10371 9710 12
16505 16339 19
1974 1817 20
2385 1835 20
12863 11942 22
3959 6 0
6603 6 0
13982 10931 15
1924 68 0
9274 8668 21
5790 5428 20
11416 10811 21
7866 7583 20
13271 13016 19
10223 9855 20
13351 13016 19
6227 6164 22
11543 10806 22
11385 10950 20
12433 68 0
5175 6 0
14669 14046 20
9526 6 0
15477 15156 19
11081 10906 20
13236 13042 20
3226 2947 20
5860 68 0
12289 11888 21
7265 6 0
3478 68 0
12230 68 0
9337 8659 22
12172 68 0
10348 9756 20
13542 13137 21
4709 4223 19
14516 68 0
4610 68 0
9947 9764 20
12490 11877 19
10049 9768 20
15829 15239 20
7703 7571 17
3432 3163 20
9753 2523 16
6859 6632 19
2648 6 0
15665 15303 20
14524 14044 20
11502 10877 20
13632 13512 22
14145 13968 19
16892 16339 19
560 68 0
9298 8791 20
16459 3595 16
11049 10861 20
4960 4223 12
4751 4262 20
13713 13558 22
10488 10325 22
2844 6 0
4476 4421 20
6304 6 0
9579 6 0
1132 1133 14
2203 1683 20
10706 6 0
11279 68 0
14784 13976 22
3492 2944 19
7495 6 0
7811 7617 20
9688 9274 22
3940 2994 22
15807 15300 20
6115 5396 21
7457 6703 22
4170 3701 22
7254 6641 22
13047 13051 13
17130 6 0
7070 69 0
5198 4307 22
11759 10874 22
14271 14061 20
15341 15182 20
8022 7637 20
4049 3035 22
620 258 20
660 293 20
6688 41 0
14623 932 14
13167 13016 19
12521 6200 14
2661 2303 22
6106 5362 19
15984 15885 22
1910 1856 20
1942 1793 20
11388 10805 19
14959 14628 22
17135 16815 22
709 105 19
4724 4399 20
4222 0 11
694 228 20
16495 16438 20
8017 7618 20
5159 4892 22
17035 16824 22
800 349 20
14817 6 0
9970 9773 20
9939 9810 20
7655 24 0
5356 4931 22
13622 6 0
14592 42 0
6241 6 0
3328 2947 20
13368 13138 20
9005 8687 20
10932 47 0
8318 7582 22
14531 14129 20
3372 3066 20
11852 10918 22
7698 7699 13
15833 15165 20
6093 5362 19
16772 68 0
7072 6632 19
2908 2438 22
1008 266 20
15879 15307 23
1912 1868 20
12237 11879 20
16496 16465 20
12577 11964 20
8590 6 0
16254 6 0
4925 4223 19
8775 7 0
9144 8785 20
3204 3036 20
877 242 20
5713 68 0
11012 10840 20
7173 6722 20
13380 13018 20
16408 6125 15
16957 16343 22
11624 10827 22
8498 8194 22
7143 6643 20
1826 1827 13
12273 11947 20
8936 8658 19
13631 6 0
2236 68 0
11503 10846 20
10445 6 0
6346 6120 22
13856 13534 22
11060 10919 20
5727 68 0
16001 15176 22
16424 7 0
6802 6632 19
1213 106 22
7474 7136 22
13047 13050 13
11191 10824 20
5655 68 0
11459 10805 19
564 114 20
13726 6 0
3791 3670 22
13543 3021 14
14682 4424 14
8889 68 0
5745 68 0
12512 62 0
6114 5362 19
2874 6 0
16055 15838 22
6920 6632 19
13766 6 0
474 195 20
13232 13138 20
1723 1728 15
7739 7704 20
8041 7676 20
16318 15753 22
16468 24 0
4898 4899 14
9279 8658 19
4139 6 0
651 105 19
11071 10805 19
14050 69 0
8962 8761 20
12323 11987 20
15860 15861 14
10737 9819 22
12125 11940 20
712 105 19
4350 7 0
4808 4270 20
9006 8658 19
3289 3048 20
2576 1674 22
17106 16388 22
17044 6 0
10082 9825 20
6851 6632 19
15650 68 0
9396 9310 22
979 69 0
5941 5525 20
13532 13016 19
7798 7637 20
13423 13106 20
16090 15204 22
17161 16404 22
139 69 0
7636 7639 13
13296 13045 20
2228 1660 19
4305 41 0
9977 9853 20
14644 42 0
9520 9229 22
12405 12012 20
4543 4223 19
14490 14057 20
3368 2944 19
4652 4223 19
12740 12588 22
2926 1844 22
16796 16409 20
1454 220 22
7317 7168 22
9046 8781 20
14142 13974 20
13480 42 0
4161 6 0
4746 68 0
7020 6748 20
15623 68 0
8942 8669 20
14446 14128 20
2135 1663 20
14255 13974 20
3815 3693 22
5149 4291 22
4916 4247 21
5814 68 0
937 105 19
8191 7624 20
7650 7652 13
2751 1737 22
11373 10857 20
7826 68 0
6695 6696 13
16176 6 0
9024 8781 20
6301 6 0
7770 7663 20
11884 11887 16
4128 6 0
15875 15259 23
12504 11979 20
6069 5395 20
12286 11877 19
15734 68 0
16230 15240 22
518 107 20
1578 286 22
9503 6 0
706 120 20
13509 51 0
2924 1840 22
2524 1823 20
6087 2453 14
11610 11450 22
1888 1660 19
14101 14104 13
6912 6720 20
10265 960 14
14286 13970 20
9412 6 0
15652 68 0
9099 8677 20
12318 11877 19
8779 8782 13
5049 4842 22
3664 2944 19
7703 47 0
16967 6 0
6528 6059 22
7817 7610 21
13565 13088 20
3791 6 0
11253 10820 20
17229 16437 22
13206 13016 19
14998 6 0
8558 8148 22
1038 374 20
8353 7590 22
16013 6 0
2242 1663 20
4850 381 14
11946 11947 13
8195 42 0
10912 41 0
11296 10836 20
5859 5501 20
6977 68 0
13215 13053 20
12166 11940 20
3777 54 0
15937 15891 22
8731 41 0
5791 5378 20
12402 11987 20
12259 11909 20
12491 42 0
9450 6 0
16845 16396 20
11641 10830 22
1706 1709 15
9844 41 0
6030 5385 20
5731 5478 20
3826 6 0
16317 15279 22
13109 4301 16
11404 10844 21
6985 6729 20
11108 68 0
1308 148 22
4872 1009 14
3596 42 0
16692 16394 20
4453 68 0
9880 9710 19
9874 24 0
16604 16476 20
9078 8666 20
16656 16420 20
398 68 0
3526 3061 20
16179 15225 22
7817 7571 19
69 22 1
11039 10821 20
9924 9710 19
7766 7699 20
1436 1036 22
13996 14000 13
1855 1853 15
971 972 14
12360 68 0
13237 68 0
1441 6 0
15016 6 0
16595 16339 19
11006 10836 20
6093 5504 21
6633 4794 14
6080 5513 21
701 121 20
17150 16918 22
11100 10933 20
7034 6654 20
16534 68 0
2318 1726 20
7524 6734 22
758 208 20
2764 6 0
1404 193 22
2585 1674 22
15 17 4
11382 10912 20
9103 8674 20
2701 6 0
10235 9753 21
2867 6 0
7027 6686 20
5826 5411 21
14692 13968 19
13178 13128 20
14104 41 0
12089 68 0
11495 42 0
13140 13144 13
11081 10805 19
870 241 21
8239 7656 20
14158 13968 19
10970 68 0
11099 10805 19
11292 10934 20
9127 68 0
9198 8780 23
8231 7571 19
6984 6666 21
8494 7628 22
15157 2346 14
7782 68 0
6063 5387 21
13727 6 0
8227 7571 19
2693 2388 22
7268 6644 22
6815 6632 19
11167 68 0
9040 8749 20
11829 6 0
1033 69 0
10520 6 0
7974 68 0
12340 11931 20
12186 11897 20
1327 6 0
13513 13143 20
7653 7654 13
11083 10825 20
11676 11411 22
10265 9748 23
5242 4323 22
9238 8771 21
1076 69 0
10208 9719 20
4570 4288 20
15890 15156 19
11092 68 0
16237 15752 22
13445 13162 20
12161 68 0
15522 15205 20
4462 68 0
547 228 20
633 107 20
4564 4288 20
15858 15272 21
1237 1073 22
13210 13113 20
15833 15225 21
8991 8735 20
5488 41 0
16874 16478 20
5526 41 0
13236 13121 21
11283 68 0
12574 11936 23
15839 15213 21
4825 4359 20
16747 68 0
5850 5432 20
10199 68 0
801 243 20
2276 1660 19
15297 47 0
16500 16339 19
9019 8658 19
5980 5467 20
17003 16352 22
12282 11973 20
4906 69 0
8321 7582 22
11740 11458 22
6600 6124 22
5992 68 0
15950 15162 22
12764 6 0
15357 68 0
11938 11877 17
6007 5456 20
9737 24 0
13456 13090 20
13140 4354 15
13248 13053 20
7736 7600 20
11238 10805 19
10767 9837 22
2785 6 0
6565 6083 22
15644 15156 19
4412 4415 13
11477 10940 20
10248 42 0
7698 47 0
5942 5362 19
781 235 20
1628 323 22
4016 6 0
4905 4305 20
15042 6 0
8163 7691 23
7373 6676 22
9151 8661 20
12688 12565 22
5864 5362 19
15841 42 0
2507 1661 21
11357 10850 20
11072 10805 19
16740 68 0
15110 6 0
1583 6 0
12699 11901 22
16796 16339 19
13260 13016 19
10628 9775 22
10997 10850 20
4436 4292 20
9094 8749 20
9096 8658 19
12015 12016 13
414 105 19
16738 16404 21
1997 1846 20
10312 51 0
12087 11982 20
16164 15773 22
16872 42 0
11531 10806 22
11761 10874 22
12448 11947 20
10717 6 0
8839 8677 20
10266 42 0
7861 7677 20
8149 42 0
485 68 0
8069 7571 19
14990 6 0
7301 7079 22
10346 51 0
7569 6780 22
624 258 20
8215 363 14
40 3 0
5265 4332 22
10264 986 14
16724 16447 20
11721 11489 22
7772 7691 20
17280 16472 22
1809 1812 13
15111 14647 22
14332 14010 20
475 323 21
162 166 14
2262 1862 20
8621 6 0
6264 5373 22
8901 8786 20
13290 13032 20
11258 10841 20
16723 16405 20
6460 5436 22
3758 42 0
7270 7104 22
15767 15194 20
17291 16828 22
4585 4388 20
8942 8661 20
10989 68 0
6059 945 14
4222 1 0
6477 6 0
1973 1868 20
3364 3024 20
13685 6 0
9098 68 0
126 132 15
8197 51 0
15858 51 0
2198 1856 20
8194 7571 19
6407 6043 22
3890 6 0
2146 68 0
735 384 20
14332 14087 20
9978 68 0
3532 68 0
10246 9739 21
16110 15209 22
6591 5500 22
2686 1710 22
10996 10893 20
13710 6 0
14450 14011 20
13200 13053 20
8368 7594 22
16582 16429 21
1031 269 14
16113 15852 22
6080 5511 20
12297 68 0
16636 16345 20
9941 9793 20
6041 239 14
4293 41 0
10981 10898 20
14209 13968 19
11698 6 0
7546 7160 22
675 105 19
10557 9753 22
9566 9212 22
5950 5392 20
10723 6 0
3746 3073 23
15435 15156 19
1958 68 0
17050 16863 22
8689 8658 17
12756 11912 22
3410 2944 19
16721 68 0
2548 6 0
9651 9193 22
2084 1762 20
13412 13016 19
898 257 20
14062 24 0
8801 8804 14
10200 9847 20
16992 16889 22
8017 7687 20
5713 5378 20
3445 2945 21
3248 2944 19
12873 11946 22
14343 68 0
2984 2486 15
14821 6 0
14149 13968 19
2555 1661 22
12490 10282 14
14463 14112 20
12568 69 0
9683 8765 22
3832 2960 22
7063 7064 14
7359 6672 22
11351 68 0
16753 16357 20
13538 13103 20
990 953 14
11055 10903 20
880 243 20
6334 5391 22
7698 7702 13
14501 14044 20
14822 6 0
11275 10815 21
15503 15227 20
3385 3153 20
12468 12023 20
16323 6 0
11164 68 0
14147 14048 20
12530 11988 20
10509 10295 22
406 105 19
9493 6 0
9137 8658 19
2483 1660 19
7227 6 0
10456 9727 22
467 368 20
16521 16341 20
15483 68 0
16832 16477 20
9245 8750 20
4711 4420 20
2182 1857 20
3436 68 0
8570 6 0
7959 7680 20
768 280 20
16169 15225 22
9024 8761 20
2658 6 0
985 144 20
2864 1797 22
10149 9748 20
11506 42 0
14267 14048 20
15727 15311 20
1557 270 22
4936 4937 14
360 105 17
3410 2946 20
15626 15200 20
12239 11917 20
14596 42 0
13199 13098 20
2234 1662 20
3046 9 0
15547 15258 20
13861 13096 22
1275 134 22
14077 3167 14
16585 16339 19
6714 24 0
3022 69 0
2171 1793 20
3490 2944 19
5521 24 0
1257 1013 22
3182 3055 20
16267 15257 22
16488 16362 20
1178 1179 14
14511 14053 20
2168 1817 20
3552 42 0
12088 68 0
2310 69 0
611 121 20
14890 6 0
6534 6 0
4732 4267 21
4484 4399 20
10984 10920 20
13467 13016 19
8750 41 0
7850 7671 21
8987 8780 20
6617 5520 22
1424 201 22
14310 13968 19
5875 5412 20
3297 2944 19
5401 4425 15
12110 11877 19
9409 9228 22
10279 42 0
8310 7577 22
13297 13016 19
11691 6 0
16588 16451 20
796 209 20
3412 3002 20
4127 3597 22
738 341 20
3801 6 0
11231 10805 19
10593 6 0
16759 68 0
15375 68 0
2910 2517 22
5298 6 0
9714 9717 13
226 230 13
4226 24 0
5687 5432 20
10886 41 0
7840 7671 21
12197 11877 19
11495 1879 14
12835 12502 22
6269 6 0
8879 8687 20
12360 11948 20
5820 5362 19
10487 9735 22
9306 8762 20
905 68 0
17113 16388 22
4900 4405 20
6426 6 0
3512 3036 20
3451 68 0
2225 68 0
7910 7668 20
5455 5457 13
13598 6 0
7147 6632 19
9966 9847 20
16687 16344 20
13458 13016 19
7010 6704 20
14717 14013 21
14711 42 0
14202 68 0
11282 68 0
15470 15304 20
1912 68 0
15841 15156 19
14901 14655 22
12433 12006 20
7320 6 0
12500 11955 21
9076 68 0
3981 3008 22
11418 10872 20
13569 13050 20
13232 68 0
15191 2392 16
8131 7571 19
7366 7084 22
9095 8745 20
13521 13137 21
9775 9 0
6004 5515 20
6690 981 15
1578 980 22
16534 16426 20
14553 13968 19
15740 15262 20
3858 2965 22
5959 68 0
9047 8658 19
440 304 20
10121 9777 20
9246 8744 21
2873 1803 22
4302 4306 14
4 35 6
3238 68 0
1267 1162 22
13386 13158 20
12349 11957 20
13286 13138 20
934 69 0
13093 2292 15
15292 15295 13
5930 5383 20
1152 234 21
3949 3735 22
15794 42 0
8176 69 0
15897 15161 20
2166 1660 19
12151 11939 20
7985 7571 19
10265 9841 21
15963 15167 22
7934 7573 20
7093 6737 20
8213 7571 19
11329 10805 19
10049 68 0
2090 1660 19
6925 6632 19
2489 1750 23
5688 5362 19
9625 6 0
450 148 21
9822 41 0
12692 11901 22
12789 12482 22
3541 2944 19
11438 10805 19
155 161 15
9234 62 0
5878 5420 20
4397 4398 13
16213 6 0
2945 132 14
1083 222 20
14184 14092 21
10985 10821 20
5657 5421 20
3213 2944 19
2059 1660 19
3616 2975 20
5834 68 0
9891 9728 20
15534 68 0
15024 14707 22
3203 3025 20
7190 51 0
4209 3136 22
6553 6206 22
2538 54 0
15728 15159 20
11207 10915 20
13325 13102 20
12774 11916 22
16475 10323 16
10869 8144 14
11007 68 0
3028 69 0
2553 1661 22
10558 6 0
13941 13519 22
7729 7684 20
11300 10805 19
15582 15188 20
7599 7571 17
8812 8756 20
1710 9 0
17031 16360 22
14777 14656 22
771 163 20
3572 51 0
2303 1776 20
13498 13016 19
14529 14061 20
14219 13968 19
7382 7158 22
11342 10885 20
6080 51 0
5149 4869 22
15200 24 0
2703 1717 22
2781 1748 22
1847 41 0
13689 13040 22
9045 8745 20
4030 6 0
561 265 20
9449 9271 22
7999 7618 20
6727 7 0
16071 15770 22
16844 51 0
16886 16471 20
13796 13072 22
2513 1682 23
4673 4368 20
4864 4304 20
1507 6 0
5915 68 0
13416 13049 20
712 250 20
4766 4393 20
3283 3163 20
11802 10892 22
13442 13060 20
5592 5402 20
15248 7 0
3430 3082 20
309 310 13
13596 13017 22
10215 9712 20
8091 7644 20
788 105 19
10075 9710 19
14666 42 0
2325 1660 19
5601 5467 20
11309 10821 20
16689 16476 20
530 221 20
15980 15894 22
16910 16474 20
10016 9777 20
13308 13056 21
6984 68 0
8827 8729 20
1187 197 20
16607 16339 19
11376 277 14
2913 1833 22
10981 68 0
2789 6 0
5037 6 0
7079 6741 23
6537 6 0
16490 16447 20
3693 62 0
16718 68 0
1145 51 0
12046 68 0
6918 6760 20
2116 1816 20
3958 6 0
16370 13069 16
9368 6 0
14653 14123 20
11023 10861 20
2204 1773 20
6563 6086 22
3178 2985 20
5308 4878 22
11113 68 0
16615 68 0
15671 15223 20
2675 6 0
16699 16473 20
9306 8658 19
6232 6077 22
16424 16427 13
9226 8759 21
15967 15798 22
11456 10853 21
8360 6 0
9599 8728 22
7889 68 0
528 349 20
12271 68 0
12840 6 0
15705 15254 20
8612 6 0
16524 68 0
15615 15156 19
16706 16390 20
4850 62 0
9042 8749 20
17139 16401 22
15608 15273 20
15112 14609 22
11456 4894 14
11313 68 0
12851 12502 22
2287 1828 20
1455 220 22
13247 13016 19
12282 11917 20
729 170 20
10118 68 0
15382 15246 20
4167 3096 22
11321 10805 19
7878 68 0
6822 68 0
4803 69 0
2059 68 0
5886 5530 20
220 105 17
3522 3118 20
3136 1131 14
8815 8658 19
8584 6 0
9883 9710 19
6909 6728 20
11505 10805 19
17106 16911 22
11736 11444 22
1037 69 0
11063 10845 20
5999 5451 20
5881 5405 21
12686 12543 22
11152 10805 19
916 249 20
2620 6 0
7483 7115 22
15795 15257 21
17125 16870 22
15009 14043 22
5708 5487 20
12804 6 0
9969 9715 20
4453 4399 20
10215 9797 20
4877 42 0
9991 9814 20
15137 6 0
3488 2944 19
14008 41 0
2448 1769 20
14511 14093 20
6485 6055 22
2397 1813 20
12807 6 0
16082 15758 22
317 24 0
15268 15156 17
3475 2986 20
13490 13135 20
537 105 19
15712 15223 20
5853 5421 20
14449 14088 20
2096 68 0
16503 68 0
12159 11877 19
15463 15303 20
4862 4261 21
3429 2944 19
3641 62 0
14968 14030 22
10541 6 0
5405 5406 13
15084 14659 22
14214 14111 20
14846 6 0
3371 2944 19
10096 68 0
4239 4242 13
10288 9714 21
17051 16923 22
12231 11894 20
9116 8749 20
9248 8658 19
544 325 20
11049 68 0
11315 10805 19
2014 1660 19
4708 4296 20
13190 68 0
1427 6 0
12152 68 0
7635 41 0
13562 13047 21
13495 7602 14
14194 13993 20
2275 68 0
3440 2960 21
13258 13016 19
11901 11902 13
458 228 20
9044 8752 20
3688 42 0
8878 8780 20
16901 62 0
15896 15194 20
1067 335 20
13224 13147 20
8822 8681 20
3267 3061 20
113 115 13
16759 16421 20
6941 6720 20
3376 68 0
10171 9710 19
15498 15164 20
16583 16339 19
10152 68 0
3502 3001 21
5829 5509 20
6823 6632 19
4641 4297 20
7728 7571 19
4948 42 0
14848 14714 22
1427 1154 22
15902 15156 12
6100 5385 20
14711 13968 19
9398 6 0
12563 11927 20
10008 9710 19
13730 6 0
3498 3031 20
16978 16347 22
13072 13073 13
12791 11920 22
3291 68 0
16340 1872 14
919 348 20
16898 16454 21
2794 1755 22
13145 13034 15
14345 13970 20
931 187 23
14173 14081 21
6832 6760 20
10183 9802 20
4402 979 14
3526 3112 20
14517 68 0
10417 9718 22
12143 11956 20
8295 7577 22
7099 7100 14
13196 13138 20
8962 8699 20
11132 10805 19
4665 4223 19
7958 7599 21
795 317 20
1485 6 0
4083 3046 22
15657 68 0
17028 6 0
6020 68 0
16423 41 0
16644 16476 20
7460 6 0
12579 42 0
13462 13162 20
6943 6721 20
8313 6 0
6856 6649 20
8855 8767 20
7431 7179 22
3375 68 0
3198 3132 20
1099 292 21
14737 54 0
2254 68 0
4502 4372 21
3522 3126 20
15257 15260 13
14461 13968 19
4559 4263 20
3493 2965 21
14438 14111 20
1085 42 0
12909 6 0
8228 42 0
14355 14053 20
12028 12020 20
8923 8681 20
12074 68 0
15487 68 0
7625 41 0
15745 15312 20
11597 10819 22
16834 16466 20
2393 1870 20
3325 2944 19
10257 51 0
10278 9710 19
11048 10817 20
10338 932 14
8172 51 0
11475 51 0
12262 11877 19
8015 7571 19
4312 4223 17
7688 41 0
1062 105 19
8553 7643 22
8904 68 0
14182 13968 19
855 68 0
6174 5408 20
15078 14065 22
15340 68 0
2060 1660 19
6869 6761 20
7784 68 0
16457 41 0
13173 68 0
16324 15282 22
15909 15156 12
7162 6693 20
7882 7695 20
1981 1660 19
3491 68 0
6832 68 0
4595 4223 19
12196 11978 20
16083 15795 22
2401 1800 20
11344 68 0
5229 4317 22
8230 4418 14
3235 3083 20
12391 11877 19
3358 68 0
15476 15284 20
13188 13037 20
8162 69 0
13217 68 0
755 105 19
14162 14088 20
15136 6 0
6751 2411 16
5664 5362 19
13551 13059 21
3856 6 0
11210 10841 20
6049 6050 14
1198 54 0
14001 995 15
5138 4286 22
12685 11896 22
1110 42 0
9601 6 0
13306 68 0
2239 1660 19
11364 10880 21
12534 995 14
2644 6 0
4806 42 0
4609 4387 20
8143 7597 20
13468 381 14
967 144 20
3540 68 0
1967 68 0
460 68 0
11133 10854 20
1472 1145 22
663 325 20
6073 5506 20
108 41 0
17168 16408 22
6598 5504 22
5781 5362 19
1099 1100 14
14017 13968 17
16989 16347 22
11018 10805 19
3186 68 0
9474 6 0
573 68 0
10194 9720 20
16909 16339 19
15549 15156 19
17272 6 0
13758 13056 22
9104 8776 20
11734 10865 22
8295 6 0
8765 8768 13
14871 14001 22
3200 2944 19
11195 68 0
6924 6753 20
8567 6 0
4529 4223 19
16818 51 0
5615 68 0
10231 9731 21
3581 3165 20
1576 6 0
10052 9710 19
11348 10805 19
1079 356 20
5193 4307 22
1044 42 0
11361 68 0
2454 1783 20
14186 13968 19
12431 12019 20
15096 14077 22
15361 15163 20
12958 11976 22
2371 62 0
1700 1660 17
11046 10915 20
241 105 17
670 114 20
5885 5530 20
16108 15209 22
2077 1660 19
2786 2504 22
5945 68 0
11026 10898 20
8862 68 0
4634 4333 20
16789 68 0
9961 9805 20
2527 1856 23
514 105 19
16450 16453 13
2204 68 0
13403 13078 20
2086 1660 19
13987 13988 13
5224 4317 22
13473 13043 20
7844 7584 20
16728 16421 20
2249 1804 20
1150 385 20
14026 14028 13
15339 15241 20
806 150 20
8192 953 14
2029 1660 19
13375 13018 20
8012 7592 20
1673 69 0
9813 9816 13
10980 10893 20
2487 51 0
802 120 20
7677 24 0
13543 13100 20
8759 8762 13
15876 15272 21
13511 13121 21
9895 9723 20
11512 54 0
4676 4318 20
10100 9798 20
10135 9710 19
3081 3085 13
13240 13133 20
9761 41 0
4295 4298 13
2125 1799 20
13316 13031 20
10006 9710 19
13552 42 0
1983 1689 20
2738 6 0
15827 15257 21
14450 13968 19
6159 5422 20
6878 6721 20
5464 41 0
7022 6667 20
10068 9710 19
9907 9768 20
15209 15156 17
7947 7683 20
9196 42 0
2198 1772 21
9230 8787 20
13553 13129 20
11094 10916 20
12809 6 0
12207 68 0
10341 9829 21
13470 13147 23
5137 6 0
3266 2965 21
7914 68 0
4275 41 0
11008 10918 21
6757 24 0
5864 5393 20
15631 15299 20
12083 11978 20
11761 11421 22
16811 16414 20
8460 6 0
4834 4410 20
12643 11888 22
427 105 19
7419 6 0
14841 14698 22
10042 68 0
6062 42 0
11065 68 0
5911 68 0
431 150 20
3477 68 0
15834 42 0
12474 7666 14
14647 14095 20
15639 15183 20
11829 10908 22
11099 10910 20
12944 11967 22
15778 15181 21
11299 10805 19
11306 10825 20
10238 1184 14
6038 3694 14
12723 12524 22
6265 6 0
11095 10821 20
14470 14002 20
5630 5428 20
2711 1717 22
7900 7611 20
10940 41 0
15268 1672 15
873 114 20
6813 6632 19
12379 12012 20
14944 14678 22
16581 16367 20
4845 42 0
11421 7666 14
11114 10805 19
11436 62 0
5644 5383 20
3471 3065 20
6163 42 0
2021 1683 20
15057 14056 22
9184 8756 20
4171 3712 22
2971 69 0
16105 6 0
7867 7571 19
13439 13098 20
11278 10924 20
11090 10805 19
6680 3579 15
14547 14014 20
2029 1731 20
15721 15262 20
6900 6708 20
3174 3019 20
13798 6 0
12327 11892 21
3397 68 0
14645 14030 21
8037 7573 20
8416 7607 22
15880 15198 20
4526 4223 19
1166 273 20
591 68 0
8151 7571 19
9139 8729 20
240 69 0
8211 7571 19
13211 68 0
6558 6139 22
9688 8771 22
5207 4312 22
15402 15279 21
906 378 20
498 341 20
15932 15862 22
11001 68 0
4373 24 0
14868 14628 22
12720 6 0
14847 13996 22
3219 68 0
557 271 20
7772 7592 20
11439 42 0
7947 7640 21
6673 24 0
8124 7648 20
11310 10805 19
13645 13030 22
6719 960 16
469 265 20
12982 12473 22
3883 2972 22
1929 1660 19
8257 7571 12
12054 11885 20
438 127 20
2190 1846 20
14413 14108 20
7860 7584 20
6313 5387 22
1172 69 0
853 178 20
4229 40 0
2543 2520 22
2088 1749 20
4195 3568 22
16499 16476 20
4850 4360 20
11920 10334 16
12727 6 0
3453 2995 20
679 257 20
15564 68 0
11073 10805 19
6268 5373 22
316 322 16
10304 9823 21
10178 9710 19
512 68 0
15344 15156 19
835 127 20
1320 1027 22
15663 15265 21
9970 9710 19
2182 1828 20
8065 7571 19
10289 42 0
10285 9840 20
141 143 13
10067 9793 20
3557 3054 21
12426 68 0
5733 5427 20
7849 68 0
4714 68 0
9282 8662 20
6980 6632 19
6129 1716 14
16225 6 0
2709 2501 22
840 287 20
12386 11877 19
5832 5491 20
3495 3083 20
764 332 20
2002 68 0
3637 1699 14
12211 12019 20
7575 41 0
10618 6 0
11013 10866 20
9061 8797 20
14314 14108 20
475 304 20
13834 13086 22
10957 10945 20
7840 7578 20
1322 155 22
13344 68 0
8583 7653 22
4597 4413 20
7173 42 0
392 303 21
13930 13126 22
11076 10805 19
3380 3090 20
4171 3589 22
7859 7571 19
626 68 0
1872 69 0
4854 4305 20
9604 8728 22
4111 3751 22
11057 10805 19
7157 6762 20
5056 4254 22
6996 6686 20
11124 68 0
15442 15205 20
6034 5456 23
1298 141 22
6469 6142 22
16042 15838 22
14885 6 0
16557 16411 21
7492 6712 22
8583 6 0
12335 12011 20
16379 12509 16
3710 2981 20
90 73 0
6163 5548 20
9388 6 0
2030 68 0
2753 1737 22
11410 10880 21
14580 14036 20
7176 6644 21
14047 13968 17
13934 13126 22
5783 5398 20
13546 13016 19
7016 6632 19
13183 13016 19
3766 54 0
15586 15210 20
16063 6 0
17141 6 0
752 105 19
8098 7577 21
4873 4247 21
2446 42 0
3617 2944 19
9627 6 0
5636 5446 20
3685 3050 20
4058 3557 22
13191 13073 20
16676 16430 20
14656 42 0
13323 13016 19
13512 9860 14
14179 14040 20
13628 13511 22
15529 15304 20
11469 62 0
13017 1146 15
502 163 20
9727 9729 13
16768 16339 19
12673 12494 22
16823 16483 20
3620 42 0
4067 3041 22
9059 8658 19
6305 6079 22
443 354 20
12483 2441 14
1896 1731 20
5331 4383 22
4744 68 0
11501 51 0
2063 1682 20
2386 51 0
10562 9757 22
13945 6 0
11277 10893 20
15892 15263 20
4604 4408 20
647 325 20
12637 6 0
16637 68 0
15349 15294 20
17046 6 0
3686 3057 20
7144 6632 19
3170 2946 20
13526 13096 21
13101 13102 13
5165 6 0
2524 2500 14
15593 68 0
542 297 21
4852 4293 20
9483 8697 22
3345 2967 20
6063 5379 20
3769 54 0
16887 4891 14
13292 68 0
16701 68 0
16735 16339 19
4360 41 0
6750 69 0
16581 16469 20
3797 3691 22
16070 6 0
6133 69 0
11335 10893 20
14610 14063 20
14245 13968 19
792 105 19
2140 1700 21
15781 15782 14
3305 2944 19
8755 7 0
16515 16339 19
9313 69 0
11481 42 0
12124 11877 19
5716 5362 19
3288 3082 20
16454 7 0
7947 7571 19
3676 3084 20
416 186 20
13406 13110 20
7087 51 0
14672 14123 20
10223 9747 21
6289 5377 22
11006 10865 21
13256 13158 20
11992 11994 13
8197 7638 20
4529 4373 20
16765 16339 19
10415 6 0
13902 6 0
4412 47 0
6873 6632 19
11423 42 0
6155 5474 20
4924 4400 20
4527 68 0
9055 8714 20
4377 4379 13
16513 16339 19
9156 8721 20
705 68 0
3962 3001 22
6002 68 0
10121 9866 20
15013 14043 22
5608 5362 19
7874 7651 20
8888 68 0
12110 12002 20
17093 6 0
14532 14128 20
9104 8781 20
14607 2310 14
13937 13132 22
4471 4329 20
14167 13968 19
7122 69 0
10057 9820 20
5338 6 0
15744 15156 19
10588 9763 22
9129 8802 20
11121 10933 20
11372 10947 20
11989 1020 15
2214 68 0
2412 1852 20
466 68 0
3337 3073 20
13978 41 0
16711 16473 20
4574 68 0
3646 2944 19
8334 7586 22
12372 11877 19
5233 6 0
248 250 13
7053 6632 19
2228 1749 20
4046 6 0
15449 15283 20
6655 41 0
17179 6 0
15750 15289 20
13697 13044 22
15736 68 0
4185 6 0
16459 47 0
2087 68 0
522 187 20
10351 9724 23
11198 68 0
4019 3023 22
4061 6 0
5436 5437 13
12508 12509 14
13222 68 0
14995 6 0
7183 2427 14
7953 7618 20
14924 14673 22
2375 1670 20
11089 10903 20
13826 13086 22
1166 42 0
12012 24 0
10133 9719 20
7326 6662 22
185 105 17
6263 5373 22
5224 6 0
3071 7 0
11515 10805 12
499 265 20
16536 16339 19
14578 13968 19
2419 2420 14
15872 4278 14
4041 3696 22
16828 42 0
10573 6 0
11260 68 0
3324 68 0
2331 42 0
3765 2944 19
1378 6 0
16735 68 0
11083 10805 19
11292 10821 20
2118 1702 20
10398 9714 22
4968 4224 22
14218 14120 20
2942 2391 22
2501 42 0
15191 6050 14
4673 4269 20
3191 68 0
10354 10355 14
4687 4313 20
12705 12585 22
7594 7571 17
6579 5490 22
14345 14006 20
7030 6632 19
1984 1675 20
1654 1096 22
8322 8188 22
8971 8694 20
15231 41 0
16677 16339 19
6085 5486 21
4443 68 0
6327 6072 22
2519 1707 23
2314 2315 14
14363 14036 20
6746 7 0
7154 6656 20
11775 6 0
8402 8135 22
7039 6708 20
6767 6632 17
15680 15274 20
13437 68 0
12211 12012 20
9679 6 0
16147 15752 22
15839 42 0
3927 2990 22
13202 68 0
4591 4388 20
11126 10805 19
9588 9305 22
8186 7667 21
12343 12023 20
15670 15156 19
6873 6747 20
14555 14045 20
4626 4308 20
3997 3653 22
8771 6046 14
6832 6728 20
8948 68 0
391 271 20
770 150 20
15304 24 0
5727 5402 20
10480 9735 22
7675 7571 17
7059 6644 21
7992 7574 20
8708 69 0
13931 6 0
15453 15187 20
11355 10876 20
4522 68 0
5839 5515 20
3910 2984 22
2370 51 0
10003 9724 20
2445 1186 14
900 202 20
14482 68 0
11257 68 0
16128 15845 22
10116 9838 20
8105 7571 19
12375 11913 20
6197 5373 21
1162 62 0
10408 9714 22
15676 15156 19
856 293 20
2156 1660 19
394 68 0
6003 5412 20
3686 3687 14
16772 16339 19
10259 42 0
16535 68 0
15673 15294 20
8405 7603 22
16832 42 0
12018 47 0
12141 12023 20
6494 6154 22
3679 2944 19
11015 10910 20
12430 12003 20
1962 1851 20
1284 6 0
16588 68 0
3520 68 0
16071 15195 22
4471 4392 21
12517 11954 20
4273 4223 17
2106 1846 20
16386 41 0
12617 6 0
971 115 20
4798 4227 20
12601 54 0
6411 6 0
5682 68 0
7460 7113 22
7822 7571 19
5725 68 0
14867 14637 22
777 121 20
5659 5362 19
3671 69 0
13921 6 0
10207 9710 19
695 120 20
15014 6 0
12541 42 0
6197 5517 20
6817 6632 19
12155 11877 19
3232 3153 20
2200 1660 19
15421 15248 21
9216 8728 21
15584 15178 20
10160 68 0
14912 6 0
10251 42 0
6199 6200 14
15753 42 0
2345 1733 20
1995 1660 19
15833 15296 20
14239 68 0
14514 13997 20
2487 1684 20
16767 16401 21
6014 5514 20
6174 5419 21
2003 68 0
4613 68 0
16337 15310 22
4661 4249 20
13525 42 0
12478 4401 14
10795 6 0
10960 68 0
12691 6 0
5629 5541 20
7735 7644 20
5223 4900 22
1998 1690 20
2575 1668 22
1182 294 20
6931 6765 20
1052 42 0
8626 6 0
6893 6692 20
9969 9830 20
8676 40 0
818 349 20
6666 1059 14
8035 7604 20
5513 5515 13
7982 7607 21
16081 6 0
2252 1757 20
14593 13969 21
16116 6 0
8976 8698 20
9277 8672 21
16752 16344 20
14820 13987 22
5078 4261 22
7500 6 0
13354 13016 19
7825 68 0
6131 5367 20
4437 4414 20
17074 6 0
10060 9824 20
1734 69 0
15342 68 0
4435 4368 20
1091 51 0
14632 14023 20
6153 5362 19
9492 6 0
9311 8675 20
10005 9710 19
4994 4229 22
5748 68 0
692 105 19
12677 11896 22
2818 2501 22
2275 1781 20
9750 41 0
11424 10899 20
1918 1724 20
11504 42 0
2296 51 0
7838 7699 20
10952 10805 17
7333 6662 22
14427 14027 20
4944 4275 20
12724 12476 22
4582 4313 20
6517 5455 22
7461 6 0
16598 68 0
3603 3029 21
16187 15229 22
12230 11877 19
8889 8686 20
16575 16339 19
8945 8680 20
9812 69 0
12687 11896 22
13198 13031 20
6131 42 0
13480 13136 20
14146 14103 20
13731 13494 22
17001 16352 22
14386 14045 20
49 39 1
2341 2342 14
8709 1877 16
17058 6 0
7725 7641 20
2380 1660 19
14047 9 0
11123 10805 19
10224 10225 14
15591 15274 20
4534 4225 20
13400 13031 20
9153 8760 20
12540 42 0
15279 15156 17
87 77 0
915 105 19
10070 9768 20
11912 6745 15
878 68 0
4123 6 0
1899 68 0
11390 10805 19
3960 3001 22
13991 13968 17
3049 41 0
2313 1809 21
13393 13016 19
1250 119 22
12846 11938 22
12047 11877 19
5494 7 0
15434 15253 20
494 107 20
8279 8199 22
11892 1047 14
13863 13096 22
16749 16469 20
8585 8125 22
8311 6 0
15537 68 0
12563 11919 20
2342 69 0
12291 11879 20
3333 2944 19
16588 16460 20
3509 3148 20
11206 10920 20
7893 7571 19
15856 15156 19
6596 5504 22
7432 6695 22
15513 15169 20
657 107 20
9280 42 0
9974 68 0
1290 6 0
3763 3064 21
11640 10830 22
6879 6748 20
6733 69 0
11051 10805 19
15878 15248 21
13185 13016 19
6201 5430 20
48 3 0
9170 8658 19
5535 5536 13
9611 6 0
7379 6680 22
1809 1814 15
12405 68 0
15883 15195 21
11501 10935 20
5066 4854 22
5631 5362 19
12149 12019 20
16922 42 0
12879 6 0
3418 68 0
11293 10866 20
5044 4247 22
7667 116 15
471 68 0
16460 24 0
7869 7668 20
10892 10893 13
11359 68 0
3662 2972 21
7744 7571 19
12254 11889 20
10082 9820 20
13753 13056 22
17144 6 0
13105 5381 16
12539 7129 14
10056 9744 20
5363 3122 14
11399 10921 20
5309 6 0
16433 16339 17
11375 10805 19
484 121 20
8106 7704 20
8827 8753 20
2351 1842 20
13683 13486 22
14541 14045 20
792 258 20
14812 13987 22
666 271 20
5238 6 0
650 105 19
5742 5490 21
2106 1660 19
11248 10820 20
4434 4288 20
15282 1014 16
10136 68 0
15324 15293 20
10209 9710 19
12251 11976 21
1943 1712 20
3319 3041 21
13668 13539 22
1305 6 0
286 290 15
3768 54 0
1180 105 19
11373 1159 14
10074 9736 20
9029 8661 20
12208 12003 20
6613 5520 22
2430 42 0
993 105 19
4828 4289 20
14628 14063 20
15797 15239 20
11128 10938 20
1091 1016 14
3756 69 0
16852 7189 14
4730 4374 20
15881 15184 20
5830 5502 20
5840 5362 19
2477 1769 20
12098 12020 20
1063 201 21
2417 1869 20
1973 1712 20
16835 42 0
16135 6 0
15579 15262 20
6084 2360 14
13901 13525 22
3342 3046 21
898 68 0
7255 6 0
12290 11936 20
9257 8659 21
14266 68 0
9515 8709 22
4573 4352 20
7513 7145 22
14928 6 0
16902 3639 14
15624 15156 19
16649 16390 20
7481 6 0
15049 14602 22
12152 11905 20
791 135 20
14749 6 0
5638 5505 20
14605 14096 20
4465 4399 20
6266 5373 22
14321 68 0
12438 11943 20
836 368 20
16648 16444 20
12457 68 0
4578 4324 20
12465 11944 20
10050 9857 20
14212 14014 20
10705 10251 22
11424 10876 23
16753 16420 20
12288 11885 20
6029 5408 20
14324 14010 20
3411 2960 21
13431 68 0
14302 14102 20
1909 1816 20
13556 322 14
873 340 20
11157 10933 20
439 349 20
14190 13968 19
14755 14661 22
271 24 0
433 257 20
8879 8704 20
163 24 0
5476 69 0
15871 15156 19
12820 6 0
16518 16385 20
15199 3656 14
12106 11877 19
8486 6 0
14318 14079 20
17203 16424 22
9032 8729 20
7984 7571 19
3171 3090 20
2866 1797 22
10469 10349 22
4467 4374 20
12542 2344 14
1219 113 22
11403 10805 19
13296 13041 20
9305 8769 20
8253 42 0
1144 69 0
1213 6 0
3723 3116 21
10035 9857 20
1952 1660 19
2806 1761 22
12083 12020 20
15916 15157 22
10823 10825 13
7662 7663 13
4989 4229 22
13476 13060 23
16451 24 0
11955 11877 17
1000 1001 14
6444 6028 22
9145 68 0
14506 14103 20
5142 4941 22
7926 7655 20
888 354 20
5096 6 0
11442 10806 21
387 69 0
14747 14657 22
2626 1688 22
10265 9738 20
16603 16353 20
141 40 0
14101 7 0
16545 16468 20
4536 4247 21
3304 3163 20
8298 7577 22
6625 6 0
17148 6 0
1950 1786 21
4905 51 0
2041 1662 20
10010 9768 20
13424 13155 20
6835 6634 20
9439 9214 22
5733 5362 19
13364 13036 20
15360 68 0
2431 69 0
11365 10925 20
8168 7574 23
5605 5473 20
7081 6666 21
54 3 0
5900 5417 20
5183 6 0
8242 7649 20
15686 15238 20
10584 10316 22
9735 2437 16
8211 62 0
6271 6146 22
6986 6632 19
16880 16350 20
3408 3048 20
14440 13968 19
5290 6 0
12157 11982 20
13386 68 0
4468 4413 20
3700 3054 21
8796 8798 13
11364 10922 20
7869 7691 20
6062 5508 21
11479 10848 21
9233 8658 19
3559 3078 20
8061 7571 19
2264 1711 20
8883 8772 20
11900 69 0
11085 10875 20
6129 5362 19
15534 15254 20
10009 9715 20
1474 226 22
1288 134 22
7640 5410 15
16497 16339 19
14232 14045 20
6418 6 0
15421 15156 19
10023 68 0
12377 68 0
15544 15156 19
2016 68 0
260 41 0
5722 5374 20
15445 15283 20
12768 11916 22
8993 8658 19
10280 69 0
1002 105 19
3303 2985 20
1593 6 0
16830 175 14
8972 8658 19
4780 4249 20
12878 11946 22
14905 6 0
15750 42 0
758 105 19
3041 3045 16
9196 8662 20
12494 62 0
15746 15211 20
3116 3120 13
9281 8705 20
9420 6 0
8115 7571 19
14204 13968 19
4620 4373 20
206 69 0
3777 2944 12
12525 11877 19
3323 3118 20
15502 15312 20
11465 10805 19
10040 9736 20
14634 13968 19
6184 132 14
6499 6063 22
17012 16356 22
7906 7573 20
13047 13016 17
8077 7710 20
7773 7622 20
12954 12565 22
7259 6644 22
12619 12588 22
16728 16339 19
14640 9291 14
7845 7571 19
4087 3724 22
9634 8739 22
11112 10920 20
13773 6 0
9564 9259 22
14883 14714 22
3786 2945 22
8866 8740 20
5500 7 0
11102 10805 19
10719 10220 22
7135 6662 21
13685 13512 22
6241 6196 22
15872 15156 19
16586 16421 20
10528 9747 22
17269 16832 22
15756 15157 21
6957 6654 20
2725 1723 22
11115 68 0
1948 68 0
15685 15223 20
3533 3126 20
15801 2392 14
3269 3148 20
14875 14001 22
8328 8173 22
6049 5458 20
14219 14003 20
14690 5400 14
15833 15156 19
16802 16412 20
6520 6187 22
7576 41 0
13531 13111 20
9521 6 0
3184 3116 21
13128 24 0
15517 15249 20
12199 11877 19
7773 7571 19
8875 68 0
5688 68 0
13791 13064 22
1792 1125 15
12443 11963 20
5565 5502 20
12862 11942 22
2448 1870 20
15556 15182 20
15741 68 0
16009 6 0
8203 7070 14
7787 68 0
4225 24 0
17228 6 0
7690 24 0
8966 68 0
1865 69 0
13916 13568 22
11606 11411 22
1777 69 0
8997 8686 20
13455 13037 20
9025 8760 20
4882 4223 19
12033 11940 20
12653 11888 22
3468 68 0
10290 9822 20
12472 11916 21
12234 68 0
1317 6 0
6909 68 0
884 333 20
14966 14030 22
3765 3010 20
9819 9822 13
1092 334 20
4708 4255 20
3394 3024 20
4849 4409 20
5305 6 0
9708 8801 22
3349 3117 20
12112 11948 20
2878 6 0
9305 8742 20
15660 15187 20
12275 12020 20
4745 4378 20
9253 8731 20
347 352 15
1169 105 19
3615 3166 20
14256 13968 19
8111 7586 21
12403 68 0
869 68 0
3492 3030 20
13166 13077 20
2706 6 0
10796 9856 22
6695 1666 16
16362 24 0
15449 15156 19
6881 6773 20
3939 6 0
1206 998 22
17259 16454 22
780 384 20
2551 2343 22
12428 11902 20
11573 10815 22
2821 1767 22
6812 68 0
10071 68 0
10853 213 14
16737 16444 20
11481 10922 20
16269 15257 22
15424 15258 20
3124 2944 17
3681 3159 20
476 348 20
4663 4269 20
5296 4808 22
2313 1870 20
7252 6 0
11888 174 14
4197 3116 22
11001 10915 20
119 105 17
12490 11899 20
10707 6 0
13828 6 0
16572 16348 20
11624 6 0
9270 51 0
12392 68 0
6264 6 0
6119 5429 20
5001 6 0
8151 51 0
6395 5411 22
3277 3072 20
11832 6 0
16988 6 0
11796 6 0
15158 24 0
9179 8661 20
83 78 10
1974 1834 20
2023 1731 20
12102 11998 20
2255 1781 20
8241 7658 21
17209 6 0
6381 5405 22
1592 6 0
14504 14087 20
9559 8717 22
5050 4254 22
9083 68 0
11254 10897 20
16001 6 0
3304 68 0
3416 2944 19
13470 62 0
11241 10805 19
16657 16452 20
9248 9249 14
6597 6 0
11622 11484 22
5419 5420 13
1358 162 22
6712 6717 14
7026 6728 20
11123 10839 21
75 13 8
15476 15201 20
4019 6 0
6666 6670 13
11042 10808 20
12710 6 0
12395 11879 20
6973 6648 21
946 292 21
2562 1668 22
13448 13127 20
7034 6777 20
14656 13976 21
3968 3008 22
8672 8674 13
10190 9710 19
10865 10868 13
12558 51 0
15005 6 0
10423 10298 22
14886 14005 22
4515 4223 19
7560 6755 22
10661 9785 22
14261 14079 20
4157 6 0
5782 5406 20
2463 1740 20
3367 3126 20
4714 4263 20
4182 3107 22
16574 16480 20
11299 10919 20
5188 6 0
13549 3045 14
4939 4223 19
6945 6685 20
14258 14040 20
3703 2944 19
2064 1702 20
8149 7571 19
11061 10896 21
5911 5505 20
13544 42 0
16223 15240 22
4660 68 0
4775 4223 19
5310 4367 22
16816 42 0
10867 41 0
10229 9817 20
10662 10332 22
11187 10824 20
745 249 20
9112 68 0
2824 1767 22
9272 42 0
16588 16339 19
15563 15272 21
7801 7600 20
12090 11917 20
10703 6 0
15691 15230 20
7792 7594 21
2288 68 0
3765 3091 20
2799 2357 22
1040 105 19
9939 9824 20
11198 10915 20
7800 7704 20
4547 4223 19
10208 9825 20
14855 14628 22
5430 41 0
10567 10320 22
7599 7601 13
1110 105 19
1505 982 22
16512 16412 20
737 368 20
2262 1707 20
2467 1697 20
2071 1768 20
9035 8658 19
11370 10805 19
5585 5370 20
1169 42 0
9183 68 0
6579 6 0
7123 6632 19
7714 68 0
13076 13080 13
4013 3023 22
9940 9857 20
2153 1875 20
248 249 13
4370 41 0
8211 7590 21
16544 16426 20
5428 24 0
9274 8692 20
5610 5362 19
9629 8739 22
11400 10806 21
5754 68 0
4477 4313 20
13480 13028 20
4885 4369 20
2009 1724 20
2247 1661 21
7797 7680 20
10819 10820 13
4430 4223 19
14258 14102 20
616 68 0
5477 5479 13
15028 6 0
10133 9710 19
7275 6648 22
7708 47 0
6155 5438 20
5714 5362 19
13288 13128 20
234 105 17
15462 15233 20
14242 13968 19
11574 11499 22
42 43 1
14378 14052 20
16411 16413 13
11054 10924 20
15690 15262 20
10427 6 0
11605 6 0
17129 6 0
4741 4420 20
14413 14061 20
11962 4259 15
2048 1669 20
9001 8658 19
5845 5515 20
10961 10805 19
2702 1717 22
13137 7 0
9234 9235 14
14436 68 0
1386 6 0
846 68 0
140 69 0
11169 10869 21
16150 15760 22
14150 14010 20
3425 3154 20
2072 1725 20
8718 24 0
3536 2944 19
12474 11878 21
1482 226 22
8191 42 0
8225 7571 19
7073 6632 19
9909 9724 20
5048 6 0
12170 11944 20
6394 5411 22
10126 9857 20
10353 9710 19
1378 1099 22
13307 13133 20
5894 5432 20
15626 15227 20
4596 4413 20
15569 15182 20
13504 13103 20
1772 1660 17
4323 949 15
14200 13968 19
10157 9736 20
5577 5362 19
7730 7710 20
11483 306 14
16719 68 0
11904 2300 16
12798 12533 22
12392 11968 20
15880 62 0
15466 15156 19
10200 9765 20
6940 6736 20
11702 11403 22
1970 1660 19
11025 10893 20
15154 6 0
16463 16466 13
14518 14035 20
16674 16476 20
9188 8688 20
2095 1717 21
5557 5515 20
1962 68 0
6189 5448 20
3478 3111 21
5580 68 0
12535 11992 21
16665 16464 20
13040 40 0
13688 13468 22
16690 16339 19
15420 15303 20
13865 13547 22
1314 6 0
10839 10842 13
4972 6 0
13660 6 0
2230 68 0
8709 8712 13
9423 6 0
2756 6 0
15805 15156 19
5920 5362 19
625 68 0
10980 68 0
17055 16819 22
4836 62 0
7143 6742 20
11373 42 0
7643 2964 14
15297 15301 13
12146 11877 19
339 7 0
3553 1699 14
17179 16878 22
13260 13133 20
14582 13968 19
2280 1738 20
15209 9 0
6797 68 0
207 208 13
6934 6708 20
8914 8721 20
2340 69 0
4656 4378 20
7909 7690 20
5639 68 0
3740 3020 20
4738 4223 19
12093 11990 20
13641 13026 22
5964 5362 19
9123 68 0
13179 13016 19
1116 105 19
15071 14694 22
2322 62 0
4511 4223 19
687 105 19
3714 2944 19
16487 41 0
2055 1804 20
417 384 20
12033 11877 19
8348 7590 22
16360 16364 13
5164 4295 22
6657 6660 13
11535 10806 22
15419 15230 20
5559 5471 21
7965 7671 21
13375 13016 19
7289 6648 22
7050 6713 20
3812 2954 22
4552 68 0
5002 4235 22
12489 42 0
2763 1743 22
11318 10840 20
9181 68 0
15345 68 0
2129 1660 19
11380 42 0
1058 119 21
8907 8735 20
16673 16339 19
15491 15288 20
6338 6066 22
622 68 0
9108 8749 20
14503 14088 20
2279 1702 20
13350 13147 20
794 341 20
12186 11943 20
10986 10821 20
15344 68 0
4775 68 0
2672 1706 22
6622 5535 22
3172 3164 20
15974 15860 22
16892 16478 20
8158 7628 21
16762 68 0
4010 6 0
1268 126 22
5649 5478 20
2259 1695 20
2345 1713 20
7071 6632 19
13442 13041 20
5022 4239 22
5574 5411 21
3669 3114 20
13935 13487 22
15475 68 0
2286 1663 20
3500 2944 19
16256 15252 22
14729 13968 12
12091 11879 20
3357 3077 20
17071 6 0
8155 7704 23
9121 8790 20
10068 9820 20
3388 2944 19
3249 2944 19
1078 69 0
7181 6712 21
15666 15156 19
5108 4811 22
7930 7637 20
15162 3144 15
13859 13497 22
2825 6 0
1870 41 0
4852 4342 20
3311 3126 20
12103 68 0
10676 9791 22
3342 3097 20
6712 6718 16
805 105 19
1183 108 20
986 69 0
2039 1725 20
7008 6707 20
11010 10893 20
15646 15192 20
15864 62 0
7869 68 0
589 367 20
684 120 20
16595 68 0
9445 8685 22
4740 4223 19
10226 9794 20
5594 5525 20
15537 15262 20
14595 51 0
15448 15156 19
1154 42 0
2651 1700 22
15402 15163 20
15551 15244 21
16842 16359 20
6102 5382 21
14374 13968 19
111 69 0
4131 3071 22
11327 10916 20
2596 6 0
2400 69 0
708 242 20
11056 10939 20
14440 68 0
743 310 20
3931 6 0
13169 68 0
9957 9869 20
16299 15272 22
14350 68 0
14577 14102 20
6695 2328 15
7720 7641 20
14039 232 14
15635 15156 19
4075 3698 22
2270 1762 20
5882 5362 19
6134 5362 19
9989 9712 20
1772 7 0
9813 9814 13
846 105 19
2503 1681 21
11584 11365 22
3225 2944 19
13292 13065 20
554 105 19
14272 68 0
10583 9763 22
482 293 20
731 278 21
10235 9710 19
9270 8731 20
6462 6142 22
15984 15171 22
13545 13137 21
9052 8694 20
15608 15156 19
3483 3009 20
3609 3109 20
14764 6 0
13321 13016 19
12909 12476 22
16558 16339 19
2675 2494 22
12414 11877 19
642 68 0
12299 11897 20
7018 6632 19
10901 10805 17
8564 7647 22
3660 2944 19
193 197 13
9876 9825 20
8775 8777 13
5903 68 0
13514 13105 21
4068 3041 22
16676 16339 19
8404 7603 22
8068 7571 19
5160 6 0
13449 13113 20
14005 267 15
4505 4223 19
3312 2996 20
5074 6 0
546 325 20
2050 1660 19
6214 54 0
3349 3118 20
4733 4295 21
8537 7640 22
11789 10884 22
7186 62 0
11326 10933 20
17226 16437 22
6952 6751 21
7110 2358 14
4175 3659 22
3797 6 0
3039 69 0
10061 9830 20
15225 9 0
5685 5396 21
6954 6632 19
5401 5403 13
8393 7599 22
16594 16447 20
4712 68 0
14205 14057 20
6387 5405 22
6827 6642 20
15185 69 0
2525 1660 19
13610 13567 22
6752 24 0
11735 10865 22
4291 9 0
1927 1874 20
126 40 0
3450 68 0
14388 14062 20
1926 1756 20
3404 3025 20
10151 9710 19
15027 14047 22
12989 6 0
12424 11931 20
6969 6713 20
4176 6 0
6624 5535 22
2378 1661 21
4547 4303 20
2211 1660 19
2489 42 0
11482 69 0
12063 11877 19
15956 15167 22
16637 16339 19
7886 68 0
12482 11943 23
7174 6674 20
11959 9 0
2639 6 0
4524 4255 20
3703 3148 23
7780 7600 20
8248 42 0
1087 144 20
491 221 20
8316 8132 22
16419 16422 13
11496 7156 14
11165 10903 20
2406 1818 20
16690 16385 20
14558 14062 20
15623 15249 20
12562 2348 14
9253 42 0
16494 68 0
9904 9759 20
12295 11939 20
8844 68 0
9984 9710 19
11727 10860 22
6246 5368 22
593 215 20
11975 41 0
8209 69 0
8126 7137 14
16854 6116 14
11369 10873 20
2846 2475 22
15589 15262 20
1390 6 0
2155 1763 20
14174 13998 20
10937 10938 13
7689 7691 13
2241 1660 19
14400 14075 20
14657 14042 20
8782 41 0
1546 987 22
15652 15192 20
4801 4293 20
11421 10805 19
1091 105 19
2721 1723 22
16388 1140 15
9960 9764 20
5539 69 0
13049 24 0
12491 11877 19
12203 68 0
549 186 20
998 42 0
9993 68 0
9731 2488 16
11567 6 0
2818 6 0
1523 1154 22
16085 15758 22
17257 16450 22
5620 5491 20
490 177 21
17123 6 0
15574 15201 20
2172 1757 20
9515 6 0
15407 15206 20
16587 16409 20
14533 14103 20
16197 15232 22
1563 270 22
5555 5417 20
10193 9810 20
4991 6 0
7613 7614 13
16218 6 0
10989 10924 20
8844 8749 20
11193 10830 21
10577 6 0
11794 11491 22
5993 68 0
17006 16356 22
5003 4235 22
2253 1793 20
4543 68 0
15731 15177 20
8033 7680 20
8247 7605 20
11814 10896 22
2238 1683 20
2012 1711 20
14355 13968 19
16626 16341 20
15477 15311 20
16375 175 15
7734 68 0
10265 42 0
12579 11974 20
7018 6638 20
11305 10805 19
14329 13970 20
9253 8658 19
3735 3003 20
9448 9270 22
3360 3148 20
9282 8659 21
1403 6 0
6306 6 0
15887 15176 21
14393 14007 20
13464 13016 19
4904 69 0
12053 68 0
12255 11877 19
798 209 20
9948 68 0
6720 24 0
12031 11894 20
15524 15280 20
13398 68 0
4995 4897 22
8376 8210 22
13555 13160 20
10431 6 0
12577 42 0
2089 68 0
2564 6 0
12737 6 0
16734 16421 20
1475 6 0
3001 3003 13
3392 2980 20
14579 14086 21
3130 1819 14
14454 14010 20
4212 3136 22
4561 4413 20
11234 10808 20
4878 4385 20
11902 24 0
939 42 0
8024 7629 20
13534 42 0
6145 5362 19
16095 6 0
15895 15303 23
15370 15245 20
12652 12527 22
6490 5445 22
14898 14009 22
9083 8740 20
2931 6 0
12160 11935 20
9931 9773 20
15620 15298 20
13478 1685 14
11471 3012 14
2301 1663 23
8562 8161 22
2222 68 0
14710 13995 20
14556 14014 20
3285 2944 19
8207 7571 19
1901 1773 20
16685 16362 20
1748 1754 15
8182 7611 23
1999 68 0
1008 331 21
6162 42 0
4664 4421 20
1816 24 0
11426 10900 20
4753 4223 19
4669 4421 20
5296 4356 22
12691 11901 22
7445 7162 22
6987 6740 20
9507 6 0
13491 13111 20
1130 207 21
5963 5412 20
12420 11913 20
9302 296 14
3071 3074 13
16609 16356 21
11302 10807 20
773 105 19
5666 5412 20
6450 6 0
11195 10934 20
466 298 20
14890 14606 22
3180 2944 19
11468 10829 20
4594 68 0
8364 8184 22
17197 16908 22
6155 51 0
5903 5462 20
6087 5395 20
6515 5455 22
3401 2944 19
4063 3701 22
1216 113 22
85 84 9
16206 15791 22
7887 7571 19
8020 7672 20
10650 6 0
8363 6 0
15010 6 0
16901 16421 23
14378 14041 20
13249 13018 20
12384 11885 20
2940 6 0
4924 1685 14
11619 11403 22
16722 16485 20
14146 14009 21
935 244 20
7380 6680 22
7115 6715 20
4750 4358 20
5895 5416 21
13089 111 15
9720 24 0
11580 10815 22
15479 15156 19
5535 5537 13
4034 3029 22
10264 9726 20
8190 7571 19
1185 62 0
8030 7680 20
13907 13112 22
11790 10884 22
7842 7705 20
897 271 20
16956 6 0
16833 51 0
14493 14041 20
9142 8704 20
409 323 21
9304 8672 21
13197 68 0
8121 7571 19
12745 6 0
12100 11877 19
12502 42 0
13541 13063 20
13460 13128 20
548 272 20
4927 4390 20
5565 68 0
8543 6 0
14034 14035 13
12522 11955 21
12967 6 0
13232 13134 20
15846 15271 20
4864 4362 21
11585 11460 22
8990 8690 20
3417 68 0
10205 9737 20
9262 69 0
3330 3147 20
2086 1761 21
12145 11957 20
3342 3072 20
2107 68 0
3681 3088 21
7799 7641 20
331 336 14
16365 16368 13
9643 9307 22
5369 24 0
9367 6 0
7144 6678 20
2409 69 0
14651 13968 19
401 178 20
9306 8672 21
9255 8806 23
918 171 20
7204 6632 12
10036 9710 19
3813 2954 22
17017 16356 22
15043 14622 22
3560 2987 20
12080 11939 20
5508 2429 16
17261 16834 22
14364 13968 19
16375 6050 16
5799 5407 20
14158 14094 20
7268 7110 22
5135 6 0
877 228 20
12932 11962 22
12136 12023 20
6015 5421 20
8881 8660 20
12424 11893 20
4419 4422 13
15878 15255 20
13272 68 0
9920 9748 20
15288 24 0
12464 11877 19
11225 68 0
11372 6202 14
4631 4297 20
2118 1663 20
8939 8661 20
8900 8658 19
16343 1100 16
12557 42 0
12170 11898 20
6918 6632 19
8650 7703 22
14431 14072 20
16220 15846 22
5513 7 0
775 221 20
9272 8658 19
5056 4836 22
15653 15288 20
6403 6 0
9242 69 0
7486 6 0
5785 5362 19
923 169 21
12547 11877 19
8506 8191 22
7855 7600 20
1650 1017 22
12522 11964 20
11356 68 0
9089 8760 20
3694 69 0
3763 3764 14
2776 6 0
10758 10297 22
10508 9739 22
15020 14645 22
3548 68 0
10697 9796 22
3954 2994 22
6993 68 0
13273 13041 20
6359 5396 22
8656 6 0
12988 6 0
13231 13064 21
14584 14045 20
10910 24 0
6945 6773 20
15978 15885 22
12241 12003 20
15450 15266 20
6698 6702 13
3553 42 0
7161 69 0
8074 68 0
15928 6 0
15416 15156 19
9711 3555 15
6081 5362 19
1355 162 22
10201 9866 20
6043 5477 21
13562 8162 14
11353 68 0
6627 5540 22
1940 68 0
1257 1008 22
15022 6 0
3036 24 0
8389 6 0
5105 4273 22
17177 6 0
1568 6 0
8119 68 0
13275 68 0
9546 9239 22
15209 15211 13
6055 5463 20
15566 15177 20
2304 1743 21
17016 16356 22
9394 6 0
10126 9842 20
8072 68 0
2691 1710 22
4942 4257 20
4567 4274 20
9965 9731 21
7173 6749 20
1718 24 0
14647 14101 21
17206 16424 22
1388 1099 22
9781 964 16
9478 6 0
11208 10831 20
3188 68 0
7336 6666 22
1161 69 0
1291 6 0
13175 13057 20
6419 5416 22
16390 24 0
16738 68 0
3588 2960 21
587 163 20
3228 2944 19
14590 3058 14
3797 3610 22
758 332 20
8541 7643 22
485 340 20
9280 8737 20
13882 6 0
396 287 20
6355 6 0
7741 7659 20
5635 68 0
12306 11877 19
15850 15268 21
8749 24 0
14209 14041 20
15970 15171 22
15894 15170 20
12306 68 0
11251 10808 20
8179 7643 21
9168 68 0
1953 68 0
774 340 20
11992 11995 13
8342 7586 22
13487 3661 14
4070 3603 22
13251 13037 20
7905 7588 20
7868 68 0
5674 5365 20
3616 2944 19
13395 68 0
13229 13097 20
5073 6 0
9082 8659 21
15531 15193 20
16566 16447 20
6063 5501 23
8258 54 0
14670 14101 21
14030 13968 17
10287 9836 20
4037 6 0
12549 11892 21
5440 5442 13
14669 14044 23
419 324 20
11301 68 0
15814 15285 20
8051 7617 20
14315 14040 20
9077 8674 20
29 17 4
2932 6 0
893 179 20
5500 5502 13
17024 6 0
2214 1707 20
3723 3099 14
12066 11931 20
7095 62 0
4539 4313 20
3378 68 0
8073 7622 20
7975 7604 20
3546 3072 20
5636 5401 21
2395 1738 23
13447 68 0
4457 68 0
4964 6 0
2543 1661 22
15591 68 0
2758 6 0
11702 11462 22
5952 68 0
11490 10909 23
5938 5362 19
8513 6 0
8933 8718 20
1686 69 0
9020 68 0
4466 68 0
14967 14030 22
4785 4223 19
14133 14082 20
14230 13993 20
8547 7643 22
35 13 2
2020 1675 20
9576 6 0
5041 6 0
10304 9710 19
15444 68 0
11471 10805 19
3270 3077 20
8835 8658 19
13314 13016 19
5411 5412 13
16078 6 0
4666 4339 20
11938 9 0
8560 8125 22
10750 10249 22
10412 6 0
2972 2975 13
1998 1683 20
13690 6 0
12088 12011 20
12271 12006 20
9995 9710 19
733 68 0
7789 68 0
15374 15172 20
4629 4388 20
15415 68 0
2123 1660 19
8906 8710 20
7306 6 0
5243 6 0
15887 15156 19
14124 47 0
11239 68 0
16640 16341 20
6141 5362 19
14939 6 0
14816 13987 22
53 38 4
12068 11977 20
1126 181 20
16554 16405 20
14463 13968 19
12256 11877 19
2003 1874 20
11457 9262 14
766 227 20
2037 1827 20
13167 68 0
10256 51 0
10905 7 0
13476 62 0
6176 5362 19
5486 268 16
459 221 20
5665 5509 20
3946 2994 22
12294 68 0
8206 5539 14
2158 68 0
16253 15248 22
11842 6 0
303 305 13
14269 14026 21
11430 62 0
1255 6 0
76 77 0
7902 68 0
15575 15311 20
16715 16339 19
2666 6 0
5933 5441 20
1970 68 0
11213 10869 21
8087 68 0
10249 9710 19
16549 16417 20
11870 6 0
13319 68 0
6210 5367 20
2071 1702 20
11453 10947 20
517 325 20
1116 180 20
3278 3137 20
917 215 20
10340 9710 19
1089 105 19
4029 3029 22
6013 5384 20
13004 12015 22
14623 13975 20
12498 42 0
11029 10817 20
14376 14082 20
2222 1787 20
6208 42 0
8188 7571 19
11091 10805 19
6849 6781 20
16888 16359 20
4480 4230 20
7091 42 0
6194 42 0
7016 68 0
9555 9257 22
9329 6 0
7084 6783 20
8815 8775 21
8023 7571 19
4160 3692 22
5858 5461 20
15587 15246 20
12267 11877 19
9777 24 0
12116 11976 21
7977 7571 19
11430 10813 20
10430 9722 22
9948 9737 20
5307 6 0
10932 10936 13
2189 1731 20
12276 11935 20
14742 13969 22
9154 8746 20
13679 13484 22
13534 10355 14
10034 9710 19
8996 68 0
11406 10886 20
11236 10805 19
11474 10862 20
11924 2360 15
5909 5461 20
13531 13055 20
3301 68 0
1915 1702 20
11217 10898 20
16946 16864 22
10645 10226 22
10715 10259 22
13949 13137 22
1287 6 0
16625 68 0
1095 69 0
5553 68 0
5825 5398 20
13360 13114 20
5431 4246 15
4857 4254 21
7793 68 0
7032 6632 19
4946 4390 20
10839 3016 15
8237 7605 20
4625 4241 20
4554 4357 20
14786 6 0
7774 7709 20
1976 1827 20
12953 6 0
10880 6671 15
12920 11959 22
10376 10318 22
1953 1798 20
8199 2500 14
7439 7176 22
15701 15311 20
10274 42 0
10414 9718 22
9801 9 0
1639 6 0
9429 6 0
3692 3074 20
17245 6 0
5391 198 14
4569 4421 20
13113 24 0
7865 7574 20
14225 14125 20
9268 8739 21
5945 5541 20
6980 68 0
1898 1868 20
3235 68 0
14892 6 0
15369 15262 20
11755 6 0
16961 16343 22
16097 15806 22
13548 42 0
16098 15204 22
14621 14005 21
5059 4831 22
13503 13016 19
16294 15268 22
3936 2990 22
6149 5452 20
13310 13132 21
14629 2310 14
8239 42 0
9572 6 0
6680 6682 13
10130 9772 20
1060 309 21
16337 15802 22
11018 10915 20
1420 6 0
509 68 0
5628 5362 19
6969 68 0
3722 69 0
3622 42 0
1320 148 22
12356 11943 20
17171 16890 22
3256 68 0
794 310 20
948 251 20
5617 5374 20
4914 4915 14
3461 3102 20
5579 5502 20
6158 307 14
3548 3002 20
11077 10807 20
4108 3060 22
14184 14067 20
13918 13116 22
8424 6 0
10170 9710 19
3194 3137 20
1130 216 20
13161 47 0
4773 68 0
16613 16465 20
11306 10916 20
8257 54 0
4739 4357 20
6160 69 0
15817 15209 21
10246 5550 14
2919 2428 22
2686 2469 22
15762 42 0
13668 13035 22
3340 68 0
496 105 19
16907 16350 20
11971 7 0
17173 6 0
15023 14047 22
6937 6704 20
2007 1798 20
14964 6 0
13548 13016 19
292 240 14
706 250 20
12572 11891 20
11459 51 0
8869 8658 19
1134 115 20
9663 8755 22
1792 1795 13
10493 6 0
8361 6 0
12334 68 0
5280 4338 22
8548 6 0
4910 306 14
10879 69 0
4693 4288 20
7970 7641 20
918 68 0
14261 13968 19
13305 13141 20
4639 4421 20
16853 16438 23
15193 24 0
11234 10885 20
15646 15246 20
15825 51 0
2603 6 0
13194 68 0
2949 2953 16
2749 1737 22
10744 10295 22
9926 68 0
401 68 0
2836 2434 22
11286 10861 20
3010 41 0
15032 14601 22
15863 15219 20
6751 7 0
4559 4223 19
13718 6 0
3344 2944 19
8036 7687 20
2753 6 0
14796 6 0
13560 42 0
2316 1745 20
8918 8735 20
1710 1716 16
5427 24 0
7550 6751 22
6118 5457 20
10666 9785 22
3978 6 0
605 209 20
7266 6 0
2713 1717 22
12493 11877 19
7582 7571 17
5880 5362 19
10342 42 0
4576 4368 20
12569 51 0
11175 10816 20
14716 14105 20
4383 4384 13
7878 7617 20
6029 5362 19
1466 6 0
15430 68 0
5130 6 0
11358 10909 20
1885 1712 20
12546 11877 19
13303 13016 19
7087 6722 20
13086 13087 13
8507 7632 22
8823 68 0
14471 68 0
5803 5362 19
13340 68 0
8231 7669 20
11120 10825 20
12641 11888 22
4701 68 0
10922 41 0
5228 4808 22
4186 3580 22
9175 8746 20
13366 13016 19
5933 5509 20
7199 6632 12
2286 1660 19
930 236 20
5234 6 0
533 105 19
4946 4400 20
9459 8689 22
12274 11925 20
2371 1751 20
11824 10905 22
10368 54 0
11617 6 0
9501 6 0
15819 10294 14
769 372 20
11074 10805 19
17035 6 0
6093 5492 20
8111 7654 20
6630 5540 22
7466 7089 22
7754 68 0
16850 16391 20
14517 14067 20
950 202 23
11135 10898 20
6624 6 0
8124 7687 20
11374 10806 21
17039 16360 22
15840 1022 14
9022 8658 19
7295 6652 22
8151 7660 20
14215 14093 20
3188 3042 20
11345 10854 20
10224 42 0
8210 6671 14
2737 2389 22
14644 13968 19
2022 1756 20
15457 68 0
5564 5362 19
11187 10915 20
3294 68 0
8796 3684 14
5057 4876 22
13493 13136 20
15419 68 0
6442 6064 22
2226 1660 19
9294 8798 20
11133 10805 19
6633 4245 16
8859 68 0
10086 9710 19
9249 69 0
10835 10838 13
7286 6648 22
13001 12483 22
12453 68 0
2801 6 0
16016 15842 22
1168 339 21
5751 5441 20
15855 42 0
12419 12019 20
14626 13968 19
8668 40 0
3640 2976 14
6995 68 0
4345 4349 15
9462 6 0
2416 1696 23
4425 69 0
3260 68 0
10326 9839 20
6672 6675 16
760 68 0
16320 15282 22
1169 181 20
10095 9744 20
2929 6 0
335 41 0
15525 68 0
11459 10860 21
1255 1141 22
11661 10835 22
3290 68 0
2309 1876 20
838 368 20
1979 1663 20
5016 4239 22
2819 1767 22
6084 5367 20
4098 3054 22
8196 7590 21
4525 4223 19
15931 6 0
4721 4223 19
14683 14058 20
8734 8735 13
925 197 20
3087 69 0
11348 10807 20
4557 4223 19
7895 7571 19
16204 15756 22
2048 1660 19
8071 68 0
1367 1168 22
6240 6 0
10720 9804 22
11820 11478 22
9677 6 0
4135 6 0
3378 2961 20
1996 68 0
4641 4223 19
798 271 20
3765 2989 14
887 68 0
13884 6 0
14469 13968 19
16773 68 0
769 105 19
7356 6 0
4538 4339 20
10289 62 0
4186 3111 22
15052 6 0
9122 8710 20
16667 16394 20
6400 6 0
11579 11469 22
11608 6 0
5677 5369 20
83 73 0
14332 14018 20
12368 12024 20
9062 8785 20
15887 3011 14
6809 6704 20
16360 40 0
15197 41 0
14170 14007 20
13336 13091 20
16467 359 15
1568 270 22
10673 10220 22
15735 15156 19
12544 42 0
4975 4224 22
8573 6 0
10063 9710 19
1947 1660 19
15030 14676 22
4557 68 0
653 105 19
216 41 0
7502 6712 22
9500 6 0
3173 3031 20
4407 3587 14
16521 68 0
12421 11877 19
8962 8658 19
16638 16341 20
10641 10254 22
12100 11925 20
7853 68 0
7170 69 0
15469 15200 20
4584 4268 20
14628 42 0
12300 68 0
2218 1757 20
4612 4262 20
13861 6 0
4746 4297 20
10406 9714 22
13582 54 0
3069 69 0
8226 42 0
15680 68 0
10153 9748 20
12366 11909 20
8836 68 0
15048 14679 22
1417 1182 22
12344 12011 20
5771 5478 20
4205 6 0
12940 12504 22
4929 4223 19
6325 5387 22
750 68 0
4920 4286 21
9883 68 0
14899 14009 22
12878 6 0
3524 2991 20
6795 6752 20
10597 9767 22
13324 68 0
643 142 20
2332 1813 20
4442 68 0
6213 54 0
14262 14057 20
8137 51 0
5805 5362 19
2033 1702 20
6934 6760 20
2819 6 0
14413 68 0
11339 10860 21
11640 6 0
8266 7571 12
2073 68 0
9747 9748 13
10230 9710 19
3535 3164 20
17198 16867 22
4760 4223 19
11349 68 0
577 68 0
5697 5462 20
2048 1718 20
1191 54 0
13569 13020 20
3498 68 0
7993 7710 20
12264 11943 20
8527 6 0
15794 15243 20
12789 11920 22
7336 6 0
8068 7668 20
7981 7622 20
7828 7676 20
6965 6752 20
14861 14001 22
12273 11978 20
6462 6139 22
12524 42 0
13721 13047 22
7520 6727 22
4179 3107 22
8870 8661 20
14398 14018 20
9119 68 0
2119 1774 20
13220 68 0
11395 10805 19
7108 6632 19
8514 6 0
10249 6204 14
11269 10820 20
16622 68 0
9890 9718 21
14615 42 0
15832 15263 20
15415 15245 20
4052 3035 22
14063 41 0
11847 10918 22
12709 11904 22
6971 6632 19
13982 40 0
13612 13021 22
8471 7616 22
9630 8739 22
8146 42 0
8907 8658 19
14025 69 0
15925 6 0
7120 51 0
6990 68 0
11752 11446 22
465 105 19
4535 68 0
9301 8737 20
13001 6 0
4362 4364 13
16693 16413 20
4703 4328 20
8351 7590 22
882 105 19
8497 6 0
12307 11877 19
6764 6765 13
12220 11993 20
14959 6 0
7096 6633 21
12050 11960 20
8556 7647 22
4538 68 0
8748 8658 17
16600 68 0
8665 8658 17
14143 13997 20
7978 7574 20
4009 3023 22
3769 2944 12
2460 1769 20
12223 11978 20
3827 2954 22
14851 13996 22
2278 68 0
3473 2944 19
17086 6 0
14685 62 0
13056 40 0
11022 68 0
3192 3153 20
3008 3012 16
13706 6 0
16887 16466 20
3512 3107 21
3221 3126 20
16752 16339 19
4586 4230 20
16655 16371 20
6912 6781 20
5602 5509 20
6179 5474 20
11745 11417 22
16043 6 0
13186 13112 21
16601 68 0
2750 1737 22
14602 14095 20
10644 6 0
4603 4363 20
7831 7622 20
11025 10805 19
5353 4828 22
5734 5393 20
16691 16390 20
16111 15847 22
646 105 19
10262 42 0
7762 7571 19
3210 3089 20
6509 6 0
16744 16447 20
7358 6672 22
14350 14082 20
10300 9735 21
4720 4297 20
1895 68 0
2766 6 0
13443 13016 19
4087 3054 22
16589 16362 20
11630 10827 22
12686 11896 22
10689 6 0
7111 6632 19
16580 16348 20
16654 68 0
10267 9817 20
346 69 0
2824 6 0
16442 16445 13
13854 13093 22
6168 5437 23
10766 6 0
9903 9712 20
3290 3125 20
6853 6765 20
2137 1846 20
7570 0 11
8525 6 0
16773 16411 21
1149 158 20
9650 8748 22
5181 4868 22
5088 4267 22
12549 42 0
10117 9710 19
15421 68 0
528 186 20
13451 13094 20
14432 14002 20
5752 5446 20
3482 68 0
5643 5384 20
10290 42 0
7727 7614 20
2254 1804 20
9451 6 0
16570 68 0
3347 2995 20
2403 1737 21
16411 5528 16
6091 69 0
9356 6 0
2587 6 0
1609 6 0
1960 1675 20
12756 12497 22
16614 16430 20
7302 6652 22
16891 16461 20
4951 4232 20
1137 109 20
13468 13016 19
6388 5405 22
1896 1750 20
3703 2988 20
4104 6 0
9264 8759 21
15234 41 0
14370 13968 19
11454 10874 21
10699 9796 22
3289 2979 20
17102 6 0
12913 11955 22
9064 8658 19
967 42 0
10283 9755 20
14605 42 0
17 38 10
3265 2944 19
14346 13968 19
10927 10931 14
7605 41 0
5976 5501 20
5387 192 15
9036 68 0
12526 11956 23
5606 68 0
2949 2951 13
11669 10839 22
5278 4874 22
6408 6 0
6932 6699 20
4247 4248 13
15706 68 0
10589 9763 22
16374 41 0
465 265 20
5052 4826 22
16899 16348 23
11813 10896 22
7638 41 0
1168 335 20
13526 13055 20
12103 11983 20
4428 68 0
15056 14056 22
10597 6 0
7173 6670 20
9566 6 0
12357 11893 20
2062 68 0
17269 16463 22
3024 24 0
12344 11877 19
15886 15156 19
14949 6 0
6460 6 0
12503 12021 20
16783 16454 21
9990 9710 19
14214 14015 20
17131 16397 22
3248 3042 20
4272 69 0
10171 9841 21
15554 15227 20
4796 42 0
5903 5384 20
11868 10927 22
8279 6 0
4952 4223 19
14683 42 0
9040 8698 20
9107 8698 20
1642 339 22
292 105 17
674 227 20
1774 24 0
11455 10947 20
16895 16474 20
14345 14067 20
13881 13101 22
15320 15178 20
10707 9801 22
15735 15307 20
15039 6 0
2483 1792 21
12532 11994 20
5663 5487 20
2677 6 0
13301 13110 20
15436 15156 19
10859 69 0
3745 275 14
8169 1770 14
11206 10949 20
14645 13968 19
7309 6 0
12893 6 0
5623 68 0
6228 6208 22
5646 5407 20
15331 15283 20
11490 10899 20
5687 5362 19
11010 10805 19
16475 16339 17
13741 13052 22
10904 41 0
12559 11979 20
15906 54 0
16012 15181 22
13537 387 14
16923 16339 19
12263 68 0
15623 15178 20
7508 6 0
12709 12508 22
11967 11877 17
14368 14035 20
1190 105 12
7471 6 0
5051 4254 22
14357 68 0
10318 51 0
14245 14002 20
1969 1660 19
4096 6 0
6734 6738 16
809 68 0
7722 7690 20
6745 69 0
12222 11893 20
8094 68 0
4512 68 0
8679 40 0
7154 6734 21
2037 1875 20
907 68 0
15053 6 0
9385 9310 22
8333 7586 22
9082 8658 19
8148 7697 20
11504 2384 14
1019 1020 14
13307 13027 20
13543 13016 19
3445 3125 20
424 68 0
16624 16360 21
5578 68 0
12291 11926 20
5784 68 0
8160 62 0
11689 11386 22
7169 6707 23
5340 4892 22
8686 24 0
1208 6 0
4891 69 0
6983 6653 20
15597 15163 20
13079 41 0
5000 4896 22
5810 5468 20
9220 8734 21
12366 12002 20
10860 10862 13
790 195 20
3232 68 0
14156 68 0
13549 42 0
6706 6709 13
574 105 19
5929 5388 20
7886 7571 19
12711 6 0
10274 9710 19
2995 24 0
12237 68 0
7059 42 0
12241 11973 20
4737 4240 20
2182 1817 20
14920 6 0
10046 9754 20
9278 8688 20
11578 6 0
8009 7578 20
637 68 0
9184 8665 21
1268 6 0
9213 42 0
4032 6 0
8103 7621 21
6888 6677 20
15505 15259 20
9237 51 0
9004 8669 20
13838 6 0
9619 6 0
11471 10823 21
15191 15194 13
3696 3078 20
5311 6 0
6896 6638 20
11392 1802 14
3162 3163 13
14582 68 0
9989 9710 19
14197 14015 20
12508 11877 19
10829 41 0
14687 14001 21
15228 41 0
10712 6 0
13543 13115 20
2782 1748 22
16566 16408 21
12259 68 0
15237 13981 14
10966 68 0
6961 6698 21
8012 7617 20
591 310 20
3077 24 0
6372 5401 22
4812 42 0
2849 6 0
676 68 0
5707 5482 20
13305 13097 20
5553 5378 20
14382 14045 20
1422 6 0
6288 6075 22
8132 7571 19
6887 6740 20
11304 68 0
11920 9 0
12549 2396 14
3421 68 0
8685 40 0
16900 16377 20
15240 15243 13
15842 42 0
547 156 20
7174 6769 20
17262 16454 22
15259 24 0
12379 11922 20
12035 11877 19
918 105 19
4931 42 0
14773 13973 22
5948 5362 19
12390 11921 20
11020 10841 20
4844 51 0
11694 10848 22
16785 16339 19
6491 6 0
10971 10933 20
10330 69 0
9071 8658 19
11488 51 0
11416 51 0
2567 2401 22
6601 5508 22
4431 4269 20
14136 13968 19
595 68 0
16910 14674 14
2963 41 0
8685 8658 17
15356 15156 19
15322 15172 20
10277 9711 21
2194 1662 20
16277 15778 22
16787 16357 20
5009 4859 22
14659 13968 19
14352 68 0
5892 5420 20
4372 4373 13
14354 14022 20
9029 8658 19
2334 51 0
12802 6 0
6657 40 0
4590 4346 20
15047 14691 22
6924 6752 20
13225 13114 20
15354 15227 20
14598 62 0
15313 41 0
12920 6 0
10277 140 14
12893 11951 22
15427 15201 20
407 105 19
12239 11877 19
15596 15262 20
12358 11877 19
743 105 19
15751 15244 21
16584 16339 19
9133 8802 20
2540 54 0
15556 15288 20
4925 3627 14
16052 6 0
5262 6 0
14759 13973 22
6739 6740 13
9112 8658 19
13528 62 0
9240 42 0
8165 7589 20
15816 15198 20
11063 10906 20
16938 6 0
16031 15186 22
7406 6690 22
15609 15206 20
12081 68 0
4064 3041 22
8905 68 0
1060 105 19
9167 8658 19
6611 5520 22
574 298 20
13263 13121 21
10134 68 0
16022 6 0
15089 14074 22
11458 10805 19
15171 15172 13
13197 13016 19
3623 2997 20
10969 68 0
452 105 19
13662 13563 22
702 368 20
1274 134 22
8693 2999 14
3273 2944 19
15302 15305 13
16682 68 0
11493 10953 23
10296 9774 20
4646 4223 19
16633 68 0
11267 10808 20
9447 6 0
11808 11447 22
971 105 19
13900 6 0
8174 7670 20
15842 15268 21
6476 5440 22
10481 10299 22
13493 42 0
13298 13151 20
6751 6752 13
11290 10928 20
588 195 20
15067 14060 22
6646 41 0
5718 5362 19
7726 7604 20
13047 4424 14
15616 15156 19
14581 14035 20
8801 8802 13
14522 68 0
5863 5487 20
1124 42 0
6082 5445 21
2440 1823 20
3686 2974 20
2233 68 0
11067 10909 20
15377 15163 20
7976 7583 20
14076 41 0
14586 13982 21
11446 62 0
12215 12002 20
12264 11999 20
9966 9820 20
3772 2944 12
13482 13055 20
8581 8125 22
1447 214 22
11752 10869 22
16038 15186 22
9166 8703 20
12525 12021 20
13566 13139 20
5683 5374 20
14220 14103 20
8140 7607 21
13284 13074 20
3458 3066 20
4091 6 0
11090 10898 20
13419 13098 20
9104 8679 21
2799 6 0
10291 42 0
6801 68 0
7911 7705 20
9708 6 0
11133 10898 20
13889 13491 22
15815 15290 20
5913 68 0
7612 41 0
8846 68 0
15844 15213 21
5618 5441 20
424 348 20
3330 68 0
8252 69 0
910 68 0
16131 15213 22
14441 68 0
6062 3730 14
11963 24 0
12543 11946 21
9038 68 0
16655 16465 20
16764 16339 19
13837 6 0
1942 68 0
11659 6 0
8066 7659 20
10490 9735 22
11809 10896 22
880 163 20
13502 936 14
4235 4238 14
8892 8703 20
15546 15156 19
12928 6 0
14576 14018 20
12112 11982 20
7063 6669 20
9591 8724 22
10325 9710 19
8840 68 0
6005 68 0
2359 1660 19
12170 11877 19
15734 15262 20
371 105 17
11365 10805 19
7823 7668 20
16814 42 0
148 40 0
8544 6 0
1803 1660 17
10326 9710 19
16606 16339 19
6523 5455 22
3818 2954 22
6206 62 0
13482 13017 21
13684 13040 22
3582 69 0
13289 13016 19
5664 68 0
7290 6648 22
6369 6110 22
11430 10817 23
7711 41 0
4224 4226 13
8336 8224 22
10720 10339 22
10802 6 0
12539 11965 20
11892 1808 15
5957 5362 19
4287 24 0
8968 8681 20
9370 8668 22
6703 4913 14
12838 12474 22
30 31 6
3336 2980 20
16872 3709 14
15620 15156 19
8164 7635 20
4869 4386 21
1162 258 23
8153 7670 20
7160 62 0
11341 10949 20
10679 6 0
8498 7628 22
3779 3615 22
11005 10898 20
12086 11877 19
12402 11955 21
3754 3035 21
2456 1660 19
9388 8672 22
14448 68 0
9441 8685 22
9961 9710 19
2051 1660 19
13400 13128 20
15464 15223 20
6391 6 0
15015 6 0
5062 4900 22
5363 1866 16
16177 6 0
15500 15193 20
13477 13079 20
16768 16376 20
10090 68 0
6552 6 0
432 68 0
2013 1683 20
8959 8735 20
4876 42 0
15026 14047 22
14119 2319 16
9722 3129 14
12196 11967 21
8895 8760 20
4590 4223 19
9199 42 0
14448 13968 19
13624 6 0
14317 14014 20
3937 3632 22
4481 68 0
8273 7571 12
14615 1728 14
15776 51 0
4723 4223 19
9860 69 0
11431 51 0
16821 62 0
12420 11956 20
5785 5421 20
5830 68 0
12209 11957 20
3193 3118 20
5481 5483 13
8816 8686 20
13763 6 0
822 384 20
513 272 20
9122 68 0
1415 6 0
6805 6668 20
782 378 20
12298 11921 20
10064 9814 20
2519 1681 21
11730 10865 22
14905 14009 22
11497 42 0
5870 5362 19
4885 4886 14
9950 9710 19
15407 15156 19
16821 42 0
14793 13976 22
447 354 20
4444 4347 20
8468 6 0
11429 62 0
15771 15251 20
1445 214 22
1920 1834 20
2500 69 0
3008 3011 15
5750 5509 20
8969 8658 19
4890 4291 21
723 187 20
12081 11982 20
11513 54 0
11385 10946 20
6053 5466 21
10948 4344 16
16231 15767 22
11969 41 0
13485 51 0
16404 1121 15
10077 9732 20
8977 8690 20
11406 184 14
496 333 20
8587 6 0
10844 10847 13
3630 62 0
270 276 15
11098 10849 20
2408 51 0
13498 13143 20
4252 69 0
4787 4416 20
6179 42 0
535 297 21
14327 13968 19
2093 68 0
16461 41 0
7950 7704 20
1299 6 0
3451 3072 20
11055 10861 20
15871 42 0
8064 7614 20
14733 54 0
5614 5421 20
12170 68 0
13396 13016 19
10507 9739 22
14705 13968 19
7586 40 0
11071 68 0
932 69 0
14014 24 0
7468 7153 22
4526 4421 20
10741 6 0
3278 3153 20
12562 11877 19
14146 14083 20
8617 8243 22
7363 6 0
881 258 20
1337 155 22
11711 11419 22
6648 6649 13
1281 6 0
13617 13567 22
1234 113 22
2233 1799 20
14565 13968 19
7437 7130 22
3217 3112 20
8588 6 0
13477 13016 19
7425 7052 22
303 7 0
14697 14090 20
10823 10805 17
3396 3082 20
546 68 0
5780 68 0
3683 51 0
5359 6 0
10287 204 14
1273 937 22
8999 68 0
457 242 20
1601 939 22
9042 8661 20
7800 68 0
6636 69 0
9456 9309 22
14690 14008 20
16982 16890 22
9579 9190 22
505 332 20
9324 54 0
15186 40 0
6631 0 11
7522 6734 22
746 384 20
2278 1711 20
11307 10953 20
5180 6 0
8866 8776 20
16231 15804 22
12570 69 0
666 68 0
3252 2944 19
16616 16438 20
6187 51 0
9796 1807 14
5648 5398 20
9106 8761 20
14168 13968 19
12091 68 0
6509 6065 22
15470 15265 21
15707 15238 20
10091 9802 20
12319 11877 19
3003 41 0
12245 68 0
14187 13968 19
4506 4226 20
9276 62 0
46 5 1
15355 15259 20
16118 6 0
7758 7710 20
4491 4414 20
13110 24 0
11507 10929 20
1927 68 0
13221 13061 20
3757 3010 20
10734 10287 22
2146 1798 20
6088 51 0
8109 7571 19
9513 8709 22
3051 69 0
2289 1696 20
12699 6 0
7421 7097 22
10206 9853 20
15646 68 0
12113 68 0
3975 6 0
17255 6 0
1122 62 0
13532 13105 21
3162 3168 15
323 330 16
4788 42 0
8202 42 0
7081 6678 20
2306 69 0
5652 5402 20
11233 10928 20
10252 42 0
3001 3002 13
9198 8658 19
13261 13016 19
79 73 0
11487 51 0
11544 6 0
8204 7575 20
16286 15265 22
4685 4318 20
12653 12496 22
11215 10805 19
15092 6 0
8035 68 0
11332 10903 20
4517 4324 20
6301 6159 22
7448 6 0
16297 6 0
13272 13048 20
5760 68 0
8247 7609 20
8924 8658 19
14503 13968 19
13753 13516 22
7990 68 0
933 259 20
8419 7607 22
10197 9786 20
3328 3041 21
12721 11904 22
12270 11959 21
16488 16451 20
7752 7663 20
3199 3055 20
13409 13066 20
2423 1670 20
13124 41 0
6173 5538 20
8026 7571 19
2079 1763 20
16735 16357 20
12818 6 0
8850 8685 21
3424 2961 20
14161 14083 20
3658 69 0
5742 5362 19
15379 15238 20
11439 10918 21
2926 2525 22
14999 14649 22
4580 4408 20
4575 4357 20
8427 6 0
10362 54 0
11419 42 0
3493 3153 20
15798 15278 20
16049 6 0
15380 15196 20
10986 10909 20
3056 41 0
12588 223 14
3682 69 0
408 325 20
11178 10876 20
8161 7612 20
4130 3673 22
14515 14098 20
12406 11877 19
12469 11922 20
8109 68 0
14056 2989 15
11837 11488 22
646 368 20
12531 51 0
11502 4228 14
14810 6 0
15350 68 0
10755 6 0
7024 6632 19
2938 6 0
16217 15887 22
2053 1675 20
12356 11940 20
16052 15191 22
4596 4421 20
9044 8744 21
634 107 20
12235 11877 19
214 217 14
1046 1047 14
8211 7699 23
12436 11993 20
14275 13997 20
9808 9812 14
12953 11976 22
13376 13016 19
770 68 0
11028 10831 20
5079 4261 22
6961 68 0
13433 68 0
7789 7690 20
14738 13969 22
3373 68 0
9959 9737 20
8675 41 0
10008 9724 20
12494 12008 20
16677 16412 20
10118 9768 20
9931 68 0
13294 13159 20
8360 8128 22
5082 6 0
2232 1702 20
16397 9 0
865 68 0
270 274 13
9200 8723 20
6092 5411 21
7846 7710 20
7750 7641 20
6914 68 0
8079 7573 20
6836 6756 20
11043 10850 20
13642 13488 22
6998 6632 19
16154 15221 22
4706 4249 20
6877 6756 20
794 68 0
841 278 21
13550 42 0
2254 1660 19
8962 8680 20
2251 1810 20
15845 42 0
5288 4885 22
13522 13052 21
2337 42 0
10819 3600 16
14451 13983 20
16598 16366 20
6936 68 0
5562 5462 20
10092 68 0
5115 4806 22
2259 1821 20
5319 4372 22
256 262 15
4498 4223 19
7990 7571 19
7811 7677 20
9888 68 0
813 68 0
12621 6 0
8977 68 0
9253 9254 14
4455 4329 20
4356 166 15
6327 6 0
14434 14128 20
5815 5406 20
9048 68 0
9020 8658 19
14790 6 0
13464 13052 21
2086 68 0
10111 9777 20
4621 4223 19
15437 15273 20
11386 42 0
10848 1741 14
3844 3758 22
639 68 0
14483 13998 20
6572 5490 22
2403 1677 20
16733 68 0
5830 5362 19
10779 9841 22
13418 68 0
15535 15164 20
16649 16339 19
6983 6740 20
450 105 19
1761 1660 17
6586 6 0
12458 11879 20
1908 1857 20
11817 11435 22
15836 15156 19
5882 5501 20
433 105 19
10327 336 14
15962 6 0
14841 6 0
12204 11877 19
14303 13970 20
5094 4917 22
13404 13016 19
185 189 13
13325 13016 19
5786 5421 20
10772 9841 22
14435 68 0
6112 5538 20
12292 11877 19
4538 4223 19
11303 10893 20
17029 16360 22
15530 68 0
14388 14052 20
177 105 17
3604 2944 19
10059 9710 19
11692 10848 22
13350 13016 19
13347 68 0
13505 69 0
975 181 20
15656 68 0
10635 10332 22
9118 8658 19
7327 7074 22
6328 6 0
3399 3036 20
16587 16367 20
9409 6 0
10791 6 0
7167 6632 19
5064 4254 22
12734 6 0
7734 7683 20
15016 14612 22
7120 6737 20
9791 7177 16
12549 12000 20
14409 14120 20
15413 15156 19
11619 10827 22
1094 294 20
14450 13970 20
11488 42 0
13485 13063 20
11732 6 0
10677 9791 22
13059 13016 17
388 333 20
14428 68 0
13228 13016 19
16568 16409 20
8145 42 0
8496 6 0
1907 1660 19
4950 4223 19
2927 6 0
8503 7628 22
16918 42 0
9864 41 0
12368 11916 21
12347 11986 21
4931 4932 14
12445 11921 20
1962 1660 19
15366 15156 19
11449 10805 19
1748 9 0
2287 68 0
5136 4286 22
2184 68 0
5588 5446 20
14939 14712 22
10460 9727 22
580 280 20
14437 13968 19
13165 13057 20
11429 10805 19
16528 16339 19
2445 42 0
2636 2361 22
6126 5445 21
16758 68 0
9332 8659 22
12060 11902 20
6648 6651 13
3417 3125 20
3716 3058 14
6083 5362 19
14466 14043 21
12589 11991 20
10501 6 0
12022 12025 13
1201 6 0
12947 12498 22
1884 68 0
10079 9824 20
695 341 20
16276 6 0
16920 8181 14
12127 12024 20
17028 16861 22
801 105 19
3485 3082 20
2836 1772 22
16781 16339 19
15834 15156 19
14292 14003 20
16127 15213 22
13959 13140 22
10293 9769 20
15321 15303 20
9637 6 0
15414 68 0
4954 4223 12
12160 11877 19
7121 6669 20
9387 6 0
11721 6 0
8824 8780 20
16171 15225 22
2423 1758 20
8148 4283 14
16677 16357 20
10869 9 0
7174 51 0
1922 1863 20
9665 8755 22
16712 16366 20
14554 13969 21
15008 6 0
5637 5398 20
5686 68 0
2386 42 0
495 105 19
13345 13018 20
6361 5396 22
2397 1660 19
12533 11955 21
10226 62 0
5613 5364 20
2889 6 0
930 42 0
6150 5362 19
6746 1687 16
16872 16359 20
16437 16440 13
2070 1660 19
6780 6782 13
146 69 0
12760 11912 22
10525 6 0
1625 6 0
4670 4249 20
4700 4223 19
2057 1816 20
14667 13996 21
11386 10834 20
3440 2944 19
2053 68 0
14985 14034 22
2960 2944 17
6168 5403 20
11358 10892 21
16914 42 0
11846 10918 22
10157 9759 20
9013 8781 20
11335 10850 20
8897 8785 20
6792 6721 20
7957 7591 20
13385 68 0
8354 7590 22
15630 15168 20
15643 15283 20
13341 13027 20
11072 10938 20
13026 13028 13
10765 6 0
11238 10924 20
11132 10897 20
2773 2436 22
10091 9797 20
13498 9187 14
15943 6 0
3289 68 0
6706 6708 13
1511 6 0
1245 1027 22
10677 10318 22
16319 15279 22
5456 24 0
13541 42 0
10969 10805 19
16870 16339 19
13539 13016 19
11281 68 0
15639 15156 19
6413 6 0
1126 1127 14
6122 5375 20
12148 11912 21
13437 13158 20
9865 9867 13
3893 6 0
10073 9710 19
16766 68 0
14452 14011 20
11028 68 0
4778 4267 21
10705 9801 22
4672 4239 21
15152 14124 22
13954 6 0
2269 68 0
6565 5486 22
614 105 19
656 361 20
1406 1150 22
5073 4261 22
15775 42 0
16135 15869 22
7513 6723 22
7251 6 0
12505 11942 21
730 120 20
11632 10827 22
15897 51 0
5771 5362 19
15577 68 0
10978 10910 20
16379 16381 13
11024 10897 20
14515 14128 20
6041 51 0
482 265 20
17057 6 0
560 280 20
8672 40 0
4211 3136 22
4648 4223 19
14993 6 0
10528 10298 22
2374 69 0
1134 141 21
7084 42 0
5826 68 0
12308 11990 20
11834 10908 22
5095 6 0
10937 47 0
6917 6632 19
10036 9815 20
12096 11940 20
16132 15765 22
14510 68 0
4517 68 0
4435 4393 20
16624 16447 20
5676 5441 20
8327 6 0
15662 15156 19
656 179 20
1809 1024 16
15681 15253 20
14409 14015 20
15724 15183 20
3413 2980 20
6808 6728 20
5709 5362 19
765 114 20
419 280 20
15176 4258 15
9206 42 0
11002 10881 20
9681 8765 22
7917 7677 20
9928 9710 19
4873 4390 20
12336 11967 21
16227 15886 22
11984 41 0
652 68 0
16990 6 0
2626 6 0
5618 68 0
4452 4268 20
8957 68 0
16559 68 0
6510 5450 22
9714 337 16
5915 5362 19
11430 10869 21
13244 68 0
6956 6781 20
9123 8752 20
9239 42 0
2007 1660 19
12618 12578 22
4551 4223 19
1058 236 20
3566 2962 23
6135 5486 21
5302 4840 22
12843 12481 22
14417 14108 20
11833 11473 22
15486 15287 20
6298 5382 22
3294 2944 19
10839 10841 13
505 215 20
4121 6 0
5322 6 0
13633 6 0
12724 6 0
3535 2944 19
12188 11948 20
4775 4248 20
7057 69 0
16590 16447 20
9193 8737 20
3992 3013 22
11238 10903 20
4624 4223 19
7881 7659 20
8132 42 0
14034 9 0
12492 11877 19
9455 8689 22
13202 13027 20
1902 1845 20
3213 3025 20
5211 6 0
6147 5362 19
2257 1768 20
13451 13016 19
4560 4346 20
15661 15156 19
3484 3125 20
6151 42 0
14675 14084 20
10058 9712 20
12425 11982 20
10504 6 0
13808 13076 22
15743 15188 20
99 77 0
7850 7574 20
13012 12504 22
4646 4312 21
7167 6751 21
5812 5487 20
1062 283 14
3713 1163 14
12395 68 0
14613 42 0
12523 11877 19
3601 51 0
16602 16339 19
11703 11372 22
789 105 19
14739 13969 22
9260 8755 21
12098 11880 20
15390 15214 20
1968 68 0
13568 13101 21
15493 15214 20
2978 192 15
5854 5472 20
13635 6 0
6986 6692 20
16070 15195 22
5325 4925 22
11746 11392 22
4718 4393 20
945 69 0
4429 4223 19
8396 7599 22
6131 5401 21
15891 15275 20
3198 2944 19
13036 24 0
6870 6724 20
11656 10835 22
15692 15298 20
2620 1688 22
3947 6 0
10548 6 0
10186 9874 20
8912 8806 20
7113 62 0
10255 9840 20
11471 51 0
12122 12011 20
8371 8197 22
10031 9838 20
6583 6093 22
13539 42 0
4332 2367 15
6637 40 0
17227 16437 22
16239 15244 22
14285 14014 20
16497 16429 21
7922 68 0
931 62 0
11704 6 0
3854 2965 22
17163 6 0
463 105 19
10146 9710 19
2406 2407 14
14651 14114 20
12205 11942 21
1101 379 20
851 68 0
16593 16452 20
13919 6 0
615 68 0
13787 13470 22
14502 14129 20
706 68 0
4896 4223 19
148 151 13
11696 10848 22
4267 4272 14
11357 10909 20
8659 4418 15
5999 5362 19
2295 1751 20
16659 68 0
7331 6662 22
3327 3042 20
3475 3108 20
15001 6 0
6484 6143 22
8155 7650 21
2692 1710 22
1272 982 22
5841 5362 19
6627 6128 22
1088 69 0
6095 205 14
14154 68 0
3437 3153 20
1818 41 0
1928 1757 20
10688 9796 22
17039 16820 22
1627 6 0
14989 6 0
6043 5362 19
14389 68 0
12827 6 0
10047 9710 19
3267 68 0
13483 42 0
11182 10924 20
8119 7629 20
1354 162 22
12654 6 0
6317 6115 22
9808 9811 13
16514 16339 19
6889 68 0
4926 4280 21
13056 13058 13
14594 14038 20
3286 2944 19
5011 4837 22
11776 11494 22
15615 68 0
1618 316 22
1187 105 19
807 163 20
9093 8666 20
16370 2338 14
13250 13127 20
14270 68 0
15732 68 0
14244 14129 20
15445 68 0
2990 2993 14
15767 3110 14
2108 68 0
4933 4223 19
602 324 20
399 142 20
15613 15209 21
6723 6725 13
15783 15156 19
10058 68 0
10299 51 0
11371 10951 20
14707 14097 21
4641 68 0
8185 7609 20
3943 3695 22
13082 24 0
7601 41 0
1886 1683 20
16745 16339 19
7040 6704 20
16720 16339 19
12338 12020 20
3623 2960 21
13871 6 0
14138 13969 21
3171 3118 20
6988 68 0
6809 6757 20
11311 10849 20
11288 10828 20
8303 8155 22
16739 16376 20
15805 42 0
11856 6 0
3391 3082 20
1350 6 0
4741 68 0
11434 10862 20
7776 7659 20
7698 7701 13
2249 68 0
6350 6 0
13643 13550 22
8143 7571 19
15719 68 0
15562 15156 19
4545 68 0
16020 15186 22
11391 42 0
2218 68 0
4003 3018 22
4312 4315 13
13337 13061 20
8568 8192 22
14798 13982 22
1160 380 20
11951 9 0
7221 6633 22
16691 16339 19
6860 6632 19
13386 13134 20
837 195 20
3617 42 0
12404 11921 20
16986 16851 22
14584 14121 20
8206 7682 21
5206 6 0
8961 8760 20
1786 1791 16
2076 68 0
5134 6 0
9919 9710 19
9944 9732 20
588 332 20
2358 69 0
2088 1660 19
8026 7709 20
5117 6 0
12883 12535 22
11724 10860 22
8004 68 0
8112 68 0
6511 6 0
9891 9710 19
1856 24 0
4587 68 0
11467 10954 20
2762 2446 22
5575 68 0
13216 13114 20
4719 4274 20
10534 6 0
7898 7574 20
16042 6 0
14528 14018 20
7613 2398 14
7521 6 0
429 280 20
937 319 20
13952 13563 22
8207 7585 20
17084 16813 22
10483 9735 22
8857 68 0
6871 6632 19
14532 68 0
4758 4223 19
10489 9735 22
10263 9822 20
3763 2957 20
2619 6 0
7260 6 0
7069 6662 21
7050 6649 20
3619 69 0
6657 6661 15
1369 6 0
8028 7600 20
928 134 21
6439 5426 22
12550 11927 20
5848 5362 19
13211 13090 20
8712 41 0
2386 1691 20
8678 41 0
12387 11998 20
7899 7696 20
12203 11960 20
10070 9710 19
6256 6 0
4350 254 14
13608 6 0
1966 1663 20
10180 9710 19
1700 40 0
9930 9759 20
11445 8152 14
308 69 0
2052 68 0
6565 6190 22
5268 4332 22
15824 15156 19
11506 4294 14
2080 68 0
15658 15238 20
6619 5529 22
15348 15156 19
7975 7667 21
16814 16396 20
707 186 20
8572 6 0
17196 16419 22
1136 299 20
16994 16846 22
15735 15163 20
2190 1660 19
876 293 20
3084 41 0
3501 2944 19
12320 11877 19
5267 4332 22
9048 8749 20
248 254 15
3499 3108 20
3321 2991 20
9627 8739 22
12196 11953 20
2618 1688 22
6083 5475 20
11792 11429 22
6966 6633 21
12521 42 0
13445 13066 20
13765 6 0
3302 68 0
7995 7700 20
15838 112 14
11722 10860 22
14205 68 0
13518 253 14
12648 12515 22
4755 4317 21
4942 42 0
8327 7586 22
10132 9808 21
7865 7637 20
8124 68 0
10103 9786 20
2573 6 0
5937 5365 20
14318 68 0
8830 8698 20
6506 5450 22
6856 6760 20
1767 1766 14
554 170 20
5361 1 0
7044 6654 20
2492 42 0
4714 4255 20
10045 9797 20
8173 7605 20
9176 8666 20
8078 68 0
13126 4813 15
6746 2424 14
10722 9808 22
8015 7584 20
16285 6 0
10955 10821 20
15316 15156 19
879 228 20
10300 42 0
7136 6637 21
9250 8658 19
772 68 0
7919 68 0
17188 16416 22
2458 42 0
5678 5383 20
17162 6 0
16859 16387 20
3215 3111 21
3890 2978 22
2028 1675 20
6530 6034 22
8844 8658 19
15245 24 0
3261 2947 20
4737 4373 20
13790 6 0
4327 1729 15
15344 15226 20
12654 12533 22
2566 1668 22
2035 1868 20
12369 11877 19
9160 8658 19
5655 5472 20
9320 8658 12
10839 9 0
11480 2344 14
4619 4378 20
16865 16339 19
4006 3637 22
9256 8777 20
7159 42 0
2802 6 0
9888 9710 19
1590 950 22
3732 3733 14
1553 264 22
5926 5417 20
459 68 0
2056 1702 20
10239 51 0
8410 8239 22
5069 4887 22
2397 42 0
565 68 0
16606 16348 20
760 105 19
8020 7571 19
6189 42 0
6485 6090 22
11453 10870 23
4670 4223 19
8693 3094 15
2127 1660 19
4418 69 0
2004 68 0
7528 6 0
4433 4346 20
14327 14094 20
5833 68 0
3434 2965 21
9066 8681 20
12801 6 0
3659 3015 20
9911 9782 20
15076 6 0
15688 15156 19
11806 6 0
11946 2959 16
3766 2944 12
5764 5362 19
4614 68 0
13150 13151 13
8596 8214 22
11692 11442 22
5843 5393 20
5662 5451 20
491 68 0
16713 16402 20
7324 6 0
5633 5428 20
13524 13016 19
1586 1162 22
1626 323 22
5768 68 0
8043 68 0
13496 13048 23
4481 4408 20
2389 1733 20
1730 1731 13
2020 1669 20
4888 62 0
14264 14057 20
16429 7 0
12742 6 0
4167 3610 22
11009 68 0
5187 4307 22
16500 16385 20
9470 6 0
13487 13081 21
16841 16408 21
1710 1711 13
1011 252 20
8040 7617 20
11176 10916 20
9441 9300 22
5524 5525 13
14603 13968 19
10643 6 0
13466 51 0
4463 4413 20
1992 1660 19
1883 1669 20
437 68 0
11242 10953 20
13650 13030 22
4183 3710 22
10576 6 0
1002 349 23
11047 10893 20
13239 13016 19
1296 1173 22
10337 138 14
9327 8658 12
10554 9753 22
568 105 19
1154 162 21
2268 1810 20
1316 6 0
4000 3018 22
12961 11976 22
10039 9776 20
14367 13968 19
10656 6 0
3497 3073 20
15870 15168 23
4119 6 0
3278 3036 20
8812 8658 19
14394 13993 20
471 105 19
6379 6 0
15336 15254 20
1755 1760 15
9949 9802 20
11392 10805 19
11427 10896 21
14433 13968 19
390 114 20
6982 68 0
16492 16390 20
8929 68 0
2978 40 0
10667 6 0
4459 4413 20
2265 1660 19
9076 8767 20
4916 4257 20
3072 24 0
9983 9874 20
3101 3104 14
10239 9875 20
5705 5412 20
2682 6 0
13727 13047 22
13385 13016 19
11716 11441 22
10096 9710 19
4126 3710 22
16917 16339 19
4662 68 0
9543 8713 22
14196 13968 19
13483 4316 14
2557 6 0
7882 68 0
658 243 20
7095 42 0
584 265 20
875 310 20
8435 7610 22
4558 4399 20
12999 12505 22
15444 15262 20
1602 303 22
13457 13090 20
7391 6680 22
8401 7603 22
12525 42 0
15171 15175 15
4833 4405 20
15814 15156 19
14344 14007 20
15817 15169 23
817 105 19
6369 6 0
13193 13087 20
4903 4276 20
16891 16400 20
9185 8676 21
9060 68 0
12505 12025 20
7300 6 0
12190 11877 19
11291 10855 20
4759 4223 19
11111 10805 19
6894 6753 20
4135 3712 22
1052 136 20
13621 13480 22
16096 6 0
6910 6728 20
4892 4257 20
8349 6 0
15659 68 0
15468 68 0
8980 8680 20
3099 69 0
14648 42 0
6765 24 0
9008 8658 19
3234 3118 20
6026 68 0
15399 15269 20
4101 6 0
7948 7691 20
3355 2944 19
13349 13146 20
10213 9786 20
11234 10832 20
1271 1164 22
5147 4291 22
12573 62 0
10046 9802 20
4395 41 0
14324 14011 20
13991 13993 13
9231 8658 19
15868 4853 14
16546 68 0
16778 68 0
6132 5362 19
3669 3081 21
456 105 19
13566 42 0
2143 1774 20
8840 8756 20
4497 68 0
6662 9 0
14093 24 0
5858 5373 21
5748 5417 20
12531 11877 19
5745 5362 19
14497 14125 20
2134 1718 20
5578 5362 19
15613 15249 20
11540 10806 22
1480 226 22
16676 16357 20
4205 3130 22
11101 10866 20
10981 10832 20
2141 1749 20
2044 1724 20
15371 15164 20
5090 6 0
14150 68 0
8832 8658 19
16704 68 0
15806 15172 23
10122 9791 21
7035 68 0
4920 42 0
15683 15172 20
3701 2944 19
10136 9870 20
9163 8766 20
6495 5445 22
11084 10831 20
8771 8772 13
6573 6 0
2261 1757 20
12224 68 0
12945 12564 22
14176 14035 20
1668 1672 15
16606 16417 20
9278 8671 20
8049 7571 19
2893 6 0
11522 54 0
8337 8200 22
11461 10901 21
3554 3057 20
11263 10805 19
16199 15828 22
8143 7620 20
2576 2364 22
9452 8689 22
10229 9867 20
4005 6 0
5340 4936 22
14666 14047 21
12574 11955 21
2912 1833 22
15848 15276 21
5295 6 0
4747 68 0
17218 6 0
655 68 0
14165 68 0
6145 1716 14
6587 6030 22
16301 15272 22
7920 7571 19
9405 6 0
5751 68 0
12591 54 0
12558 42 0
6159 5452 20
7741 7710 20
9656 8751 22
5373 4891 15
9796 9800 13
2842 6 0
16610 16339 19
4460 68 0
12757 6 0
8907 8674 20
5360 6 0
3672 51 0
13588 13529 22
8182 7630 20
17121 6 0
9129 8797 20
6070 5387 21
8870 8721 20
8229 7571 19
10148 9765 20
956 319 20
9120 8669 20
13754 6 0
8186 42 0
6035 62 0
12456 11982 20
7023 68 0
9211 69 0
4182 3605 22
3334 2986 20
13771 13468 22
15893 15156 19
5460 5463 13
14753 13969 22
6895 6714 20
15434 68 0
10971 10919 20
4893 4312 21
16387 41 0
12819 12539 22
15815 42 0
532 249 20
11003 10808 20
9506 9314 22
2955 24 0
8064 7571 19
15240 15241 13
10244 9740 23
5785 5467 20
4789 4267 21
2268 1868 20
11266 10876 20
6098 5418 20
14583 14031 20
1527 6 0
2378 1782 20
13070 69 0
1011 141 21
9994 68 0
3101 3105 15
5409 69 0
5271 4926 22
12543 11923 20
2833 6 0
6272 5373 22
593 105 19
14866 14001 22
2911 6 0
2262 68 0
14529 13968 19
1432 6 0
17068 16375 22
6564 6093 22
2434 1660 19
5882 5451 20
6114 5506 20
6858 6692 20
3455 2944 19
16892 16474 20
15686 15205 20
1795 41 0
4679 4239 21
3586 2944 19
16916 2510 14
3991 3732 22
10421 10219 22
6836 68 0
403 68 0
13040 13041 13
11364 10847 20
278 105 17
8925 8658 19
6958 68 0
2777 6 0
4089 6 0
16543 16376 20
9486 9232 22
4516 68 0
14389 13968 19
8789 4889 14
13121 13124 13
8060 7583 20
17119 16859 22
3621 2944 19
6633 6635 13
13354 68 0
8103 68 0
13503 247 14
15315 15193 20
10616 9771 22
476 68 0
2080 1780 20
10347 9827 20
6848 6720 20
6648 3563 15
12507 8716 14
671 68 0
5902 5374 20
4150 6 0
5877 5531 20
14978 6 0
10151 9719 20
3233 68 0
3387 3082 20
4626 4269 20
2029 1799 20
7812 7651 20
15702 15156 19
11290 10805 19
16684 16447 20
11409 10900 20
5021 4239 22
9841 7 0
6819 6757 20
9775 1854 16
1958 1662 20
5377 4819 16
9108 8780 20
10201 9853 20
12173 11879 20
5923 5472 20
15876 15156 19
5688 5412 20
16841 16435 20
583 68 0
860 170 20
7185 6632 19
3013 3016 14
12647 6 0
4437 4368 20
7085 6766 20
16579 16420 20
14153 14027 20
2080 1690 20
5769 5502 20
11358 68 0
7495 6712 22
2650 2425 22
3080 69 0
46 3 0
1609 303 22
1975 68 0
13373 13016 19
7488 6712 22
12250 68 0
5730 68 0
16923 16401 21
9196 8658 19
1106 155 21
10345 9801 21
5802 5509 20
1989 1660 19
8441 6 0
15772 42 0
10179 9710 19
8899 68 0
12732 11908 22
15789 4943 14
11038 10807 20
9352 8665 22
64 19 3
9518 6 0
9560 9281 22
12576 42 0
15599 15156 19
2273 1845 20
7779 7608 20
16806 68 0
7514 6 0
7051 6632 19
11403 42 0
6680 4320 14
14715 5459 14
11725 11407 22
9930 9710 19
6084 5436 21
5270 6 0
2373 1660 19
16163 15221 22
10312 9710 19
2426 1670 20
6826 6632 19
6877 6773 20
7132 6727 21
4914 4336 20
717 68 0
526 325 20
15371 15156 19
13813 13076 22
16044 15191 22
10464 6 0
4589 4352 20
13365 13016 19
6932 68 0
15319 15274 20
3046 3048 13
15881 51 0
11628 6 0
6905 6682 20
6115 5362 19
8928 68 0
7896 7571 19
8818 8802 20
11022 10805 19
10422 6 0
9074 8658 19
3071 2944 17
12451 11898 20
6078 69 0
4948 4336 20
16951 16857 22
8964 68 0
10764 9833 22
15581 68 0
2149 1856 20
13817 6 0
5693 5509 20
11407 10805 19
7367 6 0
9210 8730 20
7431 6695 22
9846 9849 13
2731 1723 22
8474 7616 22
15920 15157 22
7179 6775 20
9735 1016 15
5195 6 0
11268 10805 19
16496 16339 19
11916 11917 13
15630 15210 20
4836 2379 14
13182 13158 20
9041 8740 20
14557 68 0
11227 10805 19
9118 8699 20
3500 3153 20
11288 10881 20
5215 6 0
13184 13016 19
6854 68 0
15962 15818 22
1749 24 0
1315 148 22
978 979 14
1534 6 0
9244 8767 23
10848 934 15
634 68 0
5813 5509 20
12338 12023 20
13054 24 0
12391 68 0
16163 15882 22
13508 13026 21
9792 24 0
15871 15233 23
1892 68 0
15286 15156 17
9296 8658 19
3483 3066 20
9612 9253 22
14332 13968 19
14097 13968 17
16532 16409 20
8989 8658 19
2345 2346 14
6652 6632 17
14144 14044 20
6810 6632 19
1365 996 22
3325 3097 20
4519 4413 20
11356 10892 21
10869 10871 13
474 68 0
3701 3023 21
5754 5397 20
13310 68 0
12058 11880 20
8584 7653 22
1655 6 0
4372 4374 13
4880 4405 20
14723 54 0
16643 16426 20
14664 14047 21
3509 68 0
16249 6 0
8962 68 0
15861 69 0
4374 24 0
1895 1757 20
16156 15832 22
16788 68 0
13452 13032 20
4470 68 0
4887 42 0
1359 6 0
14693 13968 19
11469 10844 21
7825 7622 20
12959 11976 22
7051 42 0
15020 14047 22
12335 11897 20
3312 68 0
16113 6 0
7653 7062 16
10514 9743 22
14415 14088 20
6928 6729 20
1440 946 22
16723 16366 20
11163 10919 20
10363 54 0
9916 9874 20
9353 6 0
5616 5362 19
12176 11877 19
3530 2980 20
2065 1660 19
505 68 0
3824 3604 22
15818 4945 14
3848 2960 22
1091 319 20
7516 7051 22
7915 7571 19
5360 4419 22
7367 6676 22
13224 13018 20
2498 1024 14
6059 5362 19
15911 15156 12
12110 11939 20
6816 6772 20
12712 6 0
13495 13016 19
12930 12475 22
14444 13968 19
716 156 20
1202 1124 22
9411 6 0
16699 16348 20
2442 1876 20
14227 14098 20
5899 5393 20
749 243 20
645 105 19
2103 68 0
16847 16433 21
13184 13118 20
3737 3091 20
10046 68 0
2503 2336 14
12001 12004 13
1459 6 0
10260 9823 21
10869 10805 17
7051 62 0
2386 2387 14
8702 175 15
12407 11968 20
6890 6690 21
4485 4223 19
9045 8673 20
11491 10805 19
15894 15235 20
6171 69 0
10006 9777 20
6156 5394 20
4577 4379 20
7822 7590 21
10175 9830 20
10208 9723 20
4781 4223 19
11473 10947 20
15447 15159 20
3484 3030 20
11695 6 0
13714 13047 22
3982 3008 22
15339 15156 19
7109 62 0
7719 7571 19
15353 15249 20
10420 6 0
14536 14011 20
8812 8725 20
1073 105 19
412 264 21
5023 4239 22
15897 15166 20
2919 6 0
15437 15303 20
15297 2953 14
9378 8668 22
6 3 0
3023 267 14
4650 4374 20
13045 24 0
428 257 20
3672 3056 20
14247 14041 20
12527 51 0
4728 4223 19
12421 11944 20
2032 1851 20
3060 938 15
16988 16887 22
5854 5428 20
405 68 0
15777 15290 20
11916 11918 13
15841 15308 20
12615 12473 22
16722 16473 20
13928 13126 22
10578 9763 22
16618 16367 20
13035 40 0
3362 68 0
8261 7571 12
17103 16388 22
16419 16339 17
6138 5418 20
7568 6 0
9041 8711 20
162 167 15
4767 4313 20
7758 68 0
17246 16446 22
4793 4288 23
2044 68 0
14834 14668 22
14633 1030 14
4678 4274 20
12958 12513 22
5289 4350 22
11346 10942 20
2566 2476 22
12828 11934 22
14693 1742 14
1065 42 0
6488 5440 22
6972 6753 20
14148 13968 19
5397 24 0
15657 15226 20
12973 11986 22
12733 6 0
7343 6 0
11638 11395 22
2783 6 0
10266 9844 20
329 69 0
13293 13016 19
14589 13989 20
13225 13154 20
2593 2410 22
964 69 0
17139 16832 22
15085 14070 22
16675 16361 20
14171 14009 21
13089 13016 17
10278 9791 21
3310 2944 19
12413 11877 19
11973 24 0
14399 14094 20
3813 6 0
4030 3578 22
1478 1019 22
7961 7587 20
1318 998 22
9438 6 0
2137 68 0
15535 68 0
2004 1712 20
6967 6653 20
11883 69 0
2151 1828 20
8697 8700 13
6728 24 0
7058 42 0
4196 3116 22
913 105 19
9950 9824 20
16760 16417 20
9061 68 0
15992 15176 22
14619 13978 20
5563 5405 21
14455 68 0
16955 16340 22
13563 13083 23
11144 10840 20
1281 134 22
5697 68 0
11414 10873 20
3046 3051 14
10231 42 0
12313 11909 20
9571 8720 22
11673 11435 22
15870 15156 19
12131 12020 20
8481 8227 22
7284 6648 22
1914 1757 20
16489 16367 20
6701 41 0
9271 8712 20
8858 8756 20
1464 6 0
16901 16339 19
5440 5441 13
11981 11984 13
16494 16340 21
13368 13141 20
12669 11892 22
8408 7603 22
16895 16339 19
6606 5513 22
8991 68 0
17113 6 0
6809 6686 20
15710 68 0
3076 3077 13
15536 15254 20
17185 16822 22
12063 11917 20
11424 10947 20
5932 68 0
820 293 20
1645 6 0
10962 68 0
13121 2292 14
256 260 13
844 243 20
4250 41 0
9856 9710 17
8953 8685 21
8670 24 0
4660 4420 20
7104 6639 20
13192 13045 20
3356 2944 19
11543 6 0
9969 9843 20
12038 68 0
2572 6 0
13569 13035 21
15005 14043 22
13369 13016 19
11493 42 0
12197 11999 20
3528 68 0
3524 68 0
11259 68 0
10941 7661 15
15775 15311 23
7105 6632 19
632 157 20
4848 69 0
11301 10832 20
13294 13113 20
11795 11408 22
9169 8660 20
11770 10874 22
1654 1108 22
15838 15156 19
10392 6 0
4890 4358 23
4988 6 0
3177 3163 20
4565 4329 20
14240 13968 19
6969 6708 20
5423 41 0
7547 7135 22
12970 11981 22
6314 6149 22
1983 68 0
7585 41 0
133 69 0
14077 13968 17
14185 13968 19
3964 3752 22
9962 9710 19
8182 7571 19
13794 6 0
12431 11877 19
2933 1855 22
12191 68 0
17027 16867 22
13480 13016 19
9100 8790 20
3237 2980 20
16365 16367 13
890 171 20
8414 7607 22
1175 136 20
4784 4223 19
13878 13530 22
10152 9776 20
12525 11911 20
12131 11877 19
4216 3152 22
13285 68 0
15939 15758 22
3507 68 0
16817 16381 20
2699 2428 22
15427 15227 20
8055 7651 20
5591 5389 20
8399 6 0
14203 14032 20
12971 11981 22
2295 42 0
15479 15214 20
11211 10805 19
4752 68 0
3750 42 0
7126 6632 19
16466 41 0
16300 6 0
12044 11956 20
6808 6696 20
10159 9805 20
5927 5362 19
12341 11877 19
13958 13487 22
15837 15260 20
16802 16424 21
6819 6714 20
6809 6632 19
993 380 20
4410 41 0
9188 9189 14
3477 3154 20
7195 6632 12
16598 16434 20
16713 16343 21
15341 68 0
5857 5473 20
8270 7571 12
11108 10897 20
9732 24 0
8823 8666 20
4784 4324 20
10249 9785 21
2439 69 0
3205 2944 19
4654 4351 20
14615 14051 21
4254 4259 15
954 105 19
9988 68 0
5840 5378 20
12059 11993 20
15681 15156 19
12538 42 0
14597 14016 20
7000 6663 20
5933 68 0
10517 9743 22
6016 5362 19
6056 1741 14
15703 15163 20
15040 14648 22
12183 11909 20
1136 356 20
11427 4283 14
10806 10810 15
14274 14041 20
6090 6091 14
5958 5364 20
10327 9710 19
10297 9710 19
3130 7 0
3788 2945 22
6010 5389 20
8024 7571 19
1019 105 19
8869 68 0
16034 6 0
595 105 19
4808 51 0
11401 10851 20
17006 6 0
10994 10949 20
13607 6 0
4916 42 0
14074 7161 14
11978 24 0
10335 42 0
15874 51 0
13891 6 0
6800 6685 20
3858 6 0
13292 13027 20
15546 15266 20
16104 15204 22
1122 380 20
14101 5424 14
2332 2333 14
15518 15230 20
10145 9806 20
14034 14036 13
10386 6 0
7957 7571 19
15636 68 0
4856 3105 14
15352 15156 19
4163 3088 22
13866 13096 22
6780 6632 17
16169 15819 22
4589 4363 20
7074 1714 14
12295 12007 20
5182 4806 22
15675 15156 19
7118 6632 19
11760 6 0
14635 14013 21
13342 13027 20
15748 15265 21
6803 6632 19
5813 5362 19
8771 8773 13
11725 10860 22
5219 4317 22
5632 68 0
14975 14034 22
8464 7613 22
12301 11957 20
15810 15251 20
13040 13042 13
16039 6 0
3849 2965 22
13318 68 0
3302 3153 20
2808 1761 22
13666 6 0
12215 12020 20
14594 13968 19
10239 9833 21
1005 69 0
11338 68 0
719 368 20
6018 5362 19
14524 13968 19
10445 10310 22
1031 299 20
15587 68 0
12404 11877 19
11498 69 0
3243 3089 20
6690 6694 13
4804 4410 20
16512 16339 19
11038 10928 20
12046 11877 19
16626 16413 20
8373 6 0
11439 10837 20
697 202 20
14882 14005 22
2371 1737 21
8940 8785 20
9647 9199 22
3644 3029 21
14127 14130 13
16843 1135 14
6801 6681 20
13006 12018 22
13955 13496 22
4195 3116 22
14655 13968 19
14253 13997 20
12554 62 0
12782 11920 22
15563 15288 20
7913 7709 20
13846 13093 22
16871 7129 14
2542 54 0
7171 2292 14
14539 13993 20
3103 41 0
637 105 19
6962 68 0
14576 13992 20
13734 6 0
4247 4253 16
13759 13056 22
10317 9827 20
14988 14039 22
15556 68 0
11192 68 0
15330 15156 19
6825 6765 20
7752 7571 19
795 325 20
13748 13056 22
3773 2944 12
13805 13076 22
12661 11892 22
11052 10821 20
4627 4223 19
6829 68 0
4598 4223 19
6780 1705 15
3846 6 0
13290 13141 20
2091 1763 20
4844 4364 20
8026 7616 21
8953 8760 20
11610 10823 22
14202 13968 19
1378 996 22
9107 8658 19
9100 8658 19
12053 11877 19
15829 62 0
3116 3118 13
15374 15183 20
9248 51 0
14191 13968 19
14562 14057 20
4174 3732 22
10470 6 0
11359 10805 19
9751 41 0
15404 15312 20
13207 68 0
12728 11908 22
6364 6 0
1751 41 0
6344 6197 22
16488 16460 20
15229 268 16
6187 5460 21
8898 68 0
14164 14035 20
2080 1774 20
3742 2972 21
15102 14077 22
11101 10861 20
1254 126 22
11294 68 0
5290 4350 22
12475 11923 20
5737 5427 20
8113 7687 20
2192 1774 20
4631 4403 20
15465 15277 20
9230 42 0
7792 68 0
7171 42 0
13176 68 0
13854 13522 22
16264 15851 22
10141 68 0
3136 3138 13
10351 9819 21
12228 68 0
14712 13987 21
2057 1793 20
6046 69 0
5142 4286 22
8545 6 0
13688 6 0
17224 16437 22
6049 5362 19
5799 5441 20
11453 10935 20
16926 16339 12
6181 62 0
4675 68 0
5759 5405 21
898 114 20
6692 24 0
2802 1761 22
13560 13080 20
7986 7704 20
12449 68 0
9030 8767 20
4285 69 0
10609 10352 22
5348 4392 22
3405 68 0
8217 62 0
7099 6752 23
8136 7657 20
5021 6 0
4328 24 0
13909 13112 22
11821 11388 22
13982 13968 17
1535 994 22
15558 15156 19
9370 9204 22
10312 2516 14
12453 12007 20
8021 68 0
5246 6 0
12967 12540 22
16682 16398 20
14475 14082 20
9427 9221 22
4487 4378 20
4638 4223 19
973 185 21
13601 13017 22
14951 6 0
15379 15156 19
7462 7176 22
14474 14083 20
2786 2337 22
2647 6 0
16898 62 0
9697 9215 22
2762 1743 22
14548 13968 19
6394 6 0
559 378 20
12340 11877 19
7841 7676 20
10848 10849 13
11228 68 0
16605 16465 20
13602 6 0
8192 7657 20
2145 1738 20
1019 42 0
16175 6 0
16863 381 14
14612 4321 14
8929 8658 19
8434 6 0
990 248 21
2004 1856 20
17092 16384 22
3470 2944 19
13626 13026 22
4742 4223 19
5139 6 0
933 51 0
7171 6731 20
10144 68 0
2308 69 0
11950 41 0
13339 68 0
1942 1660 19
11275 10805 19
3295 2944 19
14533 13968 19
10949 24 0
11837 10914 22
7925 7663 20
15409 15254 20
11140 10805 19
9257 8658 19
3816 3603 22
6883 6735 20
14287 13987 21
6555 6 0
4356 4360 13
1395 185 22
489 127 20
12077 11877 19
4837 4838 14
10329 10330 14
3241 68 0
10582 10308 22
3900 3714 22
14589 936 14
3764 69 0
16290 6 0
3374 3126 20
9414 6 0
15384 15156 19
10346 9710 19
14700 62 0
13195 68 0
6005 5542 20
4386 4387 13
9791 9 0
8226 7571 19
16900 16414 20
12376 68 0
14557 14040 20
16541 68 0
11324 10866 20
7836 7571 19
11161 10805 19
2107 1660 19
13329 13016 19
11142 68 0
5272 6 0
3241 2991 20
10789 6 0
13489 42 0
12459 68 0
7239 7186 22
16764 68 0
5974 68 0
16694 16421 20
11356 10824 20
3539 68 0
12987 6 0
9527 9222 22
11714 10853 22
16540 16405 20
13340 13146 20
13513 42 0
11378 10805 19
747 105 19
10270 51 0
11374 42 0
4874 3105 14
3501 68 0
11409 10924 23
12469 11917 20
710 105 19
16241 15760 22
11388 1754 14
15491 68 0
15655 15156 19
12794 11924 22
8546 7643 22
17195 16897 22
6717 69 0
9294 9295 14
226 228 13
11213 10817 20
2503 1660 19
15209 4921 16
16952 6 0
1628 6 0
11044 10945 20
2627 1688 22
13112 9235 14
4857 4230 23
5742 5384 20
8761 24 0
3204 68 0
5883 68 0
2488 69 0
508 68 0
1895 1660 19
1171 136 20
7630 41 0
5447 41 0
7316 6 0
6755 6756 13
13296 13162 20
7628 1801 16
9936 9710 19
5988 5362 19
9779 69 0
16479 16481 13
3627 69 0
5574 68 0
14333 68 0
2151 68 0
6793 6714 20
7300 6652 22
12140 11877 19
4570 4223 19
11415 10835 21
14830 6 0
10314 42 0
9873 2387 15
16519 16485 20
4024 6 0
15423 15156 19
8897 8725 20
6880 6632 19
6797 6632 19
1747 69 0
406 68 0
11391 10805 19
5656 5362 19
11764 10874 22
13643 6 0
16527 16469 20
9912 9825 20
1090 69 0
4927 4324 23
12892 6 0
11360 10805 19
667 68 0
3573 42 0
1973 1660 19
14051 14054 13
14262 68 0
11243 10885 20
5060 4254 22
7003 6757 20
12978 11989 22
14511 68 0
7300 7140 22
6981 6712 21
8154 7702 20
16739 16362 20
571 170 20
17164 16404 22
7104 6632 19
3067 41 0
6514 5455 22
1230 1023 22
5336 6 0
7075 6734 21
10992 10820 20
2178 1724 20
5567 68 0
11494 10922 20
6486 6 0
4546 4223 19
12133 12016 20
816 105 19
12488 8808 14
17057 16370 22
4549 4379 20
14171 14018 20
14977 6 0
9055 8658 19
13859 13096 22
13211 13110 20
4953 54 0
9118 8748 21
6384 5405 22
14453 14111 20
14606 42 0
2185 1660 19
9219 62 0
12424 11877 19
4078 3618 22
682 354 20
9653 6 0
6906 6642 20
3446 3048 20
4073 3046 22
3205 3126 20
17069 16375 22
4441 4324 20
11952 24 0
9640 9303 22
4936 4223 19
3870 3620 22
11625 6 0
15668 15183 20
6197 5549 20
17277 6 0
12666 11892 22
13667 13548 22
16718 16413 20
925 105 19
8729 24 0
10179 68 0
4105 6 0
2036 1725 20
13171 13060 20
10692 10338 22
1931 1690 20
15423 15238 20
8481 7616 22
3354 68 0
5951 5421 20
15265 7 0
5970 5392 20
5416 1866 16
78 79 9
15588 15156 19
7143 167 14
6507 6 0
6902 6663 20
8918 8753 20
13625 6 0
9026 68 0
11101 10805 19
5790 5362 19
473 221 20
549 333 20
9049 68 0
6293 6073 22
15463 15156 19
16284 15265 22
16148 6 0
2139 1856 20
16779 16398 20
16394 24 0
13104 69 0
13437 13016 19
10982 10916 20
4838 69 0
444 68 0
4487 4363 20
13848 13513 22
11045 68 0
5460 9 0
12940 11962 22
12501 11964 20
15429 15259 20
10806 929 16
9500 8702 22
10705 10345 22
3696 2979 23
4887 4267 21
2860 1792 22
9697 8775 22
12203 11877 19
16559 16339 19
12137 11967 21
8464 6 0
723 68 0
2830 6 0
7350 6672 22
15724 15163 20
10819 10805 17
12742 11908 22
12138 11890 20
15167 15168 13
11185 10849 20
9463 9192 22
11348 10909 20
5786 5428 20
16356 16357 13
10743 9823 22
6525 6049 22
1468 226 22
6545 6161 22
9192 6125 14
4726 4352 20
16195 15232 22
8028 68 0
6532 6 0
11914 41 0
16831 16339 19
16661 68 0
13405 68 0
5102 6 0
5585 5541 20
7881 68 0
6530 6 0
7387 6680 22
5837 5421 20
5643 5504 21
8099 7617 20
7867 7633 20
12141 12006 20
5062 6 0
16834 16374 20
14596 5400 14
7089 6770 20
7861 7687 20
9116 68 0
12288 11972 20
8625 8168 22
16171 15887 22
9177 8806 20
1779 1782 13
8904 8673 20
7912 7588 20
7970 7654 20
13210 13022 20
11239 10902 20
6816 6692 20
8098 7700 20
3881 6 0
4545 4312 21
8083 7663 20
821 258 20
639 105 19
10040 9710 19
5953 5541 20
1263 1154 22
15805 1153 14
14110 3736 14
15942 6 0
1923 1660 19
8395 6 0
17262 6 0
14699 14080 20
1098 105 19
5701 5428 20
10313 42 0
9085 68 0
14362 68 0
16851 16339 19
1057 69 0
9645 9259 22
14624 14033 20
4858 42 0
10730 10261 22
7796 7591 20
14483 13968 19
2127 68 0
8358 8221 22
13737 13052 22
11073 68 0
3640 3143 20
14263 68 0
3246 68 0
2290 1817 20
12079 11947 20
2850 1786 22
7222 6633 22
16255 6 0
15463 15253 20
935 270 21
734 368 20
15035 14047 22
16515 16380 20
9656 9241 22
14543 13968 19
11209 68 0
12108 11948 20
9260 51 0
8882 8697 21
15560 68 0
10587 6 0
13257 13087 20
2686 2301 22
7901 7623 20
7101 6652 21
10646 9781 22
10000 9792 20
11485 11486 14
8524 6 0
14863 6 0
4640 4273 21
13180 13113 20
12540 3570 14
15490 15211 20
908 105 19
11554 10811 22
2469 1660 19
16401 9 0
10481 10313 22
14717 1072 14
9184 8677 20
16861 42 0
7802 7695 20
10803 6 0
16824 16346 20
11012 68 0
15386 15164 20
5797 5432 20
14195 68 0
13767 13500 22
4693 68 0
8370 7594 22
4412 4413 13
7471 6703 22
12508 11878 21
3065 24 0
8107 68 0
5571 5530 20
4184 3662 22
12671 6 0
3592 3138 20
6503 5450 22
5270 4903 22
384 24 0
8229 7636 21
10333 51 0
11337 10898 20
2965 2969 14
14131 41 0
11076 10924 20
9531 9243 22
12969 12503 22
16502 16405 20
15676 15173 20
3700 42 0
10332 9854 20
5227 4317 22
7031 68 0
13212 13114 20
7593 41 0
4986 4229 22
3752 51 0
14030 6033 15
8668 8658 17
5318 4372 22
15293 24 0
15376 15287 20
13126 13016 17
10354 9765 23
3449 3014 20
15491 15193 20
10529 10233 22
8970 8752 20
16515 16375 21
7032 6760 20
11165 10819 21
8976 8749 20
894 105 19
11112 10805 19
1549 6 0
6543 6 0
8384 7599 22
2444 1779 21
506 68 0
2454 1788 20
10098 9710 19
5911 5362 19
2276 1711 20
11140 10816 20
477 368 20
671 156 20
12044 68 0
6836 6720 20
909 194 20
8247 3156 14
12275 11877 19
1619 316 22
17180 6 0
258 24 0
10260 51 0
8426 8241 22
2171 1660 19
10335 9710 19
4024 3023 22
7653 198 14
3900 6 0
1547 6 0
7105 6716 20
12345 11877 19
14689 14010 23
8480 6 0
8552 8175 22
679 348 20
388 121 20
1622 1031 22
148 153 15
3439 3061 20
16555 16413 20
4218 6 0
4721 4281 20
10212 68 0
14538 14052 20
10219 1014 14
5575 5456 20
13965 13480 22
1309 1134 22
11929 387 14
4454 4223 19
14984 14034 22
12962 11981 22
2413 69 0
9302 8777 20
7965 7691 20
3587 69 0
1081 216 20
10764 6 0
16839 16439 20
13395 13016 19
11719 10860 22
16029 15869 22
2591 1674 22
11113 10805 19
12412 11993 20
14614 14060 21
15943 15846 22
16594 16413 20
3414 3153 20
3030 24 0
9256 8742 20
3183 3090 20
6825 6632 19
16979 16810 22
12739 6 0
6964 6740 20
9306 8675 20
12327 68 0
4882 42 0
1420 201 22
16260 15865 22
13906 13112 22
13051 41 0
850 68 0
10058 9715 20
6048 5385 20
3721 42 0
10493 10352 22
2875 1803 22
864 235 20
147 69 0
15186 15188 13
9784 41 0
694 156 20
9497 6 0
3888 6 0
8161 7610 21
15314 15193 20
9878 9805 20
2469 2470 14
2214 1749 20
2575 2487 22
5520 5523 15
7193 54 0
13844 6 0
15924 6 0
8888 8658 19
15632 15274 20
2419 1674 21
12434 11935 20
13435 13053 20
15847 15279 21
10983 10805 19
731 202 20
10987 10805 19
4785 4786 14
15736 15227 20
5599 5365 20
7731 7695 20
5987 5417 20
9668 9292 22
5059 4874 22
14992 14677 22
12716 12532 22
15380 68 0
12735 11908 22
3517 2944 19
11095 10840 20
748 186 20
11916 11877 17
3253 3019 20
10344 9726 20
8540 8213 22
10016 9710 19
13996 352 14
9127 8761 20
10199 9853 20
7481 7091 22
10784 6 0
8734 8738 15
833 134 21
3054 2944 17
10025 9810 20
16558 16401 21
16159 6 0
3914 3685 22
9059 8674 20
8008 7700 20
12352 11931 20
6567 5486 22
10819 10805 18
14301 14102 20
12269 11877 19
15497 15238 20
4965 4865 22
12792 6 0
14667 13968 19
4609 68 0
625 105 19
7291 6 0
10324 9710 19
6965 6761 20
16680 16417 20
10032 9710 19
4506 4308 20
3416 68 0
6811 6706 21
1553 6 0
9424 6 0
13270 13162 20
6566 5486 22
12916 6 0
7915 7588 20
9093 8766 20
2631 1688 22
7754 7571 19
15639 15158 20
2651 2355 22
3088 3093 14
826 105 19
14167 68 0
14263 13996 21
13218 13096 21
10044 68 0
13017 13018 13
12156 68 0
15566 68 0
16393 9 0
12598 54 0
11699 6 0
14677 5476 14
11088 10812 20
14491 14067 20
10237 9710 19
6534 5460 22
16535 16339 19
16784 16476 20
14030 14032 13
17046 16365 22
6395 6030 22
3628 2944 19
3911 6 0
6137 5362 19
12419 11939 20
442 361 20
15647 15298 20
10507 10296 22
10328 7156 14
5570 5398 20
6323 6 0
13319 13016 19
16780 16339 19
16347 6679 15
5725 5451 20
11850 6 0
10345 62 0
6508 6082 22
10818 41 0
13150 4891 14
14676 14033 20
10976 10845 20
5651 5384 20
7669 41 0
14718 13968 12
8896 68 0
10806 10808 13
6522 6075 22
2684 1710 22
5821 68 0
11026 68 0
11427 51 0
10498 9739 22
8779 47 0
5087 6 0
4483 4358 20
7880 7587 20
9256 8712 20
6813 6729 20
17105 6 0
7221 7059 22
10316 42 0
4007 3023 22
10116 9805 20
3642 69 0
11896 11900 15
14588 14060 21
8795 41 0
3324 3002 20
6811 6638 20
5262 4332 22
8613 6 0
16864 16406 20
3064 3067 13
12782 6 0
16511 16443 20
3588 2944 19
5568 68 0
3737 3738 14
12623 11884 22
10011 9810 20
6396 6 0
3598 1879 14
14755 13969 22
16544 16371 20
16808 68 0
6313 6189 22
5875 5398 20
1232 1079 22
2508 42 0
10996 68 0
16678 16465 20
13346 13016 19
12186 11908 21
4180 3107 22
13541 13017 21
1354 1062 22
13636 13554 22
9089 8680 20
12176 11999 20
11287 10902 20
5273 6 0
4436 4313 20
9287 8791 20
14717 13968 19
2172 1690 20
14927 14017 22
10787 6 0
4628 4225 20
14738 14619 22
10620 9775 22
9303 213 14
5185 4302 22
16492 16348 20
15684 15156 19
2701 1717 22
4656 4223 19
10545 6 0
15401 15156 19
4059 3041 22
7130 6651 20
5685 5482 20
9108 8729 20
1540 6 0
303 308 16
5130 4827 22
3360 3163 20
2097 1660 19
11272 68 0
1232 113 22
14584 68 0
15681 15158 20
12400 11877 19
5502 24 0
5311 4922 22
9150 8658 19
5160 4295 22
7848 68 0
5175 4295 22
11000 10906 20
8056 7683 20
13950 13542 22
10061 9710 19
3169 3073 20
5633 5368 21
14508 13968 19
724 221 20
4800 4336 20
5419 5362 17
2436 2437 14
12870 6 0
13506 13063 20
7978 7571 19
586 187 20
8863 8725 20
14406 14067 20
7159 6672 21
3335 2991 20
2276 1718 20
8177 7662 21
15785 15243 20
10181 9813 21
11226 68 0
16217 15879 22
6953 6654 20
8381 6 0
12766 6 0
2095 1702 20
16822 42 0
6497 5445 22
3185 3073 20
3592 3032 20
12536 12537 14
3748 3067 20
10576 10319 22
7953 7584 20
6425 5419 22
14865 14628 22
6769 41 0
511 105 19
10124 9747 21
7823 7690 20
12245 11930 20
3618 3166 20
5274 6 0
12399 11973 20
9366 6 0
3434 3117 20
7061 6758 20
12226 12023 20
5604 5362 19
12588 42 0
15622 68 0
2949 2944 17
9264 8757 20
10561 9757 22
2625 6 0
14436 14128 20
778 278 21
3310 3025 20
13819 6 0
4910 4223 19
8679 8658 17
13259 13081 21
3723 3134 20
2347 1744 23
16853 42 0
9423 8679 22
15965 15785 22
13409 13016 19
580 120 20
7536 7075 22
16683 16339 19
15434 15156 19
14910 14013 22
15612 15156 19
12452 68 0
3397 2944 19
4798 4799 14
12142 11997 21
3640 51 0
1349 1094 22
7967 7710 20
2179 1675 20
16904 16339 19
2195 1660 19
3739 51 0
9380 9192 22
14447 14101 21
7687 24 0
15124 14097 22
12429 12006 20
3734 3067 20
9085 8658 19
11215 10855 20
10598 6 0
2138 1846 20
9608 8728 22
401 105 19
1048 105 19
16858 16397 21
5869 5521 20
8921 8689 21
8356 6 0
4790 51 0
16801 16345 20
13002 12498 22
14615 14069 20
16548 16465 20
16454 16458 16
14684 13968 19
7054 7055 14
16918 16368 20
4167 6 0
12371 11894 20
6985 6765 20
6761 24 0
10855 24 0
10703 10264 22
6081 1179 14
5744 68 0
1606 6 0
10972 68 0
15744 15288 20
8193 7571 19
11393 42 0
14221 14116 20
7871 7691 20
539 105 19
5773 5547 20
17200 16424 22
5802 5461 20
12608 12585 22
3316 3158 20
1138 69 0
9896 9772 20
1748 1749 13
3223 2965 21
3530 2944 19
8352 6 0
2082 68 0
8501 6 0
6722 41 0
11169 10933 20
2972 989 14
12930 6 0
15802 15156 19
7167 6188 14
8529 6 0
12246 11913 20
1867 1870 13
11544 10806 22
1130 319 20
3313 2944 19
3271 3065 20
3437 3131 20
6152 5378 23
12720 11904 22
16488 16339 19
12623 12503 22
6191 5538 20
10083 9776 20
12437 11977 20
6830 6632 19
10394 6 0
6645 24 0
16454 16455 13
2838 6 0
13798 13072 22
15987 15176 22
15860 62 0
12626 11884 22
15968 15167 22
9917 9710 19
13469 13125 20
5979 5501 20
11066 10880 21
12352 11990 20
10844 3087 16
5101 4849 22
4863 69 0
14300 13968 19
13013 12022 22
3506 2996 20
8094 7654 20
10757 9829 22
2863 2334 22
8993 8704 20
946 62 0
15606 68 0
265 24 0
14148 13976 21
3186 2956 20
9910 9798 20
10568 9757 22
10276 3053 14
8082 7695 20
13527 13089 21
7718 7691 20
11288 68 0
15803 4228 14
1196 54 0
440 68 0
7916 7629 20
1308 1062 22
13280 13133 20
2626 2345 22
11831 6 0
12793 6 0
14779 14698 22
12446 68 0
13010 6 0
9879 68 0
14097 3678 15
9562 9259 22
13238 68 0
14764 13973 22
15534 15266 20
3218 3163 20
2874 1803 22
11436 10821 23
14169 13993 20
16583 16421 20
8307 8241 22
7733 7680 20
16780 16390 20
11242 10881 20
9222 8705 20
11124 10805 19
448 105 19
2251 68 0
812 354 20
15802 15225 21
4638 4352 20
16099 6 0
3242 3019 20
9967 9710 19
9711 40 0
13497 13085 20
6995 6752 20
14246 68 0
7415 6690 22
1215 6 0
7826 7573 20
9111 8686 20
9639 8744 22
4847 4237 20
6862 6734 21
16624 68 0
15221 1115 14
3987 3716 22
967 242 23
3579 69 0
13271 13142 20
14210 14079 20
7071 6635 20
15892 15232 21
14157 14066 20
2700 2388 22
9951 9719 20
12556 11927 20
16566 16339 19
4698 4363 20
10990 10871 20
7528 7183 22
1371 1169 22
5712 5530 20
5985 5441 20
16852 42 0
12637 11884 22
12516 11878 21
10125 9710 19
11942 11877 17
4900 62 0
9097 8666 20
10096 9776 20
2480 69 0
12268 11977 20
7918 7682 21
9978 9710 19
3895 6 0
1508 6 0
2518 69 0
13160 41 0
15512 15163 20
12040 11956 20
15642 68 0
9511 8702 22
11417 4823 14
8053 7709 20
11557 6 0
6331 5391 22
4861 69 0
12696 12526 22
8963 8674 20
10557 10264 22
13608 13565 22
2397 2398 14
16718 16371 20
9899 9710 19
11315 10855 20
432 258 20
1270 994 22
16771 16412 20
6036 5526 20
14558 14032 20
9180 68 0
5965 68 0
5386 69 0
3116 3117 13
3192 68 0
14434 14027 20
14039 4835 15
5933 5392 20
16551 16455 20
12606 6 0
4407 2415 15
14530 14022 20
16068 15870 22
8632 7679 22
5798 5389 20
3285 3089 20
418 105 19
13212 68 0
14929 6 0
11496 10827 21
7841 7591 20
12130 11930 20
15885 15156 19
6846 6632 19
13087 24 0
8816 8658 19
8436 6 0
12463 68 0
9928 9838 20
10152 9743 21
2301 1823 20
1437 6 0
9536 9207 22
11891 41 0
9502 6 0
16873 16364 20
7083 6670 20
16365 7631 16
15096 6 0
13966 6 0
2305 1660 19
5696 5362 19
3929 6 0
2861 6 0
5732 5530 20
10176 9764 20
14520 13998 20
12898 12516 22
3922 3583 22
14925 14711 22
11199 10805 19
15558 68 0
4621 4368 20
4162 3088 22
9113 8681 20
14358 13968 19
9033 8806 20
2653 1700 22
5902 5478 20
4402 4403 13
8936 8687 20
7304 7157 22
14822 14619 22
3503 68 0
14180 68 0
11436 10805 19
11287 10805 19
10329 9716 20
642 202 20
12560 42 0
827 105 19
9950 9863 20
13456 13158 20
13851 6 0
6244 6119 22
10252 9794 20
5770 5362 19
2289 68 0
11666 11369 22
6817 68 0
8467 6 0
15828 15157 21
7666 69 0
13203 13073 20
6047 5500 21
6818 6753 20
6753 24 0
14449 14072 20
16191 15229 22
7866 7629 20
10654 9785 22
4082 3714 22
1044 1045 14
5998 5362 19
13513 51 0
14418 14075 20
2853 1786 22
13112 1736 16
3412 68 0
8204 7625 20
13149 41 0
14661 42 0
5769 68 0
7060 3697 14
721 105 19
5895 5456 20
12339 11947 20
4480 4223 19
4566 4223 19
10326 9829 21
10519 9743 22
2248 1701 20
10974 68 0
11156 10805 19
8571 7647 22
17013 16356 22
13524 3671 14
17027 6 0
2508 1876 20
3691 42 0
3291 3072 20
14239 13968 19
1889 1731 20
16775 16444 20
14693 14070 21
13887 13105 22
902 105 19
2149 1817 20
4209 6 0
7402 7184 22
11992 11993 13
599 105 19
7603 1760 14
3915 6 0
2717 6 0
5504 5362 17
1598 6 0
16553 16339 19
7279 6648 22
13782 13064 22
4472 4231 20
6723 3675 15
4044 3716 22
14946 14026 22
2066 1749 20
9680 6 0
11715 11383 22
12211 11972 20
15482 15156 19
5426 5429 13
13215 13049 20
5590 5389 20
550 384 20
4911 4309 20
2167 1660 19
12304 11977 20
10104 9847 20
15743 68 0
5552 5501 20
7854 7655 20
17078 16379 22
3523 3061 20
11266 10827 21
11027 10870 20
2191 1731 20
7983 7662 21
782 298 20
7102 42 0
1538 256 22
3758 3582 14
12194 12023 20
8730 41 0
5653 5420 20
10141 9776 20
7834 68 0
7109 6706 21
270 271 13
5031 4247 22
13529 13119 20
17126 16846 22
15978 15775 22
1600 6 0
13892 13492 22
16531 16452 20
16760 16339 19
2025 1660 19
10999 10915 20
5504 1172 15
3424 2944 19
5322 4372 22
12457 11977 20
9301 42 0
16092 15881 22
13243 13016 19
16674 16451 20
7142 42 0
9458 8689 22
5029 4239 22
3242 3118 20
3818 3676 22
17193 16419 22
2978 2979 13
16124 15831 22
3649 2949 21
10246 51 0
13362 13049 20
8231 8232 14
13713 13044 22
5248 4896 22
6963 6747 20
6104 42 0
500 105 19
5994 5521 20
8446 8212 22
14294 13968 19
9916 9710 19
9544 8713 22
8195 6661 14
9697 6 0
15835 15250 20
15816 15308 20
13275 13061 20
12078 11990 20
1683 24 0
305 41 0
3432 3055 20
8854 8699 20
3047 24 0
11148 68 0
15074 6 0
11586 6 0
3678 69 0
14411 14011 20
8506 7632 22
9927 68 0
105 18 0
8672 8658 17
12255 12012 20
6803 6696 20
5960 5362 19
3655 42 0
7368 7133 22
7410 6690 22
4515 4249 20
4930 4223 19
3054 153 15
4517 4223 19
10868 41 0
13694 6 0
11570 11423 22
5823 68 0
9295 69 0
8751 8658 17
17218 16906 22
2902 6 0
1663 24 0
1111 69 0
890 194 20
7524 6 0
16629 16380 20
7106 6664 20
1723 1724 13
12952 6 0
5791 5362 19
16676 16385 20
12100 11948 20
14874 6 0
13681 13040 22
16916 42 0
7442 7185 22
10846 41 0
2301 1660 19
9204 3722 14
14086 14087 13
4971 6 0
7651 24 0
3546 2944 19
10927 10930 13
16640 16434 20
5619 5542 20
4596 4249 20
8396 6 0
3972 3688 22
1034 42 0
17041 16365 22
9338 6 0
11099 10840 20
4755 4288 20
9926 9767 21
15144 14612 22
12113 11890 20
13677 13035 22
11217 10888 20
6068 5413 20
15157 15160 13
15836 42 0
7962 68 0
1922 1725 20
3137 24 0
7791 7571 19
12556 42 0
8863 8749 20
17044 16365 22
6516 6 0
651 149 20
16838 16486 20
3308 2944 19
3495 2944 19
5738 5362 19
14701 13968 19
14326 13968 19
6314 5387 22
17019 6 0
3569 42 0
3389 2944 19
16811 16442 21
15777 62 0
13299 13162 20
3759 2944 19
4007 6 0
7724 68 0
11946 11949 13
270 272 13
6696 24 0
13116 13120 16
16629 16405 20
12092 11940 20
893 234 21
16831 42 0
3504 3141 20
8198 42 0
3327 3131 20
16224 15858 22
7658 7 0
6676 6033 14
15460 15298 20
12379 68 0
4641 4367 21
8689 8691 13
815 68 0
8259 7571 12
220 223 14
14600 14095 20
768 298 20
3186 2944 19
745 348 20
15543 15233 20
17099 16882 22
7052 6632 19
6634 24 0
5868 5536 20
9028 68 0
419 354 20
2421 1733 20
8412 6 0
585 105 19
8414 6 0
11464 224 14
16802 68 0
17157 6 0
5699 5362 19
106 111 15
2401 1668 21
6176 5438 20
15577 15274 20
2410 1876 20
1902 1711 20
12751 6 0
6168 2455 14
9286 8658 19
11781 11484 22
8204 7664 20
7760 7683 20
14652 13968 19
14527 14036 20
6260 6 0
14990 14614 22
6009 68 0
11208 68 0
1486 6 0
1873 1878 15
16383 69 0
1956 1689 20
13306 13117 20
7982 68 0
990 335 20
166 69 0
2799 1755 22
12359 11960 20
959 42 0
5145 6 0
495 287 20
501 349 20
5202 6 0
8393 6 0
7807 68 0
12284 11897 20
14885 14598 22
14361 13968 19
469 208 20
9562 8717 22
3387 3002 20
7072 3044 14
17148 16401 22
11115 10902 20
2169 1662 20
11940 24 0
12126 68 0
8473 7616 22
16987 6 0
7219 7126 22
232 69 0
13546 13130 20
8702 8708 16
6373 6173 22
8369 7594 22
1300 6 0
3866 6 0
3324 2944 19
1641 339 22
14638 13968 19
13235 13016 19
2421 2422 14
15204 15156 17
3927 6 0
16833 16339 19
6496 6 0
4676 68 0
16810 42 0
993 204 14
11382 10950 20
1977 1660 19
12430 12007 20
13991 13992 13
5785 5490 21
6965 6704 20
14807 6 0
16604 68 0
14777 13976 22
11293 10806 21
16602 68 0
3357 68 0
16991 16911 22
2563 6 0
3514 2950 20
14247 13968 19
15879 62 0
7186 6632 19
6869 68 0
15619 15262 20
1132 325 23
5253 4327 22
15799 15290 20
15759 308 14
13788 6 0
7217 6 0
14125 24 0
3674 3078 20
7375 7188 22
14233 14083 20
778 68 0
3249 2967 20
16716 16339 19
10698 9796 22
7116 5404 14
15320 15222 20
3679 3003 20
15769 15204 21
11639 6 0
4446 4268 20
7795 7637 20
2742 2385 22
2264 1739 20
13344 13162 20
11174 68 0
8230 42 0
16014 6 0
1909 1695 20
7434 6 0
15649 15304 20
16623 16367 20
4739 4286 21
12479 11933 20
6258 6189 22
13238 13094 20
5117 4273 22
1353 162 22
14691 14026 21
3676 42 0
9617 6 0
12556 11979 20
12363 11935 20
3553 3127 20
5206 4820 22
3525 2944 19
8864 8658 19
12350 11877 19
11037 10903 20
15261 375 14
6598 6077 22
3327 2944 19
3417 2944 19
3257 3126 20
6284 5377 22
12845 11938 22
3314 2944 19
3969 6 0
2117 68 0
6825 6768 20
15475 15156 19
5669 5428 20
14251 14003 20
13702 13044 22
12521 11941 20
755 242 20
436 68 0
2014 1675 20
16814 62 0
13086 9 0
4824 4251 20
2662 6 0
5841 68 0
9106 8668 21
3572 2944 19
5876 5436 21
3253 3090 20
38 85 10
14641 13968 19
3288 68 0
14724 13968 12
7850 7571 19
10869 10870 13
1984 1773 20
6904 68 0
10207 9724 20
10074 9768 20
5079 6 0
15605 15259 20
11370 10837 20
861 340 20
8048 7687 20
6577 5490 22
13462 13018 20
3253 3018 21
4826 51 0
12974 6 0
16664 16339 19
4116 3064 22
2936 1855 22
14809 6 0
6055 5490 21
15292 4799 16
13575 13016 12
11307 10897 20
3365 2961 20
14281 14078 20
11570 6 0
2060 1749 20
13943 6 0
13558 42 0
6138 5375 20
9810 24 0
10986 10919 20
8707 69 0
12385 12019 20
8723 41 0
4820 4308 23
16581 68 0
13424 68 0
1427 201 22
2828 1772 22
1052 327 20
16370 4915 15
15329 15266 20
15571 68 0
1692 69 0
15426 68 0
1029 334 20
6908 6641 21
1321 6 0
11208 10854 20
1325 155 22
12481 11877 19
4674 4324 20
14837 6 0
1378 177 22
16134 6 0
12423 11877 19
11349 10845 20
2896 6 0
921 105 19
7425 6 0
15682 15230 20
10137 68 0
13310 13037 20
16757 16339 19
16787 16419 21
5718 68 0
8728 3595 16
9570 9304 22
1853 69 0
1056 230 20
12215 11889 20
649 105 19
3388 3073 20
7933 68 0
1411 6 0
8921 8735 20
9895 9710 19
8459 7613 22
14374 68 0
626 234 21
12982 6 0
2638 1694 22
11034 10916 20
3223 2944 19
15802 15295 20
6894 6632 19
11297 10953 20
3710 42 0
17081 6 0
12611 11878 22
13503 13040 21
16199 15232 22
6371 5401 22
7973 68 0
392 186 20
12145 11877 19
15863 15197 20
11804 6 0
9564 9306 22
4021 6 0
9926 9720 20
9257 8706 20
13411 13016 19
8447 6 0
1184 69 0
7834 7644 20
7190 42 0
14543 14078 20
14458 13968 19
6035 5484 20
6205 5362 19
3336 3132 20
483 171 20
1972 1660 19
10012 9710 19
7022 6632 19
1248 6 0
607 68 0
11905 24 0
14594 13971 20
8114 68 0
4280 4285 16
13239 13053 20
6149 5396 21
5848 5530 20
11362 10840 20
4616 4230 20
10029 9798 20
10717 9804 22
1112 51 0
13507 13050 20
10306 9710 19
11696 11465 22
11160 10832 20
2181 1846 20
11664 6 0
14259 14111 20
12606 12540 22
13381 68 0
5257 4327 22
12590 69 0
2383 2384 14
14134 14107 20
11221 68 0
11669 11377 22
7131 6734 21
6966 6740 20
14362 14031 20
17094 16384 22
14648 14019 20
5657 5378 20
8543 7643 22
10150 9732 20
14789 13976 22
837 105 19
419 242 20
1491 234 22
13893 6 0
3260 2944 19
14529 68 0
10094 9838 20
9200 8676 21
15603 15156 19
7751 7571 19
519 221 20
6764 47 0
3993 6 0
13921 13121 22
11044 10928 20
8494 8134 22
906 105 19
6522 5455 22
9290 8700 20
14624 14028 20
10217 9864 20
6168 5549 20
16692 68 0
13035 13038 13
13515 62 0
5726 5491 20
14804 6 0
10144 9797 20
15675 15178 20
11884 40 0
10028 68 0
14242 14093 20
12150 68 0
14425 14045 20
7729 7622 20
16270 15257 22
9263 8712 20
2045 1712 20
7874 7571 19
10943 41 0
13447 13016 19
13808 6 0
11037 10866 20
8400 8221 22
467 105 19
16024 15882 22
12881 11946 22
10331 9710 19
16686 68 0
10087 9712 20
11277 68 0
7784 7655 20
48 6 1
4105 3060 22
1999 1875 20
770 293 20
5770 5530 20
1166 1167 14
9305 42 0
12659 11892 22
9182 8761 20
1880 1711 20
9837 9840 13
6595 5504 22
13193 13037 20
4564 4408 20
7014 68 0
12404 68 0
6959 68 0
15494 15258 20
2064 68 0
17134 6 0
12290 11877 19
4467 4384 20
8017 7611 20
7814 7709 20
9440 6 0
3877 2972 22
8218 7658 21
13590 6 0
2425 1788 20
11594 11469 22
498 105 19
10473 6 0
16590 16366 20
14439 13968 19
13466 13143 20
10942 24 0
13974 24 0
5569 68 0
10129 9848 20
1986 1660 19
7178 42 0
13621 6 0
9063 8793 20
6842 6777 20
4302 9 0
6555 5477 22
1858 41 0
7157 6683 20
7847 7677 20
3122 69 0
4643 68 0
11020 10805 19
5098 6 0
3533 3061 20
3539 3147 20
10217 9726 20
6002 5412 20
6111 42 0
916 171 20
5232 4931 22
6196 5442 20
6450 5431 22
8198 7640 21
14226 14006 20
14836 14713 22
15033 14717 22
5892 68 0
6210 51 0
17210 6 0
1212 1081 22
17040 16365 22
1545 1137 22
14896 14009 22
5105 4907 22
14872 14606 22
15017 14043 22
16325 15282 22
12312 12002 20
12226 68 0
4831 4223 19
14166 14015 20
71 8 1
4764 4274 20
10988 10953 20
10996 10871 20
8512 8140 22
3970 3744 22
7653 2306 15
4562 4223 19
1422 201 22
2484 69 0
17085 16379 22
16168 6 0
14250 13968 19
2383 42 0
11718 6 0
533 121 20
16509 16347 21
14065 13968 17
11552 6 0
6447 6063 22
3292 2944 19
14858 6 0
2349 1660 19
7907 68 0
13533 13016 19
7381 6680 22
2506 285 14
7945 68 0
5343 4895 22
5370 24 0
4022 3023 22
3610 3155 20
680 105 19
1372 1156 22
5598 5362 19
4207 3130 22
12859 6 0
14272 14078 20
1755 1660 17
16540 68 0
5639 5362 19
15189 41 0
1912 1660 19
11419 968 14
3646 2981 20
8034 7587 20
6177 5479 20
5095 4888 22
1036 214 21
376 69 0
11225 10807 20
16873 51 0
876 242 20
7953 7617 20
9270 42 0
11790 11428 22
652 310 20
1882 1857 20
2612 1681 22
6807 6723 21
729 68 0
7331 6 0
14393 13968 19
2186 1689 20
2831 2391 22
6087 5391 21
12905 11955 22
6298 6 0
8054 7571 19
10559 10266 22
11389 10823 21
267 69 0
367 24 0
9040 68 0
978 42 0
4747 4223 19
2168 1660 19
3557 3133 20
5630 5531 20
5297 6 0
14282 13968 19
16578 16367 20
2275 1683 20
12650 6 0
3107 2944 17
3456 3117 20
14804 13982 22
10773 6 0
9151 8658 19
10541 9747 22
9371 8668 22
17251 16446 22
11329 10870 20
11817 6 0
13747 13056 22
1331 6 0
10350 69 0
14175 68 0
701 105 19
3623 3056 20
11333 10805 19
6623 6 0
2018 68 0
15695 15156 19
12394 11999 20
7075 6756 23
15467 15188 20
11301 10869 21
11390 10812 23
2074 68 0
2499 42 0
12536 11877 19
4177 6 0
10322 42 0
4125 3562 22
13455 13073 20
13766 13059 22
4196 6 0
14177 14102 20
8900 8760 20
529 221 20
15829 15156 19
10848 10805 17
13198 13027 20
8739 8742 13
5963 5531 20
11468 10892 21
4318 24 0
467 68 0
15319 15284 20
7000 6735 20
6107 5385 20
15181 15184 13
10057 9710 19
4280 4282 13
9250 1186 14
9286 8685 21
11826 10905 22
7891 7571 19
11099 10933 20
14319 14044 20
8250 42 0
7992 68 0
6136 5367 20
1904 1682 20
1717 9 0
15941 15760 22
1945 1660 19
12083 11877 19
8792 47 0
12538 11877 19
5146 4291 22
14341 14052 20
5868 5402 20
1961 1756 20
15528 15232 21
12916 11959 22
16885 16356 21
12011 24 0
2109 1773 20
2404 1681 21
7077 42 0
15784 51 0
11147 68 0
11178 68 0
2645 2417 22
8214 7575 20
6508 5450 22
15913 15156 12
5199 6 0
850 235 20
6458 5431 22
13982 13986 13
2124 1803 21
3897 3728 22
17109 16844 22
13096 13099 13
16055 15191 22
9375 9304 22
12236 11993 20
12018 11877 17
4302 2439 15
7038 6632 19
992 69 0
12915 12567 22
12799 11924 22
4966 6 0
11912 11913 13
5752 5521 20
7557 7158 22
7703 7706 13
17014 16356 22
786 227 20
4886 69 0
12653 6 0
12527 11967 21
8814 8658 19
17271 16463 22
3344 2967 20
8564 6 0
16500 16485 20
2303 1745 20
6994 6632 19
9413 6 0
15336 15268 21
14178 68 0
7058 6651 20
12901 6 0
1518 1112 22
2766 2370 22
8784 4866 15
13556 13016 19
15716 15223 20
16121 15209 22
3324 2967 20
3224 68 0
5396 5362 17
1923 1768 20
1122 1123 14
1118 226 21
9638 6 0
11934 9 0
9991 9710 19
482 105 19
722 310 20
8079 7691 20
11487 9235 14
10165 9847 20
1730 1732 13
10121 68 0
11069 10945 20
5923 5362 19
12806 12586 22
2048 68 0
13410 13016 19
5018 6 0
5635 5362 19
88 22 7
10596 10278 22
1797 1800 13
2605 6 0
9286 42 0
455 250 20
13171 13126 21
12571 11877 19
3716 2944 19
9519 9193 22
10155 9870 20
16682 16464 20
15790 15257 21
15050 6 0
3502 2944 19
11872 11491 22
6310 5382 22
5612 5382 21
14203 68 0
11606 6 0
5382 5384 13
3264 3036 20
11920 11877 17
5590 5362 19
9675 8759 22
3357 2986 20
12279 12012 20
7041 68 0
9733 41 0
1114 42 0
4667 68 0
12403 11877 19
6096 5452 20
15717 15156 19
14292 68 0
14608 14074 21
11005 10897 20
8982 8793 20
8843 8780 20
13348 68 0
11833 11467 22
2656 6 0
7997 7577 21
15299 24 0
8083 68 0
141 146 15
3521 3163 20
12367 12007 20
9994 9748 20
331 334 13
7091 6688 20
9017 8658 19
15539 15206 20
10337 9804 21
13527 13079 20
8820 8690 20
702 310 20
15856 42 0
3227 3047 20
4817 943 14
8840 8658 19
8861 8793 20
2143 68 0
14505 14018 20
12891 12588 22
7791 68 0
13435 68 0
14238 68 0
1880 1660 19
3622 51 0
5961 5362 19
14605 14056 21
8275 7572 22
3740 3741 14
17104 16830 22
11582 11473 22
9504 6 0
9082 68 0
1442 207 22
14807 13982 22
9284 8768 20
1316 1092 22
6506 6 0
15037 6 0
9819 4294 14
5382 2989 16
3750 2944 19
16429 16430 13
7160 6632 19
13329 13106 20
7921 7677 20
7506 6 0
7173 6719 21
11246 10805 19
15414 15156 19
3718 3043 20
3456 2986 20
9009 8658 19
9407 9192 22
8866 68 0
8977 8658 19
16546 16339 19
14220 68 0
4430 4268 20
4947 4223 19
2086 1856 20
11865 6 0
9607 6 0
1982 1756 20
16973 16343 22
5734 5364 20
2996 24 0
10087 9744 20
14028 41 0
9186 8782 20
4770 4223 19
10324 9713 20
191 69 0
10840 24 0
8376 8145 22
10815 40 0
7225 6637 22
6425 6047 22
1966 68 0
1737 9 0
1990 68 0
10234 9827 20
10467 9731 22
11378 11379 14
10505 10242 22
7700 24 0
10089 9748 20
14005 13968 17
17104 6 0
12242 11925 20
744 105 19
8479 8183 22
360 47 0
14158 68 0
9901 9869 20
5673 5482 20
4678 4248 20
12315 11990 20
11636 6 0
13872 13101 22
9985 9710 19
3810 3696 22
13749 6 0
14538 13968 19
16987 16900 22
1059 69 0
2461 1793 23
6759 6763 15
11406 42 0
6943 6658 20
7826 7684 20
11670 6 0
13516 13059 21
2318 1858 20
7910 7611 20
5388 24 0
5243 4327 22
7321 7073 22
14657 51 0
7768 7654 20
13014 12022 22
13733 6 0
11484 10829 20
2587 1674 22
9756 41 0
8177 42 0
6577 6042 22
988 105 19
493 333 20
3268 3066 20
9136 68 0
3828 3594 22
8828 68 0
12582 11984 20
12191 11957 20
5881 5467 20
5991 5530 20
774 209 20
12162 11897 20
12217 68 0
3554 3555 14
3544 2944 19
12759 11912 22
16504 68 0
6969 6642 20
14301 68 0
2928 1844 22
14650 42 0
16560 16339 19
4424 69 0
11336 10924 20
5625 5406 20
7027 6720 20
16859 1790 14
12556 11951 21
13096 338 14
6903 6713 20
15883 42 0
7743 7659 20
11063 68 0
12522 11987 23
980 181 20
148 149 13
16061 15195 22
17245 16446 22
15843 15156 19
14197 13968 19
16932 16339 12
1552 935 22
8429 8130 22
1125 69 0
4514 4420 20
11566 10811 22
14652 14008 20
11275 10876 20
13686 6 0
1786 7 0
5989 5446 20
12318 68 0
9907 68 0
10060 9710 19
7978 7629 20
14481 14067 20
6375 5401 22
4129 3604 22
6302 6 0
332 24 0
11216 10832 20
2835 2507 22
16570 16451 20
3307 3030 20
8140 4321 14
10465 6 0
1826 1829 13
12876 6 0
13310 13018 20
5372 69 0
17070 6 0
7419 7108 22
16643 68 0
3527 2956 20
12047 11999 20
11592 11414 22
5320 6 0
11779 11430 22
10264 42 0
13017 13016 17
9243 8705 20
16964 16844 22
10434 6 0
15191 40 0
4812 4813 14
10873 41 0
7467 6703 22
11216 10805 19
9789 69 0
2176 1682 20
5686 5521 20
5112 4273 22
973 105 19
14832 13991 22
12229 11953 20
1021 355 20
12675 6 0
15448 15206 20
6151 5474 20
8829 8746 20
9230 8755 21
16411 7 0
8494 6 0
4097 3744 22
15840 15156 19
13408 13016 19
10261 9816 20
3025 24 0
12461 11944 20
8617 7675 22
11281 10903 20
13391 68 0
11537 10806 22
5419 5423 13
6063 3749 14
11286 10915 20
11118 10909 20
1674 1678 14
7969 7699 20
2502 1797 21
13528 13023 23
9285 3051 14
13441 13016 19
1792 1660 17
14580 14075 20
6850 68 0
4455 4393 20
4078 3710 22
1203 1166 22
5971 5531 20
7229 6637 22
7856 7617 20
14586 13993 23
6411 5416 22
10964 10923 21
15468 15183 20
14609 14060 21
5764 5541 20
15395 15312 20
14353 14061 20
7852 68 0
13707 13545 22
5980 5505 20
16762 16339 19
11190 10875 20
6739 6632 17
3554 2944 19
8990 68 0
509 293 20
14561 68 0
2142 1787 20
17241 6 0
6365 6 0
15612 15244 21
4644 4313 20
5250 4327 22
14317 14117 20
14559 13968 19
1537 990 22
2225 1681 21
14670 8223 14
96 22 8
5724 68 0
10658 6 0
15386 15188 20
5762 5369 20
9164 8704 20
7375 6 0
4219 3712 22
6792 68 0
11794 11363 22
10034 9843 20
808 68 0
459 372 20
11577 10815 22
3358 3025 20
3871 3640 22
14237 14079 20
14687 62 0
7084 2352 14
3918 2984 22
461 348 20
6366 6209 22
11629 6 0
8487 6 0
12561 11962 21
8237 3007 14
6588 5494 22
10114 9834 20
15726 15187 20
4006 3018 22
10683 6 0
13756 13548 22
7848 7684 20
12384 11935 20
3071 3073 13
6055 5447 20
12519 11891 20
7076 69 0
4104 3060 22
16614 68 0
431 105 19
1935 1683 20
5014 4845 22
11646 6 0
15642 15298 20
7069 6735 23
6919 6632 19
11394 10805 19
14484 14067 20
15248 15251 13
1126 42 0
6003 5515 20
14647 14042 20
17214 6 0
3276 3073 20
12389 11931 20
5774 5482 20
13052 4382 14
10230 42 0
489 324 20
10682 9791 22
2357 1660 19
5663 5365 20
2931 2343 22
13205 13054 20
16800 16339 19
2063 1793 20
12562 51 0
15574 68 0
2941 1867 22
13665 13502 22
1867 1868 13
9425 8679 22
13843 13463 22
16647 16339 19
10978 10920 20
10815 3639 14
16640 16420 20
8504 7632 22
2954 2959 16
11518 54 0
10160 9801 21
13226 13041 20
4101 3054 22
7957 7622 20
10495 6 0
12026 69 0
9980 68 0
5914 68 0
1970 1821 20
8831 8658 19
13281 13016 19
3923 2990 22
8744 8745 13
50 25 1
8813 68 0
404 105 19
7349 6 0
6134 51 0
6951 6692 20
5719 5398 20
15698 15288 20
12887 6 0
5855 5370 20
3146 3147 13
6103 69 0
12305 68 0
9151 8759 21
101 77 0
12216 11972 20
13895 13109 22
8172 7706 20
4300 69 0
15563 15156 19
7725 7571 19
11490 62 0
14602 13968 19
11233 10805 19
5813 5482 20
7949 7700 20
15031 14690 22
4193 6 0
7667 7669 13
6919 68 0
9100 8786 20
16215 15237 22
16535 16341 20
12113 11973 20
9933 68 0
12258 11905 20
4593 4262 20
16516 16409 20
10588 6 0
4793 4312 21
11130 10902 20
8169 7571 19
6441 5426 22
344 69 0
10257 9747 21
10892 1100 16
8953 8674 20
8147 7593 20
3431 2995 20
4677 4241 20
10047 9866 20
14465 14125 20
5761 5462 20
15735 15211 20
6666 6632 17
5253 6 0
8944 8658 19
10130 68 0
8996 8658 19
13326 13134 20
751 287 20
12582 11950 20
12479 42 0
12321 12019 20
16923 16418 20
15952 15162 22
9397 8672 22
94 6 8
621 135 20
10677 10338 22
13225 13016 19
14261 14071 20
13735 13052 22
10250 9875 20
13638 6 0
3730 69 0
6068 3006 14
5609 5515 20
2507 51 0
434 68 0
1552 6 0
9841 9843 13
5694 5362 19
4787 4345 21
4983 4229 22
4503 4388 20
1417 1052 22
627 68 0
13256 13016 19
16816 3058 14
456 68 0
8244 7675 21
9269 346 14
12874 6 0
9190 42 0
16127 15871 22
4826 4229 21
13649 13504 22
10754 10322 22
7241 7103 22
12406 68 0
4493 68 0
7974 7587 20
10725 9808 22
4039 3029 22
4658 4223 19
5591 5393 20
5473 24 0
14706 42 0
16980 16347 22
14378 68 0
14246 13968 19
3506 2967 20
5266 4332 22
1011 295 20
4849 4323 21
16118 15209 22
15908 15156 12
9226 51 0
12968 12511 22
4736 4249 20
7871 7700 20
13648 6 0
10975 10953 20
11244 10840 20
12543 8166 14
5929 5378 20
12249 11893 20
4505 4268 20
8986 8740 20
10165 9776 20
11103 10805 19
12674 6 0
8057 7622 20
1065 1066 14
537 68 0
15091 14074 22
6333 5391 22
11394 42 0
8042 7687 20
12635 12552 22
5845 5407 20
1025 281 20
1357 162 22
8927 8714 20
14395 14022 20
3637 62 0
12965 6 0
7806 7571 19
13968 104 12
641 340 20
7863 7644 20
14526 68 0
2215 1846 20
14165 14048 20
1178 42 0
17118 16393 22
15360 15223 20
4426 4363 20
7995 7577 21
13278 13049 20
10626 10219 22
6987 6632 19
5055 4878 22
3950 3693 22
7900 7573 20
7152 6641 21
12390 11894 20
866 349 20
7777 7637 20
8916 8658 19
13410 13065 20
4748 4413 20
10184 9710 19
14978 14647 22
3429 3108 20
2196 1711 20
5296 6 0
10844 9 0
623 170 20
14210 14018 20
1434 1136 22
1046 42 0
286 105 17
5086 4267 22
12874 11946 22
7184 5512 14
6461 6 0
579 257 20
14544 13983 20
12678 12553 22
12068 11960 20
4788 4223 19
14612 13975 20
1160 42 0
2842 1779 22
2423 1660 19
12814 12576 22
2334 42 0
15334 15168 20
14365 14083 20
3536 3077 20
6402 6 0
6437 6124 22
7775 7614 20
13423 13073 20
584 142 20
1134 42 0
14451 14120 20
3431 3036 20
9837 9710 17
10474 6 0
6163 5399 20
16153 15796 22
7985 7654 20
6921 68 0
1723 1727 13
4611 4223 19
13357 13016 19
15370 68 0
9841 4382 16
1257 6 0
162 163 13
14124 14125 13
9488 8697 22
3329 2944 19
17185 6 0
10188 9834 20
16612 16480 20
4202 3698 22
2066 68 0
15390 15211 20
2862 6 0
7889 7571 19
8277 8148 22
9004 8658 19
8395 7599 22
2153 1660 19
3233 2944 19
1103 281 20
1197 54 0
4463 4223 19
871 317 20
16140 6 0
12381 11913 20
2018 1846 20
5715 68 0
1006 106 21
14908 14625 22
9163 8658 19
9538 9292 22
2175 1660 19
7349 7091 22
9035 68 0
16475 10311 15
10247 9839 20
4701 4413 20
7761 7574 20
12382 68 0
17197 6 0
4965 4224 22
14826 6 0
12342 11922 20
2011 1863 20
14173 14052 20
9127 8721 20
15689 15269 20
5822 5530 20
11682 11423 22
9688 6 0
6084 42 0
11300 10924 20
14353 13968 19
14896 6 0
7851 68 0
10970 10953 20
8546 6 0
16570 16476 20
7173 6691 23
1699 69 0
13313 13122 20
11853 6 0
17150 16401 22
10479 6 0
15515 15156 19
6005 5514 20
16202 6 0
5605 5478 20
4743 4399 20
5909 5383 20
1379 6 0
9481 9213 22
1971 1718 20
12378 11960 20
5985 5482 20
1610 6 0
161 69 0
17026 16883 22
10973 10805 19
5999 5397 20
915 68 0
13011 12022 22
12261 11990 20
9229 42 0
7582 4915 14
16798 16371 20
11451 1789 14
8212 42 0
3602 69 0
5872 5362 19
270 275 14
14510 13988 20
14240 14010 20
4397 47 0
832 68 0
12912 11955 22
9251 8209 14
11967 11968 13
463 157 20
8969 8718 20
15418 15217 20
13204 13016 19
10827 40 0
11392 10869 21
15854 15156 19
3351 68 0
6233 5363 22
6657 6632 18
4827 42 0
10982 68 0
12300 11960 20
6022 5455 21
10160 9710 19
12219 11890 20
14410 68 0
14350 13968 19
3474 3009 20
12897 11951 22
4598 4352 20
3643 3101 21
10559 10274 22
16146 15216 22
6161 5548 20
6828 6777 20
921 252 20
12287 11905 20
5018 4790 22
8598 6 0
11385 42 0
4555 68 0
13354 13155 20
621 243 20
8218 7583 23
12975 6 0
1021 188 20
5417 24 0
7594 7597 13
11342 10939 20
13660 13030 22
5639 5407 20
2215 1841 20
14256 14035 20
9622 8734 22
16621 16476 20
12294 11931 20
10257 9760 20
2229 1841 20
11000 10892 21
14826 14685 22
14637 13968 19
13218 13016 19
786 368 20
2931 1850 22
2049 1827 20
16963 16343 22
10271 9756 20
11463 10826 20
7883 7571 19
14777 14645 22
2205 1669 20
14856 13996 22
12639 6 0
7930 7595 20
15172 24 0
819 170 20
8200 7636 21
14931 14691 22
8824 8666 20
10065 9724 20
4974 6 0
11923 41 0
12080 68 0
15934 15157 22
5985 5362 19
3708 3026 20
16747 16385 20
598 286 21
3761 2944 19
6887 6748 20
3400 2944 19
5843 5468 20
371 47 0
9014 8698 20
15651 68 0
6852 6667 20
4935 69 0
4695 4347 20
15980 15171 22
5353 4796 22
1611 309 22
16502 68 0
1045 69 0
655 105 19
13546 13125 20
7785 7710 20
4800 51 0
12576 11904 21
7871 7586 21
14665 14037 20
3845 6 0
14360 68 0
15585 68 0
1943 1816 20
11095 10844 21
3635 2975 20
16016 15181 22
5416 9 0
7258 7072 22
9846 7 0
16576 16339 19
7012 6681 20
14866 14716 22
14540 13968 19
2992 41 0
15324 68 0
16348 24 0
9079 8658 19
12778 6 0
1489 234 22
6428 6 0
9034 8776 20
13906 13564 22
7211 7124 22
1786 1787 13
13476 42 0
2912 2511 22
11221 10924 20
6793 6768 20
4492 4292 20
12679 6 0
2430 1812 20
4887 4242 20
10219 9710 19
1175 297 21
9080 8699 20
7520 7187 22
1448 214 22
1559 1044 22
12836 6 0
5988 5369 20
8914 8658 19
8240 7571 19
3456 2944 19
2492 1730 21
16123 6 0
11207 68 0
7226 6 0
8076 7614 20
15143 14110 22
6609 6120 22
8005 7651 20
8478 6 0
16914 16355 20
5606 5514 20
11165 10821 20
12704 11901 22
14005 14006 13
2519 1783 20
6367 6043 22
13960 6 0
14700 13972 20
10349 9846 21
577 332 20
11330 10939 20
16127 15770 22
4874 42 0
946 163 23
15479 68 0
17126 16397 22
5206 4884 22
2050 68 0
3890 3739 22
4474 4339 20
8922 8658 19
4522 4420 20
11037 68 0
12178 11921 20
16363 41 0
10196 9820 20
14930 6 0
5704 5362 19
16131 15797 22
13947 13137 22
16854 16433 21
4653 68 0
1646 347 22
746 228 20
7913 7696 20
9128 68 0
8874 8658 19
9135 68 0
15252 15254 13
568 325 20
3162 3164 13
16547 16469 20
3996 3626 22
16943 16340 22
13609 13021 22
6833 6757 20
15993 15176 22
3690 3096 21
5439 69 0
2891 1815 22
10607 9771 22
12209 11913 20
1929 1757 20
10309 51 0
7866 68 0
4507 4398 20
9102 8661 20
4172 6 0
10952 10311 15
4831 4832 14
9790 69 0
119 40 0
14625 13978 20
16508 68 0
10645 10257 22
9079 8766 20
2201 1660 19
12454 68 0
4323 283 16
15896 51 0
473 384 20
15409 15156 19
14385 13968 19
14579 68 0
8279 7572 22
10179 9718 21
10407 9714 22
14617 13972 20
6054 5492 20
13171 13066 20
12162 11880 20
9568 8720 22
14665 13968 19
1480 921 22
11951 11954 13
16835 16373 20
4738 4281 20
428 68 0
16617 16339 19
16734 16339 19
2241 1845 20
4774 4347 20
568 194 20
2038 1834 20
9236 6058 14
9024 8658 19
15568 15312 20
134 40 0
14527 68 0
15133 14673 22
6067 5376 20
8032 7600 20
10687 10312 22
16623 68 0
6338 6191 22
4381 69 0
6558 6 0
12539 11877 19
117 69 0
13258 68 0
1145 1146 14
14370 14107 20
7777 7587 20
2167 1846 20
1861 1866 15
16525 68 0
2678 6 0
10547 9753 22
13337 13016 19
5217 6 0
1100 69 0
11205 10924 20
14488 14015 20
4223 104 12
10890 41 0
3750 3071 21
5499 69 0
1007 69 0
8250 111 14
12502 11886 20
6079 4245 14
17069 6 0
11296 10934 20
9554 8717 22
15673 15270 20
8861 8790 20
11752 6 0
10171 9759 20
12484 11954 20
15244 15156 17
10658 9785 22
14188 14129 20
15167 2342 15
15828 15156 19
6861 6632 19
10252 9800 20
9945 9797 20
118 69 0
15038 14051 22
2153 1827 20
9308 283 14
8929 8802 20
16538 16367 20
3337 3154 20
15766 42 0
10233 9783 20
107 24 0
5552 5467 20
11039 68 0
9308 51 0
1314 148 22
5317 6 0
2219 1660 19
10964 68 0
12519 3762 14
6538 6 0
10853 10858 15
12399 11880 20
8561 6 0
8062 7623 20
10078 9843 20
9409 8676 22
1500 241 22
6296 5382 22
12516 42 0
16568 16339 19
9255 8751 21
16891 42 0
15503 68 0
2491 42 0
10005 68 0
6672 6632 17
8640 6 0
9008 8711 20
8108 68 0
1867 1871 15
7442 6698 22
11424 10805 19
13367 13045 20
9765 24 0
12911 11955 22
4795 1080 14
16670 16444 20
4156 6 0
9494 8702 22
7021 6649 20
10554 10237 22
13616 6 0
5179 4302 22
5023 6 0
16555 16362 20
15350 15159 20
15660 15159 20
7955 7663 20
17043 6 0
3317 2944 19
9281 8671 20
10976 10849 20
8286 6 0
7036 68 0
4592 4317 21
14455 13968 19
743 324 20
14336 14098 20
11070 10830 21
14588 42 0
11892 8181 16
15543 68 0
11101 68 0
391 250 20
800 68 0
11551 6 0
5637 5468 20
12872 11946 22
17144 16401 22
14174 14035 20
2068 1739 20
4454 4387 20
8629 6 0
15679 15211 20
5643 5402 20
3078 41 0
5286 4345 22
1097 69 0
526 179 20
4190 3618 22
16971 6 0
16568 16464 20
14636 14092 21
4624 68 0
9946 9768 20
7961 7699 20
7287 6 0
10404 10234 22
16340 16341 13
2025 1768 20
14349 14002 20
15490 68 0
16653 16380 20
8561 7647 22
5762 5362 19
13153 13156 13
15397 15223 20
16639 16339 19
10213 9754 20
14081 14084 13
4686 4273 21
12218 11917 20
5798 5468 20
3740 2960 21
2373 1674 21
6529 6 0
15788 15179 20
17096 16908 22
12397 11879 20
11302 10805 19
10887 10890 13
15649 15205 20
3814 6 0
11402 10844 21
4752 4223 19
11576 10815 22
4704 4223 19
4618 4313 20
17193 6 0
4959 54 0
4488 4287 20
13466 13016 19
11842 11455 22
1761 1762 13
12535 11979 20
13595 13017 22
788 68 0
525 317 20
1173 42 0
6008 5397 20
8820 8658 19
4018 3646 22
16156 6 0
5244 4946 22
15599 15241 20
15417 68 0
15829 15285 20
7114 42 0
5944 5541 20
14861 6 0
14834 13991 22
438 68 0
5164 4884 22
7150 6725 20
13523 13050 20
4213 3672 22
14716 4253 14
17175 16881 22
1395 6 0
16072 6 0
4144 3076 22
630 195 20
14056 13968 17
51 53 1
15379 15283 20
12544 11899 20
9367 9281 22
12209 11877 19
12230 11963 20
3429 2962 20
11623 11469 22
16663 16417 20
10967 10816 20
7833 7632 21
4944 4314 20
12312 11955 21
4117 6 0
2561 1668 22
9997 9710 19
8246 69 0
16193 6 0
10938 24 0
4362 4223 17
3330 3036 20
6978 6752 20
12202 11948 20
12255 68 0
9044 8681 20
1921 1851 20
11942 11945 13
16548 16481 20
13422 13016 19
16660 16450 21
4375 41 0
7065 6680 21
7487 6712 22
14328 68 0
10961 10825 20
17141 16401 22
10008 68 0
5162 6 0
8383 8157 22
11004 10820 20
12204 11963 20
11100 10869 21
11382 10923 21
14501 13968 19
14284 68 0
1986 1725 20
12830 12519 22
15511 15274 20
3328 2944 19
14575 14041 20
920 105 19
6199 5517 20
7324 6657 22
2608 6 0
14287 14112 20
6221 5362 12
869 127 20
14284 14022 20
14526 14007 20
13307 13049 20
9896 9710 19
11324 10805 19
16817 51 0
3470 3124 21
15408 15205 20
3206 68 0
4419 47 0
15112 14086 22
7065 3139 14
10932 10933 13
4577 4223 19
1803 1804 13
11682 10844 22
12524 11924 21
465 287 20
12684 12539 22
15672 15273 20
6820 6720 20
480 228 20
15739 15156 19
8145 7622 23
4697 4223 19
16548 16344 20
17157 16880 22
10833 41 0
2623 1688 22
15246 24 0
11307 68 0
12572 11888 21
7813 7677 20
11356 10812 20
9284 42 0
11299 10816 20
14821 14587 22
1561 270 22
1075 42 0
16695 16465 20
14290 68 0
12146 11953 20
10198 9786 20
14744 6 0
10267 301 14
4623 4262 20
15718 15259 20
4549 4223 19
7995 68 0
13425 13159 20
3893 3710 22
7539 6746 22
15330 15222 20
8010 7571 19
9821 41 0
9134 8721 20
16823 231 14
13182 13060 20
5415 69 0
4029 6 0
15550 15164 20
12374 11925 20
11328 10916 20
8816 68 0
2030 1675 20
2408 1706 21
6000 68 0
2165 1718 20
811 258 20
9982 68 0
4787 42 0
6319 5387 22
9675 6 0
15842 51 0
11776 6 0
3498 2944 19
10020 9736 20
7210 6 0
9747 9752 16
17118 16817 22
7368 6676 22
4488 4386 21
6942 6747 20
11700 10853 22
17090 16384 22
15714 15311 20
10200 9853 20
1239 119 22
14322 14007 20
3512 2947 20
9001 8686 20
4814 4223 19
2161 68 0
8298 6 0
4874 4416 20
2393 1773 23
3960 3562 22
6143 5507 20
12777 6 0
1141 1142 14
16523 16452 20
14177 14103 20
2209 68 0
9257 8782 20
3612 972 14
12490 11882 20
1936 1731 20
3105 69 0
14715 14059 20
5839 5446 20
3382 2978 21
1473 1139 22
10937 2523 14
15647 15227 20
11447 10847 20
10661 6 0
1907 1798 20
6088 5418 20
3029 3032 13
2410 1800 20
3745 3124 21
12944 6 0
3662 2987 20
2062 1660 19
16761 16409 20
8952 68 0
13489 11883 14
4035 3585 22
15490 15205 20
12311 68 0
6541 6 0
9152 8698 20
16210 15237 22
3610 2992 20
7960 7614 20
4713 4334 20
7934 7571 19
6896 6632 19
1967 1821 20
13372 13066 20
16701 16339 19
13878 13101 22
9102 8658 19
15694 15274 20
8942 8658 19
5532 41 0
12841 12518 22
12359 68 0
10109 9728 20
9309 42 0
8927 8756 20
8288 7572 22
8032 7623 20
331 335 13
14598 6745 14
8253 7595 23
2492 1768 23
15320 15187 20
16484 16486 13
7048 6747 20
13550 13026 21
5617 5362 19
12001 47 0
642 279 20
13428 13151 20
8859 8756 20
14115 13968 17
70 6 1
11219 10805 19
14785 13976 22
8336 7586 22
9586 6 0
10923 3095 16
4892 3095 14
7004 6740 20
2025 68 0
15058 14593 22
14410 13983 20
12788 11920 22
6817 6677 20
12122 11940 20
13890 13105 22
10354 9829 21
4734 4339 20
607 227 20
4176 3734 22
6888 68 0
864 120 20
8979 8746 20
6900 6707 20
3487 2944 19
14520 14108 20
2596 1681 22
7870 7691 20
1073 185 21
12375 11917 20
4415 41 0
4672 4223 19
731 68 0
16698 16425 20
11180 10805 19
12192 68 0
14624 13968 19
5202 4312 22
7990 7690 20
13948 6 0
1653 353 22
6159 42 0
3351 2967 20
9232 8693 21
8935 8658 19
10258 42 0
8862 8753 20
11606 11363 22
7906 7710 20
8865 8711 20
1700 1703 13
13532 1790 14
16178 15893 22
9963 9759 20
4908 4909 14
9300 42 0
12927 11959 22
17238 16442 22
16825 16343 21
5756 5373 21
14234 68 0
14060 3749 14
9276 8791 20
10231 9710 19
8817 68 0
8194 42 0
11130 10805 19
13741 6 0
15847 42 0
3528 3132 20
15652 15269 20
13201 13128 20
7767 7651 20
12734 12502 22
16849 16397 21
12193 11877 19
12593 54 0
7131 1172 14
10073 9863 20
10484 6 0
10780 10264 22
15880 15156 19
14508 14108 20
13547 13129 20
9913 9744 20
2225 1660 19
7003 6699 20
8243 7707 14
8064 7687 20
12973 6 0
8935 68 0
8659 40 0
14970 6 0
14740 13969 22
12130 11973 20
8525 8222 22
515 372 20
11197 10893 20
12986 6 0
4536 4420 20
1921 1669 20
14030 9 0
8591 6 0
16710 16468 20
3342 3061 20
7072 6637 21
11243 10942 20
8358 7590 22
11092 10910 20
561 171 20
8262 7571 12
6069 51 0
4519 4403 20
3734 2944 19
2339 1820 21
1556 264 22
961 962 14
14845 13996 22
10013 9776 20
10501 10267 22
897 127 20
15462 15159 20
5894 5362 19
8213 3167 14
4089 3054 22
1475 226 22
11809 6 0
12582 51 0
16899 42 0
5319 6 0
11396 10813 20
2020 68 0
12657 11888 22
15732 15246 20
9650 6 0
10379 9711 22
12177 11898 20
12082 11877 19
6622 6 0
6440 6 0
7968 68 0
7011 6632 19
13126 13128 13
13017 13020 13
11768 10874 22
10215 9710 19
12010 1665 15
11308 10824 20
5520 5522 13
9923 9710 19
5848 68 0
5641 68 0
15691 15156 19
2061 1660 19
4427 4286 21
12727 12505 22
14415 14121 20
12879 12490 22
3965 3583 22
14498 14027 20
6860 6724 20
8452 8141 22
1015 42 0
16246 6 0
14038 41 0
639 333 20
15989 15176 22
13520 51 0
10740 9819 22
5671 5362 19
2003 1660 19
6153 5401 21
12640 6 0
8591 8244 22
15851 15257 21
9441 6 0
3488 3126 20
8894 68 0
1176 379 20
9155 8658 19
16567 16339 19
15435 15299 20
12256 11897 20
8160 7692 20
10291 9836 20
14829 13991 22
16221 15240 22
12023 24 0
2885 6 0
16689 16339 19
16728 16430 20
2565 6 0
12767 12494 22
13288 68 0
9551 6 0
13817 13081 22
6771 6632 17
2184 1702 20
16514 16460 20
7197 54 0
13563 42 0
9713 41 0
1911 68 0
1503 1187 22
14365 13968 19
6172 4326 14
5155 4291 22
16111 6 0
9901 9776 20
16674 16365 21
14195 14036 20
10273 9710 19
1904 1718 20
15628 68 0
1975 1750 20
11191 68 0
7228 6637 22
5811 68 0
16993 16352 22
14918 14013 22
11259 10893 20
3488 68 0
8936 8776 20
8882 8790 20
4140 3638 22
11071 10825 20
16717 16348 20
14925 6 0
10642 6 0
7551 6751 22
11487 42 0
14060 14061 13
6690 6632 17
872 68 0
15577 15276 21
1595 297 22
3721 2944 19
3375 3002 20
11426 10848 21
14606 13973 21
14308 14013 21
14913 6 0
2517 62 0
7616 7617 13
8883 68 0
9052 8710 20
1004 244 20
9092 8658 19
4707 4334 20
14646 14033 20
12996 6 0
5964 5456 20
14912 14013 22
15707 15201 20
17200 6 0
3559 3149 20
16557 68 0
10974 10807 20
10988 10870 20
12329 11943 20
13171 13041 20
5710 5362 19
2905 1826 22
5909 5530 20
13353 68 0
11874 6 0
1210 106 22
8814 8729 20
16893 16474 20
1036 42 0
3004 41 0
1802 69 0
3081 3087 15
4812 4223 19
5529 5534 14
13496 13096 21
13365 13018 20
851 105 19
1309 148 22
11360 68 0
6703 6705 13
13265 68 0
4804 51 0
10800 6 0
12477 12021 20
2114 1845 20
984 42 0
14273 14071 20
15542 15307 20
927 175 14
9394 8672 22
17191 6 0
9890 9834 20
13921 13504 22
13966 13157 22
1289 6 0
3495 2985 20
11121 10919 20
3947 3731 22
15744 68 0
14301 14093 20
2166 1816 20
7632 7633 13
9053 8714 20
6813 68 0
3701 2956 23
3572 2951 20
10823 4306 14
16539 16376 20
1976 1739 20
7269 7113 22
611 187 20
4073 6 0
3463 68 0
4851 2374 14
9731 9733 13
4669 4312 21
6397 6 0
7886 7648 20
15746 15177 20
509 333 20
3347 3083 20
11027 10910 20
5813 68 0
5766 5462 20
4208 3130 22
11335 68 0
15620 15312 20
3726 42 0
15024 6 0
4721 4379 20
8894 8802 20
5795 5362 19
4574 4223 19
3592 2944 19
12690 6 0
4165 3679 22
7872 68 0
5020 4239 22
4680 4223 19
9592 8724 22
13707 6 0
11172 10902 20
11892 11895 13
4831 51 0
11318 10939 20
9074 8661 20
70 3 0
5573 5362 19
14170 14075 20
11480 10885 23
2285 1828 20
10018 9714 21
11797 6 0
7409 7144 22
1835 41 0
6967 6760 20
8888 8687 20
531 317 20
5742 5402 20
507 156 20
475 227 20
8287 6 0
16527 16366 20
5247 4833 22
13330 68 0
2203 1660 19
13435 13113 20
9739 9710 17
628 68 0
9819 9821 13
6253 5368 22
12099 11940 20
7142 6730 20
7297 7184 22
9055 8711 20
4435 4268 20
11386 10908 21
4566 4420 20
5910 5468 20
476 141 21
10450 9727 22
1416 6 0
3721 3138 20
12482 42 0
2038 1724 20
3872 6 0
7658 7660 13
2125 1841 20
1114 226 21
14357 14052 20
9360 8665 22
6478 5440 22
16002 6 0
6676 6677 13
3584 42 0
16612 16339 19
15279 183 14
12663 6 0
6460 6080 22
9212 276 14
12104 68 0
14585 68 0
14949 14668 22
10167 9710 19
8992 8740 20
607 187 20
10908 10910 13
8268 54 0
15815 15261 21
6995 6673 20
10510 10278 22
14480 68 0
11125 10928 20
11739 11376 22
12456 11902 20
7502 7184 22
12299 11999 20
16545 16447 20
9114 68 0
5359 4407 22
11492 10914 21
9226 42 0
7446 7126 22
5383 24 0
8044 7659 20
5672 68 0
13183 13128 20
3613 62 0
13488 13016 19
256 257 13
1324 1017 22
14845 14671 22
12034 11877 19
16671 16344 20
4716 4223 19
2061 1773 20
6090 5466 21
8300 6 0
11955 9 0
6827 6761 20
12093 11957 20
14351 14018 20
14642 14113 20
11388 10886 20
8542 6 0
3363 2996 20
15713 68 0
9818 69 0
9669 6 0
11384 10805 19
9057 68 0
11536 11388 22
16648 16380 20
416 194 20
3575 69 0
3327 3096 21
2150 1857 20
10084 9749 20
6162 5362 19
6660 41 0
12554 42 0
471 332 20
17285 16475 22
969 62 0
3674 2954 21
10623 6 0
4818 4273 21
4773 4351 20
1089 122 20
5559 68 0
5724 5398 20
13556 13156 20
16051 15191 22
10787 10274 22
3549 2944 19
11197 10816 20
14168 68 0
488 105 19
2930 1850 22
11924 11928 16
13311 68 0
15229 3633 14
16542 16343 21
11232 10866 20
7243 6 0
15885 2427 14
3388 2995 20
11123 10831 20
8852 8686 20
7075 62 0
3888 2978 22
2247 1660 19
10248 9823 21
10340 2319 14
4758 4368 20
4587 4223 19
1074 69 0
2271 1817 20
6737 41 0
942 197 20
6944 6642 20
6179 6180 14
1861 1865 14
1841 24 0
6690 9 0
3258 3132 20
861 68 0
12835 12513 22
13391 13016 19
11430 10930 20
10284 9710 19
3179 3024 20
9763 7627 15
4959 4223 12
12563 11877 19
7804 68 0
8220 4354 14
3064 3065 13
14844 13996 22
14783 6 0
6644 6632 17
15451 15156 19
7016 6638 20
2428 42 0
16260 15252 22
4035 3029 22
7145 6769 20
11251 10817 20
13105 7 0
14559 14116 20
5416 5418 13
5757 5472 20
7252 7097 22
2129 1669 20
7849 7654 20
14472 14032 20
5096 4267 22
10067 9857 20
9236 8658 19
12859 12534 22
9132 8746 20
10192 9793 20
9083 8670 20
15668 15238 20
11217 68 0
1446 6 0
16156 15811 22
16540 16376 20
13291 13077 20
13271 13059 21
15469 15168 20
8706 41 0
5944 5364 20
15838 62 0
14244 13998 20
377 190 16
9677 9274 22
4806 4385 20
4463 4274 20
14553 14075 20
456 258 20
10251 9750 20
8002 7591 20
4206 3717 22
3526 3132 20
1988 68 0
12174 11973 20
15018 14043 22
866 68 0
5621 68 0
14615 13968 19
6159 5494 21
4677 4308 20
14265 13993 20
17206 6 0
10811 4366 14
893 209 20
8994 8704 20
13044 13045 13
12582 11981 21
11536 10806 22
1031 318 20
2722 2511 22
13171 68 0
458 361 20
7912 7574 20
13391 13133 20
15268 7581 16
5652 5388 20
2194 1660 19
812 68 0
11539 10806 22
15859 15156 19
2012 1757 20
3478 2966 20
9089 68 0
13252 68 0
10269 9794 20
3208 2944 19
13201 13138 20
7015 6667 20
2345 42 0
4934 42 0
2467 2468 14
1433 6 0
10244 10245 14
10021 9782 20
2934 6 0
7924 7571 19
7653 7655 13
3886 2978 22
1694 1660 17
8065 68 0
4985 4229 22
10716 10290 22
5995 5393 20
95 73 0
7350 6 0
7158 6633 21
1753 69 0
5918 5462 20
2960 212 16
6206 6207 14
6981 68 0
4730 4262 20
3698 2944 19
2275 1660 19
11765 11475 22
7218 6633 22
13463 13016 19
7363 7060 22
9888 9857 20
10267 51 0
7948 68 0
15485 15294 20
8409 7603 22
921 62 0
10753 10235 22
5702 68 0
14669 42 0
15826 15243 20
8240 7593 20
10191 9749 20
16248 6 0
10185 9820 20
15606 15214 20
12939 6 0
4809 4223 19
11882 41 0
9353 8665 22
12322 11993 20
13179 68 0
11633 6 0
9907 9710 19
9523 9243 22
6092 51 0
7051 6645 23
1840 1660 17
16741 16343 21
10459 10250 22
12530 10913 14
4320 69 0
5049 6 0
12471 11978 23
11412 42 0
5633 5365 20
11164 10845 20
14401 14057 20
6537 6139 22
3367 3124 21
7945 7614 20
12097 11963 20
572 243 20
7509 6 0
16678 16421 20
4620 4358 20
7060 6632 19
9502 9241 22
16659 16413 20
13047 13049 13
6305 6042 22
12365 11944 20
8789 8790 13
2223 68 0
16591 68 0
6595 6139 22
4767 4287 20
10506 6 0
13003 12584 22
757 171 20
12142 11877 19
10287 9710 19
15791 15300 20
7175 69 0
9614 9276 22
5515 24 0
14280 14103 20
3860 2965 22
15346 15206 20
16712 16339 19
4732 68 0
15244 3689 15
5245 4327 22
7298 6 0
4235 3591 15
1265 1062 22
957 51 0
8989 68 0
3950 6 0
8027 7617 20
11992 3631 16
12155 11888 21
4671 68 0
11408 2360 14
11018 68 0
15813 15237 21
477 208 20
9022 8694 20
11260 10805 19
16331 6 0
11624 11388 22
456 368 20
2212 1772 21
2077 1804 20
786 298 20
12548 51 0
3531 3153 20
2428 1809 21
2501 1810 23
5620 68 0
3668 3063 20
7169 6716 20
9175 8658 19
12543 11918 20
14175 13968 19
9197 42 0
531 68 0
15014 14043 22
8373 7594 22
1850 1853 14
4286 9 0
4201 3717 22
6161 5520 21
11537 11456 22
6845 68 0
15456 15156 19
4574 4274 20
8967 8661 20
14299 14117 20
16007 15181 22
9719 24 0
3729 3730 14
6119 42 0
5795 5495 20
16153 6 0
6845 6782 20
10069 68 0
6871 68 0
11088 10817 20
16573 16361 20
11589 6 0
13623 6 0
7616 1144 14
16883 16356 21
6184 5517 20
4890 4223 19
7151 6652 21
828 242 20
10923 3697 14
10591 9767 22
16769 16464 20
10550 6 0
4808 4341 20
11015 10897 20
5628 5407 20
14706 14058 20
3458 2944 19
5391 40 0
13015 1 0
6038 62 0
5285 4789 22
8029 68 0
15763 42 0
1899 1660 19
7099 6706 21
2754 6 0
6499 6 0
7102 2390 14
5574 5441 20
12046 11917 20
12144 11931 20
5498 69 0
4875 4307 21
496 68 0
14120 24 0
6812 6773 20
16050 6 0
2015 1683 20
12071 11947 20
16685 16451 20
1955 1660 19
7870 7571 19
3152 3155 13
13872 13483 22
14836 6 0
14064 41 0
10795 9856 22
7363 6676 22
15204 5519 16
2056 68 0
9205 8726 20
16415 41 0
11377 42 0
12597 11877 12
11911 41 0
241 243 13
4627 4374 20
12359 11983 20
11074 68 0
16097 15204 22
4504 4373 20
708 68 0
3262 2991 20
9363 6 0
8579 6 0
4916 4223 19
11878 11879 13
15754 15215 20
11742 6 0
8163 7596 20
16799 16420 20
16916 16347 21
538 105 19
14990 14598 22
2352 69 0
2097 1834 20
16277 15261 22
15494 68 0
15617 15156 19
11828 11460 22
13157 13158 13
13687 6 0
10196 9782 20
3636 69 0
5030 6 0
4291 4294 14
13012 12578 22
2000 68 0
788 179 20
2366 1674 21
16103 15754 22
5828 5362 19
577 105 19
4414 24 0
2136 1660 19
15433 15280 20
11117 10906 20
15281 41 0
16207 15817 22
14565 14062 20
5705 5520 21
10366 9710 12
12574 62 0
7095 6720 23
17290 6 0
12188 11877 19
13941 13132 22
16287 6 0
2651 6 0
10046 9710 19
13538 13016 19
11814 6 0
6939 6685 20
7536 6739 22
9102 68 0
13360 13018 20
2246 1660 19
5576 5451 20
11168 10805 19
8910 8658 19
8443 6 0
7955 7641 20
16986 16347 22
499 68 0
17283 16475 22
9573 8720 22
9404 8676 22
7343 7186 22
11843 10914 22
13561 13144 20
8734 9 0
16670 16385 20
8820 8793 20
6489 6 0
9665 6 0
1528 6 0
7979 7573 20
8207 7625 20
13254 13113 20
7586 4401 14
2034 1863 20
5817 5362 19
6751 5444 15
6252 6 0
12646 11888 22
4224 4227 13
13844 13495 22
11061 10881 20
4808 42 0
15525 15156 19
16861 16378 20
13767 13059 22
11673 6 0
2255 68 0
5101 4840 22
1913 68 0
14533 68 0
12101 11983 20
3545 3024 20
3875 3688 22
933 42 0
10359 9710 12
9134 8694 20
14009 1837 15
6428 6108 22
14491 68 0
4194 3116 22
893 68 0
6233 6 0
9960 9753 21
16663 16339 19
5877 5362 19
12956 12584 22
4043 3035 22
9561 8717 22
8797 24 0
8343 6 0
14487 14036 20
14192 14031 20
4908 42 0
6693 41 0
8553 6 0
8101 7571 19
6790 6632 19
449 171 20
1885 1724 20
2640 6 0
10224 9800 20
5640 5467 20
4737 4393 20
8887 8658 19
16865 16346 20
8036 68 0
8211 301 14
5956 68 0
3211 3163 20
13722 6 0
13476 13124 20
1900 1875 20
8425 6 0
8082 7571 19
8522 6 0
4919 4390 20
12500 11970 20
10614 10291 22
3692 42 0
8455 7613 22
10195 9759 20
15302 15303 13
2732 6 0
12534 11877 19
16562 16452 20
10295 42 0
11149 10888 20
10823 40 0
13824 6 0
1897 1787 20
15666 15233 20
7547 6746 22
13406 68 0
15845 15250 20
2888 1815 22
4828 4235 21
11757 11411 22
11077 10871 20
7244 7169 22
8196 7619 20
8478 7616 22
1375 169 22
6662 6665 14
11417 10925 20
5485 69 0
726 235 20
3352 2944 19
7920 7691 20
15525 15222 20
3181 68 0
6293 5377 22
16742 68 0
17063 16370 22
3162 1671 16
15628 15168 20
6118 5375 20
6809 68 0
9099 8694 20
6341 6 0
5189 6 0
11493 62 0
6361 6114 22
13298 13091 20
1992 1683 20
2040 1763 20
11365 10842 20
10959 10898 20
14487 13983 20
14617 14020 21
2481 1772 21
11339 10831 20
16959 16343 22
1932 68 0
5471 5362 17
13384 13016 19
10142 9710 19
3584 3065 23
11166 68 0
14302 14034 21
13887 6 0
12254 11877 19
2368 1697 20
8784 47 0
406 155 21
3227 3126 20
13698 6 0
2897 6 0
956 131 14
11412 10892 21
16718 16339 19
12317 68 0
11376 10857 20
12554 11992 21
12487 11893 23
13331 13016 19
16023 15186 22
11639 11492 22
8243 7621 21
946 343 20
13489 13132 21
12534 11988 20
15492 15245 20
11151 10876 20
7673 41 0
10687 6 0
13645 13568 22
7999 7671 21
15506 68 0
8372 7594 22
8191 7697 20
15442 15156 19
4839 4223 19
14090 41 0
4736 4414 20
7003 68 0
6159 6160 14
3281 3019 20
2519 42 0
9342 9257 22
14792 13976 22
8084 68 0
11134 68 0
5965 5384 20
16628 16339 19
6464 6 0
15529 68 0
2131 68 0
4770 4340 20
5256 6 0
14567 13968 19
12301 11922 20
4475 4225 20
3307 2944 19
11870 10941 22
14339 68 0
4533 4313 20
891 156 20
501 324 20
4827 4302 21
12066 11977 20
7686 7688 13
6280 6 0
16885 51 0
15645 68 0
12510 1692 14
10011 9863 20
13383 13122 20
2388 1660 19
485 280 20
7507 7181 22
6746 6750 15
1906 1660 19
9550 8717 22
12858 6 0
17090 16903 22
904 68 0
3603 2510 14
6852 68 0
10284 42 0
6267 6041 22
9691 9273 22
4833 4330 20
17030 6 0
7065 6632 19
15359 15217 20
2743 1730 22
11452 10915 23
12394 11978 20
3920 6 0
745 105 19
11502 10846 20
12310 11982 20
1406 193 22
7820 68 0
11259 10939 20
411 68 0
4602 4318 20
15261 7 0
3459 2944 19
12790 6 0
6511 5455 22
10806 7064 14
6194 5401 21
11870 11465 22
12485 11992 21
1038 42 0
14043 10222 16
1606 303 22
17264 6 0
17020 16356 22
16442 16444 13
16962 6 0
14538 14022 20
9998 9825 20
8063 7704 20
985 105 19
105 104 12
1188 122 20
5920 68 0
11810 10896 22
4119 3064 22
8325 6 0
7572 175 16
17145 16401 22
17112 6 0
14114 41 0
13607 13486 22
3423 3048 20
897 68 0
4872 4384 23
4423 69 0
15863 51 0
14494 13968 19
13397 13106 20
2231 1660 19
14520 68 0
1806 69 0
4896 42 0
13275 13127 20
16580 16425 20
8717 8658 17
5556 5446 20
15774 15313 20
11421 10835 21
16739 16385 20
14617 42 0
1891 1707 20
5829 5421 20
16938 16340 22
4529 4334 20
3467 3009 20
6853 6699 20
10595 9767 22
9374 6 0
8080 7617 20
15973 15171 22
8983 8681 20
5313 4801 22
3607 2944 19
3712 168 14
16175 15225 22
4869 4330 20
2757 2399 22
12557 3094 14
7107 6660 20
1283 134 22
13170 13022 20
12756 12527 22
3273 3107 21
7192 42 0
7658 116 16
11453 10827 21
8519 7636 22
3945 3647 22
2005 68 0
1308 6 0
3932 6 0
7879 68 0
13395 13037 20
10232 9835 20
2967 24 0
5546 5547 13
16603 16339 19
749 202 20
3672 3143 20
16150 6 0
15325 15241 20
5133 4286 22
9115 8761 20
12435 11963 20
1408 6 0
1968 1660 19
4323 4223 17
16325 6 0
12337 11972 20
7610 7571 17
745 208 20
12291 11944 20
13283 13082 20
13175 13094 20
16318 15279 22
7131 6632 19
7153 6655 20
11113 10828 20
601 68 0
391 68 0
13542 42 0
13454 13122 20
8306 8179 22
494 227 20
5650 5370 20
7938 7600 20
11611 10823 22
3230 2944 19
5231 4844 22
14477 13968 19
5335 4386 22
2349 1869 20
15901 15156 12
13035 13037 13
7753 7571 19
1160 105 19
14847 6 0
14819 13987 22
17155 16404 22
16463 16465 13
5908 5402 20
5326 4917 22
14411 14082 20
17094 16856 22
10519 6 0
10313 62 0
10968 68 0
4023 3625 22
15501 15156 19
8251 42 0
6247 6 0
6873 6752 20
3071 1165 15
4170 6 0
8076 7633 20
15971 15171 22
15374 15156 19
6048 5394 20
13559 13163 20
9905 9710 19
6059 5521 23
2105 1846 20
6129 5490 21
11196 10805 19
8925 8749 20
3589 116 14
2072 1857 20
11499 4343 14
3340 2944 19
7953 68 0
14570 13997 20
1110 264 21
4129 3071 22
7415 7164 22
14894 14656 22
6780 47 0
422 201 21
486 157 20
15345 15156 19
3200 3112 20
1176 1177 14
10351 8800 14
1108 42 0
9105 8767 20
382 69 0
2937 2456 22
4453 4403 20
860 105 19
16510 16424 21
5842 5398 20
4852 42 0
7126 7127 14
3043 41 0
13667 6 0
15412 15262 20
5770 68 0
8838 8776 20
3267 2991 20
192 69 0
1187 292 21
5721 68 0
4196 3594 22
4301 69 0
9009 8740 20
11267 10870 20
7396 6 0
4867 4223 19
16139 15860 22
5560 5514 20
11538 6 0
2251 1718 20
12189 68 0
3904 3705 22
12346 11939 20
10978 10850 20
16114 6 0
14260 14040 20
16862 16354 20
4463 68 0
9482 9197 22
645 250 20
2978 2980 13
14256 68 0
12947 11971 22
15810 15156 19
15930 15157 22
2524 42 0
405 287 20
4045 6 0
8347 6 0
2010 1780 20
15506 15273 20
122 41 0
13325 68 0
16783 16380 20
9057 8673 20
10288 9710 19
9220 42 0
9380 8668 22
2527 62 0
891 105 19
405 215 20
815 214 21
3436 3154 20
12281 12002 20
11163 10915 20
13507 13136 20
596 105 19
3198 3125 20
10860 10805 17
11156 68 0
1953 1660 19
1096 1097 14
13706 13044 22
12425 11936 20
11513 10805 12
3075 41 0
14420 14087 20
11774 10880 22
8983 8658 19
9224 8658 19
12797 11924 22
16210 15798 22
15598 15156 19
14691 13968 19
3534 2994 21
6928 6724 20
3943 3755 22
4858 4348 20
11565 10811 22
10521 6 0
2235 1701 20
1382 1120 22
16868 42 0
14645 42 0
4678 4408 20
5277 6 0
4035 6 0
9937 9838 20
13906 6 0
10020 68 0
6889 6692 20
5621 5362 19
12847 6 0
1019 297 21
6409 6 0
14259 14116 20
11325 10875 20
15734 15245 20
851 317 20
9446 6 0
5730 5402 20
12957 12471 22
2252 68 0
3181 2986 20
4844 4223 19
8108 7571 19
664 68 0
14698 13968 19
8985 8802 20
3922 3576 22
4870 4256 20
13338 13016 19
777 279 20
6088 42 0
15195 15156 17
15742 68 0
8116 7700 20
14659 14660 14
11908 40 0
15520 15156 19
6087 5362 19
12037 68 0
2511 42 0
16915 16436 20
2232 1663 20
10054 9869 20
2090 1851 20
12571 4810 14
12909 11955 22
7778 7651 20
6746 6632 17
12165 11953 20
12153 11897 20
8390 6 0
13886 6 0
3060 3061 13
1906 1711 20
6177 5362 19
5763 5501 20
13843 13089 22
8984 68 0
6843 6673 20
6580 5490 22
2385 1660 19
10696 10232 22
16639 16380 20
1291 141 22
5716 68 0
6971 6699 20
6072 5391 21
5115 4273 22
2426 42 0
15770 15194 20
3962 6 0
15698 68 0
12068 11987 20
7552 6751 22
4261 4265 14
17189 16416 22
9162 8658 19
7581 69 0
8229 7711 20
11263 68 0
7417 6 0
6118 5426 21
11044 68 0
4017 6 0
10001 9802 20
15268 15271 13
5885 5473 20
9711 9710 17
2997 41 0
11095 68 0
11878 1165 16
15812 15258 23
10451 6 0
8875 8710 20
13287 13102 20
15334 15177 20
11273 68 0
6022 5362 19
779 194 20
13096 9 0
5112 4867 22
12250 11926 20
11056 10805 19
6576 6047 22
9926 9830 20
3900 2978 22
3576 2415 14
4862 4223 19
9773 24 0
3266 2950 20
9258 960 14
4268 24 0
9178 68 0
5671 68 0
502 341 20
12375 68 0
15707 68 0
8822 8694 20
3356 2980 20
7132 42 0
16780 16476 20
627 105 19
15678 15284 20
14418 14022 20
15829 42 0
2909 1826 22
3917 2984 22
16260 15797 22
5249 6 0
9554 6 0
13255 13087 20
13805 13495 22
13804 13076 22
1207 106 22
15700 15246 20
15892 15161 20
12349 68 0
10238 42 0
9813 979 14
15321 15156 19
13132 9790 16
6319 6206 22
8994 8658 19
16582 16430 20
6473 6 0
5226 4818 22
1969 1711 20
13255 13154 20
7628 9 0
4687 4223 19
15722 68 0
9195 8736 20
785 257 20
6989 68 0
12974 11986 22
9357 6 0
12829 6 0
5080 4934 22
5884 5441 20
15488 15159 20
4086 3054 22
6060 6061 14
13681 6 0
12396 11922 20
15338 68 0
3213 68 0
11962 11964 13
11916 5518 14
5756 5461 20
4745 4358 20
6796 6632 19
15122 14092 22
10382 6 0
155 160 14
13470 2415 14
15395 15156 19
3703 3064 21
6878 6714 20
1850 970 15
8045 7588 20
10253 4310 14
2255 1660 19
5843 5362 19
9006 68 0
8067 7617 20
8180 42 0
8594 6 0
799 68 0
6878 6773 20
12385 11909 20
12257 11898 20
11018 10853 21
9248 8736 20
5756 5398 20
14651 2969 14
14210 13968 19
7091 6632 19
1929 68 0
10263 9710 19
15675 68 0
4433 4318 20
14865 14681 22
9236 8722 20
9172 8658 19
449 249 20
7656 41 0
4519 4421 20
7839 7622 20
10233 9710 19
9334 6 0
741 163 20
2331 1818 20
3965 3590 22
3471 68 0
3698 2960 21
5777 5547 20
9881 68 0
8090 68 0
14178 14083 20
11726 6 0
11225 10903 20
15066 14056 22
4720 4248 20
15506 15241 20
5976 5407 20
13456 13016 19
14963 6 0
15448 15223 20
12558 11877 19
15749 68 0
13495 42 0
10331 9763 21
14651 42 0
9195 42 0
16917 42 0
13425 68 0
7552 6 0
13969 13970 13
11708 11499 22
2428 51 0
4556 4236 20
7965 68 0
17036 16360 22
3646 2949 21
6637 6640 16
5616 5491 20
816 339 21
11261 68 0
14339 14021 20
10002 9824 20
829 349 20
5465 69 0
15383 68 0
4144 6 0
10018 9809 20
9739 3144 16
11450 10805 19
6885 68 0
14835 14644 22
11473 42 0
12871 11946 22
8636 6 0
1211 6 0
14803 14629 22
11257 10903 20
2262 1660 19
3444 3048 20
5795 68 0
16408 9 0
6943 68 0
6173 5415 14
14115 14118 13
11431 2526 14
5698 5521 20
15565 15156 19
1036 1037 14
8486 8196 22
1401 6 0
16356 16358 13
9232 2292 14
6897 6632 19
15812 15156 19
16472 1742 16
15762 51 0
658 105 19
1768 24 0
5798 68 0
3023 2953 16
13770 13550 22
859 178 20
11478 51 0
9058 68 0
3217 68 0
12875 11946 22
4588 4339 20
3861 3655 22
14504 68 0
16086 6 0
7453 6 0
14323 14087 20
3326 2961 20
10253 9817 20
8902 8673 20
17222 16866 22
4679 4268 20
10325 9809 23
16920 16346 20
9485 9233 22
5946 68 0
8123 68 0
8253 7571 19
15765 15202 20
13420 13094 20
9837 4326 15
11296 10949 20
16944 16340 22
13308 13078 20
15819 15166 20
9771 9710 17
16058 15784 22
16674 68 0
784 68 0
15936 15847 22
2617 1688 22
7020 6632 19
10344 145 14
17037 16860 22
15690 68 0
2504 1776 20
6452 6082 22
4900 42 0
11485 10895 20
7535 6739 22
16571 16420 20
3189 3042 20
6686 24 0
9977 68 0
10198 9740 20
5757 5388 20
1522 248 22
13793 13538 22
11490 42 0
2395 1797 21
14640 13996 21
14487 68 0
9161 8658 19
831 68 0
13587 13566 22
1949 1780 20
5966 5362 19
2160 1701 20
236 41 0
4911 42 0
15892 42 0
14497 14112 20
9139 68 0
2657 6 0
8163 7628 21
16837 16478 20
10790 6 0
8233 7690 23
14673 14024 20
9572 8720 22
16648 16339 19
8149 7593 20
16618 16481 20
7109 4321 14
5226 6 0
10287 62 0
256 105 17
1249 119 22
5426 5362 17
14681 14122 20
15593 15249 20
13315 13146 20
6546 5466 22
6956 6673 20
7112 6637 21
7004 6632 19
10918 4799 14
9107 8740 20
13116 7076 14
5595 5505 20
1943 1660 19
16872 16339 19
6963 68 0
13640 13026 22
4953 4223 12
5213 4312 22
12 14 3
4845 4846 14
13002 12010 22
14290 13968 19
12552 11970 20
12345 11926 20
4280 4281 13
5761 5365 20
8821 8760 20
15395 15293 20
5667 68 0
783 68 0
10203 9710 19
10481 9735 22
8635 8235 22
10014 9749 20
5956 5417 20
14589 13968 19
7594 40 0
7082 69 0
5419 5422 13
15393 15244 21
10457 6 0
2167 1820 21
11500 10877 20
10771 10278 22
5292 4850 22
13916 6 0
15978 6 0
11254 10881 20
11523 10805 12
9037 68 0
75 73 0
3081 2944 17
9172 8776 20
6698 6700 13
4715 4351 20
9073 68 0
13743 6 0
11464 62 0
1124 216 20
6227 6034 22
14554 13968 19
1922 68 0
15139 14106 22
7044 6632 19
8531 7640 22
14238 14087 20
11863 11478 22
1149 286 21
4802 4362 21
15436 15192 20
665 293 20
15773 15156 19
3418 2996 20
12185 12016 20
7029 68 0
1098 370 20
2220 1660 19
5046 6 0
15484 15156 19
6229 6165 22
16992 16352 22
3332 2986 20
16646 16455 20
4840 4242 20
1628 1145 22
10215 68 0
6644 997 15
14607 14063 20
4489 68 0
2101 1863 20
10412 10255 22
5153 4291 22
11409 10907 20
13523 13110 23
7206 6 0
11805 10892 22
11515 54 0
14486 14108 20
4098 6 0
2183 1810 20
13914 13116 22
12387 11943 20
17175 6 0
7143 6648 21
6338 6069 22
16529 16339 19
7954 7695 20
15898 54 0
8028 7571 19
9967 68 0
5622 5383 20
8567 7647 22
7968 7604 20
6800 6746 21
16905 16403 20
14706 14063 20
12374 68 0
12600 11877 12
9767 9 0
10254 9799 20
12287 11877 19
3643 2988 20
7558 6755 22
13351 13060 20
12711 11904 22
5837 68 0
4487 4303 20
14310 14027 20
2131 1660 19
15693 15298 20
14597 14077 21
11782 11483 22
6776 4301 16
8015 68 0
4273 4279 16
3146 3149 13
1399 6 0
1262 6 0
8220 7571 19
15415 15178 20
15779 15156 19
2972 2944 17
12078 68 0
5951 5491 20
7897 7636 21
13231 13073 20
2931 2452 22
2729 2476 22
3235 2944 19
8421 8188 22
4756 4223 19
9707 9222 22
13447 13102 20
1988 1675 20
13001 12010 22
13504 13143 20
8292 7572 22
15547 68 0
14406 68 0
5794 5393 20
14648 51 0
14570 14112 20
11555 11474 22
9846 5454 14
9612 8728 22
11097 10876 20
3861 3659 22
3623 1678 14
13589 6 0
13359 13128 20
12965 12482 22
14502 13968 19
2865 1797 22
16597 16339 19
12171 12007 20
14695 13968 19
2246 1863 20
10239 4424 14
3590 3591 14
9541 8713 22
5782 68 0
6305 6190 22
8972 8698 20
14020 13968 17
9415 6 0
4938 4254 21
3806 2949 22
10309 9717 20
7524 7058 22
12151 11877 19
13190 13066 20
14622 1093 14
10167 9814 20
8882 8669 20
8810 8658 19
5670 5362 19
2059 1731 20
16102 15204 22
14106 10301 16
8299 6 0
10476 9731 22
16830 16386 20
14698 951 14
5603 5446 20
5607 68 0
2811 1767 22
4627 4340 20
16570 16345 20
14323 13973 21
11009 10841 20
12578 42 0
14460 68 0
6742 41 0
4478 68 0
11271 68 0
13008 12018 22
17220 16856 22
16585 16344 20
10999 10942 20
13889 13545 22
520 163 20
761 304 20
7098 6632 19
1938 68 0
2028 1846 20
13910 13466 22
11124 10841 20
10885 24 0
6354 6 0
11443 42 0
4355 69 0
12111 11936 20
4620 4223 19
12159 11976 21
14550 13968 19
14030 2472 14
14480 14121 20
15282 10931 14
16041 6 0
3111 2944 17
2126 68 0
14901 6 0
16493 16371 20
16818 1018 14
16065 6 0
7178 6632 19
7103 6632 19
10246 9755 20
3297 68 0
3259 2944 19
7420 6690 22
8003 68 0
3758 3026 20
10630 10325 22
8656 7708 22
4513 4255 20
13603 13511 22
7603 7604 13
3610 3611 14
12425 11877 19
12456 68 0
5778 5362 19
13364 13016 19
9110 8658 19
9097 8658 19
10693 6 0
9897 68 0
5158 4291 22
2612 2414 22
12763 11916 22
6042 5489 20
1730 1736 16
4581 4333 20
5836 5362 19
4927 4359 20
16212 15811 22
13174 68 0
13269 13073 20
12930 11959 22
10297 9823 21
7891 68 0
16758 16420 20
16502 16361 20
6565 6 0
15026 6 0
5382 5383 13
10812 24 0
4679 4223 19
11110 10812 20
7464 6 0
4482 4292 20
1451 1044 22
11728 10860 22
11845 11365 22
2195 1701 20
9032 8710 20
11860 11411 22
2475 1660 19
7269 6 0
7306 7079 22
3905 6 0
6211 5362 12
6891 68 0
5774 68 0
8147 7673 20
16740 16348 20
6163 5434 20
12450 11957 20
6458 6137 22
2081 1669 20
14020 9 0
9722 9725 13
10276 9710 19
12703 11901 22
6312 6 0
5529 47 0
11773 6 0
9355 6 0
13738 13477 22
4545 4249 20
1743 1746 15
2311 1660 19
13035 13039 16
1027 42 0
2838 1779 22
13839 13489 22
9347 8665 22
6493 6161 22
604 228 20
8688 41 0
14976 6 0
12192 12023 20
9233 8775 21
2218 1683 20
6690 1030 14
14704 13968 19
17256 16867 22
7108 117 14
5862 5370 20
13878 6 0
1844 1181 14
5691 5521 20
13121 13122 13
670 127 20
11065 10885 20
7401 6684 22
12423 11930 20
10914 7 0
11036 10915 20
16737 16438 20
6209 51 0
8705 41 0
16819 51 0
9465 9297 22
5949 5462 20
17011 16356 22
5630 5417 20
5697 5478 20
510 384 20
10052 68 0
16009 15181 22
16635 16339 19
1620 316 22
13075 41 0
13395 13158 20
597 202 20
12192 11877 19
8248 7571 19
9931 9809 20
9036 8785 20
309 311 13
2776 1748 22
11859 10923 22
16463 16339 17
3254 2973 20
7489 6 0
2525 1751 20
8083 7587 20
12345 11913 20
15418 68 0
13788 13558 22
10262 238 14
16873 277 14
13422 68 0
12892 11951 22
4937 69 0
8789 8658 17
8865 8658 19
9029 8673 20
6586 6100 22
15949 6 0
9200 62 0
3316 3065 20
8886 8680 20
5954 5388 20
13413 13090 20
4515 68 0
2949 40 0
17201 6 0
8052 7571 19
7056 6657 21
1046 130 20
5560 5437 20
620 119 21
9219 8696 20
3305 3131 20
6138 5373 21
16124 15856 22
15634 15233 20
4589 4339 20
4537 4329 20
2353 1812 20
6191 5419 21
7394 6684 22
9349 8665 22
16812 42 0
14427 14017 21
4651 4413 20
13430 13036 20
15564 15178 20
14634 14101 21
5540 5543 13
13789 6 0
7402 6 0
14458 14018 20
9447 8685 22
9960 9847 20
10013 9805 20
6759 47 0
11389 2326 14
17098 6 0
15958 15167 22
1635 331 22
16871 16339 19
12185 11890 20
2444 1776 20
2238 68 0
8002 68 0
8119 7604 20
2357 2358 14
13269 13016 19
15040 14691 22
6933 6668 20
8059 7699 20
9243 8674 23
12998 6 0
15315 15283 20
3384 3019 20
390 310 20
6186 5460 21
15806 13131 14
10914 10916 13
10416 10258 22
780 105 19
3720 3166 20
9226 9227 14
6558 5477 22
2334 1679 14
11376 10943 20
7720 68 0
4392 211 15
9286 8799 20
14955 14026 22
9051 8740 20
16923 2977 14
2498 62 0
4607 68 0
9471 8693 22
16739 16339 19
15546 68 0
6018 5491 20
15302 15156 17
15540 15254 20
6844 6761 20
14565 13998 20
8581 8208 22
452 372 20
14411 13968 19
4067 3608 22
11058 10910 20
8185 2453 14
15846 42 0
6600 6 0
4946 1059 14
9040 8658 19
415 105 19
6797 6741 20
7297 7145 22
2597 2364 22
4447 4223 19
10226 9778 20
14926 6 0
16839 42 0
6084 5362 19
3331 3148 20
11680 10844 22
13541 2457 14
7264 6 0
155 157 13
12449 11973 20
3923 3625 22
3584 2435 14
11842 10914 22
4235 4223 17
7510 6 0
4087 6 0
4519 4324 20
17148 16839 22
14611 51 0
15333 15178 20
14500 14041 20
7888 7571 19
8611 8127 22
7387 6 0
16863 16471 20
4930 4410 20
17229 6 0
16584 16452 20
4386 4390 13
3272 68 0
2563 1668 22
10448 10345 22
9529 6 0
12195 11877 19
7102 6669 20
10068 9764 20
6710 41 0
3797 2949 22
4569 4333 20
4914 4237 20
15653 15274 20
11697 6 0
5611 5509 20
3702 69 0
3635 3060 21
8451 8199 22
3210 3030 20
7816 7595 20
6970 68 0
13454 13016 19
14649 3000 14
704 341 20
1297 6 0
4028 3029 22
7207 6 0
12492 11980 20
16309 15833 22
14345 68 0
3677 2948 20
13422 13065 20
5634 5362 19
2812 1767 22
2606 1681 22
10896 10899 13
11373 10889 20
3225 3126 20
4560 4296 20
1248 1182 22
9200 8670 23
4002 3018 22
5728 68 0
3934 6 0
5628 68 0
11250 68 0
5614 5398 20
6052 5532 20
7873 7710 20
4684 4328 20
16985 6 0
14459 14057 20
1479 6 0
2082 1856 20
15872 15275 20
13813 13478 22
5726 5378 20
9660 6 0
9431 8679 22
16657 68 0
7125 69 0
16687 68 0
16077 15815 22
3533 3066 20
12531 11969 20
7382 6680 22
2886 6 0
10385 9711 22
2288 1660 19
8405 8146 22
11846 11393 22
10242 10243 14
15568 15223 20
5665 5365 20
12361 68 0
536 105 19
1934 1781 20
573 105 19
5825 68 0
15482 15307 20
5583 5530 20
673 249 20
12211 11897 20
8812 68 0
12515 42 0
11035 10888 20
12494 300 14
4011 3023 22
2016 1737 21
12029 11968 20
3660 42 0
1932 1660 19
2043 1856 20
16700 16348 20
13433 13159 20
13473 13088 20
12745 11912 22
16819 16358 20
1793 24 0
2725 6 0
9498 6 0
16607 16341 20
7786 7617 20
2572 1668 22
2854 1792 22
10998 10875 20
13620 6 0
1374 169 22
5512 69 0
14210 68 0
5611 5362 19
10609 9771 22
15602 15223 20
2654 2450 22
16922 16482 20
4096 3054 22
11250 10821 20
763 105 19
15513 15156 19
15545 68 0
8879 8802 20
6069 1115 14
15410 68 0
11233 10915 20
787 367 20
16030 15186 22
8040 7629 20
15406 15217 20
16045 15191 22
16203 15232 22
16643 16465 20
13574 13016 12
11810 6 0
2440 42 0
16786 16476 20
1505 241 22
11697 11488 22
13292 13087 20
5103 6 0
3200 68 0
6759 6632 17
4811 4415 20
15598 15192 20
4885 4312 21
14086 14090 13
8936 8677 20
9982 9710 19
11495 51 0
14515 14074 21
12109 11956 20
10865 10867 13
15276 15277 13
12075 68 0
12297 11955 21
15996 6 0
14634 14004 20
15261 15263 13
6974 6663 20
12655 6 0
1089 148 21
15922 15157 22
7675 2392 14
134 136 13
6106 2394 14
6163 2422 14
15618 15159 20
9586 8724 22
5658 5412 20
1758 41 0
16525 16339 19
3432 2944 19
567 325 20
10002 9710 19
1710 1714 14
16880 16433 21
10690 6 0
2183 1762 20
847 105 19
310 24 0
9163 68 0
7992 7663 20
9048 8793 20
8997 8718 20
923 105 19
12248 68 0
12516 976 14
7176 6674 20
12265 68 0
7721 7691 20
4512 4363 20
13328 13060 20
5597 5362 19
7152 3122 14
8375 6 0
12056 11877 19
14314 13968 19
655 332 20
15521 15201 20
16518 16339 19
4641 4288 20
113 40 0
5306 4362 22
16863 16390 23
2412 1820 21
1272 134 22
6077 5408 20
15812 2367 14
8624 8195 22
2552 2487 22
13636 13473 22
13101 2292 14
12332 68 0
3540 2973 20
5711 5373 21
5039 4247 22
9126 8658 19
2558 2471 22
15891 3619 14
6412 6 0
14246 13997 20
15252 7 0
10279 9710 19
2527 1742 14
3454 3082 20
1294 141 22
7810 68 0
5583 68 0
8411 8128 22
8869 8660 20
13594 13555 22
6106 5508 21
2241 68 0
13163 41 0
14267 14083 20
15731 68 0
9461 6 0
14281 14010 20
7747 7608 20
3729 2944 19
15854 15161 20
12282 11977 20
4386 4223 17
6994 6735 20
13275 13134 20
14088 24 0
5577 5514 20
4844 4232 20
11256 10805 19
4705 4378 20
7526 6734 22
3870 6 0
10040 9837 21
2243 68 0
937 938 14
4093 6 0
11892 40 0
2587 2299 22
8382 6 0
7758 7583 20
14635 42 0
6844 6708 20
11769 6 0
11481 11482 14
3198 2995 20
9033 8673 20
12051 11897 20
13526 42 0
4543 4295 21
11686 6 0
15783 15248 21
3389 2967 20
1495 234 22
7201 6632 12
4493 4307 21
5084 6 0
1209 1178 22
10259 9756 20
4877 4338 21
3622 3120 20
3152 1806 16
6796 6734 21
7772 7623 20
9226 8658 19
4770 4255 20
725 178 20
4419 4421 13
14271 14014 20
1169 355 20
5646 5398 20
980 981 14
2694 1710 22
2714 2406 22
2339 1842 20
11059 10805 19
15598 68 0
13222 13113 20
7399 6684 22
5667 5478 20
3732 42 0
9205 8658 19
16518 16353 20
12082 12020 20
1128 51 0
8522 8220 22
6169 5419 21
1251 6 0
7898 7590 21
14637 14073 20
11697 11505 22
675 68 0
7185 42 0
10865 10866 13
633 195 20
7141 69 0
14673 14674 14
11215 10827 21
8254 69 0
6907 68 0
7949 68 0
15579 15156 19
14331 14003 20
6315 6194 22
9376 9270 22
9084 8806 20
12346 11877 19
15890 1003 14
8713 8714 13
2240 1660 19
2234 1862 20
5731 68 0
8958 68 0
11144 10805 19
1761 9 0
16138 6 0
874 105 19
11733 11467 22
14351 13993 20
17048 16365 22
5860 5388 20
11236 10812 20
15433 15156 19
9906 68 0
708 317 20
12472 42 0
17120 6 0
5127 4280 22
15485 15266 20
4372 7 0
11256 10875 20
814 68 0
1071 203 20
15230 24 0
7825 7636 21
7764 7690 20
3459 3125 20
16254 15248 22
5649 5491 20
12086 68 0
14100 41 0
14426 14035 20
10488 10261 22
10337 9778 20
2052 1683 20
7367 7150 22
14394 68 0
12361 11998 20
14111 24 0
5960 5491 20
3644 3063 20
7822 68 0
7740 7600 20
13555 42 0
12212 11877 19
14889 14641 22
13236 13091 20
14592 14114 20
5784 5362 19
15752 9254 14
9445 6 0
10219 9776 23
1710 1660 17
2100 68 0
1848 69 0
14966 6 0
12092 11978 20
9694 9248 22
5560 5362 19
10141 9710 19
7637 24 0
17286 16479 22
11692 11412 22
10964 10902 20
677 156 20
10021 9710 19
1969 1862 20
4644 4399 20
16546 16371 20
14146 14014 20
755 304 20
14882 14653 22
2491 1693 14
10352 51 0
13549 13092 20
2301 2302 14
15667 15287 20
14539 14083 20
5776 5374 20
7007 6748 20
10534 10305 22
12477 11962 21
12182 11999 20
17009 16846 22
10783 6 0
7056 6632 19
915 235 20
1607 6 0
13421 13016 19
6764 246 15
3439 68 0
6923 6713 20
8697 8699 13
2058 68 0
1488 6 0
16966 16917 22
679 105 19
5075 4917 22
4003 3560 22
1192 105 12
7294 6 0
7326 6 0
4860 4227 20
16580 16421 20
2410 1660 19
3244 3164 20
9012 8710 20
11450 10903 23
603 163 20
547 323 21
17278 16472 22
3242 2944 19
16859 42 0
16279 15261 22
14237 68 0
9659 6 0
3228 3083 20
9215 1179 14
4610 4223 19
2295 1677 20
9066 8658 19
11338 10920 20
10276 9734 20
14659 14109 20
10429 6 0
7719 7655 20
1267 6 0
7426 6 0
14513 14098 20
608 249 20
14698 14125 23
3519 2954 21
8452 7613 22
16311 15279 22
5323 4856 22
14709 13968 19
844 250 20
845 68 0
13335 13016 19
16618 16348 20
13592 13476 22
2767 1743 22
3306 68 0
4808 4223 19
14614 42 0
12249 11960 20
6683 41 0
751 228 20
15073 14065 22
4744 4240 20
4706 4269 20
11638 11403 22
6901 6752 20
7505 6719 22
406 378 20
12496 2298 14
2442 2443 14
16615 16443 20
5491 24 0
8911 8806 20
3901 3653 22
7548 6751 22
5574 5362 19
15237 9 0
13263 68 0
7546 6 0
12607 6 0
6296 6 0
1483 1137 22
10166 68 0
14708 13984 23
8151 8152 14
912 105 19
10990 10902 20
3476 3118 20
6910 6768 20
14236 68 0
15779 15296 20
11210 10805 19
2965 2966 13
6633 6632 17
9144 8658 19
1414 193 22
12485 3087 14
10309 9841 21
10702 6 0
11079 10805 19
709 250 20
15418 15156 19
10009 9825 20
11947 24 0
3551 42 0
8057 68 0
8348 8179 22
12907 6 0
12070 11972 20
12885 12543 22
1914 1660 19
11231 10903 20
13716 13047 22
15817 15218 20
15839 15156 19
14559 68 0
11130 68 0
9568 6 0
13086 9780 16
17281 6 0
7808 68 0
857 333 20
9615 6 0
638 242 20
17199 16419 22
13112 13016 17
15427 15214 20
15745 68 0
2110 1799 20
5634 68 0
3853 3559 22
3821 6 0
7174 6637 21
16843 51 0
1957 68 0
8115 68 0
3692 3038 20
7084 6716 20
4283 69 0
264 268 15
16234 15240 22
3632 62 0
11377 10805 19
13363 13087 20
681 208 20
1954 1660 19
7999 7677 20
7273 6648 22
5713 5384 20
12285 68 0
12195 11999 20
7068 1871 14
853 361 20
15333 15156 19
1857 24 0
16172 6 0
12989 12484 22
15607 15299 20
884 105 19
1468 6 0
9292 3602 14
3306 2944 19
9378 6 0
3887 2978 22
14638 14026 21
12569 12570 14
16472 47 0
13957 6 0
4510 68 0
2089 1660 19
784 105 19
7056 7057 14
14779 6 0
7056 42 0
8946 8785 20
5314 4867 22
4591 4421 20
6652 4909 15
3532 3031 20
7993 7683 20
7087 7088 14
12588 11941 20
5059 4929 22
12889 12589 22
1901 1841 20
7479 6 0
12083 11982 20
11121 10938 20
12825 11934 22
9483 6 0
552 348 20
948 105 19
7934 7691 20
5213 6 0
4651 4329 20
6581 6 0
12276 11877 19
10987 10855 20
14216 14018 20
15279 1115 15
4038 6 0
8165 42 0
661 372 20
7554 6 0
7776 7636 21
16148 15216 22
12064 11960 20
11997 12000 13
15607 15270 20
6182 5423 20
13153 13155 13
7138 7139 14
9613 8728 22
1861 1863 13
2157 1862 20
13710 13044 22
942 943 14
5665 5362 19
3522 68 0
8562 6 0
2274 1757 20
14267 14082 20
5742 5547 20
11383 10805 19
12909 12475 22
11156 10888 20
8010 7690 20
16931 54 0
7417 6690 22
12536 42 0
9122 8658 19
13563 62 0
4025 3029 22
16263 15257 22
2169 1660 19
13283 13016 19
5783 5487 20
4711 4223 19
3754 62 0
5834 5362 19
15486 15156 19
8535 7640 22
12857 12578 22
9548 6 0
15255 41 0
6105 5445 21
6126 42 0
6857 6668 20
14005 9 0
15484 15164 20
6985 6748 20
14696 14029 20
6866 6632 19
2461 1660 19
4677 4223 19
4794 69 0
16095 15204 22
8881 8749 20
8379 8238 22
9495 6 0
15515 68 0
16757 16447 20
4406 69 0
6791 6740 20
4851 4268 23
13482 42 0
13745 6 0
9757 9758 13
13734 13052 22
16516 16366 20
13581 13016 12
9973 9710 19
4149 6 0
16150 15885 22
8779 2457 15
14403 68 0
13931 13126 22
9785 9790 16
13159 24 0
4844 42 0
16820 16391 20
3298 2944 19
3571 42 0
4635 4368 20
14277 13968 19
15611 15163 20
14355 14111 20
11472 10805 19
3469 2944 19
13412 13078 20
1232 6 0
10333 9710 19
13880 6 0
14523 13968 19
15742 15312 20
11417 10830 21
9593 9200 22
911 68 0
606 195 20
4599 4403 20
9674 8759 22
14854 14678 22
11391 10818 20
1861 1862 13
4769 4292 20
7978 68 0
16559 16438 20
473 234 21
16381 41 0
808 186 20
14499 14020 21
11332 10805 19
8865 68 0
9173 8681 20
7192 6632 19
8568 6 0
2843 6 0
4765 4292 20
15078 6 0
2025 1718 20
8826 8704 20
13568 62 0
16459 3021 15
5616 5531 20
12515 62 0
1412 6 0
8801 4418 16
12935 11962 22
11017 10953 20
8544 8212 22
2347 1809 21
6100 5448 20
1867 1869 13
4008 3023 22
16591 16443 20
7876 7604 20
6493 5445 22
9967 9747 21
1474 1147 22
16651 16357 20
13387 13016 19
3460 3025 20
5546 4937 15
3311 68 0
12582 42 0
15510 15156 19
8071 7704 20
11176 10928 20
7839 7587 20
17051 6 0
4229 363 14
7483 6706 22
13221 13138 20
978 105 19
4775 4374 20
6013 5482 20
572 68 0
13462 68 0
679 68 0
2733 1730 22
3564 3147 23
16711 16451 20
13405 13016 19
8074 7680 20
5972 5514 20
8139 69 0
3905 2984 22
10551 6 0
3517 68 0
15785 62 0
6260 6059 22
6662 6664 13
16781 68 0
5807 5362 19
4307 4309 13
16531 16438 20
14400 13993 20
11048 10816 20
1430 6 0
16782 16469 20
11484 42 0
13646 13550 22
4561 4223 19
1127 69 0
12563 11904 21
6135 4283 14
5771 5547 20
11588 10819 22
4428 4378 20
6904 6668 20
8550 8134 22
7997 7695 20
9396 6 0
5863 5501 20
664 250 20
3493 68 0
4497 4347 20
16592 16417 20
1648 6 0
7280 7060 22
3677 2944 19
12266 11890 20
651 157 20
11272 10805 19
6165 42 0
12069 12012 20
12461 11877 19
8852 8760 20
14528 14032 20
8038 7641 20
7067 6713 23
3805 3584 22
7074 51 0
8006 7687 20
8922 8790 20
7183 6762 20
14206 14117 20
8653 7708 22
9910 9768 20
4772 68 0
6022 5456 20
12010 47 0
14682 14100 20
5577 68 0
7124 6674 20
15910 15156 12
6155 964 14
8163 42 0
10632 9775 22
8081 68 0
15595 15167 21
12565 11888 21
14103 24 0
1031 42 0
916 105 19
1632 331 22
4912 42 0
9417 8676 22
3765 3043 20
5387 5362 17
10550 9753 22
15353 68 0
9111 68 0
12948 6 0
8100 7583 20
1952 1862 20
9093 8658 19
5682 5427 20
4122 6 0
2351 1660 19
11466 10805 19
4338 4343 14
11748 6 0
16776 16348 20
16214 15237 22
9269 8791 20
7742 7571 19
14207 14078 20
14387 14002 20
6787 6685 20
5647 5427 20
1982 68 0
8160 7670 20
724 105 19
2496 42 0
3952 6 0
13603 13467 22
1582 6 0
9310 8658 19
7963 7691 20
12437 12007 20
8864 8776 20
13023 24 0
15079 14070 22
2323 1674 21
1466 220 22
3758 2954 21
17190 16813 22
16547 16389 20
12142 11921 20
4473 68 0
3197 3014 20
5272 4332 22
1175 305 20
5583 5420 20
6759 1070 14
15784 15260 20
6001 5491 20
12369 11978 20
3212 2944 19
13867 6 0
2011 68 0
13387 13090 20
5653 5515 20
9770 41 0
4014 3023 22
16979 16347 22
8827 68 0
10277 9741 20
16856 1831 14
9540 6 0
14643 14008 20
10199 9710 19
7721 7588 20
17059 6 0
8893 68 0
16835 16360 21
12113 11877 19
1966 1660 19
7121 51 0
5460 5462 13
12539 11919 20
8875 8669 20
5744 5362 19
8945 68 0
13321 68 0
141 147 16
12207 12007 20
3746 3747 14
13267 13016 19
7731 7571 19
8991 8658 19
5637 5383 20
4055 3035 22
15733 68 0
5717 5521 20
1983 1757 20
6616 6 0
5561 5428 20
11446 10844 21
5683 5547 20
14258 68 0
15827 15301 20
9460 9188 22
13879 13101 22
7694 5528 15
8114 7690 20
8172 7636 21
759 105 19
11052 10812 20
16598 16339 19
16091 6 0
4267 4269 13
3596 51 0
5360 4942 22
530 209 20
10881 24 0
9876 9710 19
13239 13087 20
9375 6 0
17030 16360 22
1301 6 0
10932 9851 14
2789 1755 22
1905 1711 20
11114 10861 20
13246 68 0
11598 6 0
7870 7680 20
9112 8761 20
5540 5362 17
12968 11981 22
4518 4288 20
10426 9718 22
13450 13016 19
6530 5460 22
14740 6 0
4771 4308 20
5863 5362 19
13833 6 0
14257 68 0
16922 16373 20
12354 68 0
14451 68 0
15662 68 0
8578 7650 22
4254 4255 13
12583 11877 19
8872 8699 20
11308 68 0
3201 68 0
644 68 0
4609 4223 19
5015 6 0
10465 10237 22
3998 6 0
6679 69 0
13251 13128 20
7381 7053 22
9460 6 0
7428 6 0
2631 6 0
6837 68 0
8215 7612 20
7851 7571 19
3395 68 0
4682 4231 20
14237 13988 20
11173 10893 20
1154 165 20
12338 12006 20
8044 7571 19
16201 6 0
13219 13042 20
12178 11972 20
8115 7583 20
10804 1 0
16025 15806 22
4804 4223 19
10567 6 0
2132 1660 19
7759 7680 20
5787 5531 20
2548 2361 22
15509 15156 19
2549 6 0
4233 69 0
4938 42 0
7928 7578 20
16847 16439 20
12110 68 0
14698 42 0
1776 41 0
13396 68 0
9029 8721 20
15240 3741 16
5688 5368 21
12555 11932 20
4685 4374 20
13752 13056 22
5836 5468 20
10769 6 0
10047 9765 20
15787 42 0
4041 3713 22
7588 24 0
8476 6 0
7498 7065 22
10984 10805 19
10691 10298 22
7158 42 0
7912 7629 20
5284 6 0
10469 10224 22
14376 14075 20
14179 14031 20
2096 1846 20
4172 3668 22
6789 6740 20
13459 13016 19
4942 4286 21
14899 14716 22
2115 1845 20
11706 10853 22
4789 4242 20
2644 1694 22
2386 1700 21
15131 14689 22
1656 383 22
8208 7678 20
6803 6707 20
13178 13022 20
541 187 20
2525 1703 20
13697 13515 22
12949 11971 22
220 224 15
15695 68 0
13987 13989 13
11436 11437 14
10568 6 0
2424 69 0
2520 1786 21
5091 6 0
13352 13151 20
14669 62 0
9122 8714 20
13361 13114 20
8013 7633 20
3141 24 0
2659 6 0
6991 6729 20
4177 3107 22
446 68 0
9824 24 0
6559 5477 22
6735 24 0
3473 3009 20
467 194 20
16272 15261 22
2382 42 0
1279 975 22
9920 9719 20
13474 13085 20
15788 42 0
6042 5362 19
16712 16344 20
4648 4262 20
6052 5362 19
11553 10811 22
3978 3008 22
6459 6 0
8400 7603 22
4334 24 0
15327 68 0
8913 8751 21
9903 9777 20
15809 15189 20
5953 5384 20
4270 41 0
14494 14098 20
8597 8132 22
14453 14101 21
13547 13043 20
4044 6 0
7077 51 0
8565 6 0
7717 7650 21
2194 1689 20
7883 7699 20
13278 13016 19
5760 5468 20
1994 68 0
6085 51 0
7168 6737 20
15518 15177 20
193 200 16
5638 5420 20
8878 68 0
14284 14044 20
3146 3150 13
2174 1660 19
12490 51 0
5680 5472 20
803 367 20
2347 2348 14
9628 6 0
4331 69 0
15165 41 0
16488 16412 20
1539 256 22
4926 4276 20
3150 41 0
10224 9741 20
9641 9271 22
8502 7628 22
16724 16339 19
501 68 0
11466 4238 14
11767 10874 22
12277 11877 19
1515 248 22
7945 7584 20
6453 5431 22
4312 1848 14
8011 7595 20
113 117 15
2152 1863 20
13145 47 0
832 215 20
14451 13968 19
16585 16376 20
11401 51 0
14595 13989 20
10249 9741 20
13934 13556 22
12915 12481 22
14419 14079 20
15580 15230 20
10458 10254 22
10466 9731 22
13081 13016 17
7525 6734 22
2103 1660 19
1741 69 0
7716 68 0
7164 6632 19
2798 6 0
3754 2948 20
6308 6 0
6554 6 0
9510 6 0
14196 14022 20
11525 10805 12
13756 13056 22
5935 5369 20
1340 6 0
14166 13968 19
11184 10919 20
4570 4421 20
5786 5362 19
14633 14008 20
10749 6 0
5094 6 0
10188 9723 20
16795 16339 19
957 379 20
5678 68 0
13242 13042 20
840 68 0
896 68 0
4851 4229 21
2234 1660 19
3472 3009 20
3537 2985 20
1642 6 0
12109 68 0
201 206 16
11017 10805 19
4302 4304 13
852 105 19
12030 11904 21
16365 161 14
443 105 19
12151 68 0
16909 10355 14
7822 7687 20
5862 5530 20
6604 5508 22
1898 68 0
6193 69 0
10159 9710 19
11213 10805 19
6293 6 0
8214 7607 21
4279 69 0
13562 13085 20
8302 6 0
8160 1163 14
9636 8744 22
7979 68 0
3436 2985 20
9573 9195 22
8574 7650 22
5004 4235 22
6805 68 0
12278 12011 20
14279 13988 20
14676 14118 20
8763 69 0
13501 13124 20
11628 11444 22
14080 41 0
3339 3009 20
515 348 20
14681 1051 14
8228 7639 20
1152 356 20
11234 68 0
1174 69 0
3219 3141 20
10324 2983 14
7430 6695 22
5695 5478 20
1255 1134 22
14398 14010 20
17047 6 0
3447 2944 19
15759 42 0
15750 15191 21
15727 15158 20
11171 68 0
2116 68 0
278 280 13
3645 69 0
13487 13058 20
15047 14617 22
5941 5501 20
76 13 7
5625 68 0
2305 1703 20
12160 68 0
14495 68 0
16493 16430 20
5024 6 0
9604 6 0
7999 68 0
12889 12531 22
5708 5362 19
9151 8687 20
278 281 13
3188 3164 20
12588 11877 19
1175 105 19
17094 6 0
16442 16443 13
8179 7701 20
5875 5509 20
1729 69 0
10205 68 0
17053 16365 22
5477 5449 15
10542 6 0
12714 6 0
2550 2467 22
12410 68 0
16826 16346 20
420 341 20
3759 42 0
14026 1771 15
11433 10827 21
10152 9748 20
14318 13977 20
8046 7617 20
1537 6 0
861 293 20
2282 1660 19
5820 68 0
14285 14010 20
8956 8660 20
11341 10805 19
8202 7681 20
10192 9720 20
10148 9732 20
4654 4223 19
6824 6632 19
12251 11877 19
14164 13968 19
1627 323 22
4718 68 0
11827 6 0
6884 6632 19
6539 6 0
2633 1688 22
16640 16339 19
14716 42 0
13173 13123 20
3484 68 0
14670 14046 20
16928 54 0
16727 16389 20
11058 10816 20
12059 68 0
1573 920 22
13191 68 0
14136 68 0
7821 7677 20
2147 1781 20
6835 6632 19
1942 1874 20
3887 6 0
2683 1706 22
13176 13154 20
9801 4259 16
14450 68 0
8540 6 0
7716 7600 20
4007 3598 22
4774 4223 19
2210 1817 20
16238 15829 22
10265 9710 19
4849 2407 14
875 68 0
13878 13501 22
2162 1660 19
5412 24 0
516 105 19
11087 10824 20
2492 2493 14
8175 8176 14
9985 68 0
10140 68 0
7871 7571 19
15759 15160 20
8983 8725 20
5998 68 0
7223 6 0
11102 10902 20
6162 51 0
5669 5502 20
3246 3090 20
16918 16339 19
13485 13030 21
7806 7695 20
6891 6673 20
9118 8745 20
10343 42 0
14382 14092 21
3483 68 0
4166 3096 22
13644 6 0
91 6 7
10296 9799 20
9608 6 0
10039 9715 20
15597 15156 19
3438 2944 19
768 68 0
5078 6 0
7616 4349 15
11490 4331 14
10457 9727 22
3157 3129 15
5644 5362 19
14570 14053 20
14504 13968 19
6082 5362 19
10731 10226 22
13352 13027 20
12274 11877 19
2722 1723 22
1954 1731 20
678 68 0
9878 68 0
15964 6 0
5481 4901 16
477 105 19
3336 2944 19
8187 7571 19
10476 6 0
16636 16353 20
14587 13978 20
7567 6767 22
11457 42 0
3944 6 0
11048 10823 21
16988 16347 22
14710 7127 14
8101 7704 20
15792 42 0
5580 5547 20
5590 5514 20
11390 42 0
7368 7096 22
10995 10942 20
9573 6 0
14136 14120 20
10213 9773 20
15438 15173 20
3879 6 0
10892 10895 13
13836 6 0
13539 1678 14
8248 7090 14
8637 7682 22
11489 42 0
5735 5509 20
540 105 19
15435 15242 20
2907 6 0
2916 1833 22
15933 6 0
1416 193 22
1553 1089 22
4056 3041 22
15816 15156 19
14187 14062 20
4679 4398 20
16449 41 0
17240 16923 22
5876 5407 20
16098 15763 22
9718 9720 13
14633 42 0
11211 10933 20
12444 11939 20
8903 8780 20
6101 69 0
13172 13078 20
5896 5362 19
5129 4280 22
520 68 0
10306 9785 21
3387 3117 20
4628 4223 19
7267 6644 22
7484 7131 22
10664 10328 22
4630 4223 19
11901 329 14
12824 12477 22
8465 6 0
1652 993 22
1873 1660 17
6562 6 0
10090 9710 19
16166 15225 22
8130 7712 20
16632 68 0
11467 10830 21
455 286 21
14383 68 0
9829 9710 17
3959 3553 22
16905 16379 21
13412 68 0
5918 68 0
16878 16397 21
7961 68 0
13494 13163 20
11004 10811 21
15569 15312 20
8129 69 0
11249 10919 20
10002 9797 20
3857 2965 22
5450 5362 17
16624 16480 20
883 368 20
550 68 0
15453 68 0
10261 9785 21
1309 6 0
12272 68 0
7731 7584 20
11511 10805 12
7157 42 0
2134 1762 20
690 178 20
4552 4268 20
12772 6 0
15216 7149 16
17010 6 0
9796 2344 16
15282 15156 17
2469 1820 21
8164 42 0
5052 6 0
4947 4336 20
8821 68 0
7377 6 0
2908 6 0
9301 8658 19
2394 69 0
10171 9773 20
11273 10920 20
10305 9751 20
14512 14102 20
4646 4248 20
4261 4266 16
10954 41 0
1391 6 0
14978 14684 22
17154 6 0
7856 7651 20
8967 8729 20
10449 6 0
1890 1841 20
7653 7571 17
15547 15156 19
7132 6632 19
5139 4286 22
2049 1683 20
10759 9833 22
1467 220 22
4884 4797 14
13428 68 0
5656 5472 20
12095 12012 20
11622 10827 22
3371 3060 21
4261 4264 13
15648 68 0
516 68 0
14435 13968 19
14039 14042 13
8904 8776 20
6003 68 0
11442 10894 20
6653 24 0
11383 42 0
9124 8767 20
8224 7681 20
4811 4223 19
13361 13147 20
5830 5406 20
2546 2432 22
15860 15206 23
817 68 0
16788 16339 19
6849 6719 21
6580 6095 22
7465 6703 22
8211 7692 20
12427 11935 20
11830 10908 22
11542 10806 22
4513 4328 20
10041 9776 20
4486 68 0
16509 16476 20
17041 6 0
8032 7571 19
3426 2944 19
15167 40 0
9857 24 0
10338 9718 21
15709 68 0
4591 68 0
3666 42 0
12848 11938 22
4869 4389 20
6041 5418 20
12316 11877 19
8908 68 0
15905 15156 12
10053 68 0
4605 4368 20
4895 4276 20
6776 6777 13
10974 10945 20
7454 6 0
9506 8702 22
16549 16409 20
14678 13979 20
7083 3565 14
13728 13549 22
16821 16388 21
2283 1810 20
5350 4397 22
1130 105 19
6434 6055 22
11976 11977 13
6372 6 0
3491 3019 20
9125 68 0
3300 2973 20
3677 51 0
13384 13098 20
5881 68 0
2554 6 0
11452 42 0
3467 3077 20
15770 15156 19
13453 68 0
814 105 19
11921 24 0
3398 2962 20
9001 8760 20
3303 3118 20
15973 15752 22
13284 68 0
15145 14110 22
11550 10811 22
10132 9710 19
10217 51 0
13665 13035 22
4464 4223 19
16601 16413 20
3328 68 0
17260 6 0
15974 15887 22
13267 13022 20
4147 6 0
13346 13093 21
7099 62 0
5523 69 0
13185 68 0
10135 9720 20
2876 6 0
15746 15270 20
12197 12011 20
6508 6144 22
11188 10805 19
12813 11929 22
12123 11877 19
11375 51 0
6715 41 0
29 21 5
9210 8658 19
6068 5362 19
16533 16442 21
6338 6032 22
13768 6 0
4530 4292 20
16810 1735 14
13746 6 0
13175 13016 19
14505 68 0
15529 15270 20
2461 1727 20
5737 5362 19
11029 68 0
7735 68 0
6848 6782 20
3038 41 0
16701 16460 20
12244 68 0
6210 42 0
7368 6 0
1911 1660 19
6956 6691 20
16577 16385 20
6929 68 0
689 68 0
3529 68 0
11224 10805 19
1212 6 0
2147 1660 19
1282 6 0
11326 10805 19
5784 5427 20
11125 10820 20
5222 6 0
4214 3146 22
14798 6 0
13565 1148 14
11976 1109 15
12099 12002 20
5901 5407 20
5639 5547 20
4642 4223 19
4754 4363 20
8128 42 0
7845 7578 20
9341 6 0
9094 68 0
13267 13138 20
6221 54 0
950 282 20
3275 3163 20
15448 15205 20
11977 24 0
5401 5362 17
5504 5507 13
15033 6 0
9007 8749 20
5011 4235 22
7584 24 0
3932 2990 22
15717 15214 20
11828 11423 22
8789 4935 16
8350 6 0
12931 6 0
2399 2400 14
12392 11877 19
5780 5472 20
10892 1853 15
11655 10835 22
1679 69 0
7307 6652 22
17138 16397 22
2685 1710 22
16185 15229 22
7273 7089 22
14233 14094 20
5101 4267 22
15545 15156 19
4828 51 0
5554 5384 20
804 68 0
4437 4352 20
8260 7571 12
15765 15295 20
11637 6 0
16209 15802 22
9386 6 0
994 105 19
15767 15156 19
4644 4379 20
14269 13968 19
9028 8749 20
15770 42 0
10195 9842 20
643 68 0
11344 10897 20
16247 15880 22
12564 11969 20
2092 68 0
14965 14030 22
1353 1187 22
16572 16339 19
808 105 19
667 257 20
14521 68 0
5529 320 15
10509 6 0
17165 6 0
6510 6 0
13141 24 0
10345 9730 20
9125 8781 20
6222 54 0
3515 2955 20
14189 13968 19
6706 9 0
4521 68 0
16543 68 0
14575 14045 20
12016 24 0
12064 11877 19
15358 15253 20
13553 13028 20
8024 7604 20
10127 9824 20
3653 51 0
3421 3061 20
5855 5393 20
7271 6644 22
4031 6 0
12466 11885 20
3922 2990 22
8569 8168 22
4936 4251 20
6246 6 0
14924 14666 22
2210 1660 19
5081 6 0
9177 8658 19
11851 10918 22
4737 4235 21
15216 15220 14
10253 9826 20
11066 10816 20
15422 68 0
10085 68 0
9237 8803 20
9245 8702 21
5084 4267 22
539 157 20
10026 9802 20
13551 13068 20
15519 68 0
5216 6 0
6284 6 0
12988 11992 22
11146 10805 19
2329 1703 20
456 333 20
12175 11968 20
5609 5365 20
1237 1187 22
12683 6 0
928 165 20
15569 68 0
402 279 20
8120 7574 20
6053 62 0
1276 134 22
651 156 20
3477 2966 20
8169 7664 20
2419 1719 20
12655 11888 22
4871 69 0
7872 7584 20
5939 5369 20
4812 4313 23
13711 13044 22
14844 14694 22
4960 54 0
11600 10819 22
15062 14056 22
2263 1816 20
8131 7586 21
9537 6 0
11759 11391 22
2664 1700 22
16126 6 0
3194 68 0
13418 13083 20
4728 4274 20
14435 13991 21
8514 8157 22
6839 6768 20
4651 4398 20
4176 3101 22
4421 24 0
6017 5537 20
2024 1696 20
7181 6749 20
2157 1682 20
1008 42 0
2263 68 0
6092 5362 19
1605 303 22
10218 9864 20
15697 15200 20
2819 2386 22
26 3 0
1948 1875 20
12513 2352 14
14408 14040 20
7814 68 0
14535 68 0
14781 13976 22
11199 68 0
2278 1804 20
3625 2944 19
3295 3090 20
5321 6 0
2105 1662 20
8450 8132 22
12580 11932 20
10346 42 0
1218 6 0
9650 9202 22
9103 8704 20
11507 10827 21
7255 6641 22
12326 11957 20
2692 2303 22
12069 11877 19
16675 16380 20
10355 69 0
8825 68 0
15050 14642 22
8146 4901 14
6087 5510 20
6979 6777 20
6064 5395 20
14171 13968 19
15053 14056 22
4878 4275 20
506 227 20
14563 14125 20
5240 4902 22
6637 351 15
15225 2420 14
889 372 20
588 68 0
2320 42 0
12253 11877 19
9694 6 0
4329 24 0
14626 42 0
6181 5362 19
16032 15186 22
371 372 13
12115 11971 21
13932 13126 22
12225 12024 20
5373 5362 17
13132 13134 13
7058 51 0
4521 4241 20
15834 15261 21
11275 68 0
11635 10827 22
16033 6 0
9020 8718 20
7719 7704 20
2155 1798 20
7222 6 0
12330 11877 19
10489 10272 22
15594 15196 20
6021 5421 20
2191 1702 20
12392 12019 20
13991 7064 15
7099 42 0
16308 6 0
15778 10236 14
13769 13542 22
10316 9859 20
6949 68 0
4392 4396 14
17290 16870 22
8268 7571 12
11431 10868 20
7833 7583 20
7332 6 0
13250 68 0
14849 13996 22
10473 10230 22
16862 995 14
12354 11976 21
9298 62 0
15851 51 0
9207 8658 19
10426 10281 22
8147 7605 20
2501 2415 14
10742 9823 22
16178 15801 22
11435 4365 14
4925 4242 20
6348 6168 22
3255 2979 20
4655 4313 20
13008 6 0
13037 24 0
2405 69 0
3032 41 0
5061 4254 22
15966 6 0
2629 6 0
15372 68 0
9075 8687 20
6440 5426 22
12210 11877 19
1190 54 0
3628 3038 20
16795 16411 21
15757 4949 14
4123 3581 22
7517 6727 22
482 68 0
12869 11946 22
11084 68 0
507 68 0
8193 7601 20
16401 2390 16
8311 8211 22
10098 9843 20
12101 12016 20
12061 68 0
8978 8658 19
13550 13016 19
7836 7672 20
1324 155 22
8059 7571 19
4676 4346 20
15368 15206 20
8771 7674 15
16771 16376 20
8585 6 0
3537 3148 20
13687 13040 22
469 68 0
13005 12477 22
5581 68 0
10072 9809 20
5675 5374 20
15291 69 0
16908 16396 20
14368 14018 20
9486 6 0
14856 14666 22
5115 6 0
15380 15156 19
11309 10831 20
7040 6677 20
10282 69 0
15314 15299 20
8247 7628 21
10029 9802 20
7947 68 0
11223 68 0
12520 11933 20
7749 7662 21
12010 12012 13
8734 8658 17
11992 7 0
3018 2944 17
7108 42 0
3390 2985 20
2027 1780 20
12335 11877 19
6858 6729 20
11384 7082 14
9050 8711 20
1077 141 21
10185 9710 19
5782 5362 19
15381 15156 19
676 105 19
8472 7616 22
3651 3119 20
3617 2965 21
2454 42 0
5324 4377 22
16592 16353 20
16544 16437 21
9781 9782 13
13175 13044 21
8060 7571 19
15714 15178 20
11045 10805 19
8900 68 0
8216 7660 20
14013 14015 13
6953 6632 19
11080 10805 19
5448 41 0
6279 6098 22
9566 8720 22
8335 6 0
7811 7600 20
14239 13974 20
844 256 21
11734 11414 22
190 69 0
9956 9874 20
11858 10923 22
7075 6632 19
2057 1711 20
11218 10805 19
4831 4251 20
4842 4223 19
13093 13094 13
795 221 20
4613 4225 20
2581 1674 22
14509 14006 20
10494 9735 22
11491 1746 14
7962 7614 20
10657 6 0
648 372 20
14291 68 0
11138 10821 20
9415 8676 22
17113 16853 22
12513 42 0
16925 16339 12
975 976 14
15159 24 0
8244 7664 20
2316 1829 20
8988 68 0
153 69 0
8911 8739 21
8273 54 0
2115 1660 19
8332 6 0
6102 42 0
12169 11936 20
17060 6 0
7939 7571 19
913 170 20
10325 42 0
510 368 20
579 68 0
10396 6 0
13169 13057 20
4832 69 0
14599 14038 20
15729 15156 19
17038 16360 22
865 354 20
3248 3036 20
12547 42 0
946 947 14
12299 11939 20
7067 6739 21
3289 3112 20
7624 41 0
56 6 1
7390 6 0
1362 169 22
4695 4223 19
13481 13016 19
102 69 8
9908 9797 20
9000 8710 20
13460 13110 20
16769 16339 19
6449 6 0
3272 2973 20
12131 11921 20
15401 68 0
2628 1688 22
14838 13991 22
11369 10834 20
548 105 19
577 127 20
16073 15891 22
13935 6 0
7582 7583 13
2930 6 0
7522 6 0
1904 1701 20
10976 10866 20
5320 4372 22
6828 6632 19
2419 1795 20
6464 6205 22
8514 7632 22
3300 3025 20
10120 9857 20
3478 2944 19
6441 6 0
15866 15308 20
16504 16429 21
14696 13968 19
9929 9732 20
9196 8726 20
7086 6651 20
12273 11955 21
7890 7571 19
3576 42 0
2601 6 0
9208 8658 19
6055 5506 20
3253 68 0
13379 13053 20
2511 1733 20
13205 13121 21
16574 16344 20
14321 14036 20
16865 1148 14
6316 6 0
753 105 19
3155 41 0
12534 11955 21
13552 62 0
9088 8658 19
3599 3600 14
16725 16372 20
15551 15156 19
4057 3041 22
10050 9732 20
15689 15230 20
399 348 20
1254 6 0
15018 14630 22
3026 41 0
2112 1834 20
3601 3602 14
7650 2468 15
7154 62 0
1257 126 22
6931 68 0
10021 9802 20
3599 51 0
10148 9791 21
2638 2452 22
2355 1864 20
6699 24 0
9682 8765 22
15114 14086 22
15078 14635 22
12832 12517 22
5513 5362 17
5166 4936 22
8525 7636 22
4713 4223 19
14297 13983 20
2780 6 0
4647 4421 20
7166 6644 21
6001 5450 21
316 320 14
8638 7682 22
6798 6752 20
8122 68 0
7755 68 0
4934 4223 19
519 105 19
12345 11885 20
2167 1816 20
14834 6 0
7439 7105 22
3597 42 0
2636 6 0
4559 68 0
11477 10805 19
1444 214 22
6612 6203 22
14634 14046 20
16295 6 0
13581 54 0
12080 11956 20
15428 15233 20
7854 7663 20
5888 5362 19
17038 6 0
12338 68 0
9901 68 0
3358 2980 20
11367 42 0
2155 1660 19
1130 42 0
7929 7680 20
418 202 20
8504 6 0
16589 16339 19
15937 15162 22
10140 9719 20
6827 68 0
11333 10888 20
16886 16343 21
8470 8160 22
13213 13141 20
9693 8771 22
10333 9783 20
1965 1841 20
16194 15856 22
12278 11880 20
4765 4328 20
11032 10861 20
13799 13511 22
5864 68 0
11643 6 0
8200 2521 14
1044 51 0
13852 13093 22
742 215 20
7081 7082 14
2272 1660 19
4882 4883 14
16817 16346 20
3744 42 0
2453 69 0
6825 6667 20
9663 9281 22
14260 14010 20
16867 16369 20
14265 14031 20
3530 2985 20
5913 5362 19
6483 6 0
4820 2495 14
15640 15156 19
632 208 20
13723 6 0
13793 13072 22
12603 11877 12
2399 1826 21
13582 13016 12
3356 68 0
13535 13149 20
1164 299 20
2722 2502 22
8061 68 0
17066 6 0
2432 1660 19
7951 7696 20
15592 15242 20
12210 11978 20
3275 2944 19
12722 6 0
16397 16398 13
10127 9744 20
14151 14117 20
9466 6 0
8284 6 0
5801 68 0
406 163 20
16450 1824 16
16902 51 0
6203 5430 20
10687 10221 22
13925 13121 22
10333 9714 21
15720 68 0
11609 11364 22
1261 980 22
16872 16433 21
5755 68 0
11635 11446 22
13266 13134 20
16855 14627 14
9865 267 14
4194 6 0
3578 3143 20
15500 15156 19
6264 6057 22
16847 16848 14
2414 1660 19
2057 68 0
3280 3141 20
15737 15277 20
14401 14035 20
11304 10885 20
4213 6 0
5729 5542 20
12293 11885 20
15392 68 0
6105 5509 23
5385 41 0
2170 68 0
14707 13968 19
9381 6 0
10255 42 0
10958 10910 20
5659 5473 20
10219 9721 20
13562 42 0
822 367 20
11810 11410 22
13323 13077 20
2038 1744 20
9055 8681 20
11504 10900 20
10399 9714 22
14473 68 0
5807 5397 20
6398 5411 22
9403 9314 22
9977 9843 20
12499 4233 14
10216 9731 21
12143 11877 19
11986 3587 15
10672 10228 22
10035 9825 20
5737 5473 20
14431 14082 20
13515 13151 23
9854 41 0
12084 68 0
7893 7600 20
13907 13476 22
9456 9276 22
17285 6 0
8147 133 14
14533 14022 20
3113 41 0
12120 11930 20
14795 14639 22
14432 13968 19
13563 13124 20
16622 16452 20
16119 6 0
6970 6741 20
1790 69 0
8881 8686 20
12166 68 0
2994 2995 13
14462 13998 20
1723 1725 13
6072 5362 19
6968 6751 21
2244 68 0
15471 15254 20
1824 69 0
5674 68 0
690 250 20
3337 3030 20
6933 6728 20
1250 988 22
15947 6 0
9260 8658 19
9033 68 0
7017 6632 19
2250 1724 20
8931 8760 20
4642 4231 20
11255 10816 20
4119 3724 22
5728 5362 19
16144 6 0
16508 16339 19
14436 14062 20
894 170 20
12551 11877 19
9206 8803 20
8934 8658 19
13917 13116 22
14844 14600 22
16562 16345 20
8203 7590 21
9924 9808 21
11016 10805 19
7909 68 0
9925 9710 19
9043 8721 20
15504 15262 20
6504 6 0
2081 1811 20
12051 11939 20
3779 3719 22
7009 6757 20
6918 68 0
756 310 20
12389 11902 20
17109 16388 22
338 69 0
3767 2944 12
16753 68 0
4944 4945 14
7797 68 0
13496 8142 14
3308 3042 20
3542 2985 20
15594 68 0
7178 1687 14
12373 11877 19
9581 9264 22
13311 13045 20
11433 7125 14
2595 2458 22
645 202 20
14329 14067 20
15526 15233 20
11059 10949 20
6755 7 0
6423 5419 22
11470 10829 20
5992 5362 19
13053 24 0
5142 6 0
8747 41 0
14683 14023 20
3576 51 0
13446 13110 20
3971 3008 22
4775 4377 21
400 156 20
2329 1829 20
5912 5362 19
3258 68 0
12987 11992 22
7256 7112 22
16813 16466 20
11470 4909 14
15643 68 0
155 112 16
971 42 0
14535 13968 19
11538 11466 22
16174 15225 22
7801 68 0
8138 7662 21
12929 11959 22
12609 12548 22
8785 24 0
13787 13064 22
631 354 20
988 42 0
3023 3024 13
1588 1058 22
14610 14000 20
11604 6 0
3949 2994 22
10685 6 0
14082 24 0
7743 7587 20
4950 42 0
13430 13098 20
14754 6 0
10835 9 0
14924 14617 22
7760 68 0
16716 16452 20
12504 12021 20
4571 4352 20
8796 2354 16
15871 15276 21
5017 4239 22
14401 13968 19
7853 7571 19
14248 14014 20
11667 10839 22
15166 41 0
3035 3040 16
13269 68 0
3666 3050 20
3136 3137 13
3486 68 0
4661 4350 21
14077 14080 13
4777 4403 20
3578 2984 21
857 361 20
13086 13016 17
16904 42 0
4703 68 0
3299 3132 20
124 69 0
7653 7 0
10088 9847 20
6149 5516 20
3559 2957 20
12574 11877 19
16103 6 0
6263 6054 22
7977 68 0
13559 13143 20
13000 12010 22
3840 2960 22
9852 47 0
2661 1700 22
1941 1660 19
1041 69 0
5923 5505 20
17045 6 0
13612 13510 22
13279 13158 20
15528 68 0
8086 68 0
8692 41 0
7028 6632 19
892 361 20
4852 4223 19
4449 4262 20
5248 6 0
9034 8670 20
15370 15241 20
9766 41 0
4510 4281 20
16841 42 0
6633 6636 15
16108 6 0
13449 13083 20
12751 12559 22
10798 6 0
13305 68 0
6944 6632 19
7124 42 0
3666 3085 20
6176 51 0
8213 7664 20
15437 15192 20
6825 68 0
12766 11916 22
14188 68 0
5690 5509 20
11406 10805 19
8691 41 0
6497 6 0
8975 8674 20
15825 42 0
14619 42 0
13460 13073 20
13590 13510 22
8528 6 0
11340 10821 20
7043 6685 20
11426 3168 14
1227 113 22
3209 3137 20
8654 6 0
11876 0 11
3857 3673 22
12952 11971 22
9216 8666 23
13064 13067 13
12018 10913 16
2727 6 0
2133 1731 20
11679 6 0
10279 9816 20
2015 1660 19
2088 68 0
17130 16915 22
4207 6 0
3042 24 0
7548 7086 22
16923 42 0
15724 15156 19
11201 10805 19
4668 68 0
14371 14007 20
4746 4223 19
5844 5547 20
683 333 20
15254 24 0
16218 15237 22
16177 15888 22
7686 3636 14
991 105 19
16845 42 0
7108 6710 20
13274 13065 20
5258 6 0
13205 13016 19
7827 68 0
919 105 19
3972 3008 22
10066 9782 20
15446 15156 19
1139 295 20
7976 7684 20
2746 6 0
5408 41 0
10090 9744 20
9053 8658 19
3152 3153 13
17072 16375 22
5180 4302 22
8184 7653 21
6797 6756 20
12464 11990 20
3035 3036 13
8293 6 0
12604 54 0
5672 5541 20
14614 3730 14
16899 16386 20
16646 16389 20
15482 15262 20
14848 13996 22
7213 6633 22
11383 10844 21
15253 24 0
714 280 20
13686 13040 22
13061 24 0
8117 7633 20
15773 936 14
11159 68 0
6751 1722 14
16270 15831 22
2829 6 0
16615 16339 19
668 257 20
4837 4373 23
689 348 20
11146 10881 20
4710 4263 20
16794 16339 19
16677 16417 20
841 128 20
13529 13088 20
12411 11913 20
479 332 20
520 317 20
13500 13121 21
12786 6 0
15489 15210 20
6036 42 0
12314 11925 20
7919 7699 20
13621 13558 22
15894 3565 14
2445 1818 20
11866 11499 22
13047 13048 13
674 221 20
5572 5525 20
5618 5542 20
6667 24 0
4079 3046 22
3282 2979 20
11751 11401 22
11669 11446 22
11058 10933 20
15743 15304 20
2027 68 0
16681 16339 19
5904 5362 19
16850 16399 20
14225 13968 19
1572 278 22
3925 2990 22
2481 1664 20
10080 9857 20
2087 1875 20
297 7 0
17198 6 0
12899 12569 22
10081 68 0
8133 7656 20
14140 13988 20
13928 13535 22
4286 4290 15
15532 68 0
3818 3598 22
16396 41 0
15567 15156 19
10252 9710 19
7703 7704 13
1967 1845 20
8130 7630 20
5842 68 0
9475 9309 22
17221 6 0
17134 16397 22
4983 6 0
5035 4898 22
5870 5547 20
5405 9 0
8101 7633 20
1245 6 0
12128 11968 20
9184 8658 19
8913 8793 20
6531 6134 22
15880 1843 14
5733 5515 20
8217 42 0
396 372 20
13822 13481 22
16657 16465 20
15345 15293 20
3254 2985 20
5901 5362 19
16725 68 0
16411 8159 15
4363 24 0
5696 68 0
17135 16397 22
15308 41 0
13548 2441 14
6036 5362 19
9308 8671 20
6872 68 0
15345 15217 20
16702 16468 20
8886 68 0
5114 6 0
3657 2944 19
4664 68 0
15123 6 0
13672 13035 22
5042 4247 22
7246 7101 22
15075 14065 22
13471 13016 19
6247 5368 22
15507 15298 20
2047 1816 20
8385 7599 22
9245 42 0
3336 68 0
3173 68 0
716 105 19
17291 16484 22
6796 6756 20
10050 9809 20
9511 6 0
5603 5362 19
15706 15156 19
1014 69 0
1917 68 0
4332 4223 17
13359 13016 19
11432 10805 19
883 378 20
3396 2944 19
11525 54 0
12627 6 0
14115 936 14
5139 4795 22
5540 5542 13
12032 11877 19
8743 69 0
14941 14020 22
14186 14088 20
4769 68 0
13457 13118 20
3337 3164 20
9578 8720 22
2279 68 0
11168 10881 20
16433 321 15
11411 10946 20
14696 42 0
16100 15204 22
10269 9710 19
12081 11879 20
7164 7165 14
7115 315 14
3653 3068 20
15804 15156 19
12258 11936 20
16735 16394 20
9219 8703 23
768 105 19
15786 1177 14
8665 5544 14
12074 11972 20
7757 7691 20
3828 2954 22
4215 3146 22
3672 2944 19
6484 5440 22
2195 1846 20
3500 3126 20
5654 68 0
10869 10872 13
16207 15237 22
16882 16442 21
763 68 0
2364 42 0
7386 6680 22
141 142 13
5608 5365 20
9833 3168 14
9467 6 0
14184 13968 19
14712 6078 14
13442 13045 20
2578 6 0
2177 68 0
8451 6 0
10208 9814 20
7238 6 0
6805 6637 21
2322 1847 20
3209 2980 20
10242 9835 20
1493 1010 22
15618 15293 20
2513 1719 20
14988 6 0
12280 11973 20
3819 6 0
11479 10894 20
17215 6 0
7753 7691 20
15670 68 0
11930 24 0
15983 15805 22
11098 10805 19
4790 4362 21
12531 11911 20
1227 6 0
6919 6642 20
6957 6700 20
537 297 21
6991 6703 21
10406 6 0
14390 68 0
13157 7129 15
7623 24 0
5666 5362 19
5920 5398 20
12806 11929 22
14646 13968 19
14110 7149 15
12077 11925 20
10267 42 0
15068 14060 22
10570 9757 22
6088 5486 21
3063 41 0
10377 6 0
15729 68 0
8821 8672 21
16858 1802 14
7099 6656 20
12929 12482 22
14417 13968 19
3328 3019 20
1643 1147 22
15799 15167 21
13346 13041 20
3230 3025 20
14127 14131 13
11033 10933 20
14699 1808 14
5659 68 0
16912 42 0
10481 6 0
7926 68 0
1042 149 23
1947 1738 20
7269 6644 22
14658 14080 20
3169 3118 20
10646 10248 22
6787 68 0
10505 9739 22
7460 7093 22
15907 15156 12
4520 4340 20
8462 6 0
3492 3024 20
8280 7572 22
9413 9200 22
12734 11908 22
13523 62 0
9815 24 0
13473 9291 14
2610 2303 22
10692 9796 22
3810 6 0
6822 6685 20
602 114 20
9203 69 0
14255 68 0
189 41 0
11385 10805 19
10533 6 0
16876 1157 14
12107 11930 20
7660 41 0
1258 126 22
10524 6 0
11819 11474 22
7701 41 0
7996 7571 19
2008 1868 20
15682 68 0
16870 16370 21
15213 15215 13
15701 15156 19
10363 9710 12
11010 10825 20
13524 13095 20
4914 4223 19
1291 973 22
8247 7571 19
12371 11956 20
7347 7105 22
2395 1660 19
9280 8695 20
8275 6 0
9926 9866 20
9222 8750 20
8552 6 0
17083 16379 22
4990 4936 22
11414 6204 14
7744 7676 20
14676 14060 21
9287 8658 19
524 105 19
11461 10837 20
4510 4328 20
1071 177 21
5797 5362 19
5517 41 0
12296 11921 20
15788 1831 14
14351 14070 21
13810 13076 22
7063 6703 21
3713 3068 20
5645 5362 19
11220 10807 20
10050 9710 19
3088 3094 15
3264 3014 20
11562 10811 22
6897 6653 20
10325 9840 20
6882 6632 19
5653 5412 20
10184 9759 20
12461 11998 20
7844 7571 19
4195 6 0
8490 6 0
5884 5536 20
4464 4241 20
9071 8802 20
7632 267 16
7755 7571 19
12899 12540 22
8973 8740 20
16683 68 0
6481 6054 22
2494 51 0
15332 68 0
3096 2944 17
7148 6652 21
11333 10807 20
4120 6 0
3595 69 0
11312 10805 19
3754 3119 20
12337 11929 21
17216 16433 22
809 298 20
418 310 20
15120 6 0
10317 3715 14
3647 3056 20
14983 14034 22
10345 9710 19
3577 3119 20
15457 15253 20
10313 9743 21
7276 6 0
8137 7667 21
14300 14057 20
13107 41 0
4669 4223 19
10352 2340 14
6053 42 0
3437 2972 21
1154 282 20
16404 16406 13
2017 1682 20
6903 6729 20
10335 9731 21
7120 6719 21
5581 5362 19
9013 8658 19
16832 16339 19
6759 365 16
982 42 0
11371 10831 23
7577 3736 15
11467 10805 19
4436 4223 19
15852 15156 19
3770 2944 12
14687 14003 23
8912 8658 19
3975 3634 22
9876 9720 20
14362 14116 20
6563 5481 22
12876 11946 22
11359 10849 20
7025 6632 19
10978 68 0
10987 10906 20
12432 11972 20
15199 15203 15
5237 6 0
12388 12002 20
8858 8761 20
13404 13087 20
4874 4223 19
725 68 0
8156 7571 19
7884 7571 19
848 105 19
15763 15195 21
9984 68 0
10405 10289 22
9447 9260 22
16668 68 0
11018 10817 20
13527 13016 19
16851 16483 20
15593 15266 20
10423 6 0
5144 4291 22
10786 10249 22
1244 119 22
16924 16482 20
12313 68 0
6741 24 0
9565 9269 22
12119 11968 20
10525 9743 22
2215 1750 20
11466 10918 21
12304 11894 20
1792 1793 13
14261 14082 20
14924 14631 22
15595 15294 20
3230 68 0
852 378 20
755 68 0
5684 5491 20
16523 16451 20
14852 13996 22
9309 8795 20
2196 1857 20
11663 10839 22
8643 6 0
7299 6652 22
10756 9829 22
9212 42 0
10721 9808 22
5283 4338 22
11057 10938 20
9182 8686 20
11009 10805 19
9759 24 0
4951 4223 19
16137 15213 22
13542 263 14
6132 5467 23
6250 6 0
2877 6 0
15852 15229 21
3247 3147 20
7258 6644 22
15072 6 0
6820 6632 19
7968 7571 19
14356 14022 20
6424 5419 22
12381 68 0
14854 6 0
12479 11919 20
6098 986 14
6700 24 0
8357 7590 22
11118 10871 20
14317 14002 20
9070 68 0
14232 14066 20
9282 8750 20
14469 14128 20
1629 323 22
9305 4949 14
824 235 20
7205 6 0
3739 2944 19
7463 6703 22
12243 11877 19
6853 6729 20
15781 15156 19
83 13 7
5555 5432 20
2163 1744 20
10336 9772 23
10035 9710 19
5067 6 0
5306 6 0
5872 5472 20
9528 6 0
1103 335 20
11270 10919 20
15555 15156 19
16306 6 0
16190 15229 22
9980 9712 20
14402 13968 19
13429 68 0
12403 11936 20
7583 24 0
1171 42 0
6192 42 0
5564 68 0
14183 14117 20
10971 10805 19
13749 13558 22
16098 15839 22
14070 174 15
15373 15168 20
14366 68 0
14583 13968 19
2525 51 0
4591 4255 20
11271 10861 20
11488 10943 20
9723 24 0
15838 42 0
6510 6067 22
3557 42 0
123 69 0
10037 9710 19
6418 6056 22
9632 9290 22
11487 10954 20
7911 7637 20
2285 1793 20
10569 6 0
16975 6 0
2224 1738 20
10485 9735 22
13467 6094 14
6845 6707 20
12485 62 0
1402 193 22
1931 1857 20
15157 15161 13
9344 6 0
8249 42 0
8431 8191 22
9283 8658 19
4568 4223 19
2670 6 0
10874 9 0
14704 3675 14
7046 68 0
13242 13016 19
1157 69 0
16694 16339 19
15252 15253 13
14450 13993 20
13194 13022 20
641 178 20
8544 7643 22
12140 12002 20
1826 7 0
4780 4223 19
9110 8793 20
8243 51 0
4372 4375 13
4191 3692 22
9847 24 0
4669 68 0
10472 10322 22
14231 14027 20
16972 6 0
15945 15162 22
11659 10835 22
2945 989 16
7124 7125 14
16317 15762 22
3823 6 0
3677 3063 20
10523 6 0
1631 6 0
12392 11981 21
12768 6 0
7640 7571 17
3670 3049 20
2718 2353 22
15822 42 0
9111 8786 20
6807 68 0
2021 1701 20
10520 9743 22
6997 6708 20
6821 68 0
5120 4917 22
7577 40 0
11590 11456 22
9590 8724 22
8672 2400 16
6991 68 0
9937 9764 20
11550 11394 22
6151 5408 20
9561 6 0
4456 4292 20
10315 9710 19
16068 6 0
586 149 20
16595 16361 20
11325 10805 19
12172 11952 20
4920 4232 20
15800 15293 23
1766 69 0
6897 68 0
8475 8172 22
16649 16460 20
5564 5491 20
16847 42 0
15335 15258 20
15162 15156 17
15099 14664 22
14662 14114 20
4511 68 0
3342 3024 20
1063 42 0
4812 4319 20
5326 4377 22
10301 69 0
13780 13508 22
5405 5410 16
12184 11972 20
8974 8658 19
11173 10805 19
2425 2405 14
2853 2419 22
3537 2962 20
3943 3615 22
7974 7571 19
15603 68 0
3269 3025 20
7976 68 0
790 68 0
9168 8669 20
3831 6 0
7282 6 0
17149 16401 22
13273 13158 20
2355 42 0
15091 14700 22
17218 16433 22
3541 2961 20
11620 10827 22
4684 68 0
12168 11905 20
569 121 20
11995 41 0
3980 3008 22
16714 16401 21
7004 6761 20
4798 42 0
895 105 19
234 238 14
1364 169 22
13409 13134 20
3180 3141 20
10523 10326 22
13751 13056 22
10109 9857 20
2273 1750 20
12056 68 0
9062 8694 20
4136 3071 22
16621 16344 20
9278 8658 19
14149 14027 20
13699 13474 22
1997 1660 19
6972 6642 20
15518 68 0
11332 10807 20
14845 14661 22
5816 5407 20
13658 6 0
5060 6 0
12146 68 0
1997 1787 20
10664 6 0
2689 6 0
13947 6 0
7870 68 0
10130 9710 19
6407 6162 22
15401 15200 20
2006 1660 19
12630 6 0
16262 6 0
316 318 13
14252 14015 20
16879 16429 21
5710 68 0
7876 7571 19
1991 68 0
14616 14113 20
5774 5362 19
9846 9847 13
5169 4295 22
11934 4259 15
5692 5482 20
16516 16339 19
16789 16405 20
6751 6753 13
12270 11877 19
4154 3589 22
14486 68 0
2929 2323 22
2896 1820 22
6191 4310 14
3262 2944 19
16614 16339 19
2382 1660 19
7042 6721 20
2816 2325 22
1815 1660 17
3736 69 0
15635 68 0
13634 13529 22
5212 6 0
16837 16446 21
6547 6 0
782 186 20
15651 15312 20
2994 3000 16
16168 15225 22
444 105 19
10416 9718 22
17249 6 0
13393 13053 20
3759 3063 20
16072 15195 22
2068 1662 20
15610 15156 19
11712 10853 22
9836 41 0
8671 41 0
6163 5362 19
14135 14048 20
16089 15204 22
4481 4421 20
14321 14098 20
588 105 19
7720 7690 20
1472 1126 22
2049 68 0
10404 10306 22
9140 68 0
14525 14022 20
13553 9795 14
106 109 13
3751 42 0
11319 10805 19
4495 4421 20
12745 12535 22
12159 68 0
8221 7597 20
1110 1111 14
6507 5450 22
3018 9 0
4267 40 0
2650 1694 22
13953 6 0
7986 7571 19
4842 4276 20
4247 4223 17
16283 6 0
698 142 20
6960 6632 19
927 220 21
16837 42 0
11981 11982 13
9413 9212 22
9763 6094 16
15162 4891 16
13558 13016 19
15960 15888 22
15748 68 0
9246 42 0
11593 10819 22
4950 4332 21
915 361 20
15162 125 14
8058 68 0
11370 10882 20
11338 10888 20
8083 7672 20
14534 13968 19
2412 2413 14
8230 7593 20
10032 9863 20
1318 1038 22
4061 3041 22
10109 68 0
16085 15199 22
8685 8686 13
2046 1690 20
2277 1660 19
10167 9846 21
9434 8679 22
7003 6773 20
942 256 21
5580 5362 19
2589 6 0
16235 15240 22
16131 6 0
6527 6 0
16783 16339 19
2412 1764 20
890 105 19
16755 16402 20
13121 13125 13
4522 4248 20
14891 14005 22
4224 2413 14
15343 15172 20
940 69 0
10352 9859 20
12539 11899 20
13787 13563 22
794 105 19
6056 51 0
3674 2975 20
15607 15156 19
10197 9843 20
667 171 20
1493 6 0
12192 11935 20
10105 9724 20
1485 1092 22
4976 6 0
9541 6 0
3755 2944 19
14334 13993 20
4691 4308 20
16708 16443 20
7913 7614 20
825 195 20
2331 1660 19
3646 3036 23
15876 1016 14
14314 68 0
11147 10942 20
12996 11997 22
422 68 0
5599 68 0
14124 1791 14
12470 11889 20
13179 13146 20
9384 9306 22
11015 10805 19
13483 13089 21
15326 15230 20
13526 13123 23
14678 13968 19
903 208 20
10967 68 0
982 105 19
144 41 0
12439 11987 20
12361 11877 19
3630 2944 19
17133 16397 22
1792 7 0
16096 15856 22
15499 68 0
1659 0 11
557 170 20
2752 1737 22
4109 6 0
8322 7582 22
15171 2526 16
13298 13016 19
297 299 13
3310 3009 20
13420 13105 21
3034 69 0
15011 14607 22
3481 2961 20
5572 68 0
11992 11877 17
10291 9811 20
1465 6 0
12335 11905 20
14643 1854 14
2239 1857 20
12072 11931 20
11426 51 0
3350 68 0
15790 15313 20
6842 68 0
6935 6681 20
14065 14067 13
11162 10805 19
3965 6 0
14586 14118 20
12030 68 0
2188 1863 20
3665 69 0
14595 13968 19
12688 6 0
7913 68 0
8341 8171 22
9897 9719 20
12356 12023 20
16318 6 0
11019 10910 20
1299 1096 22
3599 2944 19
2961 24 0
14148 14111 20
13703 6 0
3320 2944 19
5721 5487 20
12231 11880 20
14604 42 0
9852 9855 13
13443 13091 20
16484 16339 17
13360 68 0
14435 14112 20
1978 1660 19
13833 13086 22
8306 7577 22
2456 1761 21
11565 6 0
8011 7584 20
15416 15266 20
16914 16339 19
6620 5529 22
13413 68 0
11450 10844 21
10797 10349 22
16845 2453 14
6681 24 0
8676 8678 13
5613 68 0
15306 15308 13
6610 6049 22
1951 1660 19
2217 1660 19
15097 14077 22
7776 68 0
8240 7655 23
2173 1780 20
15789 15189 20
17011 6 0
5240 6 0
2205 1707 20
15377 15187 20
241 9 0
5534 69 0
9174 8690 20
10331 9800 20
12483 11974 20
3688 51 0
2430 1730 21
11124 10812 20
16202 15232 22
850 228 20
734 341 20
12680 11896 22
15877 51 0
7026 6714 20
15930 6 0
9974 9715 20
4446 68 0
15670 15196 20
10177 9843 20
11603 10823 22
3997 3700 22
6043 5479 20
11075 10853 21
4107 3060 22
10310 9808 21
3481 3029 21
13116 13117 13
12983 6 0
11031 10805 19
6330 6 0
12066 11877 19
15339 68 0
7536 6 0
2432 1805 20
12752 11912 22
2831 6 0
15438 15193 20
13483 13125 20
13137 13016 17
9252 8744 21
9468 9221 22
13429 13016 19
5695 5377 21
12189 12023 20
11194 10845 20
3448 3118 20
8240 1165 14
3494 3148 20
14404 14103 20
3167 69 0
4554 68 0
10853 10855 13
6444 6 0
13744 6 0
7191 6703 21
16085 6 0
11351 10896 21
13646 6 0
10715 10273 22
12866 11942 22
3743 3078 20
16846 16375 21
8239 4337 14
14940 6 0
8875 8760 20
13224 13016 19
9351 8665 22
12727 11908 22
1940 1660 19
14847 14634 22
13446 13162 20
4126 3597 22
9281 42 0
16600 16339 19
1098 1097 14
6507 6087 22
12074 11877 19
15327 15241 20
5604 68 0
15751 15156 19
11888 11891 13
16582 16451 20
16973 16924 22
7297 6 0
7537 6 0
12472 11877 19
14732 13968 12
15587 15196 20
807 242 20
4724 68 0
5504 4406 14
2467 42 0
6149 42 0
16352 16355 13
377 47 0
13514 8139 14
12800 11924 22
6691 24 0
12853 12525 22
8470 6 0
1318 148 22
2471 1826 21
17151 16845 22
14632 14073 20
629 256 21
3703 3143 20
13404 13083 20
1180 109 20
11229 10805 19
1182 105 19
1089 1090 14
12293 11894 20
13891 13105 22
3551 2944 19
16599 16339 19
12884 6 0
2786 1755 22
9303 8709 21
10865 10805 17
10019 9753 21
9298 8781 23
14476 14070 21
749 68 0
7114 6769 20
4796 4223 19
671 354 20
13908 6 0
9499 8702 22
7409 7091 22
2211 1827 20
1252 119 22
15265 15266 13
4652 4333 20
11233 68 0
4109 3735 22
11364 42 0
910 105 19
6054 5362 19
5002 6 0
5554 68 0
6199 5486 21
2699 6 0
16217 15237 22
12264 11902 20
6941 6777 20
5545 69 0
5707 5382 21
8231 51 0
14661 14004 20
8513 8127 22
8042 7641 20
8058 7672 20
6668 24 0
8288 6 0
8215 7620 20
1688 1142 14
601 316 21
15 16 0
12131 11880 20
3735 3736 14
3256 3031 20
14077 3639 15
3660 3004 20
16830 16433 21
16498 16339 19
1176 42 0
416 68 0
7636 7638 13
12159 12020 20
3847 3574 22
1179 69 0
10800 9873 22
9328 9303 22
3399 3148 20
11447 42 0
1455 6 0
11419 10950 20
5589 5432 20
14492 68 0
8034 7633 20
10646 6 0
12430 11877 19
14321 14018 20
10629 6 0
14591 13968 19
16563 16339 19
16634 16376 20
10378 9711 22
4129 6 0
10618 9771 22
2070 1846 20
14536 14051 21
11962 2346 16
15887 42 0
4294 69 0
11607 11476 22
16712 16430 20
15596 15209 21
9044 68 0
6239 5363 22
12144 12012 20
14674 69 0
13211 13018 20
11280 10893 20
14704 42 0
4804 42 0
16044 6 0
14056 9 0
14238 13988 20
16384 16386 13
12402 11902 20
6136 955 14
9477 9301 22
4472 4303 20
12121 12011 20
11578 10815 22
9119 8658 19
7770 7680 20
8088 68 0
336 69 0
599 68 0
5815 5362 19
6404 5411 22
15992 6 0
13511 13092 20
15625 15283 20
12222 11926 20
891 68 0
8450 8235 22
3621 970 14
2266 68 0
9881 9710 19
3379 68 0
6158 42 0
8943 8694 20
13005 6 0
16866 16393 21
11316 10805 19
12319 11893 20
11206 10933 20
3984 6 0
12320 68 0
3832 6 0
11216 10898 20
13381 13094 20
4224 40 0
5741 5514 20
11422 62 0
8936 68 0
16775 16365 21
11561 10811 22
2981 41 0
8042 7691 20
3202 3048 20
6369 5401 22
3068 41 0
6179 5517 20
9271 308 14
3227 68 0
10958 68 0
8759 8764 16
14758 14706 22
8110 7584 20
15958 15767 22
17270 6 0
14689 13968 19
7653 7657 13
16307 15276 22
3499 3077 20
4782 4249 20
15742 15156 19
10348 9845 20
11425 10805 19
1139 273 20
8186 7596 20
854 186 20
10029 68 0
3618 42 0
8037 7584 20
8433 6 0
4644 68 0
12502 11986 21
14618 42 0
12840 12516 22
1560 1126 22
16233 6 0
8911 68 0
4936 4375 20
2196 68 0
2614 6 0
9895 9754 20
646 372 20
15016 14043 22
14889 14005 22
3728 1026 14
10472 10290 22
10373 54 0
11439 3602 14
11464 10882 20
16864 16400 20
14428 13968 19
1809 1810 13
11844 6 0
2334 1732 20
710 340 20
3542 68 0
10529 6 0
16628 16444 20
1730 1735 15
2538 1660 12
11257 10849 20
691 332 20
5244 4833 22
3300 2944 19
6923 6756 20
15221 4835 15
4825 4317 21
1067 105 19
4965 6 0
9228 51 0
2100 1773 20
3718 3068 20
1899 1739 20
16158 15221 22
15939 15162 22
2636 1694 22
14400 13968 19
3367 68 0
5702 5362 19
7689 7693 15
9185 8658 19
13152 41 0
16569 16341 20
7389 6 0
7952 7588 20
7714 7637 20
21 22 1
6261 6 0
12259 12023 20
12045 68 0
9923 9838 20
8972 8674 20
13453 13138 20
5391 5392 13
3550 68 0
3781 6 0
4710 4413 20
6835 68 0
9695 6 0
15491 15156 19
11323 10805 19
13056 10810 14
16904 1686 14
13280 13110 20
8713 8658 17
5808 5407 20
3250 2966 20
5373 147 16
16611 16339 19
13328 13016 19
11072 68 0
9134 8703 20
15266 24 0
6291 6 0
4090 3054 22
13736 6 0
14870 14001 22
4239 4223 17
7340 6 0
15737 15156 19
3193 3101 21
12441 11990 20
661 367 20
13194 13087 20
5047 6 0
5344 6 0
2101 68 0
6165 5362 19
6739 7 0
13426 13090 20
5929 5402 20
11340 68 0
6909 6673 20
16309 6 0
537 121 20
1748 1660 17
11450 62 0
3632 3143 20
5164 6 0
15447 68 0
9910 9710 19
8134 7673 20
3717 3109 20
14563 13997 20
11599 10819 22
13758 6 0
12542 11997 21
13206 68 0
8046 7691 20
11850 10918 22
14467 13968 19
1256 6 0
9311 8658 19
11420 51 0
7180 4813 14
16623 16411 21
9087 68 0
8447 7610 22
11377 62 0
5869 5362 19
477 121 20
14162 13968 19
3989 6 0
2163 68 0
5231 6 0
8244 7571 19
8956 8797 20
12363 11877 19
13005 12015 22
7871 68 0
7275 6 0
9473 8693 22
8619 7675 22
5673 5513 21
10577 9763 22
14644 13987 21
1350 162 22
16835 16339 19
2576 6 0
12010 12014 13
15852 42 0
14385 14128 20
15338 15156 19
7052 42 0
2912 6 0
8403 8180 22
1873 47 0
4690 4223 19
14758 13973 22
13874 13101 22
3549 3042 20
2684 6 0
9104 8658 19
8592 7658 22
14920 14634 22
3974 3008 22
7386 6 0
10404 9714 22
5194 4307 22
16881 16339 19
16666 16372 20
6955 6704 20
10923 10925 13
15768 132 14
11292 68 0
15156 104 12
9904 68 0
13198 13016 19
16852 16339 19
5508 5362 17
10677 10248 22
6614 6 0
12578 11979 20
7186 42 0
383 384 13
11762 11487 22
2416 1660 19
3486 2956 20
16272 6 0
8446 6 0
1535 6 0
16940 16340 22
15712 15159 20
10965 10881 20
11579 6 0
3243 2980 20
9274 9275 14
6662 6632 17
2221 1702 20
12977 11989 22
1178 331 21
1909 1660 19
11057 10881 20
6206 42 0
9215 8782 20
3780 6 0
12069 11944 20
16088 15199 22
9655 6 0
14465 14094 20
2450 1701 23
14320 13984 20
16370 16372 13
1277 134 22
4295 4223 17
1898 1660 19
8811 8670 20
16579 16465 20
10014 9744 20
420 348 20
10300 9816 20
2182 1660 19
12676 12589 22
12790 11920 22
16661 16460 20
5668 5362 19
13301 13083 20
7786 7571 19
14464 14078 20
7948 7618 20
5354 6 0
11176 10906 20
14192 13968 19
5480 69 0
16375 16339 17
10607 10288 22
14376 14108 20
888 150 20
11362 10939 20
7121 7122 14
57 3 0
2214 1845 20
6151 4300 14
15928 15157 22
10971 68 0
11409 10805 19
12543 11877 19
15493 15284 20
16360 16363 13
3400 68 0
441 105 19
3761 3762 14
14311 13968 19
9239 8658 19
13738 6 0
5468 24 0
1489 993 22
16053 15802 22
4586 4363 20
10652 9781 22
8576 7650 22
10526 9743 22
4750 4223 19
13647 13030 22
16757 68 0
10690 10237 22
8244 7656 20
14558 68 0
4239 4241 13
3245 3066 20
9727 6091 16
8929 8771 21
11779 6 0
3298 2961 20
2077 1689 20
8510 7632 22
2787 1755 22
11274 10840 20
2131 1682 20
2180 1696 20
13879 6 0
14249 14070 21
16575 68 0
848 215 20
14431 13983 20
4851 4389 20
7153 6706 21
13292 13016 19
12252 68 0
4548 4248 20
13349 13045 20
3693 42 0
4181 3632 22
14223 13968 19
7944 7700 20
11782 11390 22
7985 7662 21
6995 6632 19
12105 11879 20
16682 16339 19
6879 68 0
6147 5548 20
9147 8767 20
7437 6 0
6304 6136 22
16627 16343 21
13950 6 0
4791 42 0
17174 6 0
14250 14066 20
9274 42 0
7359 7114 22
4712 4384 20
1605 6 0
8071 7668 20
4649 4297 20
16054 6 0
16380 24 0
1880 1724 20
3576 3138 20
11863 6 0
13615 13021 22
14092 1179 16
8077 7588 20
5923 5406 20
13701 6 0
10705 10328 22
15195 15196 13
7740 7623 20
11127 10866 20
9495 8702 22
9084 68 0
6124 42 0
4850 4287 23
8744 8747 13
9300 6785 14
1071 42 0
3238 2962 20
17017 6 0
2085 1660 19
15375 15253 20
5690 5368 21
3853 3564 22
2815 1767 22
2058 1660 19
5578 5456 20
16811 16480 23
10982 10840 20
13420 13045 20
14478 14108 20
8810 8772 20
10376 10265 22
7197 6632 12
16037 6 0
7698 6058 15
13266 68 0
14593 13968 19
2034 1718 20
59 19 3
4914 4312 21
16212 15237 22
13523 42 0
13188 13087 20
12486 11877 19
8001 7571 19
14307 14072 20
14756 6 0
14431 68 0
5212 4836 22
13137 6718 16
13946 13132 22
2201 68 0
10354 42 0
16746 68 0
2469 1864 20
14526 13968 19
5995 5362 19
6936 6729 20
12355 11998 20
10896 10805 17
11187 10805 19
6967 6632 19
1587 950 22
7113 6758 20
10220 9778 20
4912 4223 19
13316 13065 20
14060 13968 17
16748 16421 20
11462 10805 19
10299 9710 19
1855 1858 13
15733 15303 20
12579 11962 21
14875 6 0
11052 10915 20
6615 6144 22
1478 1176 22
11651 10830 22
9519 6 0
2481 1660 19
3522 3117 20
15813 15249 23
14241 68 0
3453 2944 19
16850 16339 19
9743 40 0
10184 68 0
6151 5477 21
11681 6 0
3868 6 0
11274 10832 20
886 68 0
11464 10816 23
13709 13044 22
5106 4827 22
8784 8785 13
9239 4425 14
7931 7571 19
7023 6729 20
8976 8694 20
15268 15270 13
9230 8658 19
7259 7059 22
11409 7631 14
12469 11877 19
159 41 0
9044 8698 20
900 242 20
2443 69 0
534 271 20
12565 182 14
1031 273 20
11422 10868 20
14635 14064 20
4580 4223 19
16906 16339 19
11486 69 0
13228 68 0
14712 14085 20
7274 7168 22
7153 6770 20
2083 1781 20
11391 3749 14
1597 297 22
10640 6 0
14371 13998 20
2010 68 0
11310 10836 20
10106 68 0
4946 4223 19
10774 6 0
9089 8661 20
419 105 19
12331 68 0
14541 68 0
3866 2972 22
4868 112 14
16264 15257 22
15367 15195 21
7950 68 0
9337 9226 22
3556 302 14
11443 2402 14
4291 4293 13
2144 1845 20
2704 1717 22
5344 4795 22
8627 6 0
14560 13988 20
3220 3061 20
16905 62 0
6417 5416 22
14945 14026 22
1380 177 22
4264 41 0
11583 10815 22
17012 16811 22
9350 9219 22
2154 1780 20
6427 6 0
14573 13968 19
16488 68 0
13274 68 0
14205 14048 20
1937 1774 20
9997 68 0
10616 6 0
12527 11877 19
5629 68 0
14142 13968 19
8728 8730 13
7549 6 0
7262 6 0
11440 10947 20
17283 6 0
9837 9839 13
11040 10902 20
6099 5362 19
16288 15268 22
11249 10850 20
7428 6695 22
1924 1750 20
9924 9809 20
1133 69 0
6064 5489 20
2219 1695 20
14774 13973 22
9221 8658 19
13270 68 0
6718 69 0
11759 11501 22
8883 8658 19
6135 5548 20
8927 8741 20
9827 41 0
4682 68 0
16556 68 0
10134 9782 20
4827 4389 20
1960 1826 21
1815 1057 16
12482 11985 20
14482 14053 20
3735 42 0
12969 11981 22
11159 10805 19
11779 10880 22
14377 14112 20
10457 10228 22
16467 16468 13
4915 69 0
12984 6 0
11004 10938 20
694 178 20
169 172 13
16732 16339 19
3676 3071 21
4889 69 0
16707 16429 21
866 107 20
7675 7676 13
10973 10939 20
13571 13016 12
13208 13065 20
9975 9723 20
8864 68 0
14620 14086 21
13789 13064 22
12206 11981 21
13089 13092 13
15664 15158 20
11805 6 0
6977 6663 20
3607 254 14
13465 110 14
13888 6 0
7873 68 0
14238 14097 21
9390 8672 22
162 168 16
3894 6 0
5967 68 0
10530 9747 22
5901 5441 20
16246 15248 22
16873 16339 19
12705 6 0
14266 13968 19
6847 6632 19
833 280 20
7739 7611 20
14573 68 0
11920 11923 13
2696 2296 22
1855 1859 14
13575 54 0
7950 7571 19
687 249 20
14687 14123 20
2984 2987 13
594 265 20
13121 13016 17
6789 6632 19
9454 8689 22
4828 4223 19
10182 9710 19
8271 7571 12
4490 4403 20
10075 9843 20
405 170 20
13168 68 0
11638 10830 22
11320 10805 19
7743 68 0
16004 15176 22
6734 6735 13
8480 7616 22
16517 68 0
3577 3037 20
3800 3676 22
5396 5397 13
8297 7577 22
16311 6 0
14181 68 0
1947 68 0
9033 8658 19
10319 1721 14
1913 1660 19
15722 15156 19
2960 2964 14
9031 68 0
369 41 0
3816 6 0
11986 2302 16
8995 68 0
13089 1100 14
14119 14122 13
3713 2944 19
10556 6 0
14053 24 0
984 256 21
11376 10882 20
13258 13097 20
10396 9714 22
3242 68 0
11033 10923 21
5199 4312 22
6676 6679 15
7960 7571 19
1175 42 0
3428 3061 20
5947 68 0
1514 1178 22
10906 24 0
5952 5542 20
13492 13040 21
14910 6 0
283 69 0
15725 15156 19
16467 16339 17
15303 24 0
9140 8760 20
3695 3055 23
13522 13016 19
6173 5362 19
12917 6 0
9602 8728 22
14597 42 0
7794 7571 19
3653 3142 20
15989 6 0
1258 6 0
13188 68 0
738 68 0
728 367 20
15347 15217 20
9202 8658 19
10218 9751 20
6356 6034 22
2851 2389 22
14313 68 0
12121 11960 20
9727 9710 18
15857 42 0
15157 15158 13
16569 16339 19
5188 4806 22
991 42 0
16568 68 0
15181 15182 13
12841 12532 22
4470 4226 20
12174 11999 20
2282 1828 20
14883 14005 22
10086 9798 20
11347 10805 19
1621 6 0
16569 16398 20
3644 42 0
3200 3047 20
1557 6 0
1018 69 0
11377 10921 20
11496 10926 20
13551 13016 19
16552 16460 20
2264 1707 20
11588 6 0
2713 2414 22
10522 9743 22
1820 1824 14
12937 6 0
3329 2972 21
15354 15249 20
3313 2949 21
5500 2298 16
3895 3739 22
12305 12024 20
9274 8807 20
15186 15156 17
12126 11931 20
3261 2944 19
7054 6674 20
4544 4421 20
5639 5402 20
4428 4388 20
7232 7094 22
14648 14095 20
1593 292 22
10126 9715 20
717 341 20
9479 6 0
9654 9225 22
16734 16362 20
6070 5463 20
4383 4223 17
3683 42 0
1640 6 0
14645 13999 20
13338 13057 20
14414 14032 20
11125 10805 19
5165 4295 22
517 68 0
3455 68 0
7726 68 0
11153 10881 20
3723 42 0
2935 1855 22
16140 15869 22
9623 6 0
7531 7168 22
15763 15764 14
15845 15194 20
11317 10897 20
7039 6653 20
3229 2944 19
8901 8658 19
3222 3009 20
15983 15843 22
9048 8760 20
2900 6 0
15320 15156 19
4647 4230 20
8925 68 0
15955 6 0
10957 68 0
10414 6 0
13298 13031 20
11501 10805 19
13554 13148 20
12923 6 0
6906 6748 20
9935 68 0
8548 7643 22
14285 13968 19
6298 6117 22
4175 3646 22
3662 42 0
8127 6675 14
631 105 19
13830 13086 22
608 170 20
8000 68 0
14083 24 0
8042 7632 21
2329 1660 19
953 69 0
9229 8658 19
1348 6 0
4809 4348 20
14985 6 0
9956 9838 20
12812 12530 22
13253 13016 19
7544 7114 22
16416 16417 13
6994 68 0
14462 14052 20
863 163 20
12098 11877 19
6956 6642 20
7938 7591 20
2235 1821 20
17121 16393 22
14863 14001 22
3176 2944 19
15735 15274 20
6457 6 0
583 278 21
5486 7 0
9444 9218 22
12573 11973 23
16343 16346 13
15979 6 0
603 105 19
12216 11877 19
4427 4255 20
10806 10809 13
13987 13968 17
7817 7690 20
8200 51 0
6900 68 0
14662 42 0
4060 3041 22
6128 42 0
13471 13056 21
3447 3036 20
2658 1700 22
15855 15156 19
10318 9710 19
8998 8658 19
16616 68 0
12940 6 0
9231 42 0
9373 6 0
6063 62 0
4193 3116 22
11149 10805 19
9197 8685 21
15032 14692 22
4715 4223 19
1473 6 0
2180 1739 20
8473 6 0
8563 6 0
4034 6 0
16221 6 0
3443 2979 20
7875 68 0
3679 3124 21
9407 6 0
14642 146 14
8118 68 0
15509 15304 20
15248 6171 15
10287 9735 21
16908 16339 19
2859 6 0
15010 14043 22
12536 11896 21
6157 69 0
15951 6 0
9108 8686 20
4872 4359 20
6878 68 0
15346 15156 19
13368 13016 19
1048 51 0
16492 68 0
11137 68 0
11359 10854 20
5004 6 0
14462 68 0
3674 3675 14
2590 1674 22
5875 68 0
4582 68 0
6115 42 0
14013 13968 17
9204 8705 20
2918 2456 22
6006 5417 20
10129 9869 20
7682 7683 13
8013 7680 20
8036 7578 20
10421 6 0
14865 14001 22
11321 10816 20
6928 6632 19
15382 15156 19
6805 6724 20
6818 6654 20
14397 14062 20
6788 6741 20
7184 6672 21
9775 9777 13
14348 14061 20
7033 6632 19
5763 68 0
1060 42 0
1501 6 0
7718 68 0
10080 9764 20
11698 11372 22
16815 16446 21
1781 24 0
13516 13016 19
14454 14027 20
16896 16382 20
15595 68 0
316 319 13
15755 15244 21
13371 13094 20
12284 11930 20
2425 42 0
13278 13162 20
9687 6 0
13215 68 0
5907 5416 21
10865 1084 14
7927 7571 19
6054 42 0
15981 15888 22
7015 68 0
8528 7640 22
707 68 0
12044 11943 20
1658 383 22
14051 13968 17
15794 15309 20
16717 68 0
7773 7584 20
16510 16339 19
6017 68 0
4501 4398 20
12481 146 14
596 227 20
9469 6 0
976 69 0
12238 11953 20
15800 929 14
8070 7644 20
8230 7646 20
5667 5362 19
5819 5521 20
471 257 20
15878 1680 14
5620 5541 20
2273 68 0
10138 9744 20
16768 68 0
1109 69 0
1139 316 21
14950 6 0
11823 11427 22
7716 7622 20
7835 7637 20
11702 11390 22
17061 6 0
2680 2295 22
13162 24 0
9314 8795 20
15752 15260 20
5000 4235 22
5041 4247 22
14188 13968 19
2592 6 0
15687 15178 20
3362 2962 20
16238 15757 22
11060 68 0
5852 5531 20
8016 7571 19
1299 141 22
491 324 20
4681 4340 20
12955 6 0
10425 6 0
17068 16899 22
3497 68 0
13080 41 0
6034 387 14
2037 68 0
7795 7696 20
14267 13977 20
10257 42 0
3271 3148 20
6658 24 0
7180 6632 19
6796 6768 20
8245 7620 20
14612 14096 20
3231 2944 19
16253 6 0
14638 14058 20
597 105 19
5791 5541 20
5967 5472 20
13910 6 0
15057 14617 22
7348 6 0
4108 6 0
2699 2475 22
2017 1690 20
10815 10818 13
9587 8724 22
355 41 0
7143 42 0
9294 8717 21
16824 16344 23
8992 68 0
15325 15298 20
9245 9187 14
6566 6182 22
10563 6 0
10358 54 0
13356 13077 20
2569 6 0
7975 7651 20
14664 14016 20
14181 14087 20
16010 6 0
2046 1768 20
10742 6 0
6154 5490 21
12556 11877 19
8506 8222 22
5805 5420 20
6325 6 0
551 178 20
12796 12548 22
12514 42 0
1882 68 0
12898 11955 22
14667 14123 20
598 105 19
16186 15229 22
16730 16480 20
1231 113 22
14654 14088 23
12888 11951 22
13491 13016 19
2788 1755 22
16801 68 0
7375 6676 22
2147 1804 20
14768 6 0
5141 6 0
12234 11877 19
3807 2949 22
14416 68 0
10234 42 0
10092 9759 20
10898 24 0
12522 62 0
11390 62 0
10304 9859 20
89 13 8
4578 4393 20
15741 15156 19
10294 69 0
15597 68 0
2022 1700 21
9179 8753 20
3405 3030 20
14313 13992 20
15888 15279 21
13587 13498 22
3936 3576 22
4111 6 0
8183 7605 20
1147 42 0
11049 10949 20
13214 13016 19
10421 10325 22
5789 68 0
14705 42 0
13257 13065 20
9302 8709 21
9887 9723 20
10112 9843 20
3527 3163 20
1515 6 0
8958 8673 20
1786 1789 14
15314 15156 19
14465 13968 19
2113 1660 19
2043 1660 19
3256 3164 20
7245 6 0
13857 6 0
12470 68 0
5563 5491 20
10369 54 0
8538 8243 22
13839 6 0
12206 11877 19
2274 1817 20
4744 4263 20
7220 7066 22
8024 7648 20
12561 11877 19
7791 7663 20
7449 6698 22
7063 42 0
16982 16347 22
6485 6082 22
8168 7635 20
12095 11987 20
14309 14087 20
7860 68 0
12888 12567 22
9912 9724 20
7796 7667 21
14009 14011 13
9940 9842 20
15708 15196 20
13615 13555 22
4189 3111 22
4875 42 0
13423 13133 20
268 69 0
12101 12011 20
6920 6668 20
15681 15284 20
12562 11907 20
1323 1031 22
4526 4339 20
4722 68 0
16642 16339 19
722 68 0
7959 68 0
8402 7603 22
11783 11485 22
5214 4312 22
17152 6 0
4707 4223 19
3469 3164 20
10335 9769 20
7978 7613 21
3315 68 0
7865 7591 20
16669 16345 20
1391 185 22
7775 7571 19
3519 3126 20
13226 68 0
1429 6 0
7840 7571 19
3574 2944 19
1134 1135 14
7869 7571 19
13862 13096 22
7168 6719 21
8505 6 0
530 105 19
8350 8167 22
4726 4269 20
4709 4313 20
14652 14109 20
13273 68 0
14604 213 14
12048 11898 20
4637 4287 20
10269 9791 21
3442 3025 20
3400 3009 20
7545 6 0
6323 5387 22
12078 11999 20
3359 3083 20
511 340 20
9192 8658 19
9258 8783 20
7789 7571 19
6455 6 0
11396 283 14
4746 4230 20
4895 4223 19
11105 10805 19
2227 1768 20
8778 69 0
16578 16365 21
6176 42 0
12141 11987 20
2728 1723 22
2217 1827 20
15705 15253 20
8970 8658 19
3362 2960 21
9997 9782 20
12758 11912 22
15351 15298 20
15768 15232 21
14577 13968 19
6400 5411 22
9096 8704 20
8993 8661 20
9059 8669 20
1850 47 0
10284 4316 14
15472 15193 20
9263 8672 21
1301 1042 22
15945 15759 22
3511 68 0
10740 6 0
6952 6632 19
10869 1033 16
2017 1675 20
4468 68 0
14916 14013 22
1717 1719 13
2219 1675 20
15151 14692 22
2858 2527 22
1504 241 22
13870 13467 22
3378 3154 20
4362 4363 13
830 68 0
6007 5370 20
4579 4274 20
9197 51 0
14392 14003 20
4500 4274 20
6652 1678 16
11331 68 0
2861 1797 22
3302 3073 20
13989 41 0
1697 41 0
564 105 19
8711 24 0
2683 2343 22
9180 8698 20
8724 9 0
7178 6633 21
7883 7633 20
5855 5362 19
5996 5362 19
10579 9763 22
4448 4223 19
330 69 0
2454 1660 19
14936 6 0
11310 10885 20
4751 68 0
16813 16456 20
7104 42 0
16554 16360 21
4134 3674 22
5612 68 0
1498 241 22
13941 6 0
688 105 19
8211 7660 20
13134 24 0
14464 13993 20
5563 5446 20
14243 14061 20
7763 7595 20
2065 1863 20
9294 42 0
9020 8756 20
5357 4926 22
1460 1023 22
3858 3719 22
12615 6 0
4451 4308 20
6903 6632 19
12744 11912 22
6883 6654 20
12455 11913 20
9040 8704 20
16915 16339 19
3382 68 0
3701 3702 14
9948 9710 19
9731 9710 17
13711 6 0
3427 68 0
7303 6 0
10535 9747 22
8842 8781 20
12078 12019 20
15591 15293 20
16587 16348 20
9169 68 0
6230 6119 22
14375 14002 20
16229 15765 22
15232 15235 13
2673 6 0
8475 7616 22
3571 2949 21
3830 2960 22
15980 6 0
1147 122 20
10291 10292 14
5966 5446 20
3460 2944 19
13331 13087 20
8659 8660 13
16725 16426 20
5826 5402 20
15699 15304 20
7946 7571 19
5969 5542 20
5945 5417 20
193 9 0
3178 3066 20
713 178 20
1935 1660 19
13161 951 16
7050 6632 19
5032 4247 22
12443 12024 20
911 128 20
2326 69 0
8939 68 0
17036 16892 22
9072 8658 19
193 195 13
549 155 21
13431 13074 20
6629 6 0
2388 1740 20
8877 68 0
14879 14005 22
15394 15311 20
4864 3619 14
3605 3606 14
5834 5542 20
10944 10805 17
16506 16362 20
15346 15233 20
14180 14052 20
10968 10887 21
3826 3646 22
1703 41 0
455 228 20
17247 16446 22
2949 2950 13
9949 9754 20
8096 7699 20
7117 42 0
13302 13061 20
2869 6 0
4958 4223 12
486 105 19
9244 42 0
13431 13057 20
7069 6655 20
7254 7112 22
16586 16339 19
14612 42 0
3189 3031 20
9868 9872 16
5842 5362 19
5072 4887 22
578 105 19
8051 68 0
7893 68 0
2461 42 0
13186 13018 20
7856 7571 19
9210 8678 20
5815 68 0
4532 68 0
14630 13978 20
13203 13053 20
15350 15298 20
7429 6 0
15456 68 0
12062 68 0
15795 15281 20
6629 5540 22
14370 13992 20
13183 13126 21
3823 2954 22
5204 6 0
6213 5362 12
6755 1742 16
1261 126 22
5907 5406 20
9708 9197 22
15824 15271 20
16066 15874 22
10413 10267 22
8304 6 0
13475 13044 21
1888 1810 20
8072 7710 20
16424 3697 16
2781 6 0
12393 12016 20
705 163 20
12929 6 0
3564 2988 20
1925 1799 20
1060 343 20
4021 3023 22
8530 7640 22
6521 6209 22
321 69 0
1602 994 22
8978 8772 20
6143 62 0
9564 6 0
9167 8767 20
479 68 0
13533 13086 21
363 69 0
11824 11376 22
1000 196 20
2999 69 0
4547 4328 20
17166 6 0
14832 14645 22
35 36 3
7427 6 0
9139 8718 20
16948 16894 22
6885 6632 19
8748 7 0
1803 7 0
15677 68 0
16907 16487 20
9467 8693 22
11403 10867 20
4080 3046 22
16148 15805 22
5976 5370 20
4996 6 0
10485 10268 22
7923 7591 20
78 13 7
67 3 0
7283 6 0
2050 1695 20
14548 14075 20
432 105 19
13806 6 0
3882 2972 22
7671 7673 13
5648 5505 20
3530 68 0
15571 15173 20
10680 6 0
2675 2502 22
443 68 0
4707 4230 20
571 279 20
4247 4250 13
2715 2436 22
3899 6 0
3757 1037 14
14261 68 0
4496 4230 20
9035 8797 20
1206 6 0
7283 6648 22
16783 16476 20
13327 13159 20
12165 11877 19
8575 7650 22
7544 6 0
1933 1690 20
6190 5362 19
13316 68 0
6882 6772 20
14110 14114 13
14020 8727 15
1096 105 19
15797 2521 14
12292 68 0
7791 7617 20
7809 7571 19
2371 1660 19
11402 10805 19
8641 6 0
6923 68 0
12855 6 0
8428 7607 22
12500 42 0
5670 5482 20
16411 16339 17
1623 1132 22
12674 12526 22
10221 62 0
16984 16347 22
5916 68 0
2009 1798 20
2504 1660 19
14323 14045 20
13161 13016 17
9027 8698 20
6247 6108 22
17265 16892 22
9431 9229 22
16868 12537 14
7444 6 0
15756 15156 19
12446 11877 19
10272 9788 20
1961 1841 20
6108 42 0
2296 42 0
2483 1713 20
14201 68 0
12518 11924 21
4511 4313 20
9932 68 0
4830 69 0
10156 9847 20
16217 15853 22
9212 8668 21
12808 6 0
5718 5388 20
13140 5386 16
1510 1065 22
10161 9838 20
7662 1076 16
3465 2944 19
636 354 20
3583 42 0
11997 11877 17
832 202 20
14890 14005 22
2182 68 0
7787 7677 20
11827 10908 22
15086 6 0
15918 15157 22
10331 9845 20
15664 68 0
3608 3078 20
6059 5522 20
14452 14120 20
9643 6 0
1635 6 0
6536 5460 22
7316 6657 22
10777 6 0
12061 11877 19
6550 6 0
3688 3689 14
17108 6 0
4545 4268 20
5287 4345 22
10153 9753 21
4482 4248 20
16031 15842 22
10193 68 0
6064 5362 19
15802 15180 20
5952 5362 19
8720 9 0
9258 8658 19
12473 11938 21
9272 51 0
5742 68 0
1919 1702 20
15936 15162 22
13939 13132 22
1081 327 20
8175 7653 21
10972 10849 20
15477 15274 20
14786 14612 22
12538 10858 14
15462 15156 19
1625 323 22
11014 10825 20
8109 7676 20
7644 24 0
2724 1723 22
12895 6 0
6998 68 0
10824 24 0
2840 1779 22
14902 14009 22
1615 6 0
13811 6 0
2619 2416 22
3718 255 14
8021 7699 20
1830 69 0
3574 2972 21
1565 6 0
16833 16393 21
3468 3014 20
12058 12023 20
8995 8660 20
4669 4346 20
16664 68 0
15462 15210 20
7305 6652 22
15626 15253 20
2611 1681 22
13740 13052 22
3620 2944 19
9050 8781 20
10273 6718 14
17205 16424 22
4273 4274 13
7918 7705 20
2899 1820 22
12416 12002 20
5739 5515 20
13506 42 0
14636 14055 20
15543 15176 21
7857 7571 19
6973 6632 19
11416 42 0
944 62 0
8187 1705 14
10909 24 0
11645 11438 22
13033 41 0
8759 8760 13
13030 40 0
5819 68 0
11053 10805 19
8676 8658 18
278 7 0
7814 7571 19
14809 14682 22
5714 5451 20
12552 11938 21
3318 2985 20
15505 15294 20
12122 11877 19
13896 6 0
5754 5406 20
3821 2954 22
5586 68 0
9024 8797 20
5674 5383 20
12611 6 0
1357 6 0
16527 16339 19
14781 6 0
12087 11936 20
6855 6781 20
10907 41 0
579 135 20
7689 47 0
5462 24 0
10436 9722 22
7987 7659 20
15730 68 0
14562 68 0
597 68 0
2017 1660 19
3653 42 0
1377 1008 22
12133 68 0
7066 976 14
11003 10805 19
15485 15178 20
10251 7163 14
2345 1684 20
11354 10805 19
16177 15892 22
9101 8725 20
14225 14045 20
3018 1078 14
12487 11949 20
2236 1862 20
16206 15232 22
353 358 15
1169 295 20
14669 14058 20
2606 2477 22
10317 9803 20
15354 15206 20
6849 6692 20
12832 6 0
9420 8679 22
5835 68 0
425 68 0
1534 256 22
7862 7611 20
1162 1163 14
16761 16339 19
4641 4421 20
8946 68 0
16910 16486 20
727 279 20
4190 3111 22
6034 5448 20
14051 3619 15
14657 42 0
6056 42 0
16919 16429 21
14387 14094 20
15191 2292 15
14360 13968 19
10887 1685 16
11371 4233 14
5819 5362 19
11553 6 0
3169 2944 19
3556 42 0
3367 2944 19
4229 4232 13
2942 6 0
5676 5462 20
15072 14644 22
9915 9737 20
16646 68 0
4532 4333 20
2190 1834 20
12445 11898 20
15840 42 0
13021 40 0
9028 8658 19
5014 6 0
1154 362 20
2347 1719 20
14589 42 0
13858 6 0
15856 51 0
2253 1683 20
14495 13977 20
1288 6 0
5956 5398 20
9696 6 0
15590 15237 21
5504 7 0
11722 6 0
9086 8741 20
12877 11946 22
11222 10893 20
1169 1170 14
14544 13968 19
2297 1788 20
16484 3087 15
11521 10805 12
10809 41 0
10941 10942 13
15896 15167 21
1986 1773 20
996 42 0
11385 10899 20
2430 1660 19
2067 1696 20
9094 8661 20
7972 7699 20
3693 3694 14
3611 69 0
9146 8658 19
2156 1756 20
7274 6 0
10172 9773 20
2143 1660 19
475 368 20
4880 51 0
7123 42 0
15691 15173 20
3480 3072 20
1366 6 0
3483 2955 20
15424 15156 19
7456 6703 22
4826 42 0
14625 9790 14
16906 7713 14
17089 6 0
1986 68 0
1611 1091 22
11352 10832 20
17099 16388 22
7180 42 0
2193 1660 19
14553 14044 20
14772 13973 22
5675 5362 19
14277 68 0
10970 10903 20
3780 3739 22
1382 6 0
16008 15880 22
5898 5417 20
5405 5407 13
16666 16405 20
7670 41 0
10129 9768 20
14266 14022 20
3855 2965 22
1601 303 22
12161 11963 20
5844 5383 20
15082 14640 22
15619 15177 20
14968 6 0
15076 14065 22
6365 6164 22
11929 11930 13
12838 11938 22
10056 9731 21
4480 4236 20
13322 13109 21
832 325 20
1443 933 22
8961 8666 20
4501 4312 21
12585 11932 20
9510 9294 22
613 68 0
7357 6672 22
15559 15200 20
10017 9710 19
5663 5514 20
5624 5374 20
7668 24 0
9243 42 0
11090 10841 20
12256 11902 20
10878 69 0
3199 2944 19
10168 9853 20
1833 1834 13
15996 15176 22
14255 14120 20
7233 6637 22
8926 8658 19
16658 16362 20
15403 15156 19
16375 16378 13
12139 12006 20
11560 11451 22
3812 3584 22
6165 51 0
11642 6 0
366 369 13
13473 13038 20
13109 13111 13
6351 5396 22
3569 3075 20
8130 2336 14
11276 68 0
15419 15217 20
1702 24 0
4472 4223 19
10015 9720 20
4082 3046 22
846 186 20
1904 1780 20
11825 10905 22
6522 6 0
16667 16413 20
11901 11877 17
13551 51 0
1497 6 0
717 194 20
5173 4295 22
12146 11939 20
497 202 20
8037 7571 19
14466 14061 20
1085 1086 14
17258 16896 22
10218 9722 21
11790 6 0
5944 5547 20
16491 16455 20
14960 14026 22
14153 68 0
7859 68 0
11770 6 0
11763 10874 22
14620 13968 19
15213 8139 14
11028 10805 19
1034 323 21
4535 4352 20
14490 14021 20
5325 6 0
9159 8658 19
9829 7 0
14947 14630 22
10292 69 0
3136 3139 15
6938 6681 20
12683 11896 22
4760 4281 20
11428 10904 20
15251 41 0
1334 155 22
12569 11954 20
3223 2947 20
8879 68 0
6611 6 0
13208 13016 19
2972 40 0
3224 3061 20
13484 132 14
6867 6735 20
11235 10805 19
10418 10343 22
14679 42 0
6519 6 0
14293 13968 19
13576 13016 12
10504 9739 22
12037 11921 20
8151 7681 20
1674 1675 13
11453 10805 19
1963 1675 20
4213 3136 22
7128 6632 19
961 105 19
15297 15300 13
15684 68 0
3349 2944 19
9038 8698 20
5726 5362 19
16197 15753 22
4966 4811 22
15327 15205 20
10816 24 0
309 105 17
7016 6653 20
121 24 0
2789 2297 22
6950 6782 20
9066 68 0
101 13 7
6367 6 0
8926 8710 20
6817 6747 20
27 28 3
9957 68 0
11389 10862 20
5490 5492 13
13512 13062 20
2038 1689 20
13432 13158 20
5758 5407 20
1820 1823 13
2570 6 0
4041 3029 22
9647 8748 22
6190 42 0
3029 3031 13
14710 14104 20
808 235 20
14312 13968 19
5722 5378 20
7967 7700 20
13848 13093 22
14692 146 14
12367 68 0
14243 13968 19
8982 68 0
4362 7 0
11211 68 0
7895 7584 20
14142 68 0
2090 1874 20
12362 12003 20
10772 10250 22
12205 11935 20
6917 6748 20
9743 9745 13
5351 6 0
6712 9 0
11735 11492 22
15356 15200 20
5188 4930 22
6776 6779 14
68 3 0
16211 6 0
12077 68 0
4292 24 0
12513 11878 21
9398 8672 22
11503 924 14
13206 13049 20
3711 2981 20
11828 11485 22
13462 13016 19
952 105 19
6470 5436 22
13446 68 0
5997 5362 19
13510 1838 14
16801 16402 20
14594 14013 21
1246 6 0
13492 6157 14
834 372 20
11488 10805 19
2235 1660 19
8997 68 0
13499 13130 20
4507 4414 20
6045 6046 14
11064 10881 20
6413 6095 22
7215 6633 22
12167 68 0
3457 68 0
15742 15288 20
10866 24 0
7017 6765 20
11792 10884 22
12347 11877 19
12022 47 0
15478 68 0
14468 14094 20
5128 4280 22
7781 7571 19
7071 6648 21
14187 14125 20
16714 16371 20
4845 4336 20
12209 68 0
15492 15254 20
11213 10845 20
15404 68 0
16703 16426 20
12359 11890 20
2817 2487 22
6236 6 0
3649 3074 20
16472 16339 17
6839 6634 20
4092 6 0
4638 4378 20
8697 345 15
2803 6 0
16074 15817 22
12071 11978 20
8299 7577 22
8772 24 0
3577 51 0
13511 62 0
2723 1723 22
7909 7571 19
9098 8740 20
9065 68 0
14607 14005 21
14971 6 0
403 105 19
13230 13114 20
14074 7 0
6833 6632 19
1046 141 21
11500 3611 14
10956 68 0
1896 1763 20
13889 13105 22
12065 11957 20
15354 15200 20
11116 10945 20
9714 9710 17
8135 42 0
10041 9874 20
12417 11947 20
14586 42 0
13899 6 0
9987 9825 20
6858 6699 20
16860 16357 23
7682 7684 13
12221 68 0
5391 5393 13
4339 24 0
13737 6 0
3992 6 0
11589 10819 22
15326 15211 20
6485 6070 22
11251 10836 20
8833 68 0
7748 68 0
12186 11877 19
16662 16339 19
5494 5498 14
5926 5462 20
9438 8685 22
3811 6 0
7729 7574 20
12228 11977 20
10494 10247 22
15171 40 0
4717 68 0
12668 6 0
689 105 19
614 68 0
3628 42 0
7840 68 0
921 278 21
5866 68 0
5627 5541 20
15645 15193 20
5735 5427 20
8199 42 0
33 17 4
15384 68 0
3243 68 0
913 156 20
8042 7651 20
8073 68 0
6088 5496 20
1390 185 22
9314 8658 19
4964 4224 22
7074 6672 21
9274 8658 19
620 340 20
1912 1780 20
16333 15302 22
6004 5362 19
5944 5397 20
5753 5441 20
2491 1660 19
16260 6 0
531 354 20
7019 6740 20
3801 2949 22
10285 42 0
10303 3167 14
11340 10825 20
16750 16366 20
4856 42 0
14345 13968 19
9658 6 0
10305 9713 20
3148 24 0
5618 5362 19
14684 14028 20
13918 13480 22
15976 6 0
8458 8132 22
4984 4229 22
13794 13072 22
8859 8699 20
1139 105 19
6890 6632 19
9068 8690 20
500 280 20
3416 2947 20
7146 42 0
6115 62 0
13568 6033 14
14584 14052 20
7154 6779 14
3554 42 0
4097 3054 22
2401 2402 14
3436 3117 20
744 227 20
16255 15252 22
10237 9275 14
7771 7571 19
5911 5368 21
6618 5524 22
1036 105 19
13395 13094 20
8612 7671 22
12062 11978 20
15829 15272 21
5949 5505 20
15876 42 0
16703 68 0
16822 16398 23
12404 12002 20
5535 47 0
14237 14021 20
15104 14077 22
2539 1660 12
952 256 21
3287 3024 20
3585 3098 20
8234 7596 20
2574 6 0
11298 10812 20
5719 5362 19
2375 42 0
1143 105 19
12733 12484 22
1477 226 22
481 105 19
12743 11912 22
959 105 19
4366 69 0
6137 5411 21
5886 5362 19
15890 42 0
14518 14053 20
12195 11947 20
4722 4374 20
9961 9719 20
619 170 20
15999 15838 22
11510 54 0
14346 14056 21
11489 5453 14
12363 11909 20
12258 11877 19
6299 6175 22
6276 6 0
4610 4308 20
7378 6680 22
9640 8744 22
3541 3065 20
11015 68 0
9258 42 0
15790 51 0
3618 2944 19
9813 9710 17
1920 1660 19
15070 14060 22
11511 54 0
10697 10318 22
10318 9767 21
840 114 20
10022 9786 20
16672 16426 20
12586 11877 19
16840 16339 19
9281 8757 20
16768 16485 20
15955 15167 22
10261 9875 20
6788 6707 20
15760 15228 20
5697 5362 19
2873 2404 22
1383 6 0
16855 62 0
6276 5377 22
16920 16339 19
12676 12520 22
9512 6 0
9251 8659 21
9154 8660 20
12364 11999 20
7461 6703 22
10442 10300 22
10674 9791 22
9225 42 0
1397 6 0
15689 15156 19
16046 6 0
9022 8793 20
13488 42 0
3920 2984 22
2607 6 0
9954 9710 19
16642 16444 20
5765 5451 20
6425 6 0
12118 11894 20
5786 5374 20
9387 8672 22
16578 16485 20
993 130 20
6887 68 0
13052 1039 16
3834 2960 22
14367 14027 20
5764 5468 20
14231 14125 20
902 361 20
15837 15234 20
5994 5441 20
15517 68 0
4929 4272 14
1829 41 0
13253 13142 20
10341 51 0
14330 14044 20
16185 6 0
5436 5438 13
2403 42 0
12676 6 0
5748 5446 20
6319 6111 22
16563 68 0
5747 5362 19
16561 16339 19
10553 6 0
1971 1780 20
4559 4339 20
7071 6643 20
16295 15272 22
7840 7644 20
14001 3684 16
389 209 20
16892 16447 23
2731 2497 22
7837 68 0
7715 7571 19
1908 1660 19
5024 4820 22
8031 7709 20
13467 13099 20
8409 6 0
3599 2965 21
10193 9858 20
15726 68 0
10033 9710 19
14065 14066 13
15340 15266 20
11295 10805 19
6158 5457 20
16779 16421 20
4815 4223 19
10612 9771 22
714 68 0
2258 1725 20
10705 6 0
14133 14098 20
16766 16420 20
12411 68 0
16816 16403 20
565 105 19
4597 4223 19
13258 13117 20
7886 7659 20
522 68 0
15257 6033 15
12292 11930 20
12713 11904 22
8625 6 0
1633 1134 22
3290 3108 20
13221 68 0
8981 8729 20
8873 8666 20
1614 309 22
10041 9712 20
4912 4913 14
514 170 20
2525 42 0
801 178 20
12574 4354 14
8196 2983 14
5973 5406 20
3319 3065 20
1079 105 19
5152 6 0
9263 8658 19
6334 6052 22
6415 5416 22
2645 6 0
12405 11978 20
3403 68 0
8034 7617 20
11912 3144 14
11289 10876 20
16708 16405 20
4276 41 0
5905 5473 20
548 228 20
6170 42 0
14280 13968 19
12027 68 0
14198 14103 20
313 69 0
13316 13057 20
3640 2944 19
15040 14657 22
6254 6191 22
372 24 0
3466 3117 20
907 105 19
14302 14036 20
14366 14061 20
15795 62 0
6144 5438 20
16526 16339 19
16316 6 0
16871 16442 21
14325 68 0
12158 68 0
2268 1787 20
15817 62 0
550 271 20
8621 7675 22
4597 4392 21
15853 15156 19
9882 68 0
12245 11890 20
11421 51 0
15403 68 0
12194 11877 19
14143 14116 20
9117 68 0
15499 15312 20
1943 1696 20
16885 16470 20
16489 68 0
14214 14062 20
3273 68 0
8829 68 0
6388 6 0
3573 3029 21
9114 8699 20
17185 16915 22
6789 6668 20
4650 68 0
1867 1667 14
4021 3666 22
2810 6 0
5794 5362 19
2414 1688 21
9038 8658 19
5898 5541 20
8847 68 0
11093 68 0
6196 51 0
10537 6 0
11045 10840 20
8096 7592 20
6672 4417 15
12500 386 14
3504 68 0
12255 12023 20
16105 15204 22
3299 2944 19
1432 1031 22
8851 8661 20
9877 9874 20
11446 42 0
10114 9805 20
11825 6 0
4939 4289 20
11288 10934 20
6439 6159 22
6830 6729 20
16968 6 0
3427 3154 20
115 41 0
17040 6 0
2938 2527 22
7146 6632 19
1569 6 0
3607 3120 20
2072 1799 20
15582 15156 19
7061 51 0
13483 62 0
5997 5514 20
16756 16339 19
13002 6 0
8868 8658 19
9199 8797 23
3048 24 0
12457 11902 20
13441 68 0
11418 10847 20
15378 15159 20
3527 2945 21
14421 14036 20
100 73 0
15825 15156 19
8581 7650 22
8314 7582 22
4662 4373 20
14304 14007 20
6526 5460 22
13497 13016 19
6808 6692 20
9940 9830 20
2486 69 0
1640 1077 22
9731 9732 13
9286 2998 14
13038 41 0
6121 69 0
9533 6 0
16894 3629 14
1156 1157 14
9936 9772 20
16745 16341 20
10212 9710 19
3322 3002 20
5629 5468 20
10674 6 0
8789 938 15
3336 2947 20
11179 10812 20
6074 69 0
5841 5363 21
10671 9791 22
13205 13113 20
757 105 19
5714 5365 20
8283 6 0
6703 2326 15
16854 16414 20
2264 1744 20
903 105 19
3609 51 0
15592 15241 20
3731 3111 21
3815 2954 22
673 68 0
4280 9 0
13399 68 0
2120 1739 20
13481 4228 14
16514 16344 20
2325 42 0
2974 41 0
9147 68 0
13566 13063 20
15585 15188 20
593 163 20
441 228 20
15129 14101 22
10151 9874 20
286 7 0
3586 42 0
3690 42 0
3407 2944 19
8376 6 0
6862 6632 19
6920 68 0
5765 68 0
7821 68 0
10233 42 0
13337 68 0
11360 10821 20
7061 6651 20
14711 6044 14
8394 8165 22
8201 7656 20
5328 4383 22
9569 8720 22
10562 10324 22
9635 6 0
4763 4287 20
3790 3679 22
15781 62 0
6270 6088 22
13047 200 16
16913 6679 14
11010 68 0
10011 68 0
5857 68 0
12573 42 0
12446 11968 20
15869 15296 20
14698 62 0
8086 7611 20
7566 6 0
16986 6 0
10091 9710 19
11227 68 0
843 68 0
10226 9808 21
7757 7710 20
15095 6 0
11759 6 0
14487 14103 20
5561 5370 20
611 105 19
6703 315 16
9322 8658 12
7066 6660 20
427 209 20
12866 6 0
1622 316 22
605 341 20
8070 7614 20
7723 7571 19
9987 9724 20
12237 11890 20
4509 4223 19
1651 1164 22
8082 7633 20
5206 4312 22
8915 8666 20
7475 6 0
7315 6657 22
10994 10805 19
10171 9768 20
12061 11987 20
1021 51 0
517 127 20
14947 14026 22
2059 1811 20
5793 5530 20
16743 16413 20
98 24 8
10486 9735 22
7824 7571 19
12979 11989 22
3484 3065 20
5557 68 0
13109 1039 14
6946 6632 19
5825 5525 20
2559 6 0
2730 2313 22
2137 1660 19
5950 68 0
2397 1674 21
15363 15303 20
10173 68 0
14286 68 0
5622 5362 19
14972 14716 22
11361 10874 21
6848 6645 20
8422 6 0
12156 11879 20
524 310 20
15578 68 0
6112 5408 20
9195 8722 20
702 68 0
9061 8659 21
10785 6 0
6068 5492 20
1457 921 22
11110 10953 20
4941 42 0
6564 5481 22
14216 13997 20
15856 6718 14
5817 5536 20
3867 3599 22
9162 8745 20
13536 13109 21
3839 6 0
7877 7591 20
4876 4276 20
1079 1080 14
9263 1163 14
8649 7703 22
12522 6037 14
8055 68 0
2225 1857 20
6606 6090 22
15851 15235 20
11465 10877 20
14119 14123 13
16913 42 0
13307 68 0
7002 6645 20
1052 244 20
12238 68 0
16393 267 16
14266 13974 20
4632 4399 20
12232 11948 20
462 128 20
1538 6 0
3958 3001 22
2013 68 0
4795 4241 23
6349 5396 22
16655 68 0
9065 8660 20
5556 68 0
4001 6 0
9025 8710 20
8775 3128 16
14656 51 0
7758 7690 20
12574 12000 20
12043 68 0
580 105 19
3775 2944 12
16739 68 0
6373 5401 22
14706 6679 14
15757 15209 21
9044 8658 19
2691 2389 22
13778 6 0
5978 5362 19
10122 9806 20
6326 6 0
1681 1682 13
11366 10805 19
12114 11926 20
9309 8762 20
9691 6 0
1029 331 21
3691 2944 19
15458 15241 20
12514 11877 19
12654 11888 22
1393 6 0
5437 24 0
14276 14052 20
13030 966 16
6042 5474 20
3230 2947 20
4788 51 0
9505 8702 22
523 272 20
8836 8687 20
16289 15778 22
5936 5530 20
13953 13137 22
9086 8703 20
15509 68 0
1382 177 22
8990 8749 20
8148 7605 20
9121 8746 20
13480 13124 20
11270 68 0
10149 9710 19
8947 8658 19
11470 10833 20
6901 6686 20
4564 4374 20
10753 9829 22
2261 1834 20
14528 13968 19
17177 16877 22
2937 6 0
5164 4795 22
14598 42 0
11628 10827 22
8175 7681 20
3211 3148 20
4824 3059 14
1584 286 22
2521 69 0
6529 5460 22
13229 13016 19
8182 7671 21
15584 68 0
4779 68 0
11035 68 0
14191 14002 20
16067 15848 22
11959 11877 17
10626 9775 22
5396 5400 16
11414 51 0
15766 4290 14
1995 68 0
2915 1833 22
9195 8658 19
10235 9746 20
9875 41 0
6727 6730 13
103 0 11
11959 4310 16
9731 6188 15
14406 14072 20
3662 2944 19
14742 6 0
11615 6 0
4898 4315 20
6000 5368 21
17050 6 0
5477 302 14
9993 9848 20
10149 9728 20
8957 8781 20
9218 42 0
13537 42 0
13943 13132 22
9525 8709 22
13448 68 0
12187 11877 19
2046 68 0
3223 3077 20
8482 8183 22
65 24 5
11512 10805 12
2544 6 0
11505 7707 14
10094 9720 20
9144 68 0
13364 13091 20
13517 42 0
15709 15156 19
12184 11983 20
2972 2973 13
2851 2316 22
3693 3068 20
6039 5445 21
600 68 0
8485 6 0
1661 1663 13
5832 5362 19
14174 13968 19
10774 9841 22
10229 9710 19
2145 1762 20
5984 5501 20
13378 13082 20
15248 152 16
13213 13045 20
5542 24 0
15447 15173 20
11179 10807 20
14531 13968 19
6409 5416 22
10055 9798 20
7281 7116 22
7647 1016 15
9902 9848 20
11860 6 0
9491 6 0
13801 13072 22
11499 10889 20
11055 10866 20
1352 1048 22
7892 68 0
16928 16339 12
6937 6633 21
3046 2944 17
15794 15247 20
11707 11369 22
5227 6 0
16268 6 0
16152 15848 22
7680 24 0
5803 5478 20
8527 7640 22
1147 51 0
12965 12524 22
8244 1102 14
15804 10227 14
11942 9235 16
10555 10219 22
6548 6 0
6523 6 0
12177 11983 20
1880 1763 20
2491 1833 21
8520 7636 22
12064 11921 20
12448 12011 20
2750 6 0
3947 2994 22
1995 1773 20
6313 6187 22
16754 16339 19
9753 9754 13
13361 68 0
7265 6644 22
16879 16453 20
580 114 20
5699 5525 20
13081 8743 15
16549 16405 20
4441 68 0
2767 6 0
11042 10871 20
10176 9740 20
3698 42 0
988 343 20
8937 8676 21
14235 68 0
15868 42 0
8325 8220 22
4754 68 0
8595 7658 22
8109 7636 21
14517 14053 20
10563 9757 22
10148 9710 19
4969 4224 22
3475 2979 20
8197 167 14
10454 9727 22
2293 2294 14
9124 8679 21
2093 1711 20
8177 7571 19
11370 51 0
889 105 19
1042 159 20
6501 6 0
10114 9798 20
5831 5362 19
16941 6 0
5093 6 0
8981 68 0
6991 6632 19
6102 5484 20
15436 15293 20
6944 6658 20
3330 2944 19
3638 3639 14
4171 6 0
7992 7654 20
15019 14047 22
16659 16402 20
1137 220 21
3891 2978 22
11118 10805 19
12816 11929 22
9892 9838 20
8058 7613 21
6147 5503 20
4338 4223 17
3452 68 0
13893 13109 22
14906 14009 22
1833 1660 17
2616 6 0
14365 68 0
4821 4235 21
11986 1722 14
16418 41 0
3963 6 0
10948 47 0
1910 68 0
16730 16339 19
2364 1733 20
11138 10928 20
4639 4356 21
3663 69 0
12198 11880 20
13308 13045 20
16786 68 0
16916 16461 20
9167 8703 20
2972 2976 15
8116 7704 20
477 317 20
13959 6 0
10258 9710 19
5767 5468 20
8229 1088 14
15799 42 0
13274 13091 20
3513 3126 20
497 68 0
12858 11942 22
15806 15257 21
2547 2404 22
6345 6 0
11572 10815 22
7780 7613 21
13938 13132 22
12606 12511 22
13363 13016 19
1025 42 0
12721 12555 22
10057 68 0
8838 8703 20
9199 4835 14
4691 4288 20
8709 9 0
15805 51 0
4311 69 0
11249 10832 20
3877 3716 22
14623 14019 20
331 7 0
4677 68 0
14682 14080 20
14101 14103 13
7347 6666 22
10771 10349 22
15510 15172 20
2856 6 0
13240 68 0
13747 6 0
12153 12020 20
545 194 20
11856 11439 22
1800 41 0
14867 14676 22
3358 2991 20
11369 1072 14
3921 6 0
7466 6 0
1067 51 0
11569 10815 22
1291 1077 22
9924 9824 20
4733 4223 19
3586 3032 20
9008 68 0
539 68 0
13456 13059 21
12180 11982 20
6187 5362 19
15975 15171 22
16452 24 0
799 324 20
16484 47 0
4697 4346 20
10074 68 0
15791 42 0
13241 13102 20
5932 5383 20
3516 2944 19
12551 11929 21
5911 5441 20
10715 6 0
2190 1695 20
5641 5462 20
6875 6682 20
5347 6 0
12212 11921 20
13998 24 0
5438 41 0
6837 6719 21
13191 13031 20
11361 10942 20
5558 5491 20
2497 1660 19
4750 4393 20
7633 24 0
4547 4398 20
16916 16422 20
14515 14093 20
10299 9819 21
1349 162 22
5775 5378 20
15538 15258 20
9002 8772 20
8837 68 0
4647 4223 19
7533 6 0
7850 7637 20
10165 9710 19
214 219 16
4790 42 0
15520 15210 20
9981 9838 20
13343 68 0
4312 4316 16
11934 11936 13
7268 6 0
3660 3054 21
15536 15233 20
609 235 20
582 257 20
7326 7138 22
7094 6670 20
9722 40 0
2548 1661 22
530 293 20
15625 15294 20
3463 3066 20
12123 68 0
9322 54 0
12976 6 0
3522 2944 19
16327 6 0
432 202 20
5889 5547 20
8874 8660 20
1054 42 0
618 178 20
323 7 0
10267 9710 19
10123 9710 19
12804 11929 22
16816 16470 20
5141 4286 22
5908 5436 21
14445 14108 20
12414 11990 20
8915 8686 20
6902 6632 19
7067 6660 20
11820 11376 22
3101 3106 16
11228 10933 20
2520 2521 14
14056 154 14
8953 8735 20
13044 13046 13
2479 42 0
316 105 17
14899 6 0
226 229 13
14698 14028 20
742 68 0
17192 16828 22
13378 13016 19
10098 9834 20
11474 10837 20
14144 14125 20
15715 15205 20
16751 68 0
12813 6 0
4902 42 0
10293 62 0
9416 8676 22
8909 8680 20
16179 6 0
8808 69 0
3544 3076 21
9179 8658 19
8392 7599 22
12387 11909 20
15715 15156 19
15175 69 0
1759 69 0
2726 2515 22
11608 10823 22
14995 14678 22
10210 9820 20
11406 10892 21
3933 6 0
5686 5378 20
3035 2944 17
9538 6 0
9456 8689 22
2322 1739 23
16910 16406 20
14081 365 16
11206 10805 19
13319 13022 20
10901 10904 13
1086 69 0
7451 6698 22
393 384 20
5658 5468 20
8406 6 0
16990 16844 22
8618 8238 22
17269 6 0
466 105 19
14335 14035 20
17163 16404 22
593 179 20
2180 1868 20
1920 1689 20
15960 15167 22
5019 6 0
14514 14044 20
8126 7571 19
4843 69 0
3705 42 0
17158 6 0
4601 4223 19
16907 16382 20
7 8 1
5092 6 0
3029 2944 17
6391 5405 22
12396 11982 20
8023 68 0
11147 10805 19
3212 68 0
6262 6 0
5214 4859 22
13186 13042 20
7745 7651 20
3776 2944 12
17008 16356 22
5633 68 0
7418 6690 22
14052 24 0
7501 7157 22
14821 14603 22
10817 24 0
7940 7574 20
2268 1660 19
7089 6731 20
2123 68 0
3106 69 0
2140 1662 20
10247 42 0
7507 6 0
7089 6670 20
9404 9186 22
11395 9262 14
4431 68 0
4534 4240 20
3711 2944 19
11127 10928 20
15721 15299 20
15712 15156 19
13153 7149 15
15572 68 0
10416 6 0
15538 15183 20
10905 7076 15
9762 69 0
106 108 13
11297 68 0
5915 5525 20
7048 6657 21
760 215 20
15203 69 0
15377 68 0
1496 1079 22
2460 42 0
5775 5362 19
5525 24 0
16907 16454 21
6328 6066 22
5902 5456 20
9077 68 0
606 68 0
12162 11877 19
12212 68 0
12999 11997 22
606 349 20
10432 9722 22
8596 6 0
398 107 20
3216 68 0
15431 15156 19
9015 8687 20
6480 6081 22
11282 10861 20
15323 15156 19
617 105 19
11248 10828 20
15786 15207 20
7184 6632 19
16650 68 0
9529 9219 22
2810 1761 22
16837 51 0
532 68 0
8880 8673 20
9823 9710 17
11000 10816 20
9127 8790 20
2527 1713 20
7689 3694 16
2327 42 0
11896 11898 13
9225 8737 20
9804 7 0
14323 13968 19
13530 42 0
13332 13016 19
5416 5362 17
9424 8679 22
11948 24 0
12700 11901 22
3060 2944 17
5672 5473 20
16761 68 0
9981 9765 20
145 69 0
3553 3081 21
15209 15212 13
540 349 20
9017 8681 20
681 68 0
1554 264 22
2831 1772 22
14534 68 0
4714 4420 20
11802 6 0
6175 5549 20
12435 68 0
4542 68 0
7185 1686 14
1924 1851 20
15807 62 0
4579 68 0
16980 16820 22
2384 69 0
8173 7571 19
12077 11982 20
445 169 21
7968 7595 20
13035 13036 13
10342 9759 23
2380 2381 14
8195 7630 20
14996 6 0
7748 7571 19
17079 16379 22
13695 6 0
8329 8198 22
14201 14092 21
14124 7627 15
463 68 0
10835 9267 14
16585 16345 20
15625 15156 19
2226 68 0
6130 2488 14
3546 68 0
5143 6 0
10955 10805 19
17119 16915 22
1614 941 22
3399 2944 19
7029 6685 20
13197 13151 20
6474 6 0
12513 11950 20
15424 15245 20
4924 4261 21
947 69 0
3442 68 0
14596 62 0
15747 15158 20
9982 9834 20
17125 16397 22
2945 953 15
11469 42 0
10211 9710 19
3193 2944 19
502 195 20
10157 9782 20
6144 5416 21
4851 42 0
3361 2944 19
3749 69 0
4443 4363 20
4569 4223 19
14382 14093 20
11981 2495 16
1992 1862 20
9278 42 0
429 258 20
4462 4329 20
1467 6 0
977 162 21
4489 4368 20
15816 2340 14
10124 9710 19
12493 231 14
14457 14094 20
16352 1848 14
11046 68 0
7918 7571 19
3701 62 0
14790 14664 22
16424 16339 17
4494 68 0
12412 11877 19
14811 14698 22
13250 13016 19
12437 11877 19
2255 1738 20
4657 4414 20
4210 3136 22
10970 10893 20
7458 7085 22
9393 6 0
9976 68 0
8985 8658 19
14932 6 0
11020 10881 20
10409 6 0
4697 4340 20
1101 42 0
8174 42 0
1523 248 22
2393 42 0
15350 15288 20
5254 4327 22
14489 68 0
14668 2362 14
11007 10849 20
403 384 20
13973 2398 15
11866 11465 22
9916 9809 20
16680 68 0
8121 7573 20
11507 42 0
5984 5362 19
3577 2944 19
14452 68 0
15753 15156 19
8966 8658 19
603 187 20
6851 6653 20
9901 9722 21
3638 2944 19
4456 68 0
1160 226 21
5490 1685 16
15434 15237 21
16849 16374 20
9694 8775 22
10937 4786 16
16570 16339 19
3441 2995 20
14867 6 0
15813 3563 14
2270 1674 21
14231 14098 20
14630 13968 19
45 22 1
16628 68 0
7250 6641 22
9130 68 0
4979 4798 22
8845 68 0
15094 14074 22
6203 5434 20
16983 6 0
3405 2944 19
12322 11936 20
5582 68 0
10542 9747 22
11901 3017 16
3713 42 0
12267 68 0
11141 10805 19
16155 15751 22
6453 6 0
10436 6 0
10192 68 0
10769 10230 22
609 105 19
13467 13101 21
14477 13984 20
16564 68 0
11605 11506 22
10105 9786 20
14943 6 0
2128 68 0
169 171 13
4836 42 0
2873 2296 22
2198 1857 20
14866 14684 22
16793 16444 20
7684 24 0
8853 8674 20
5156 6 0
11298 10805 19
9493 9273 22
9727 9728 13
4476 68 0
6227 6 0
9019 68 0
4979 6 0
10923 3135 15
8852 8658 19
7444 6698 22
596 142 20
7527 7140 22
464 68 0
5918 5525 20
6783 41 0
5888 5402 20
8037 68 0
6099 42 0
9209 8765 21
5794 5462 20
1319 6 0
2458 1727 20
395 187 20
3174 3112 20
840 150 20
7271 6 0
11294 10805 19
12904 6 0
15580 68 0
16538 68 0
5377 219 15
16446 285 15
3604 3054 21
9739 1090 14
7392 6680 22
587 201 21
13123 24 0
1760 69 0
9979 68 0
911 150 20
16577 16367 20
14095 41 0
14962 6 0
10297 9794 20
16718 16468 20
13308 13128 20
6035 4316 14
11045 10920 20
6942 6740 20
16694 16469 20
13519 13126 21
14825 14643 22
11071 10938 20
1636 331 22
10532 9747 22
13883 6 0
1668 1670 13
4576 68 0
14169 14041 20
7130 2394 14
17142 6 0
10623 9775 22
12447 11948 20
5710 5461 20
4223 18 0
5890 5362 19
3452 3088 21
4432 4403 20
4445 4352 20
7845 7695 20
3908 2984 22
17224 6 0
6191 51 0
5100 4825 22
14205 13968 19
10739 6 0
10225 69 0
2458 2459 14
9965 9749 20
11539 11452 22
15005 14606 22
1988 1712 20
14442 13983 20
7569 6 0
5084 4880 22
15265 7078 16
14644 4252 14
16886 3034 14
7185 6643 20
14567 68 0
12054 11935 20
4586 4378 20
9160 8698 20
4900 4342 20
13636 6 0
8203 7642 20
5042 6 0
10031 9802 20
15383 15299 20
1661 1666 15
13586 13511 22
5134 4286 22
8044 7617 20
3997 3666 22
6895 6645 20
4042 6 0
15729 15246 20
9413 9241 22
11313 10866 20
160 69 0
13985 41 0
13538 13148 20
15357 15182 20
11202 68 0
1270 134 22
3300 2995 20
2943 1 0
14877 14005 22
4950 4264 20
9045 8658 19
2117 1856 20
9912 9710 19
2004 1724 20
9309 8658 19
3973 3008 22
5929 68 0
8290 8233 22
6364 5401 22
10263 62 0
15868 15239 20
6543 5466 22
5766 5437 20
14762 13973 22
7067 62 0
14629 13968 19
14308 13970 20
14823 13987 22
1694 1660 18
10106 9710 19
3913 3701 22
12844 12559 22
3596 3076 21
13194 13114 20
6713 24 0
12155 12016 20
8941 8760 20
12360 11877 19
12643 6 0
2083 1817 20
8834 8658 19
270 277 16
2436 1727 20
9038 8729 20
1036 369 20
8954 8772 20
12 13 2
2616 2469 22
13361 13087 20
11479 10935 20
4595 4403 20
10059 9735 21
16424 16426 13
4825 4305 20
11251 10920 20
17046 16823 22
1314 1004 22
7043 6753 20
13227 13056 21
11574 10815 22
2600 1681 22
2229 1845 20
9353 9255 22
6832 6727 21
7791 7705 20
15639 15169 20
11318 10805 19
1639 1175 22
15221 15223 13
6420 6 0
7904 68 0
2501 1660 19
5440 5444 15
14127 47 0
10772 6 0
486 332 20
5627 5362 19
14017 7127 15
5269 4929 22
9284 6689 14
772 361 20
10496 9739 22
5788 5417 20
15349 15156 19
548 68 0
280 24 0
8080 7592 20
11157 68 0
3100 69 0
8095 7690 20
6128 5419 21
4980 6 0
6206 5516 20
16097 6 0
3243 2944 19
1919 68 0
5490 5493 15
16109 15799 22
10709 9801 22
11836 11462 22
13630 6 0
2879 2297 22
15043 14051 22
12982 12579 22
10361 54 0
10088 9710 19
8380 7599 22
3094 69 0
6652 2298 14
5458 41 0
4878 4350 21
5486 5489 13
13800 13072 22
8286 8197 22
5122 6 0
3091 41 0
13415 68 0
1694 1695 13
13529 13016 19
9014 8718 20
4565 4338 21
541 68 0
15635 15182 20
2289 1875 20
9205 8736 20
2418 69 0
16014 15181 22
1946 1731 20
11036 10807 20
15597 15304 20
14340 14052 20
14134 68 0
760 257 20
15668 15156 19
13492 13135 20
11981 1759 15
17211 6 0
12190 68 0
11011 10817 20
14999 14039 22
10112 9866 20
14671 42 0
791 170 20
6384 6 0
7472 6706 22
5817 5437 20
1498 1038 22
12391 11983 20
5308 6 0
16663 16430 20
12154 11952 20
12791 6 0
11275 10870 20
16408 16339 17
13189 13082 20
13288 13016 19
7344 6 0
5904 5393 20
1499 241 22
5736 5437 20
11458 10917 20
13394 68 0
14708 42 0
12383 11877 19
14639 3144 14
3935 6 0
15493 68 0
7176 51 0
7120 42 0
2467 1712 23
2855 1792 22
15779 15243 20
16389 24 0
16238 15244 22
1351 6 0
10957 10840 20
9072 8666 20
16063 15195 22
7426 6695 22
3192 2955 20
11291 68 0
16888 16365 21
4447 4329 20
10576 9757 22
772 135 20
8143 42 0
5860 5362 19
6830 6760 20
7996 7668 20
9212 8747 20
14611 13968 19
420 303 21
10155 9710 19
409 235 20
1176 334 20
3394 3164 20
12742 12542 22
13626 6 0
16529 16455 20
10 6 1
1436 6 0
17171 16408 22
16621 16339 19
11254 10805 19
6356 6 0
10315 4301 14
9426 8679 22
6229 5363 22
3143 41 0
6771 1685 16
1892 1845 20
5690 5362 19
15762 112 14
3440 68 0
4667 4223 19
16998 16352 22
8920 8802 20
5766 5362 19
1881 68 0
10321 42 0
8638 6 0
11266 10903 20
6389 6159 22
11098 68 0
7922 7571 19
15963 6 0
16501 16367 20
11478 10835 21
3180 2955 20
5355 4407 22
4089 3759 22
2867 1797 22
10368 9710 12
16639 16438 20
2661 6 0
4616 68 0
11213 10919 20
4076 3620 22
12334 11972 20
692 368 20
9167 68 0
7787 7571 19
4491 4223 19
11723 10860 22
13792 13072 22
3420 3117 20
16823 42 0
10026 9793 20
7636 7571 17
9672 8759 22
13467 51 0
3732 3130 21
2839 1779 22
11660 6 0
6342 6 0
12153 12006 20
7738 7571 19
13531 8708 14
14921 14684 22
11393 51 0
6896 6714 20
14824 13987 22
14275 68 0
15336 15242 20
8997 8729 20
15054 6 0
12810 12567 22
8192 7571 19
14869 6 0
1434 1164 22
10622 10249 22
494 105 19
11489 10918 21
7227 6637 22
14523 14052 20
16293 6 0
15781 15174 20
10739 9819 22
11150 10832 20
12496 11884 21
13262 13016 19
15542 15156 19
8811 8658 19
14699 51 0
10771 9837 22
13464 42 0
16479 2958 14
15848 15156 19
1562 956 22
5843 5490 21
446 149 20
12015 11877 17
8303 7577 22
12419 68 0
2324 69 0
4724 4223 19
4495 4346 20
7983 7583 20
7896 7655 20
13278 13102 20
164 41 0
9642 8744 22
12626 6 0
6930 6719 21
13539 13085 20
3628 2965 21
2238 1682 20
14360 14015 20
15717 15312 20
7939 7618 20
11596 11377 22
1711 24 0
7852 7571 19
15752 15167 21
1180 1181 14
16472 16474 13
13719 13047 22
3399 3073 20
12102 11925 20
16200 15825 22
5776 5440 21
13603 13017 22
11688 10848 22
12122 68 0
183 69 0
15940 6 0
14583 13997 20
14359 68 0
542 68 0
26 27 6
17097 6 0
5879 5362 19
9082 8741 20
5196 4307 22
14215 68 0
14255 13968 19
16764 16405 20
10402 9714 22
13670 13493 22
3269 68 0
8431 6 0
5573 5412 20
4112 3626 22
7846 68 0
4407 4223 17
14581 13968 19
13355 13032 20
11170 10817 20
12031 11930 20
2146 1660 19
10340 9829 21
6527 6075 22
12394 12011 20
5130 4280 22
5208 6 0
10679 9791 22
14690 13968 19
10126 9786 20
8442 6 0
4646 4403 20
13280 13016 19
15686 15156 19
2507 1660 19
1933 1660 19
15802 15166 20
12660 6 0
7027 68 0
11924 11877 17
7066 6632 19
1894 1757 20
14034 13968 17
6196 2518 14
9936 68 0
13150 13016 17
8810 68 0
12178 11939 20
397 250 20
686 156 20
6776 47 0
7973 7684 20
6324 6099 22
11497 10805 19
11650 10830 22
14976 14034 22
14184 14094 20
3090 24 0
15389 15280 20
10265 9867 20
8496 7628 22
8096 7655 20
7946 7650 21
7599 40 0
4295 9 0
2094 68 0
8658 18 0
12082 68 0
837 68 0
7077 6657 21
2957 41 0
15927 15157 22
6347 5396 22
10775 6 0
15153 6 0
6254 6099 22
2772 6 0
4754 4223 19
4173 6 0
15144 6 0
3196 2944 19
11295 10939 20
16911 16478 20
14509 13968 19
8325 8208 22
13390 13094 20
1296 141 22
14338 14120 20
15470 15258 20
12690 12544 22
15775 15156 19
7119 69 0
12971 6 0
6335 6 0
16711 16339 19
1471 226 22
13715 6 0
8933 8714 20
4377 3007 16
7090 69 0
7038 6748 20
2166 68 0
12738 6 0
8038 68 0
16019 15181 22
16775 16420 20
2313 1715 14
7940 7648 20
3322 2944 19
16345 24 0
12018 12020 13
8950 68 0
10571 6 0
7616 7571 17
559 105 19
15806 62 0
9909 9798 20
2544 1661 22
3370 2944 19
12438 11968 20
678 271 20
1731 24 0
14294 14003 20
5615 5362 19
6436 6127 22
15827 42 0
17242 16446 22
11519 10805 12
524 142 20
11006 10805 19
15722 15188 20
5198 6 0
7411 6 0
4056 3590 22
464 340 20
3659 1667 14
4759 4358 20
12383 11889 20
2227 1749 20
14286 13968 19
6727 6733 15
6855 6653 20
4447 68 0
3647 3160 20
7462 7059 22
11993 24 0
8860 8725 20
7047 68 0
10233 9734 20
6706 1064 16
10199 9820 20
15034 14047 22
6014 5531 20
5292 4350 22
6442 6168 22
13564 13030 21
11090 68 0
7818 7691 20
4659 4223 19
3499 68 0
16170 15225 22
855 243 20
15929 15796 22
3739 3159 20
10314 9808 21
15543 15156 19
1239 6 0
1723 147 14
5035 4247 22
6901 6704 20
60 16 0
2069 1711 20
15706 15168 20
11651 6 0
9316 54 0
710 310 20
630 68 0
2389 1660 19
14961 14667 22
6153 2977 14
11103 10831 20
16314 15279 22
13860 13096 22
4771 68 0
9035 8765 21
11869 6 0
13548 13163 20
7559 7155 22
3157 3161 16
9955 9870 20
8432 7610 22
2884 6 0
7421 6690 22
5831 5537 20
6131 5362 19
15099 14077 22
9855 41 0
13205 13091 20
4089 3634 22
2919 1833 22
3236 2944 19
14141 14117 20
16652 16413 20
10177 68 0
244 41 0
3283 68 0
8744 8746 13
14388 13993 20
5285 6 0
13229 68 0
2094 1834 20
2213 1739 20
16917 62 0
5190 4307 22
5847 5362 19
8751 7 0
8102 7571 19
3301 3153 20
4499 4223 19
1668 40 0
2145 68 0
12172 12003 20
15561 15193 20
4553 4223 19
13366 13060 20
12039 11940 20
6394 6063 22
13300 13158 20
425 120 20
16895 12568 14
10187 9825 20
8212 7571 19
13297 13054 20
7779 7571 19
3202 3024 20
7528 6734 22
16549 68 0
15444 15156 19
1534 1044 22
13490 13016 19
201 204 14
6445 6035 22
14086 14091 14
3523 2973 20
2181 1690 20
11228 10916 20
2381 69 0
659 149 20
8145 2352 14
8934 8761 20
12370 11931 20
9718 922 16
3985 6 0
3514 2991 20
15698 15233 20
3664 42 0
2602 6 0
185 191 15
15457 15187 20
1531 1166 22
15274 24 0
1892 1660 19
8580 6 0
3889 6 0
3228 2962 20
9172 8756 20
16631 16362 20
616 257 20
12674 11892 22
1556 6 0
10212 9843 20
11271 10897 20
842 105 19
4476 4393 20
1891 1660 19
13105 13106 13
12115 11880 20
8127 7571 19
14026 13968 17
11299 10916 20
13314 13110 20
7873 7647 21
2030 1660 19
16715 16372 20
15605 68 0
10884 10886 13
4317 4318 13
7344 6666 22
4721 68 0
11043 10902 20
8836 8674 20
11649 10830 22
10967 10898 20
14375 13968 19
2568 6 0
13991 13995 13
15580 15217 20
9894 68 0
1283 6 0
16814 16339 19
4130 3071 22
8214 7652 20
14293 14075 20
870 105 19
6788 6773 20
12799 6 0
8871 8680 20
14615 13999 20
10208 68 0
8511 7632 22
4844 4392 21
13236 13138 20
13448 13016 19
9974 9719 20
1928 1793 20
5655 5383 20
9314 9187 14
4055 6 0
623 105 19
14155 14041 20
11065 10905 21
8054 7578 20
2793 1755 22
10337 42 0
13522 10292 14
7820 7668 20
15899 15156 12
6826 6708 20
13606 13021 22
16857 3000 14
9922 9710 19
13174 13016 19
7771 7633 20
10686 9796 22
8892 8725 20
2763 6 0
13564 13091 23
4941 4223 19
14493 14088 20
11445 10951 20
12233 11889 20
6366 5401 22
1934 1738 20
3683 3684 14
6191 5362 19
7525 6 0
16819 16339 19
626 105 19
16360 2308 15
14249 13968 19
912 354 20
13520 13055 20
11331 10942 20
13970 24 0
5630 5362 19
4612 4340 20
13300 68 0
3520 2991 20
15505 68 0
14846 14600 22
4115 3758 22
16412 24 0
10185 9759 20
4129 3754 22
10169 9710 19
7858 68 0
16727 16405 20
3566 42 0
15985 6 0
15839 1045 14
739 68 0
1667 69 0
754 378 20
10556 9753 22
7868 7611 20
6902 6748 20
11652 10835 22
14701 51 0
9158 8711 20
9075 8658 19
5960 68 0
12202 12002 20
4922 4254 21
4064 3557 22
4514 68 0
8793 24 0
3873 6 0
16754 68 0
4930 2470 14
11594 10819 22
10594 9767 22
12028 11905 20
13344 13016 19
14592 13968 19
4711 4308 20
14029 41 0
5471 5475 13
2474 1660 19
15533 15167 21
2364 1660 19
9966 9710 19
16562 68 0
4508 4362 21
14534 14116 20
8920 8740 20
11113 10855 20
9873 1024 16
4718 4387 20
11582 10815 22
674 68 0
13479 42 0
6838 6663 20
4070 6 0
7417 7173 22
12750 11912 22
4888 4362 21
11718 11466 22
1483 234 22
765 105 19
2491 1812 20
2984 2986 13
1183 1184 14
11253 68 0
3873 2972 22
16090 6 0
14176 68 0
8905 8661 20
9628 9228 22
11849 6 0
16763 16385 20
15378 15156 19
13479 13124 20
3341 2946 20
2702 6 0
17065 16826 22
14962 14030 22
11998 24 0
11178 10854 20
17232 16899 22
16712 68 0
14350 14094 20
11407 10930 20
12496 11903 20
2556 1661 22
3247 3118 20
12635 6 0
589 105 19
1577 1011 22
14700 14111 23
10327 51 0
7315 6 0
11150 10805 19
8149 7701 20
11391 10833 20
13599 6 0
17289 16479 22
10271 42 0
15802 42 0
1903 1663 20
5708 68 0
12085 11878 21
11444 10805 19
1785 69 0
9876 68 0
990 105 19
607 250 20
14342 13968 19
2254 1731 20
8910 8698 20
7321 7101 22
784 121 20
10752 6 0
15567 15284 20
11083 10888 20
11285 10933 20
11888 40 0
462 298 20
5551 5363 21
9009 8721 20
7237 6 0
13059 13062 13
13458 13110 20
9998 9870 20
3562 3130 21
8182 62 0
9270 8658 19
9833 9835 13
14631 14004 20
11268 10924 20
14318 14070 21
15765 15156 19
4934 4935 14
1536 6 0
6978 6653 20
2311 1815 21
7184 6697 20
957 155 21
16834 2315 14
14746 6 0
9046 8660 20
5345 4392 22
9279 8771 21
7848 7654 20
4026 6 0
5149 6 0
7542 6746 22
8432 6 0
15629 15201 20
2129 68 0
7378 6 0
4687 4413 20
11277 10915 20
14445 13987 21
5040 4247 22
5642 5536 20
15728 15156 19
8702 9 0
13550 118 14
2513 42 0
1993 1874 20
12825 6 0
13140 13016 17
17230 16897 22
10027 68 0
15572 15272 21
13026 13016 17
14679 13968 19
17260 16454 22
5809 68 0
1666 69 0
10065 9710 19
4951 4284 14
10095 68 0
4659 4352 20
9658 8755 22
17202 6 0
11235 10876 20
10093 9728 20
13996 3639 15
5940 5362 19
2810 2353 22
15004 6 0
5689 68 0
15337 15294 20
1116 286 21
3989 3013 22
10053 9710 19
2761 1743 22
4808 4317 21
2370 1668 21
9271 8717 21
8215 7571 19
13287 68 0
14192 68 0
2266 1669 20
4587 4268 20
14763 6 0
16198 15757 22
14712 13968 19
12250 11889 20
2399 42 0
3023 3025 13
10423 9718 22
13335 13102 20
14981 14034 22
13521 42 0
12295 11921 20
16936 54 0
13597 6 0
10570 10338 22
16388 16339 17
10600 6 0
9186 9187 14
10641 9781 22
15705 68 0
12765 11916 22
8679 8682 13
16603 16344 20
6064 5396 21
17262 16836 22
6073 5496 20
476 179 20
7849 7683 20
12220 11952 20
3459 68 0
914 221 20
4652 68 0
11024 10805 19
15641 15156 19
18 3 0
15306 3575 16
4367 2384 15
388 127 20
6815 68 0
9942 9866 20
6895 68 0
14637 4832 14
17028 16886 22
6044 69 0
12157 11978 20
4261 4263 13
1310 148 22
9182 8756 20
9195 1119 14
11968 24 0
12296 68 0
5527 69 0
534 68 0
15635 15223 20
9775 9710 17
16575 16362 20
15832 15243 20
6162 5511 20
7909 7704 20
10000 9710 19
2061 1816 20
14416 14021 20
8577 7650 22
9048 8704 20
15342 15214 20
4397 199 16
13826 6 0
8920 68 0
13129 41 0
7431 7060 22
17130 16397 22
12115 11877 19
15767 15268 21
2676 2406 22
17283 16869 22
16016 6 0
13580 13016 12
14505 13991 21
827 150 20
9726 41 0
11485 10827 21
5849 5487 20
4971 4876 22
4842 42 0
11931 24 0
16273 15261 22
10148 9810 20
678 272 20
17140 16840 22
10730 9813 22
6799 68 0
550 105 19
11245 10903 20
13388 13022 20
7515 6723 22
393 304 20
3463 2946 20
3064 3069 14
1644 339 22
3384 2944 19
3731 1174 14
15335 15238 20
14786 14620 22
787 105 19
4140 6 0
1080 69 0
14180 14087 20
7029 6735 20
14010 24 0
3251 3153 20
14554 14072 20
6332 5391 22
6831 6692 20
5958 68 0
10733 9819 22
11334 10805 19
14459 68 0
14581 14075 20
11087 10805 19
7603 7606 16
11016 10824 20
6625 5535 22
13312 13057 20
13491 13100 20
5681 5437 20
17084 16379 22
11224 68 0
2039 1768 20
893 105 19
16914 4797 14
9370 6 0
1885 1749 20
16430 24 0
7009 68 0
2671 6 0
14149 68 0
11425 51 0
554 243 20
7682 7685 13
7727 7571 19
3695 3103 20
15733 15238 20
7328 7068 22
668 105 19
10839 212 16
13304 13151 20
10170 9758 20
15600 15156 19
2009 68 0
8007 7683 20
3046 3052 15
8975 68 0
6363 6197 22
15608 15287 20
7251 7187 22
17284 6 0
8041 7574 20
4623 68 0
2829 1772 22
13477 13152 20
15784 15251 20
1143 42 0
6348 5396 22
5878 5472 20
6407 6 0
4811 4394 20
3720 3092 20
13014 12565 22
14249 13977 20
10284 9839 20
10316 9735 21
10010 9740 20
4528 4223 19
652 361 20
13348 13049 20
3104 69 0
4442 4408 20
4502 4223 19
14636 42 0
13282 13041 20
1439 207 22
16672 16339 19
9921 68 0
648 68 0
13203 68 0
9664 8755 22
9705 6 0
819 68 0
15710 15311 20
13828 13086 22
4508 4340 20
9648 6 0
6732 69 0
11088 10805 19
5083 4817 22
9287 42 0
1767 9 0
7961 7633 20
8031 7637 20
15816 15176 21
14099 41 0
3836 6 0
17012 16826 22
5701 5388 20
3551 3145 14
15576 15222 20
6182 42 0
10346 9733 20
10296 42 0
7548 7192 22
4398 24 0
15725 15206 20
15587 15159 20
9028 8721 20
10492 10337 22
10206 9715 20
9417 9220 22
4491 68 0
12512 11920 21
14334 13968 19
16459 16461 13
12271 11956 20
3212 2955 20
13344 13090 20
11378 51 0
14942 14637 22
6013 5416 21
2458 1660 19
9001 8745 20
10012 9777 20
16629 16339 19
15302 1824 15
16291 15268 22
8909 8710 20
16724 68 0
16357 24 0
2102 68 0
2045 1750 20
510 68 0
12832 11934 22
11267 10898 20
5902 68 0
2875 6 0
13969 13972 13
12578 11923 20
4499 4339 20
3981 6 0
9868 9870 13
4783 4230 20
366 307 16
4202 3124 22
8926 8802 20
9229 8724 21
11454 10805 19
14621 1078 14
8948 8658 19
3317 2995 20
5700 5427 20
8053 7592 20
9106 68 0
3507 3154 20
4944 62 0
10613 10316 22
11263 10919 20
7916 7705 20
11799 6 0
14133 68 0
12118 11877 19
15919 15157 22
8289 7572 22
15603 15304 20
9823 9827 13
488 228 20
7048 6632 19
15701 15200 20
9166 8658 19
9684 8765 22
995 69 0
5820 5446 20
9259 42 0
15213 2464 15
9128 8806 20
4881 69 0
9263 8795 20
7541 6746 22
12001 12002 13
4667 4229 21
9052 8658 19
2237 1660 19
4286 4223 17
13774 13059 22
5455 4396 16
13044 4904 16
14568 13968 19
12342 11978 20
12494 11911 20
10984 68 0
50 3 0
14168 14075 20
7936 7663 20
16130 6 0
512 178 20
3577 42 0
10499 6 0
1204 106 22
5191 4307 22
15682 15162 21
4578 4223 19
10095 9710 19
10610 6 0
3571 3167 14
13352 68 0
634 105 19
3622 2944 19
13944 13132 22
10078 9764 20
16241 15244 22
2779 1748 22
8035 7710 20
5958 5432 20
11339 10953 20
4631 68 0
5163 4925 22
9177 8753 20
6187 5489 20
9007 8785 20
15768 42 0
6137 5517 20
13415 13041 20
11454 4290 14
5294 4929 22
5801 5387 21
14321 13968 19
15739 15205 20
13520 13059 21
7216 6633 22
12353 11877 19
12557 11877 19
15750 15156 19
12630 11884 22
1954 68 0
15850 42 0
10036 9866 20
6373 6 0
16877 42 0
6215 5362 12
102 78 10
4094 3054 22
8709 8710 13
11195 10805 19
1313 1092 22
12058 68 0
4333 24 0
16640 16356 21
15866 62 0
5824 5473 20
9379 8668 22
5809 5537 20
15822 15167 21
8306 8168 22
8905 8658 19
16838 1074 14
13579 13016 12
8026 68 0
6345 5391 22
3402 2946 20
11432 42 0
15687 15217 20
8302 7577 22
13473 42 0
7336 7106 22
2672 2467 22
6259 5373 22
2029 1682 20
16037 15186 22
5486 968 14
13313 13016 19
4438 4281 20
15524 15167 21
2515 1660 19
14912 14703 22
4739 4363 20
735 209 20
4670 4333 20
3339 2944 19
14262 13997 20
3759 3760 14
10220 9827 20
11424 62 0
9868 9871 13
13870 13096 22
16651 68 0
10020 9744 20
20 2 1
15445 15258 20
9491 9236 22
9376 6 0
12562 11920 21
8624 7675 22
14760 14610 22
8822 8658 19
17078 6 0
2192 1862 20
8879 8658 19
1820 254 16
10036 9714 21
15707 15156 19
7821 7571 19
4550 4329 20
3761 42 0
12754 12471 22
5794 5392 20
8862 8658 19
9141 8661 20
10159 9848 20
4000 6 0
8087 7571 19
11683 10844 22
3729 3124 21
9201 8715 20
7967 7617 20
1118 109 20
783 127 20
8048 7587 20
9642 6 0
3569 3063 20
10788 9846 22
7280 6648 22
2248 1874 20
13976 40 0
2210 1695 20
5594 68 0
4113 3745 22
4356 7 0
11006 10939 20
6451 5431 22
16155 6 0
16901 42 0
15728 15242 20
13330 13022 20
9939 68 0
8203 7571 19
16902 16431 20
4821 42 0
6066 5517 20
12752 6 0
14318 14041 20
14654 42 0
3514 2944 19
11714 6 0
1333 155 22
5684 5530 20
8796 8800 15
13938 13541 22
7837 7571 19
14270 14048 20
9852 940 14
3842 2960 22
7921 7571 19
11887 69 0
2605 1681 22
412 105 19
11334 10854 20
6215 54 0
13936 13126 22
4760 4351 20
14286 14107 20
14957 14026 22
905 171 20
12388 11925 20
16894 51 0
7373 6 0
12482 11877 19
16036 6 0
631 186 20
11042 10869 21
2119 68 0
8540 8148 22
2135 1662 20
2749 6 0
10087 9710 19
14202 14129 20
16997 16352 22
15873 15156 19
8887 8673 20
3535 68 0
665 105 19
8993 8785 20
3338 68 0
6167 1720 14
5836 5451 20
7021 68 0
3580 2957 20
7286 6 0
6291 5377 22
14444 13992 20
5883 5384 20
14744 13969 22
15844 15189 20
8922 68 0
1735 69 0
4770 68 0
5964 5365 20
12441 11999 20
3217 3047 20
6550 5471 22
6953 6691 20
13332 13147 20
14695 14076 20
11441 2478 14
5558 5362 19
8779 8780 13
11336 10915 20
5617 5369 20
17186 6 0
16347 9861 14
8448 8160 22
12873 12548 22
6893 6740 20
7391 7140 22
6967 68 0
16999 16352 22
4868 4400 20
14521 13968 19
2602 1681 22
15772 15190 20
15422 15164 20
15233 24 0
16900 42 0
12581 69 0
2033 68 0
497 293 20
9826 41 0
9200 8658 19
4498 4388 20
4711 68 0
8271 54 0
5450 5453 14
10175 68 0
11942 9289 14
6398 6 0
14990 14629 22
5292 6 0
16528 16420 20
12492 51 0
8070 7590 21
13903 6 0
2506 42 0
12444 11877 19
12496 11877 19
2601 1681 22
829 68 0
13714 6 0
17015 16356 22
15703 15156 19
1373 6 0
2121 1773 20
14208 14078 20
12946 6 0
2245 68 0
13812 6 0
16953 6 0
11048 68 0
11139 68 0
5276 6 0
16998 6 0
6047 42 0
2456 2457 14
4999 6 0
14206 14094 20
13804 6 0
687 272 20
11305 10934 20
7118 42 0
5879 5537 20
13489 13079 20
14714 42 0
12393 68 0
5580 5541 20
982 62 0
8459 6 0
5872 5427 20
13157 13160 13
3466 3054 21
306 69 0
10601 9767 22
3703 3159 20
12367 11877 19
14663 1129 14
13266 13102 20
730 235 20
4458 4399 20
9956 9737 20
13853 13093 22
4647 4393 20
7140 6742 20
13915 6 0
9324 8658 12
8540 7643 22
9942 9724 20
9660 9260 22
13864 6 0
14611 42 0
3196 3112 20
297 300 14
4724 4225 20
15113 6 0
3597 62 0
16093 15787 22
7100 69 0
4801 4372 21
9225 62 0
8888 8690 20
11789 11431 22
80 78 10
4664 4308 20
2497 1698 14
2371 2372 14
3083 24 0
12258 11943 20
1665 69 0
8919 8658 19
16066 6 0
551 121 20
13444 13031 20
4673 68 0
14701 42 0
7135 6632 19
7296 6 0
15885 15267 20
8846 8756 20
54 22 1
5524 5526 13
325 24 0
13705 13044 22
10189 68 0
7383 6680 22
10264 9845 20
12925 12504 22
5573 5462 20
5556 5362 19
8133 7582 21
3064 3066 13
7693 69 0
4543 4379 20
8369 6 0
12344 11963 20
12529 11881 20
17201 16424 22
764 258 20
9453 6 0
11812 10896 22
15823 15285 20
15557 15237 21
15862 51 0
8728 8729 13
9664 6 0
12443 11913 20
6015 5397 20
439 105 19
6554 6068 22
15807 15156 19
5694 5407 20
7281 6 0
836 207 21
4564 68 0
13835 6 0
2064 1773 20
5866 5362 19
11603 11399 22
15692 15156 19
17149 16870 22
7333 6 0
13253 13082 20
14476 14044 20
10064 9798 20
944 273 20
15550 15230 20
15866 15218 20
12251 11998 20
1887 1660 19
11006 10808 20
16501 16379 21
12951 12524 22
3737 51 0
12114 11913 20
14842 13991 22
11489 10805 19
575 107 20
5923 5462 20
15423 15312 20
10650 9781 22
17082 16825 22
14097 14100 13
9941 9825 20
14840 14716 22
13040 13043 13
7188 6673 23
2297 1660 19
8595 6 0
8183 7571 19
2327 1660 19
4611 4345 21
11238 68 0
5987 5370 20
14622 13968 19
4454 4399 20
10115 9758 20
14876 14711 22
15693 15253 20
3838 6 0
14190 68 0
4351 24 0
5260 4332 22
5942 68 0
3705 51 0
6998 6686 20
7281 6648 22
6234 6 0
4147 3685 22
4636 4413 20
4857 4257 20
3401 3066 20
6863 6652 21
10326 2500 14
3590 3062 20
10575 9757 22
7244 6641 22
10271 9781 21
17252 16450 22
11256 10816 20
3726 2965 21
8286 7572 22
3489 68 0
14430 13968 19
5323 6 0
2179 1756 20
9739 9740 13
10552 9753 22
10918 10920 13
17139 6 0
11104 68 0
13495 13132 21
5749 5407 20
14212 13968 19
8838 8741 20
106 110 14
6339 6105 22
16005 15181 22
8625 7679 22
6238 6084 22
13960 13145 22
1248 920 22
16641 16344 20
9049 8658 19
12332 12002 20
3510 2955 20
935 196 20
13558 13038 20
15847 15156 19
11898 24 0
8167 51 0
6356 6035 22
14311 14022 20
16862 42 0
4993 4229 22
6705 41 0
3680 3078 20
2024 1725 20
2412 42 0
2144 68 0
14020 14024 13
4509 4274 20
5814 5421 20
7906 7571 19
4291 3053 15
10797 6 0
6039 5458 20
16827 69 0
9430 6 0
4997 4235 22
3371 3061 20
11427 10805 19
8426 7607 22
14476 14128 20
16392 69 0
5881 5362 19
1788 41 0
16554 16361 20
12544 11989 21
3097 24 0
16753 16376 20
3566 62 0
4851 4223 19
16182 15229 22
9351 9229 22
675 128 20
6124 5417 23
453 68 0
16823 16365 21
5808 5467 20
6122 42 0
1470 6 0
6763 69 0
11684 10844 22
5444 69 0
14361 14032 20
12575 11877 19
12533 3764 14
16123 15857 22
9136 8785 20
13233 13016 19
11938 11941 13
5648 5432 20
11347 10812 20
4914 4408 23
1710 1713 13
3735 2944 19
0 1 0
7924 7604 20
12871 6 0
11620 11416 22
11438 10868 20
1886 1660 19
9805 24 0
12201 68 0
2357 42 0
14009 124 16
5234 4323 22
8080 7571 19
6012 5462 20
11159 10845 20
11440 51 0
3409 3118 20
14403 13968 19
4330 41 0
2332 42 0
14416 13977 20
15461 15270 20
6106 5464 20
14286 14093 20
14734 54 0
12926 11959 22
14461 68 0
17056 6 0
2395 62 0
6051 62 0
3457 3132 20
5618 5468 20
17193 16811 22
10351 9710 19
3157 3158 13
7086 51 0
17136 6 0
6886 6667 20
10149 68 0
11957 24 0
5919 5547 20
12368 11943 20
8140 7642 20
3029 3030 13
12719 6 0
14957 14622 22
6865 6682 20
6698 6701 13
14684 14026 21
11703 10853 22
9600 8728 22
5820 5468 20
4801 2518 14
3857 6 0
15171 6097 14
3240 3073 20
12898 12585 22
16959 6 0
15479 15178 20
12227 11930 20
5186 4302 22
9913 9710 19
13052 13055 13
11108 10805 19
2969 69 0
1478 6 0
14523 68 0
8964 8699 20
6866 6704 20
10290 9711 21
7703 1705 16
2428 2429 14
2568 1668 22
2550 1661 22
16465 24 0
15577 15201 20
11838 11401 22
9425 6 0
7768 7622 20
14065 3122 16
15570 15156 19
13132 13136 13
7110 42 0
16074 15793 22
2121 1712 20
15181 15156 17
6680 6681 13
3742 42 0
4883 69 0
15395 68 0
2159 1856 20
7571 18 0
15792 15313 20
426 325 20
10713 9801 22
7121 6701 20
6698 6699 13
13910 13112 22
16844 16454 21
3179 3061 20
9218 8697 21
17269 16917 22
7726 7578 20
1783 41 0
10303 51 0
10063 9820 20
761 68 0
10061 9824 20
11223 10805 19
11942 11943 13
11838 11490 22
7967 68 0
4893 62 0
6320 6164 22
12457 11917 20
5302 4876 22
11614 6 0
467 242 20
11933 41 0
3319 3083 20
12553 9789 14
11331 10805 19
14635 51 0
11484 10823 21
4919 4254 21
10132 9858 20
373 41 0
7779 7700 20
3817 2954 22
11434 42 0
1200 106 22
1530 256 22
15467 15252 21
602 68 0
7859 7648 20
5325 4864 22
2088 1768 20
16518 68 0
11517 54 0
5387 5389 13
10087 9842 20
1009 69 0
2588 2508 22
7059 6632 19
472 121 20
5157 4291 22
9747 3727 15
5625 5407 20
7937 68 0
15709 15192 20
14276 13968 19
8411 7603 22
4972 4224 22
3265 2947 20
2503 1804 23
806 187 20
9070 8797 20
8016 7641 20
11116 10953 20
7176 6632 19
12614 6 0
14204 68 0
11185 10824 20
7667 7670 13
14070 2482 14
2464 69 0
1434 207 22
1169 241 21
5929 5362 19
1732 41 0
12351 11893 20
10721 10254 22
7786 7592 20
2515 1876 20
4198 3124 22
8020 7584 20
15834 15170 20
3681 3682 14
6504 5450 22
10217 9756 20
16548 68 0
14398 68 0
2385 1779 21
3596 2944 19
12511 11877 19
2475 1737 21
16909 16343 21
3985 3013 22
8066 7651 20
698 279 20
8994 8749 20
12123 11935 20
1661 1665 14
8224 7571 19
6989 6691 20
6288 6 0
368 24 0
7650 7651 13
16748 16339 19
2217 1773 20
9382 6 0
6639 41 0
14665 62 0
8084 7571 19
12307 68 0
5759 5502 20
537 348 20
2870 1803 22
14201 14014 20
12484 11877 19
459 317 20
7043 6765 20
11316 68 0
9220 8667 20
11086 10861 20
3660 3661 14
1135 69 0
3698 3020 20
8539 6 0
3609 2944 19
15670 15192 20
5918 5362 19
9675 9239 22
928 105 19
1025 331 21
8959 68 0
7112 42 0
14056 2510 16
8073 7690 20
3256 2944 19
2130 1696 20
2513 2514 14
7745 7684 20
1648 347 22
1019 51 0
809 105 19
8594 8131 22
5794 5412 20
11997 11998 13
6072 5423 20
4134 3071 22
16739 16433 21
3581 3076 21
17117 16851 22
10823 10824 13
3716 42 0
13749 13056 22
12178 11977 20
16003 15863 22
430 68 0
13967 0 11
5446 24 0
10058 9853 20
9870 24 0
126 133 16
11176 10885 20
14043 2376 14
13810 13546 22
13105 13016 17
15690 15192 20
366 198 15
9151 8767 20
6038 5450 21
4917 4410 20
11040 10805 19
12143 12006 20
9585 9251 22
8582 7653 22
15088 14070 22
9886 9772 20
2396 69 0
14555 68 0
7531 6739 22
3372 68 0
13594 13568 22
9506 9218 22
13268 13016 19
9077 8780 20
14400 14111 20
16901 3694 14
7974 7623 20
3216 3081 21
1552 1160 22
14060 14063 13
5904 5467 20
3452 2979 20
4834 4309 20
6933 6777 20
4976 4856 22
8154 7571 19
2422 69 0
5972 5362 19
14726 13968 12
8926 8673 20
12335 68 0
3937 6 0
10725 10339 22
4875 4816 14
8009 7648 20
9366 9256 22
3023 3028 15
9030 8674 20
14593 14064 20
1377 6 0
1352 6 0
12201 11909 20
3881 2972 22
5926 5362 19
16119 15209 22
15508 68 0
6161 5362 19
13445 13106 20
6376 6 0
1370 6 0
1809 1813 13
2281 1660 19
17286 16818 22
589 194 20
3903 3586 22
435 341 20
4902 125 14
1908 1724 20
7868 7663 20
5863 5505 20
9149 8658 19
16503 16426 20
4243 41 0
5983 5427 20
3855 3681 22
5431 5362 17
13337 13114 20
4235 4223 18
14302 13968 19
654 128 20
6179 5362 19
6563 6 0
5017 6 0
13473 62 0
13869 13096 22
12724 11904 22
507 128 20
7861 68 0
4896 4410 20
11279 10920 20
10968 10817 20
13504 42 0
14827 6 0
11318 68 0
15864 42 0
4191 3111 22
954 42 0
10009 68 0
3622 2948 20
5597 5515 20
1186 69 0
2355 1700 21
13915 13116 22
10025 9749 20
805 68 0
10074 9710 19
256 259 13
4534 4262 20
2345 62 0
3013 3017 16
7834 7574 20
4705 4414 20
775 264 21
11062 10909 20
6354 5396 22
11423 10890 20
16619 16451 20
12501 11877 19
5967 5462 20
2674 1706 22
12758 6 0
15248 15249 13
10896 10898 13
6503 6 0
3813 3735 22
13278 13073 20
10115 9710 19
13338 13073 20
10309 9803 20
3185 2944 19
12531 11981 21
1077 105 19
13560 13017 21
13257 13016 19
5270 4942 22
6184 5362 19
4451 4379 20
2051 1793 20
1347 162 22
10159 9718 21
521 215 20
13474 42 0
1460 6 0
11637 11412 22
6042 5367 20
14178 14067 20
10316 62 0
10528 10293 22
15573 15249 20
5996 68 0
5790 68 0
7978 7633 20
3008 9 0
6755 6758 13
9679 9309 22
865 187 20
16569 16420 20
17176 16408 22
15025 14047 22
13056 13057 13
10342 9746 20
5969 68 0
6585 6135 22
14630 14005 21
1449 214 22
14352 13998 20
1967 1768 20
14502 68 0
8925 8661 20
5327 4902 22
6281 6 0
5556 5405 21
12449 11879 20
15823 15184 20
13320 13142 20
8942 68 0
16896 16364 20
5222 4317 22
13279 68 0
5947 5406 20
10802 9873 22
617 68 0
3543 3125 20
12148 11894 20
11049 10854 20
795 349 20
8161 51 0
5513 5517 13
4352 24 0
11013 10875 20
4858 4394 20
7999 7571 19
11096 10893 20
13637 6 0
1342 1141 22
13419 13016 19
15581 15262 20
8516 7636 22
871 105 19
4630 4352 20
12723 12535 22
8085 7644 20
12584 51 0
7973 7680 20
15828 15284 23
15660 15156 19
16647 16362 20
433 68 0
7107 42 0
10200 9710 19
2071 1841 20
15701 15201 20
12814 6 0
6340 6 0
9173 8658 19
14677 42 0
8720 7076 15
4826 951 14
15199 15201 13
17221 16433 22
7272 7094 22
3958 3698 22
264 266 13
7446 6698 22
2726 6 0
13018 24 0
12410 11877 19
1942 1828 20
13964 13483 22
7089 7090 14
419 126 21
3397 3061 20
8391 6 0
17222 6 0
9979 9847 20
11276 10805 19
14993 14635 22
353 355 13
12394 68 0
16623 16339 19
1013 1014 14
12108 12024 20
5631 5363 21
11916 4799 15
2102 1663 20
3696 3043 20
10725 6 0
17134 16877 22
2302 69 0
9118 68 0
16860 16364 20
10587 9763 22
6080 42 0
3711 42 0
1392 185 22
12368 11877 19
13314 68 0
15758 3110 14
4435 68 0
6236 5363 22
3596 3050 20
14292 13968 19
6917 6728 20
13403 13018 20
6641 2510 14
14747 13969 22
2592 1674 22
6982 6632 19
8238 7571 19
13996 13997 13
14005 9861 14
5706 5388 20
11397 10846 20
15877 15162 21
6111 5442 20
16977 6 0
1761 951 14
15529 15196 20
1015 295 20
1953 1707 20
3673 2944 19
1915 68 0
16898 16471 20
10392 9714 22
8025 7659 20
530 68 0
12631 6 0
1611 6 0
7795 7583 20
4911 4416 20
3426 3141 20
10721 10321 22
15786 15156 19
10045 9740 20
14646 14123 20
3044 69 0
14609 14113 20
10914 10917 13
12578 11877 19
15716 68 0
9137 8676 21
13567 13016 19
11260 10939 20
12233 68 0
16812 16474 20
876 105 19
13406 13016 19
935 42 0
2660 1700 22
2386 1703 20
16863 42 0
13490 13040 21
5167 4295 22
4692 68 0
16513 16409 20
4640 68 0
14479 13969 21
10948 10950 13
8102 68 0
2009 1660 19
11981 8159 14
8242 7670 20
5722 5384 20
11151 10805 19
5792 5362 19
9910 68 0
938 69 0
10117 68 0
615 249 20
1204 1150 22
8308 6 0
11570 11450 22
14936 14020 22
16631 16398 20
3740 3015 20
1376 6 0
10285 9711 21
2476 1772 21
16490 68 0
16921 16339 19
9485 8697 22
2942 1873 22
8726 41 0
5711 68 0
8043 7574 20
8542 8172 22
3250 3148 20
11131 68 0
3670 2949 21
15685 15258 20
6235 6199 22
4782 4223 19
2487 42 0
408 105 19
10941 47 0
5882 5417 20
2467 1694 21
10830 1113 14
3825 2954 22
16671 16444 20
9739 9742 13
2068 1856 20
8352 7590 22
977 105 19
4606 68 0
16140 15216 22
10235 42 0
13398 13087 20
12368 68 0
17263 16454 22
12257 11877 19
15476 15156 19
2821 6 0
13189 68 0
8599 8175 22
1217 967 22
1302 141 22
703 68 0
10168 9874 20
6604 6 0
1120 197 20
11235 68 0
4499 4308 20
5636 68 0
10206 68 0
5556 5537 20
15800 15156 19
11384 10887 21
6820 6668 20
4769 4357 20
6902 68 0
8138 7571 19
5612 5531 20
8924 68 0
12340 11913 20
8250 7571 19
7171 6632 19
1886 68 0
14545 13968 19
16305 6 0
11241 68 0
13521 13079 20
4944 4359 20
2498 42 0
11040 10876 20
17205 16865 22
6092 5483 20
8343 7586 22
12170 11889 20
2922 6 0
5617 5515 20
11783 11488 22
13173 13113 20
16746 16367 20
1691 41 0
11602 10823 22
3157 3159 13
15670 15223 20
11389 10805 19
17095 6 0
2808 6 0
4979 4224 22
1964 1711 20
9772 24 0
14378 14128 20
8845 8658 19
15217 24 0
7036 6773 20
3262 68 0
9117 8680 20
256 263 16
14642 14068 20
6794 6760 20
12049 12024 20
11245 10817 20
2406 42 0
4609 4388 20
84 22 7
8182 968 14
1185 335 20
4984 6 0
5533 41 0
14247 14103 20
1906 1662 20
5211 4312 22
7155 7156 14
3146 3148 13
11085 10832 20
11125 68 0
1930 1780 20
7277 7128 22
4166 6 0
7792 7571 19
392 293 20
5895 68 0
16229 15808 22
10352 9829 21
4103 3060 22
5546 2394 16
10417 10318 22
10709 10316 22
14299 13968 19
6063 5362 19
3891 6 0
371 376 15
4239 40 0
339 340 13
13389 68 0
5466 9 0
9239 8728 21
14656 4866 14
1274 6 0
16857 42 0
4393 24 0
9063 8786 20
16370 16374 13
11658 10835 22
15927 6 0
12288 11987 20
8680 24 0
13932 6 0
8297 8184 22
5461 24 0
14326 14011 20
15520 68 0
13521 62 0
14667 42 0
4611 68 0
15364 15156 19
5329 4849 22
11211 10876 20
6518 6 0
9300 8658 19
2252 1762 20
11786 10880 22
13840 13526 22
4720 68 0
10982 10832 20
16016 15850 22
13378 13073 20
4995 6 0
9476 6 0
13557 13096 21
8506 6 0
12287 11917 20
14745 13969 22
16721 16372 20
15073 6 0
8906 8776 20
14780 14714 22
16408 16410 13
1481 226 22
10564 6 0
9166 8749 20
3234 68 0
11131 10824 20
8329 7586 22
9271 51 0
12510 11877 19
6168 62 0
13268 68 0
51 52 1
4235 4236 13
15342 15156 19
3577 3029 21
3187 68 0
15662 15245 20
10065 9838 20
7485 6706 22
592 310 20
9796 9710 17
11451 10951 20
15358 15312 20
10711 9801 22
8998 8694 20
11629 11443 22
14599 14055 20
2212 68 0
5601 68 0
6184 51 0
12276 11879 20
8390 7599 22
234 236 13
7302 7130 22
843 105 19
5641 5362 19
4307 9 0
925 926 14
3394 68 0
1280 1162 22
8007 7651 20
7958 68 0
10317 42 0
11327 10817 20
8154 42 0
1738 24 0
11178 10953 20
15140 14106 22
16700 68 0
5609 5482 20
13394 13048 20
7824 7578 20
13398 13078 20
10985 10919 20
13096 3115 15
13566 1728 14
16834 42 0
13439 13078 20
2291 1719 20
15732 15237 21
9099 8658 19
11204 10805 19
4180 6 0
8069 7604 20
8996 8785 20
11221 10825 20
7853 7676 20
7453 6698 22
12344 68 0
6648 6650 13
2108 1774 20
7084 51 0
12183 12003 20
7603 40 0
2226 1690 20
5643 5530 20
8468 7616 22
10638 9781 22
13858 13096 22
16592 68 0
15440 15238 20
8955 8749 20
11619 11418 22
10321 9811 20
4280 4223 17
6730 41 0
14657 5404 14
412 68 0
7784 7690 20
15571 15288 20
2216 1683 20
4779 4223 19
10260 9713 20
9938 9797 20
15560 15241 20
13735 13501 22
11547 10806 22
11504 10805 19
5807 5412 20
13454 68 0
16868 16339 19
4407 4408 13
16602 16389 20
647 256 21
11018 10876 20
11833 6 0
5763 5362 19
7826 7571 19
2143 1749 20
5861 5514 20
2798 2419 22
16820 16339 19
6924 68 0
7764 68 0
13416 68 0
2174 68 0
13470 13129 20
4493 4351 20
14273 13968 19
7542 6 0
6067 5401 21
10944 4810 15
12746 11912 22
8190 7620 20
15614 68 0
10162 9773 20
15265 15156 17
16067 6 0
8497 8250 22
1257 1060 22
3738 69 0
5559 5362 19
8445 6 0
17272 16463 22
4052 6 0
10392 10221 22
5622 5521 20
3250 3019 20
15136 14101 22
766 68 0
14193 68 0
15225 2516 15
11568 10815 22
16881 42 0
5924 5374 20
7748 7608 20
13615 13539 22
6689 69 0
14454 68 0
16914 16356 21
13680 13035 22
9034 8658 19
199 69 0
7903 7571 19
16793 16357 20
13975 41 0
16836 16374 20
13177 68 0
8122 7571 19
14354 13968 19
16305 15276 22
1883 1660 19
13655 13563 22
16811 16339 19
13729 13474 22
16134 15213 22
4165 6 0
15056 6 0
6941 6632 19
774 68 0
1229 113 22
11050 10816 20
15647 15156 19
13558 62 0
1836 41 0
10678 9791 22
294 41 0
7640 9 0
11046 10949 20
16416 10294 15
2184 1863 20
8013 68 0
957 42 0
14599 13979 20
15566 15304 20
4479 4347 20
14315 13984 20
14584 13968 19
12337 11889 20
12548 1127 14
13916 13116 22
1439 6 0
724 185 21
15752 42 0
5546 47 0
14001 14003 13
4682 4223 19
13299 13087 20
7416 7114 22
8814 8802 20
2355 1660 19
9829 9832 15
6932 6704 20
16589 16452 20
8550 6 0
9523 6 0
4444 4288 20
411 243 20
12187 11921 20
14368 68 0
5645 68 0
15036 6 0
11440 10923 21
9752 69 0
15311 24 0
9149 8725 20
13595 13520 22
9128 8658 19
3370 68 0
5629 5362 19
8600 6 0
15679 15156 19
7984 7595 20
5754 5362 19
17208 16891 22
16573 68 0
11644 10830 22
3593 69 0
11366 10921 20
3467 3090 20
16855 16422 20
17257 6 0
2828 2373 22
9388 9304 22
17174 16408 22
8884 8658 19
15862 15248 21
2708 6 0
6165 6166 14
1907 68 0
9972 9843 20
16509 68 0
5494 5496 13
4592 68 0
7419 6690 22
4493 4421 20
5432 24 0
2304 1805 20
14640 13979 20
15487 15156 19
16025 15186 22
1156 251 20
8265 54 0
14306 14035 20
15660 68 0
8225 7619 20
162 40 0
16506 16389 20
3088 3090 13
6624 6047 22
8796 8658 17
12499 11906 20
639 378 20
10118 9764 20
9071 68 0
16308 15880 22
292 293 13
11058 10805 19
4419 4423 14
12058 12007 20
11398 42 0
931 236 20
6374 5401 22
1521 1000 22
14209 13974 20
16833 4294 14
6995 6657 21
3525 2995 20
13187 13061 20
7816 7672 20
6109 5416 21
16074 6 0
8118 7588 20
4740 4393 20
3140 217 16
8128 62 0
6898 6740 20
11053 10808 20
3134 41 0
15749 15205 20
11052 10805 19
1619 6 0
10237 9870 23
10253 9739 21
3124 3129 15
7831 7571 19
15369 15205 20
16123 15213 22
16866 16466 20
7383 6 0
11008 10805 19
16617 16426 20
6140 5434 20
7547 6 0
12659 6 0
2469 42 0
15364 15299 20
4174 6 0
5709 5393 20
6476 6 0
1344 6 0
4978 6 0
2259 1780 20
2479 1786 21
5705 5362 19
15553 15196 20
1584 6 0
14431 13968 19
678 105 19
13356 13041 20
1235 119 22
12137 11982 20
4942 4223 19
14475 68 0
3454 2979 20
14664 13968 19
13547 42 0
5348 4896 22
11717 6 0
3181 3118 20
10932 3045 15
15119 14092 22
13896 13109 22
13555 51 0
9271 8675 20
10639 6 0
6955 6632 19
16908 16419 21
415 333 20
2777 2502 22
6474 6093 22
13604 13522 22
14383 14108 20
9541 9221 22
15780 42 0
6402 5411 22
16137 6 0
3511 2986 20
10625 10341 22
3584 2944 19
4038 3029 22
4426 68 0
13280 68 0
680 310 20
15415 15299 20
9722 7189 16
9142 8658 19
7621 7627 15
9446 9192 22
9331 8659 22
8054 68 0
1150 164 20
15885 42 0
12175 11972 20
14160 13968 19
2185 1695 20
4637 4223 19
15344 15303 20
2100 1798 20
11211 10841 20
6108 5362 19
12829 11934 22
4903 4225 23
8500 7628 22
10724 6 0
904 194 20
5373 5376 13
7829 7705 20
1254 1137 22
15916 6 0
4590 4340 20
6495 6082 22
7734 7571 19
5181 4302 22
1988 1862 20
8354 6 0
4820 62 0
7780 7622 20
17081 16379 22
13317 68 0
2121 1857 20
8937 68 0
14390 13968 19
11478 10856 20
2148 1863 20
7699 24 0
3644 3645 14
14439 13974 20
16010 15181 22
10513 6 0
10536 10254 22
551 105 19
1328 155 22
2960 2963 13
16888 16410 20
1518 942 22
2301 62 0
3267 2944 19
9911 68 0
640 68 0
6695 2455 14
12245 11877 19
14234 14066 20
12132 11959 21
16792 16455 20
14154 13968 19
4332 4333 13
7112 6632 19
1202 106 22
4239 4245 15
635 68 0
12818 11929 22
8047 68 0
2465 1782 20
16497 16376 20
1892 1781 20
9976 9736 20
11431 10880 21
5738 5374 20
13428 13078 20
13109 13016 17
7327 7160 22
6324 6 0
13101 9 0
4477 4223 19
13290 68 0
15483 15307 20
8989 8797 20
14697 13969 21
13240 13054 20
1200 6 0
9213 8787 20
1651 6 0
2868 1803 22
3345 3141 20
16849 42 0
17200 16819 22
14907 14703 22
13894 6 0
12555 11985 20
5796 5505 20
14214 13968 19
996 171 23
7369 6676 22
214 9 0
8946 8670 20
8076 7571 19
5793 5362 19
11195 10870 20
2553 6 0
13115 41 0
12070 11890 20
7103 6783 20
7209 6633 22
16557 16468 20
7492 7114 22
5103 4927 22
10844 225 15
13987 3682 16
14374 14107 20
14434 68 0
7978 7695 20
14265 13988 20
10729 6 0
7032 68 0
15211 24 0
8529 7640 22
4950 2300 14
9121 8681 20
17266 16454 22
8187 42 0
5357 6 0
7139 69 0
751 142 20
15271 41 0
13760 6 0
14994 14039 22
11755 11393 22
3927 3596 22
10446 9727 22
7381 6 0
12084 12024 20
6899 68 0
16782 68 0
11784 11382 22
1534 1098 22
9934 9866 20
4200 3124 22
7148 42 0
2926 6 0
12435 11972 20
4822 51 0
2588 6 0
2192 68 0
5731 5495 20
12673 11892 22
15377 15244 21
3765 42 0
4075 6 0
14026 9 0
15440 15241 20
10376 9711 22
14539 14094 20
16537 16339 19
9558 6 0
15095 14651 22
9272 8783 20
14338 13968 19
1873 1874 13
718 68 0
7042 6685 20
5571 5505 20
13518 62 0
9951 9710 19
10417 6 0
16053 15779 22
2050 1816 20
12484 11881 20
4160 3088 22
941 42 0
6727 6732 14
13540 13052 21
1017 130 20
15515 15246 20
8685 8688 13
14945 6 0
16776 16339 19
10557 6 0
6851 6752 20
3423 2980 20
14388 13968 19
3607 3033 20
5043 6 0
7897 7571 19
4524 4318 20
12518 11902 23
9047 8752 20
11314 10805 19
535 324 20
6960 6765 20
11838 6 0
6975 6632 19
15676 68 0
16204 15232 22
14460 13968 19
3428 68 0
6324 6163 22
15854 42 0
6152 3760 14
7035 6673 20
12676 11896 22
7636 7637 13
6829 6632 19
11194 68 0
11780 10880 22
1985 1857 20
10153 9723 20
7990 7699 20
562 105 19
14815 13987 22
5728 5374 20
7721 7696 20
13576 54 0
10140 9710 19
9377 8668 22
14234 13968 19
1187 62 0
10204 9710 19
2830 1772 22
11149 10871 20
399 105 19
12109 11889 20
16908 42 0
15171 15156 17
11429 10939 23
10248 9867 20
5729 68 0
13399 13082 20
119 122 13
3446 68 0
13121 206 16
16277 6 0
1629 6 0
13927 13126 22
7482 6706 22
7237 6637 22
3064 3068 13
12942 12558 22
12167 11877 19
3448 3148 20
13531 13047 21
10145 9710 19
10210 9776 20
8210 51 0
14568 14057 20
6104 217 14
8401 8183 22
15869 15156 19
15493 15156 19
3280 2944 19
7181 6683 20
10099 9805 20
16455 24 0
11558 10811 22
1124 141 21
12133 11877 19
11846 6 0
3794 6 0
3503 2947 20
11569 6 0
9098 8658 19
2126 1780 20
762 378 20
6677 24 0
6421 5416 22
15843 15161 20
11452 10827 21
7220 6633 22
10957 10805 19
10590 6 0
4139 3729 22
757 156 20
15632 15156 19
10687 9796 22
5684 5515 20
697 128 20
12448 11931 20
16575 16468 20
1472 961 22
12098 11947 20
15358 15156 19
10970 10805 19
13275 13073 20
2184 1874 20
5477 5478 13
413 68 0
3184 2991 20
11864 10927 22
6942 6632 19
1541 6 0
8841 8694 20
11442 42 0
8661 24 0
6088 6089 14
5455 5456 13
10993 68 0
16471 41 0
11357 10805 19
1876 41 0
11475 42 0
6077 5362 19
15877 2390 14
3556 2972 21
7113 6094 14
16806 16367 20
12406 11893 20
1533 256 22
12301 11877 19
8031 68 0
14549 13997 20
15350 15238 20
9932 9710 19
12439 68 0
10169 9847 20
5431 5433 13
1717 1721 15
8615 7671 22
5609 68 0
16564 16451 20
16397 261 14
12889 11951 22
603 332 20
2698 1710 22
3107 3110 16
3872 3670 22
15548 15270 20
11157 10805 19
15497 15156 19
3199 68 0
9992 68 0
17115 6 0
7794 7641 20
16552 16367 20
13538 42 0
14643 51 0
15485 15254 20
15584 15277 20
3580 3054 21
4399 24 0
14005 14007 13
12504 8129 14
16807 16339 19
4383 4385 13
11460 10805 19
2117 1660 19
4618 68 0
650 68 0
6020 5391 21
12037 11877 19
284 69 0
15974 6 0
15629 68 0
13649 6 0
15826 15240 21
15100 14077 22
11111 10808 20
16760 16344 20
10673 6 0
5668 5374 20
9898 68 0
15862 11381 14
7798 68 0
5132 6 0
12376 12006 20
6124 5504 21
6888 6632 19
15488 15226 20
6030 5362 19
11 8 1
9088 68 0
8676 6738 15
4701 4226 20
8672 1796 14
8212 7660 20
8021 7704 20
5651 5362 19
12362 12011 20
3630 3024 23
12269 11997 21
14876 6 0
10123 68 0
7919 7659 20
8079 7655 20
4530 68 0
15654 15156 19
12963 11981 22
4362 4365 14
16953 16340 22
6940 6632 19
9914 9858 20
17137 16818 22
4192 3111 22
15655 15238 20
648 105 19
226 233 16
11158 68 0
3690 976 14
7814 7663 20
9116 8658 19
2026 1811 20
5647 5362 19
8389 7599 22
16556 16417 20
6839 6736 20
13924 13476 22
8269 54 0
8235 7692 20
106 112 16
7142 2964 14
8649 6 0
4813 69 0
3539 2980 20
17152 16401 22
791 68 0
9653 8751 22
14516 14078 20
717 280 20
11884 1051 14
5954 5509 20
2827 6 0
3182 3048 20
5154 4291 22
14225 14128 20
3672 3018 21
5678 5389 20
3534 3036 20
12535 42 0
16889 16427 20
1525 248 22
6966 6756 20
13488 8770 14
17026 6 0
3895 2978 22
14387 13968 19
12262 68 0
6494 6 0
14347 68 0
4546 4226 20
12190 11890 20
9273 8658 19
5442 41 0
120 24 0
3365 68 0
3691 3138 20
2008 68 0
14354 14082 20
2115 1828 20
17137 6 0
5990 5383 20
13478 13035 21
8746 24 0
5410 69 0
16818 16378 20
12681 11896 22
12497 200 14
2791 1755 22
1623 316 22
9920 9720 20
12096 12002 20
15870 12581 14
5846 68 0
5905 68 0
4624 4399 20
13463 51 0
12169 11913 20
9914 9842 20
3293 2944 19
9490 8697 22
14632 13968 19
15656 15233 20
7024 68 0
6963 6720 20
470 68 0
8391 8155 22
14295 13968 19
14575 68 0
11286 10820 20
10444 6 0
11402 42 0
6370 6081 22
7000 68 0
675 157 20
1852 41 0
759 195 20
15403 15230 20
15610 68 0
15221 15224 13
14051 4949 16
15451 15258 20
11047 10881 20
11009 10821 20
2064 1695 20
16784 16344 20
13043 41 0
8972 68 0
11404 6171 14
12433 11963 20
16878 62 0
14636 9235 14
8672 8673 13
3973 6 0
902 272 20
15104 14650 22
15426 15156 19
16459 16339 17
10093 9824 20
8238 1678 14
12270 11913 20
15258 24 0
11793 6 0
10259 9849 20
15074 14065 22
4342 41 0
5986 5362 19
2600 6 0
14702 69 0
8610 6 0
13850 13500 22
7846 7571 19
2278 1660 19
16823 16339 19
8400 6 0
11096 10805 19
15198 41 0
14295 14079 20
14366 14013 21
4477 4255 20
16083 15845 22
830 234 21
15335 15156 19
13824 13567 22
12672 11892 22
10001 9782 20
11441 10805 19
1449 6 0
1545 6 0
9595 6 0
14342 14111 20
15083 6 0
12232 11877 19
10763 6 0
4073 3657 22
5665 5407 20
2325 1661 21
7116 6632 19
15705 15303 20
15035 14689 22
14550 68 0
1730 1734 14
9518 8709 22
5062 4254 22
16039 15864 22
10883 69 0
13367 13096 21
12503 11877 19
16623 16430 20
12625 6 0
4154 3081 22
16372 24 0
12455 11877 19
3178 68 0
14230 14094 20
4854 42 0
7971 68 0
10512 9743 22
15054 14587 22
14600 42 0
12427 11947 20
10589 10341 22
6111 5457 20
11244 10888 20
11501 10833 20
434 105 19
1152 1153 14
13426 13122 20
2889 1815 22
12192 11897 20
13516 13108 20
9935 9723 20
2291 42 0
11159 10885 20
16319 15847 22
12546 11979 20
3282 2944 19
11023 10924 20
16776 68 0
6543 6102 22
13285 13151 20
3568 3041 21
9975 9739 21
10150 68 0
7819 7618 20
3282 3118 20
3124 3128 14
2804 6 0
9042 8658 19
7725 7705 20
7069 42 0
11472 10865 21
7553 6755 22
6073 5419 21
7321 6657 22
12136 11890 20
6927 6707 20
14319 14040 20
8842 8686 20
7766 7676 20
7643 7646 13
1230 6 0
1273 134 22
10436 10336 22
12751 11912 22
8602 8202 22
9164 8658 19
11135 10871 20
5367 41 0
3315 2944 19
13570 54 0
6771 47 0
4454 68 0
3335 2962 20
4479 4223 19
14617 13968 19
11167 10805 19
2047 68 0
15381 15266 20
1896 68 0
6393 6 0
14606 14130 20
15480 15156 19
2337 2338 14
16775 68 0
6141 42 0
15171 15156 18
13241 13027 20
632 120 20
16648 16452 20
12114 11922 20
8614 6 0
1412 193 22
4649 4223 19
3420 3126 20
13366 13158 20
12769 11916 22
15662 15259 20
9240 8675 20
9187 69 0
16102 6 0
10631 9775 22
3809 2949 22
1820 1660 17
5259 4332 22
9389 6 0
7858 7614 20
1249 1029 22
13836 13555 22
6000 5378 20
4439 4352 20
16559 16389 20
1085 331 21
6342 6079 22
1494 6 0
11849 11369 22
2436 1748 21
9276 8668 21
14523 14044 20
13099 41 0
13504 13024 20
5730 5428 20
10993 10885 20
1623 6 0
15465 15293 20
920 42 0
17000 16352 22
10766 9833 22
5609 5531 20
16146 6 0
7436 6 0
13405 13141 20
11190 10906 20
13518 13100 20
15674 15266 20
5466 5470 15
8965 8714 20
12249 11877 19
12183 11877 19
14661 13968 19
2904 6 0
8871 8714 20
1114 305 20
15429 15241 20
7720 7655 20
7945 7571 19
15807 3658 14
6909 6707 20
823 179 20
16277 15859 22
17002 6 0
7760 7571 19
8784 8658 17
3509 3009 20
6950 6632 19
13568 13020 20
5450 5451 13
728 368 20
6985 6739 21
1542 6 0
17049 16840 22
11091 10861 20
1903 1660 19
4430 4373 20
14637 13969 21
1641 6 0
12432 12023 20
872 179 20
3750 3032 20
3011 69 0
4791 4359 20
11435 51 0
16292 15268 22
16145 15216 22
12261 68 0
13247 13102 20
3041 3042 13
10097 68 0
2451 69 0
5877 68 0
10136 9834 20
10659 9785 22
4219 3152 22
15688 15242 20
8241 7571 19
7411 7099 22
9856 47 0
5407 24 0
3485 68 0
3229 68 0
2945 2947 13
4092 3054 22
14649 13968 19
12399 68 0
1778 69 0
3683 3098 20
16393 16395 13
14026 14027 13
16011 6 0
4645 68 0
10157 9710 19
4872 62 0
2679 1706 22
3349 3009 20
8492 6 0
8032 68 0
5622 68 0
4383 940 14
5881 5456 20
15820 15204 21
12440 11877 19
15064 6 0
15876 62 0
11045 10902 20
8177 8178 14
15343 15241 20
15004 14043 22
8911 8802 20
15894 15207 20
12716 6 0
14292 14014 20
7289 6 0
14556 14071 20
7133 6635 20
12409 12007 20
928 929 14
12139 11879 20
13996 40 0
16120 15209 22
2817 2499 22
8469 6 0
15327 15177 20
11137 10828 20
11467 10846 20
1490 234 22
14603 51 0
12924 11959 22
682 228 20
3576 2944 19
4741 4388 20
12446 11898 20
12396 11877 19
8227 7711 20
3215 3061 20
16890 16411 21
10602 9767 22
2259 68 0
16706 16339 19
15011 6 0
10386 9711 22
13670 6 0
1260 126 22
7527 7128 22
12664 11892 22
8713 1807 15
5157 4824 22
3607 42 0
16617 16443 20
109 41 0
14218 14121 20
4859 4303 23
11558 6 0
3462 2950 20
12286 11936 20
16036 15186 22
5156 4877 22
11343 10805 19
12566 11877 19
16536 16375 21
10710 6 0
9017 8673 20
7230 6637 22
2124 1874 20
10559 10320 22
1922 1763 20
2739 6 0
469 349 20
14310 68 0
13245 68 0
10611 9771 22
10005 9724 20
10181 68 0
7582 40 0
14890 14714 22
13440 13094 20
9152 68 0
7411 6690 22
1908 1846 20
1187 158 20
1815 1818 13
14027 24 0
4307 4311 15
10302 9875 20
8784 5435 16
16719 16339 19
15774 51 0
7759 7668 20
2170 1660 19
16642 68 0
13440 13016 19
12407 68 0
9607 8728 22
15338 15169 20
12576 11945 20
4338 7 0
4505 68 0
713 105 19
14650 147 14
12500 11964 20
4772 4226 20
6684 6689 14
9231 8754 20
3757 2944 19
6608 6 0
14441 13984 20
1000 201 21
13514 13016 19
9951 9834 20
331 332 13
11257 10841 20
16219 15237 22
33 34 5
1967 1810 20
4833 3558 14
11981 11983 13
12108 11909 20
9167 8735 20
10327 9822 20
739 105 19
6830 6708 20
209 24 0
8233 42 0
10022 9710 19
11751 11391 22
13523 13085 20
12064 11947 20
11367 10807 23
15330 15164 20
6975 6708 20
16707 16366 20
16128 15859 22
1105 175 14
5668 5509 20
14529 14071 20
7136 6716 20
4773 4388 20
15195 5404 16
5493 69 0
2235 68 0
126 130 13
3868 2972 22
5858 5369 20
15663 15222 20
10247 9716 20
6442 5426 22
855 242 20
15648 15156 19
8312 6 0
2130 1738 20
3239 2944 19
2434 42 0
7206 6633 22
17235 6 0
12785 11920 22
9488 6 0
6684 6687 13
12990 12553 22
2664 6 0
7179 1830 14
578 68 0
2114 1690 20
1514 1046 22
6632 18 0
8108 7604 20
10340 42 0
14689 14038 20
3625 3033 20
6961 6632 19
5698 5420 20
5822 5362 19
1960 1707 20
5451 24 0
13040 4381 16
6239 6 0
59 60 2
16309 15276 22
10699 6 0
15126 14097 22
2820 1767 22
5709 5541 20
8907 68 0
9461 8689 22
13780 6 0
4758 4340 20
8845 8673 20
10143 9863 20
796 105 19
2213 1689 20
16128 15213 22
17277 16467 22
7815 7592 20
8579 8215 22
5838 5441 20
5636 5365 20
5307 4362 22
14709 14031 23
14386 13984 20
16794 16421 20
13549 13105 21
4295 4299 13
14128 24 0
8167 3606 14
15589 68 0
16367 24 0
435 105 19
15601 15230 20
10078 9710 19
14761 14636 22
13349 13082 20
7568 6776 22
12494 42 0
3725 69 0
3268 3024 20
11749 11369 22
8012 7683 20
3656 69 0
6175 3648 14
9632 9204 22
4402 4405 13
6723 1041 14
12129 12003 20
4752 4368 20
6392 6065 22
6755 6632 17
16211 15237 22
14695 14055 20
11398 10869 21
12311 11902 20
860 149 20
12321 11877 19
9132 8658 19
14597 2969 14
10999 10885 20
3294 3126 20
9261 42 0
15821 15174 20
9284 8658 19
498 228 20
2445 1719 20
12513 11877 19
861 341 20
699 249 20
9219 8658 19
3330 2973 20
14520 14129 20
4634 4373 20
15721 68 0
7972 68 0
591 105 19
14717 42 0
2229 68 0
15781 15207 20
15398 15299 20
303 304 13
9176 8658 19
4697 4379 20
16002 15176 22
752 227 20
991 992 14
4709 4328 20
7863 7683 20
9522 6 0
11536 11411 22
8801 8803 13
16015 6 0
14278 14032 20
214 105 17
4459 68 0
1866 69 0
7499 6 0
1399 942 22
6019 5362 19
1961 1660 19
37 38 4
6208 5405 21
818 105 19
10302 7137 14
4687 68 0
16544 16481 20
696 368 20
4704 68 0
6197 42 0
2448 1660 19
7164 6669 20
4431 4223 19
16802 16455 20
5862 5384 20
15926 15157 22
3604 3075 20
16787 68 0
959 960 14
12070 11905 20
2311 2312 14
15994 6 0
6597 6043 22
12045 11877 19
2154 68 0
12351 11877 19
7332 7164 22
11851 11386 22
8190 7678 20
12586 42 0
5855 68 0
3125 24 0
11014 10876 20
13137 13139 13
9935 9710 19
12674 12481 22
10112 9793 20
13498 42 0
15820 42 0
16492 16339 19
16343 16345 13
9016 68 0
13991 40 0
16836 51 0
525 68 0
1944 1660 19
389 279 20
2377 1764 20
13176 13114 20
9567 9210 22
4592 4223 19
4614 4223 19
1910 1781 20
1392 6 0
10321 1129 14
1612 927 22
2489 2490 14
2503 62 0
5831 5398 20
12550 11986 21
16667 16460 20
3981 3681 22
14650 13968 19
3305 2955 20
16281 6 0
16515 16469 20
4860 4389 20
11089 10902 20
3614 69 0
7790 7690 20
5877 5441 20
4550 4328 20
10113 9719 20
1368 169 22
2862 2397 22
445 179 20
705 195 20
3556 2944 19
11312 10898 20
12558 11911 20
9974 9744 20
7737 68 0
7474 6706 22
15389 15307 20
4152 6 0
17204 6 0
7049 68 0
13339 13016 19
15821 15186 21
3402 3141 20
15394 15205 20
1582 1137 22
3462 3125 20
9942 9710 19
6835 6777 20
9995 9805 20
10500 9739 22
2102 1817 20
6802 6724 20
12486 51 0
1873 1877 14
6118 1728 14
11785 10880 22
3734 2987 20
4015 3023 22
7647 1159 14
8846 8703 20
12061 12011 20
8236 262 14
5741 68 0
14367 14093 20
8903 8797 20
9223 8734 21
12467 11898 20
10167 68 0
11167 10939 20
13831 13515 22
2519 62 0
3758 2963 20
7702 41 0
11564 6 0
11491 42 0
5892 5541 20
11341 68 0
13447 13060 20
15744 15287 20
4767 68 0
16421 24 0
10244 9710 19
14269 14083 20
2075 1780 20
16504 16357 20
7050 6773 20
10738 9819 22
7647 7571 17
2349 51 0
16393 16339 17
15536 15259 20
6113 51 0
13457 13098 20
12569 11886 20
10181 9863 20
14611 14039 21
14484 68 0
1398 1089 22
1354 1052 22
6875 6752 20
8858 8793 20
12196 11877 19
6777 24 0
4837 42 0
6186 5362 19
4909 69 0
8620 6 0
4040 3029 22
10915 24 0
9945 9710 19
1021 42 0
8938 8761 20
13664 13530 22
5587 5456 20
10723 10297 22
4084 6 0
12124 11878 21
15785 15156 19
4955 54 0
11799 11446 22
7816 7571 19
3422 68 0
4792 51 0
839 235 20
155 156 13
11328 68 0
16566 16376 20
15793 15271 20
1013 173 20
15150 6 0
6153 5522 20
9813 9818 15
9918 9710 19
1727 41 0
3710 3109 20
14229 14011 20
7136 42 0
8902 8658 19
11383 62 0
11641 6 0
8720 8723 13
4637 4373 20
6836 6677 20
7751 68 0
2181 68 0
12976 11986 22
10228 9733 20
11364 10805 19
8427 7607 22
3528 2961 20
9259 51 0
3578 2975 20
8037 7683 20
12163 12024 20
11627 6 0
13176 13016 19
14246 14071 20
930 312 20
15777 15156 19
6687 41 0
13382 13082 20
5650 5362 19
5958 5362 19
13482 5404 14
2506 1661 21
16812 16339 19
10092 9710 19
7077 6632 19
5616 5466 21
3562 2944 19
10318 42 0
12229 12006 20
4865 4237 20
2293 1835 20
2359 2360 14
9296 51 0
5337 4386 22
9281 8658 19
14559 14117 20
14472 13968 19
12476 42 0
9097 68 0
11159 10866 20
6592 6 0
2369 69 0
12688 11896 22
4020 3023 22
12098 68 0
5810 68 0
3597 2944 19
16771 16455 20
4577 68 0
11555 6 0
6028 1181 14
5598 5388 20
14264 13970 20
6228 6080 22
6297 5382 22
11591 11428 22
3306 3125 20
7901 7578 20
16139 15216 22
7351 7111 22
17161 6 0
14371 13968 19
13795 6 0
11428 10805 19
2823 6 0
11212 10817 20
12462 68 0
17230 6 0
6053 5438 20
5312 4815 22
12449 11877 19
10634 9775 22
11611 11372 22
13537 13016 19
10480 10313 22
4551 4313 20
4847 4347 23
7306 7054 22
14280 68 0
1706 1660 17
17015 6 0
2477 1805 20
14541 14066 20
14751 13969 22
5932 5378 20
11778 6 0
6414 6 0
9072 8741 20
15125 6 0
4660 4223 19
16030 15809 22
12416 11939 20
9676 8759 22
15439 15156 19
6584 5494 22
1551 6 0
12316 11925 20
10205 9743 21
1767 1770 15
11199 10938 20
858 127 20
12266 11902 20
13843 6 0
11849 10918 22
933 158 20
10170 9857 20
9171 8793 20
12225 11877 19
7807 7662 21
9098 8802 20
16866 16339 19
8578 6 0
204 69 0
11081 10893 20
16853 13505 14
421 150 20
2157 1749 20
8317 7582 22
6068 42 0
13567 13063 20
12042 11877 19
10884 10885 13
6676 6632 17
524 340 20
4621 4248 20
14 19 3
5953 5388 20
13656 6 0
7478 6 0
9182 8658 19
8886 8658 19
7027 6632 19
4893 4894 14
12922 11959 22
5046 4254 22
6858 6632 19
5934 5537 20
16894 42 0
4490 4329 20
7529 6 0
3940 6 0
353 356 13
7974 7592 20
6359 6127 22
12005 12009 13
11389 62 0
14170 68 0
11064 10845 20
12981 12491 22
11291 10906 20
6165 5373 21
8606 8233 22
6515 6 0
15356 15159 20
14489 14036 20
11213 10934 20
13901 6 0
292 294 13
13938 6 0
13216 13089 21
4633 4421 20
11920 11922 13
14561 13968 19
13537 13137 21
6724 24 0
11573 6 0
2243 1845 20
12163 11921 20
12554 11877 19
5177 4302 22
6552 6110 22
13347 13048 20
7452 6698 22
10518 6 0
11382 10813 20
7810 7587 20
4900 4901 14
2178 1660 19
12885 6 0
6472 5440 22
900 105 19
10601 6 0
4894 69 0
1278 134 22
15493 15193 20
7118 6710 20
10525 10224 22
15935 6 0
9880 9782 20
1079 42 0
13345 13037 20
14598 14099 20
13295 13045 20
5783 68 0
4501 4393 20
8739 8741 13
15148 14115 22
14289 68 0
10625 10261 22
12018 12021 13
6662 2977 15
12610 11878 22
10460 6 0
3407 3048 20
3594 42 0
12423 68 0
2516 69 0
2720 2331 22
7559 6755 22
9716 41 0
11575 11420 22
4610 4329 20
2148 1874 20
7832 7571 19
7745 7571 19
8412 7603 22
9213 8765 21
13423 13066 20
8837 8802 20
10142 9737 20
13659 6 0
14186 68 0
8928 8725 20
13882 13105 22
10700 6 0
10546 9753 22
5705 5369 20
12010 11877 17
12406 11948 20
3306 3108 20
9383 9278 22
4683 68 0
16446 7119 14
11191 10805 19
15306 15156 17
9221 8713 21
9003 8658 19
16791 16389 20
8285 7572 22
12398 11972 20
8876 8658 19
12041 11936 20
13663 6 0
14307 14061 20
971 356 20
8977 8659 21
457 68 0
13100 41 0
1942 1799 20
12574 42 0
2898 1820 22
10352 9713 20
2092 1707 20
3920 3620 22
13597 13541 22
2191 1660 19
16240 15244 22
10286 9710 19
14390 14079 20
1221 113 22
15118 14092 22
11269 10805 19
8453 6 0
6803 6681 20
2858 1792 22
10798 9865 22
6248 5368 22
12153 68 0
12101 68 0
12736 6 0
8890 8785 20
5872 5509 20
8281 6 0
11066 10824 20
12460 12019 20
10950 41 0
2577 2436 22
584 68 0
1401 1036 22
12523 11937 20
14368 13968 19
15116 14092 22
13556 42 0
13069 69 0
13347 13073 20
16022 15802 22
2725 2471 22
9238 4937 14
6075 5387 21
16868 16442 21
8964 8658 19
3367 3073 20
1106 108 20
5034 4247 22
11370 10813 20
5416 5417 13
8586 6 0
13250 13048 20
14212 14117 20
2617 2404 22
10302 9775 21
2378 1752 20
13186 13094 20
16852 16377 20
9691 9238 22
14930 14666 22
15174 41 0
16824 16424 21
1183 42 0
7918 7672 20
6989 6735 20
8805 8807 13
12073 11993 20
810 68 0
1098 294 20
15375 15156 19
3700 3026 20
17179 16411 22
4093 3054 22
11584 6 0
15514 15156 19
14222 14021 20
16454 16457 13
1282 134 22
8155 7571 19
11301 10820 20
7813 68 0
15727 15303 20
14754 14712 22
8665 40 0
1949 1695 20
6023 5397 20
10621 9775 22
2866 6 0
5313 6 0
3361 2946 20
4530 4297 20
15420 15217 20
6018 5461 20
16613 16348 20
2717 1723 22
9327 54 0
3382 3164 20
672 105 19
8004 7676 20
7616 7619 13
1393 185 22
15127 6 0
16752 68 0
14583 13988 20
1061 69 0
10321 9735 21
15687 15156 19
16693 16339 19
6355 5396 22
13179 13155 20
672 332 20
11212 10832 20
16750 16339 19
412 317 20
2849 1786 22
6081 5418 20
6915 6708 20
12340 11890 20
339 342 13
12234 11905 20
759 68 0
16371 24 0
15852 15275 20
10107 9722 21
16951 6 0
14543 14014 20
6855 6686 20
16057 15793 22
8973 68 0
6012 5362 19
14230 13968 19
11424 10833 20
13361 13134 20
13958 6 0
15854 51 0
1479 226 22
12239 11948 20
12555 51 0
4771 4393 20
17052 6 0
11670 10839 22
15362 15156 19
4717 4223 19
14043 14045 13
2359 1681 21
2056 1725 20
7044 6663 20
2524 1775 20
17213 16823 22
8734 8736 13
12580 12581 14
15775 15216 21
10336 42 0
14285 14065 21
12903 12516 22
186 24 0
82 24 8
3328 3025 20
8867 8766 20
3599 3143 20
5839 5541 20
4762 4223 19
9845 41 0
12370 11877 19
9747 9750 13
12810 11929 22
6173 5442 20
4492 4255 20
650 177 21
8643 7694 22
8034 68 0
14148 68 0
558 68 0
10035 68 0
4827 4223 19
4847 4251 20
8185 42 0
2680 2399 22
9507 9260 22
13999 41 0
4765 68 0
14139 14052 20
1521 248 22
6096 5362 19
1572 930 22
12064 11993 20
8323 6 0
13173 13016 19
16742 16339 19
9535 8713 22
16760 68 0
1642 1044 22
4548 4223 19
14641 14131 20
7671 176 16
12603 54 0
931 932 14
14980 6 0
11236 10902 20
2715 6 0
7471 7151 22
7465 7128 22
10316 1037 14
13459 68 0
10823 3122 15
12494 11877 19
16744 16460 20
5800 5515 20
1396 6 0
2018 1660 19
712 68 0
2809 6 0
14983 6 0
4456 4223 19
6988 6691 20
13461 13090 20
7621 7623 13
9903 9838 20
15512 15169 20
8677 24 0
12323 11880 20
715 68 0
15851 1692 14
1862 24 0
2385 1752 20
2103 1774 20
10491 6 0
16481 24 0
8573 7650 22
16755 16460 20
11232 68 0
12173 11957 20
3162 3165 13
13452 13122 20
3460 3031 20
8233 7701 20
15487 15159 20
3356 3117 20
3787 6 0
4676 4223 19
7932 7571 19
14282 14014 20
11924 8774 14
2594 1674 22
11674 11505 22
5978 5392 20
11760 10874 22
9542 8713 22
930 51 0
4105 3653 22
10428 9722 22
15558 15298 20
2093 1660 19
3942 2994 22
1925 1660 19
4688 4235 21
10510 9739 22
8898 8746 20
4206 6 0
16921 16382 20
12215 68 0
2231 1707 20
7150 6746 21
1104 69 0
2098 1660 19
1979 1834 20
8274 6 0
11293 10805 19
5541 24 0
7198 54 0
9898 9793 20
11504 10839 21
8179 42 0
3434 68 0
994 309 21
15444 15284 20
8805 8658 17
4914 4289 20
15775 62 0
15643 15156 19
9873 9875 13
13161 13163 13
13388 13042 20
13240 13016 19
3603 2944 19
17223 16851 22
10231 1082 14
1976 1660 19
11654 11369 22
7077 6697 20
4181 6 0
5507 41 0
2351 1719 20
16897 16339 19
3375 2944 19
3304 2944 19
10472 6 0
15776 15156 19
16611 16425 20
392 68 0
6295 6106 22
827 310 20
567 304 20
16069 6 0
1248 975 22
16809 16371 20
10984 10933 20
13208 68 0
12004 41 0
880 68 0
12506 11877 19
10303 9823 21
15012 6 0
8593 7658 22
12696 11901 22
7504 7172 22
11031 10902 20
9883 9744 20
5027 6 0
3238 2944 19
13976 13978 13
4791 4223 19
3301 3126 20
15156 18 0
12398 11877 19
12118 68 0
11986 11877 17
8018 7655 20
9913 9776 20
7074 6632 19
12204 68 0
119 123 14
12551 12021 20
8150 69 0
13956 13471 22
5127 4818 22
10435 6 0
16223 15779 22
12041 11926 20
15749 15199 21
16845 16405 23
15990 15176 22
10276 9781 21
10313 9710 19
3423 2944 19
4822 4302 21
11029 10902 20
12978 6 0
3380 3066 20
16282 15753 22
390 179 20
9718 3145 14
3894 2978 22
13611 6 0
11506 10805 19
1996 1660 19
5145 4291 22
396 105 19
6979 6632 19
12082 11935 20
12320 11957 20
546 114 20
15272 7 0
10908 10805 17
2071 1707 20
15070 14647 22
9043 8746 20
16848 69 0
7117 6774 20
2256 1724 20
7916 7571 19
16260 15875 22
12778 11916 22
8948 8680 20
1118 189 20
12555 11942 21
16530 16443 20
394 287 20
8013 7571 19
6176 1086 14
1933 68 0
1590 292 22
1922 1660 19
14361 14061 20
16116 15888 22
2498 1660 19
11092 10875 20
9098 8711 20
15399 68 0
16852 51 0
11753 6 0
10660 6 0
6809 6633 21
11107 68 0
6030 42 0
3438 3073 20
6152 5508 21
5733 5406 20
8689 289 14
9312 8744 21
3953 2994 22
2667 1700 22
15732 15201 20
8734 8737 13
7051 6746 21
8421 8182 22
3754 2944 19
8941 8698 20
16686 16438 20
9240 2367 14
11243 10845 20
13093 4423 16
17167 16860 22
5641 5502 20
7834 7641 20
8659 8663 13
12507 11877 19
16258 6 0
15272 15273 13
8315 7582 22
17029 6 0
736 250 20
9496 8702 22
4873 4223 19
16040 15191 22
14743 13969 22
13230 68 0
1306 1145 22
3182 2944 19
1413 193 22
9997 9776 20
14248 68 0
4947 4302 21
12995 6 0
3175 3141 20
15882 15156 19
10278 42 0
16263 6 0
13829 13086 22
14470 68 0
14876 14005 22
2420 69 0
16611 16372 20
2206 1781 20
4083 6 0
15154 14124 22
6113 5466 21
8068 68 0
16738 16339 19
11500 10805 19
1989 1690 20
16446 16339 17
10815 246 16
5131 4286 22
1543 975 22
2027 1875 20
6949 6700 20
16734 68 0
1797 7 0
11747 10869 22
13629 6 0
2706 1717 22
9925 68 0
6781 24 0
2761 2357 22
172 41 0
6203 6204 14
8266 54 0
14611 14130 20
16436 41 0
11016 10933 20
10005 9786 20
9120 68 0
6774 41 0
4484 68 0
15815 15228 20
3246 3097 20
13227 68 0
12446 11926 20
13170 13016 19
8721 24 0
11345 68 0
573 195 20
4461 4374 20
15726 15156 19
560 235 20
12163 11877 19
640 171 20
15877 15156 19
15944 15162 22
2594 6 0
10174 9848 20
12067 12020 20
16887 16375 21
5815 5486 21
1461 1010 22
15759 15209 21
4531 4288 20
16583 16417 20
16538 16469 20
15826 42 0
15846 15231 20
13306 13060 20
16508 16362 20
2805 2359 22
9100 8745 20
12125 68 0
8956 8658 19
8180 8181 14
8853 8806 20
13768 13059 22
12417 11957 20
1506 241 22
15240 9 0
11062 10871 20
2114 1660 19
13754 13056 22
17171 6 0
2940 1867 22
11801 10887 22
5782 5437 20
5504 951 16
7828 7618 20
12707 11901 22
12861 12554 22
8774 69 0
4917 4293 20
1511 241 22
3647 3150 20
11323 68 0
6131 5365 23
5349 6 0
4033 3714 22
15552 15269 20
1421 6 0
10533 9747 22
11222 10855 20
2573 1668 22
7029 6748 20
11040 10874 21
828 68 0
14343 14082 20
9223 8795 20
11134 10805 19
15261 10245 16
8722 41 0
7742 68 0
7997 7571 19
6052 5373 21
8978 8735 20
253 69 0
761 235 20
5204 4312 22
14613 14118 20
13463 42 0
12617 11878 22
17250 6 0
1025 62 0
3750 1076 14
6238 6205 22
6057 6058 14
9293 8701 20
16419 16420 13
7694 3156 16
15664 15156 19
10998 68 0
3870 2972 22
6788 6765 20
11599 11469 22
8135 7584 23
16159 15221 22
15435 68 0
3377 68 0
13442 68 0
1918 68 0
7594 2953 15
16855 16381 20
13330 13113 20
561 186 20
4822 4257 20
15257 15258 13
13273 13016 19
15429 68 0
10205 9764 20
14243 68 0
11428 42 0
5363 5366 13
15416 15177 20
12323 68 0
7650 9 0
2792 1755 22
15597 15223 20
2246 68 0
4587 4346 20
13585 54 0
4655 4339 20
2928 6 0
10412 10321 22
1873 1879 16
213 69 0
12729 11908 22
11125 10949 20
15221 15222 13
13740 13534 22
10911 41 0
12559 11877 19
14338 14021 20
11733 6 0
3324 2954 21
4925 4345 21
3334 68 0
5779 5428 20
6021 68 0
15739 15211 20
2002 1845 20
2065 1826 21
6606 6 0
9596 8724 22
2242 1660 19
427 68 0
7253 6641 22
10752 9829 22
13669 13493 22
2630 6 0
14172 68 0
10513 9743 22
904 105 19
4825 4223 19
14813 13987 22
9556 8717 22
3637 3109 20
5893 5362 19
501 105 19
1561 961 22
4338 1720 16
12271 11904 21
2208 1804 20
5715 5362 19
2046 1660 19
1052 105 19
8420 6 0
6174 5458 20
823 68 0
7101 42 0
8801 3760 15
2146 1731 20
15041 14594 22
11405 8778 14
15867 15156 19
11064 68 0
515 68 0
6521 6 0
2568 2393 22
14356 13968 19
2719 2504 22
14817 13987 22
7443 6698 22
15413 15214 20
16316 15883 22
16028 15786 22
5054 6 0
9137 8749 20
11962 9 0
14703 13976 21
15450 15168 20
8775 2348 14
10159 68 0
6146 3167 14
12035 11972 20
9045 8729 20
9124 68 0
11234 10805 19
11835 10908 22
9091 8658 19
6159 62 0
4655 4223 19
6662 4841 16
8249 7609 20
7723 7608 20
13850 6 0
778 105 19
16813 16487 20
16775 16339 19
9034 8781 20
3646 2997 20
3243 3030 20
9206 8658 19
8665 8666 13
11903 41 0
14696 14114 20
3205 2955 20
10338 9864 20
2091 1696 20
8493 6 0
15786 15214 23
10701 6 0
12560 11877 19
7455 6703 22
13566 13101 21
3691 51 0
3698 3699 14
13197 13162 20
15658 15205 20
1855 47 0
7459 6703 22
6331 6 0
9985 9793 20
12426 12003 20
9661 9236 22
9449 9209 22
7860 7571 19
7446 6 0
13112 13113 13
13236 13128 20
7515 7116 22
2490 69 0
9980 9802 20
8132 7667 21
9400 9255 22
8131 42 0
2270 1660 19
9257 42 0
7435 6 0
15735 68 0
13507 42 0
2701 2355 22
11142 10836 20
4023 3023 22
6808 6632 19
12867 11942 22
948 949 14
3560 2960 21
2891 6 0
13132 13135 13
7342 6 0
3287 3147 20
2520 62 0
14178 13968 19
15048 14051 22
13539 13100 20
4928 69 0
4756 4231 20
12486 11997 21
10821 24 0
669 135 20
6878 6720 20
10244 42 0
11425 2999 14
12015 6183 14
16224 15752 22
8672 6779 15
10112 9847 20
8876 8752 20
11567 10811 22
7429 6695 22
4931 4264 20
13101 13016 17
14426 13968 19
16313 15279 22
14994 6 0
9183 8761 20
4461 4287 20
5190 4926 22
6169 5463 20
4999 4902 22
9753 9710 17
3531 68 0
4872 4286 21
16696 16345 20
2218 1660 19
13301 13016 19
4448 4288 20
8383 7599 22
16579 68 0
14226 13968 19
860 68 0
9791 9793 13
16194 15229 22
1844 1660 17
9585 8724 22
4457 4241 20
13210 13016 19
6426 5419 22
3758 2944 19
7039 6632 19
5582 5502 20
5788 5362 19
13643 13026 22
16671 68 0
16733 16420 20
14603 6679 14
16073 15195 22
4680 68 0
15336 15280 20
12605 11878 22
17168 6 0
5246 4327 22
5975 5537 20
1647 347 22
6971 68 0
6051 5383 23
16527 16372 20
1805 41 0
13468 42 0
7424 6 0
12412 12016 20
4239 4244 14
13381 13073 20
5691 68 0
15502 15303 20
1962 1695 20
14292 14044 20
9021 8767 20
4441 4393 20
9936 9736 20
11582 11442 22
12999 6 0
14535 14032 20
9841 6204 15
16189 6 0
10848 10852 16
14881 14679 22
9013 8806 20
2069 1762 20
7107 6703 21
5723 5398 20
8870 68 0
16005 6 0
703 155 21
11466 10922 20
16778 16366 20
10192 9710 19
2391 2392 14
4470 4281 20
1171 144 20
14536 14057 20
11224 10808 20
12202 11990 20
15890 15212 20
8107 7571 19
17083 16815 22
15524 15222 20
12774 12561 22
6414 6139 22
14767 6 0
16531 16360 21
4541 4328 20
12444 11897 20
3920 3676 22
17054 16365 22
6035 5362 19
11247 68 0
4905 4223 19
6695 6632 17
12519 42 0
9686 8771 22
4465 4358 20
10302 9713 20
1314 1023 22
7191 6635 20
13044 1131 15
2692 6 0
10666 10343 22
971 226 21
9012 68 0
4941 4273 21
5623 5487 20
12254 11880 20
6186 168 14
14476 68 0
2366 42 0
4565 4223 19
6931 6672 21
6992 68 0
6800 6632 19
1561 6 0
2450 1660 19
7804 7571 19
10901 9313 16
2205 1696 20
14730 13968 12
16361 24 0
11526 54 0
4492 4318 20
12316 68 0
3226 3125 20
8810 8721 20
821 107 20
4819 69 0
15565 68 0
6038 5542 23
10379 10233 22
12962 12534 22
1998 1816 20
12415 11936 20
47 39 1
14383 14052 20
9856 9861 16
10439 6 0
11480 10805 19
12270 68 0
10663 6 0
14155 13968 19
7801 7571 19
5301 6 0
9763 5424 14
9384 8672 22
2167 68 0
8849 8658 19
10629 9775 22
5904 68 0
7016 6663 20
731 349 20
5640 68 0
7910 7571 19
9137 68 0
4557 4334 20
10888 24 0
12266 11935 20
15240 4283 14
4110 3060 22
16243 6 0
16030 15826 22
4546 68 0
2221 68 0
13260 68 0
9763 9 0
3374 2944 19
1094 362 20
2175 1675 20
12814 11929 22
14528 68 0
8180 7571 19
297 298 13
9690 6 0
7054 42 0
1714 69 0
3208 2946 20
5966 68 0
15252 9191 15
4829 4247 21
8039 7637 20
5241 4323 22
5589 68 0
6880 6649 20
7192 2321 14
9526 8709 22
969 42 0
4309 41 0
7738 7584 20
16370 9 0
483 384 20
7144 1715 14
15781 42 0
4205 3672 22
16697 68 0
6098 42 0
14287 14082 20
2325 1799 23
5554 5478 20
16949 6 0
9241 8728 21
6793 6653 20
3526 68 0
4326 69 0
10271 4354 14
16008 6 0
15659 15168 20
4288 24 0
7186 6775 20
8075 7699 20
3485 2944 19
15531 15210 20
8925 8781 20
2404 42 0
16673 16413 20
197 41 0
8222 7642 20
15237 15238 13
2148 68 0
15047 6 0
16877 16339 19
12137 11977 20
3481 68 0
14292 13988 20
15922 6 0
12505 11975 20
3444 68 0
4626 4223 19
2666 2445 22
1961 1711 20
13076 358 14
6452 6 0
9637 8744 22
5741 5362 19
6467 5436 22
14233 14102 20
777 105 19
15296 41 0
15466 15270 20
1015 169 21
4625 4223 19
3253 2944 19
2446 1660 19
6302 5382 22
15780 15235 20
7384 6 0
628 279 20
16784 16360 21
11033 68 0
10045 9710 19
8177 7589 20
6666 6669 13
14689 13986 20
1607 303 22
7927 68 0
7762 7671 21
883 287 20
6895 6736 20
5776 5362 19
8833 8780 20
11255 10919 20
17254 16450 22
6041 5394 20
10264 9764 23
8676 8677 13
15826 2500 14
16934 16339 12
7810 7583 20
14571 14125 20
7829 7573 20
5998 5487 20
11729 11432 22
2769 2391 22
12059 11877 19
1486 234 22
7370 7115 22
3250 68 0
13145 13016 17
15802 313 14
1897 1689 20
15498 68 0
15817 2358 14
3562 42 0
7621 7625 13
12269 11931 20
14572 68 0
727 68 0
6891 6632 19
169 174 14
9039 8658 19
14313 13968 19
1342 162 22
13468 13085 20
10770 10286 22
200 69 0
14487 13968 19
10224 9739 21
11352 10805 19
9553 8717 22
13407 13102 20
5607 5362 19
6964 6663 20
6109 5452 20
1761 1763 13
6000 5362 19
1504 6 0
14110 14111 13
3366 2967 20
14466 13988 20
15768 15156 19
13460 13018 20
12305 11917 20
3237 2944 19
14705 14037 20
16205 6 0
9806 24 0
15357 15269 20
11896 3123 16
3035 1666 14
13205 13087 20
10266 1005 14
6615 5520 22
16919 42 0
625 384 20
3790 3708 22
7263 6644 22
637 149 20
4657 68 0
11014 68 0
13342 13074 20
1264 126 22
16850 16371 23
4770 4373 20
3778 54 0
11484 10805 19
9037 8752 20
16622 16371 20
10101 9848 20
15817 15305 20
3532 2944 19
11412 10805 19
12243 11893 20
14075 24 0
13264 13016 19
16952 16340 22
13502 13016 19
10708 9801 22
8987 8676 21
6841 68 0
2694 2448 22
9110 8786 20
3950 3703 22
11460 10947 20
16861 16349 20
10116 9797 20
8920 8752 20
6007 5362 19
1336 155 22
11934 11937 13
16613 16417 20
8045 68 0
4495 4223 19
15624 15273 20
15191 15193 13
1917 1660 19
3491 3031 20
9222 8740 23
9932 9731 21
13484 42 0
10980 10805 19
14257 14002 20
12843 6 0
12963 6 0
17128 16843 22
12560 6121 14
12247 11877 19
15537 15177 20
5138 6 0
10036 9802 20
8148 42 0
8669 24 0
9760 41 0
6626 6111 22
11817 10901 22
5373 5374 13
2268 1845 20
10139 9710 19
9412 8676 22
7353 6672 22
4432 4230 20
13520 42 0
9988 9772 20
7992 7594 21
16878 16406 20
12104 11948 20
13225 13066 20
15593 15156 19
4172 3662 22
15448 68 0
10268 7057 14
14195 13968 19
10456 6 0
9297 4918 14
4171 3101 22
15788 15186 21
733 105 19
5714 68 0
16522 16481 20
8164 7710 23
2102 1669 20
5884 5362 19
756 249 20
1531 6 0
2335 1660 19
6540 5466 22
16652 16421 20
11946 11948 13
5411 3753 15
629 187 20
13683 13040 22
13656 13030 22
10116 9710 19
6252 5368 22
495 179 20
4800 4247 21
8944 8740 20
8851 8786 20
10201 68 0
381 69 0
10842 41 0
7097 6650 20
5270 4836 22
112 69 0
5343 4818 22
13905 13112 22
2506 51 0
13382 68 0
3495 3132 20
15704 15287 20
12413 11917 20
13732 13052 22
998 999 14
14668 14104 20
10582 6 0
14438 14044 20
5481 5482 13
2616 2388 22
2441 69 0
2503 1732 20
3996 3018 22
2425 1688 21
10475 6 0
2305 42 0
8864 8793 20
10020 9710 19
745 361 20
4939 4385 20
9229 51 0
15042 14673 22
4419 4425 16
14180 13968 19
2595 1674 22
14406 14053 20
3211 2944 19
9808 7 0
10286 42 0
11701 10853 22
7202 6632 12
11444 974 14
12478 42 0
13047 387 15
14402 14075 20
4757 4255 20
6007 68 0
12265 11952 20
13512 13117 23
6496 5445 22
11426 10805 19
2164 1804 20
3081 3083 13
13021 13022 13
6965 68 0
5178 6 0
16266 6 0
2745 6 0
12458 11947 20
8245 7706 20
6479 6 0
1242 119 22
15780 7606 14
15736 15193 20
16210 15824 22
5347 4392 22
13840 13089 22
3564 62 0
14706 14060 21
7852 7587 20
1064 69 0
14228 14048 20
5590 5446 20
15950 15874 22
15880 15216 21
12036 11953 20
9283 42 0
6574 6 0
5151 6 0
15452 15191 21
8156 42 0
15554 15156 19
4619 4324 20
4487 4223 19
15863 15257 21
1723 1729 16
10060 9870 20
9634 6 0
10240 9710 19
4459 4292 20
2353 42 0
17066 16814 22
11862 10923 22
14458 14067 20
10970 10816 20
5540 1088 15
7208 6 0
3511 2944 19
14469 14072 20
6130 5486 21
12544 11877 19
1264 6 0
1160 282 20
6880 6668 20
11685 10844 22
14193 13968 19
9883 9720 20
8407 6 0
9330 6 0
13969 40 0
6286 6090 22
13473 13016 19
835 68 0
9027 8711 20
2243 1690 20
1498 6 0
5990 68 0
9879 9785 21
11531 11440 22
11193 68 0
3723 62 0
14776 6 0
11304 10845 20
885 105 19
3608 2972 21
15774 15156 19
6254 5368 22
10895 41 0
9996 9829 21
10084 68 0
15511 68 0
2497 42 0
4735 68 0
13657 13030 22
4722 4313 20
997 69 0
15265 15267 13
14786 13976 22
10333 10334 14
9493 9274 22
3368 3153 20
836 68 0
8194 62 0
10806 10807 13
8944 8760 20
10442 6 0
15853 15256 20
10090 9810 20
9049 8785 20
3465 3048 20
13888 13105 22
15232 1179 15
4515 4379 20
10309 42 0
9879 9710 19
4543 4292 20
6915 6768 20
2960 2961 13
16026 15855 22
8873 8658 19
5537 24 0
3670 51 0
13096 13097 13
11415 10805 19
6976 6721 20
9214 8672 21
13533 13058 20
11182 68 0
9330 9193 22
13756 6 0
12288 11877 19
15758 15197 20
7879 7571 19
15505 15245 20
12152 11944 20
14240 14120 20
14270 13973 21
410 150 20
16507 16452 20
6860 6673 20
10063 9744 20
5235 6 0
2052 1660 19
2582 6 0
16932 54 0
1828 24 0
2527 1660 19
7599 4265 16
15351 15156 19
15888 15889 14
9141 8658 19
6788 68 0
16339 18 0
25 3 0
14447 13968 19
10314 1097 14
7818 7622 20
15561 68 0
12260 12007 20
16542 16473 20
653 341 20
5401 9 0
3625 1679 14
14686 13979 20
17146 6 0
2039 1717 21
6928 68 0
6698 9 0
16463 16464 13
9007 68 0
17007 6 0
7717 68 0
17110 6 0
10678 10262 22
2639 2299 22
9185 8785 20
5713 5531 20
13534 13127 23
2502 245 14
16909 16372 23
10908 7 0
15552 15156 19
7650 4326 16
12410 11898 20
9129 8749 20
6250 6190 22
13430 68 0
5395 41 0
12427 11960 20
8247 42 0
12685 6 0
9771 5459 16
6535 5460 22
5009 6 0
5324 6 0
2303 42 0
11992 11996 15
8342 6 0
10380 9711 22
3880 3691 22
10529 10289 22
4847 4223 19
15709 15164 20
15402 15201 20
6430 6210 22
9922 9772 20
8127 7638 20
10538 9747 22
13889 6 0
1148 69 0
2463 1726 20
2173 1749 20
6057 5371 20
15358 15266 20
12681 6 0
11816 11480 22
12218 11983 20
2679 2331 22
11475 10843 20
6173 5511 20
8153 7706 20
7679 5523 15
16534 16420 20
4912 4386 21
16121 6 0
16870 16445 20
6437 6173 22
13196 13045 20
4500 4223 19
954 373 20
4593 4420 20
9016 8741 20
4826 4353 20
6450 6135 22
15101 14606 22
7169 42 0
13414 13021 21
2509 1812 20
4432 4239 21
11776 11401 22
13268 13123 20
5930 5531 20
2452 1732 20
2530 1660 12
16633 16339 19
5738 5450 21
834 333 20
6847 6757 20
3528 3025 20
1544 6 0
1840 1841 13
5770 5547 20
9711 3039 14
1820 7 0
4426 4229 21
2206 1707 20
1902 68 0
15888 15296 20
9928 9857 20
8355 6 0
14183 68 0
5466 5469 13
10095 9802 20
834 105 19
15732 15156 19
10029 9710 19
6399 6 0
8058 7683 20
5913 5531 20
6427 5419 22
9488 9221 22
10438 6 0
16822 9299 14
14314 14103 20
13526 2376 14
11078 68 0
2954 2944 17
3604 42 0
11317 10909 20
15223 24 0
14573 14072 20
10203 9830 20
13554 13016 19
12397 11896 21
9502 9204 22
8002 7571 19
15321 15266 20
12524 11917 23
15509 15246 20
16537 16473 20
8461 7613 22
3303 2944 19
8627 8167 22
1789 69 0
987 119 21
4122 3618 22
2683 2494 22
651 68 0
7994 7617 20
15948 15867 22
14199 14052 20
3700 2324 14
9823 7 0
1916 1774 20
3370 3154 20
9671 6 0
13362 13054 20
14580 14108 20
11736 10865 22
3402 2962 20
11177 10938 20
13721 6 0
9531 8713 22
16589 16421 20
14685 14037 20
8923 68 0
11175 10805 19
1171 1172 14
8177 51 0
5679 5478 20
13670 13035 22
12530 11964 20
12940 12573 22
3289 2944 19
10518 10345 22
11374 10873 20
4877 4314 20
8420 7607 22
5411 5415 14
2209 1799 20
8110 7684 20
8916 68 0
15834 2369 14
3562 3056 20
1867 1660 17
7519 7187 22
1485 1027 22
13481 42 0
5757 68 0
3437 2944 19
8751 3636 15
13525 13124 20
13200 13082 20
13274 13087 20
9361 9259 22
2603 2353 22
6787 6632 19
11067 10805 19
1365 6 0
15582 15282 21
1058 294 20
5677 68 0
7008 6632 19
16125 6 0
7586 7571 17
5699 5406 20
14291 13968 19
10234 3095 14
3286 68 0
9593 6 0
13374 13097 20
11713 6 0
11455 10805 19
13410 13138 20
16329 15874 22
1956 1660 19
12540 11955 21
3006 69 0
9786 24 0
1706 1707 13
2759 6 0
2388 1820 21
12522 42 0
2395 1697 20
1615 316 22
4594 4363 20
3310 2960 21
14276 68 0
7927 7637 20
4756 4230 20
10012 9715 20
3035 9 0
12956 6 0
4479 4379 20
11375 10868 20
4653 4329 20
4081 6 0
5751 5521 20
9662 9193 22
289 69 0
4771 4292 20
9027 68 0
15347 68 0
9097 8694 20
11492 10847 20
10305 9710 19
12819 11934 22
7759 7588 20
2019 1815 21
11258 10945 20
9222 8658 19
5831 68 0
7828 68 0
4047 6 0
7345 6666 22
3460 68 0
14548 68 0
6316 5387 22
13809 13076 22
12373 11973 20
3555 69 0
16550 68 0
12038 12016 20
7866 7616 21
12762 6 0
8512 6 0
16709 16366 20
14177 13968 19
8947 8735 20
2878 1809 22
14163 13968 19
5185 4796 22
3703 42 0
12236 11931 20
5256 4327 22
3922 6 0
5443 69 0
729 372 20
4607 4346 20
1602 6 0
14948 14026 22
15757 15156 19
13125 41 0
6132 5533 20
2990 2294 16
15704 15241 20
4645 4241 20
9685 6 0
15748 15201 20
2444 960 14
12346 11897 20
2529 1660 12
4521 4262 20
11374 10822 20
14878 14005 22
13973 13968 17
17283 16857 22
15604 15238 20
16742 16451 20
15891 15156 19
1681 1683 13
3310 3148 20
3875 3647 22
3843 2960 22
605 280 20
3651 2944 19
11409 42 0
11470 42 0
3064 1138 15
3244 3158 20
15822 7149 14
8233 62 0
14732 54 0
16356 206 16
10032 9768 20
15596 15156 19
11002 68 0
5806 5495 20
10811 10805 17
15547 15205 20
14379 14011 20
2541 1660 12
12418 11971 21
7242 6641 22
2722 2492 22
4327 4331 16
5632 5362 19
12933 6 0
8575 6 0
7339 6 0
7402 7074 22
1269 957 22
10163 9710 19
2217 1739 20
15750 328 14
13976 13968 17
9183 8687 20
9196 8722 20
12998 11997 22
2237 1851 20
11594 6 0
14799 13982 22
5377 5362 17
5896 5468 20
6939 68 0
5978 5502 20
2622 1688 22
8121 7704 20
8679 346 14
5732 5362 19
10574 10267 22
8500 6 0
11299 10939 20
9248 8751 21
13795 13547 22
17133 16891 22
5620 5362 19
4882 4389 20
9305 8658 19
5457 41 0
10424 6 0
7949 7696 20
601 105 19
4099 6 0
8814 68 0
7861 7573 20
14051 3600 14
11463 7149 14
13233 13060 20
11904 1824 14
9993 9798 20
8240 7643 21
12710 11904 22
2095 1816 20
2334 1786 21
7048 6634 20
569 208 20
16927 54 0
14900 14009 22
10780 10257 22
555 221 20
16891 16339 19
11861 11402 22
14262 13968 19
12494 11912 21
10612 10253 22
2885 1815 22
16687 16438 20
14586 13968 19
7036 6632 19
4749 4223 19
16022 15871 22
10572 10297 22
8216 7579 20
854 163 20
6492 5445 22
14346 14103 20
16660 16398 20
9485 6 0
6796 68 0
13479 13044 21
7774 7571 19
7083 42 0
14377 14107 20
14197 13977 20
12221 11972 20
5627 5487 20
6877 6632 19
3422 3030 20
16655 16339 19
16777 16485 20
1241 6 0
4951 4335 20
2432 42 0
5851 68 0
9885 9728 20
12817 12515 22
11003 10841 20
14565 13970 20
15360 15245 20
13341 13158 20
8057 7571 19
10947 41 0
6881 6753 20
16688 16438 20
9277 42 0
9151 8746 20
6807 6632 19
9823 9826 13
6392 6 0
231 69 0
7038 6692 20
11414 10930 20
2305 2306 14
3187 3047 20
1912 1695 20
3641 3082 23
8047 7699 20
10656 10306 22
815 242 20
12795 11924 22
16397 8162 16
17124 6 0
14419 14018 20
8848 8658 19
7228 6 0
9311 117 14
14198 14032 20
12408 11947 20
11414 10835 21
10672 6 0
5885 5362 19
1105 42 0
3380 68 0
13447 13128 20
13479 4819 14
10191 68 0
7974 7709 20
2343 1700 21
3591 69 0
5993 5370 20
7009 6632 19
15105 14670 22
12443 11920 21
15422 15280 20
9972 9710 19
13238 13138 20
16227 6 0
9362 9222 22
12583 11913 23
4560 4399 20
13207 13091 20
5969 5362 19
13497 13096 21
3880 2972 22
738 105 19
5874 5537 20
630 249 20
10517 6 0
13271 68 0
7805 7571 19
6146 42 0
2176 68 0
3326 3132 20
11398 8716 14
2019 1660 19
16815 16373 20
13257 13141 20
4533 4363 20
2808 2421 22
14435 14116 20
1042 362 20
5907 5537 20
15629 15262 20
9622 6 0
6981 6752 20
4905 4906 14
12116 68 0
3750 3062 20
11434 51 0
2044 1739 20
15875 15156 19
5826 5365 20
10224 9713 20
9130 8790 20
9307 8658 19
11712 6 0
5116 6 0
490 128 20
2007 1744 20
11074 10831 20
7942 68 0
7013 6777 20
12874 12582 22
10494 10216 22
14039 14041 13
14590 14024 20
9833 9834 13
3265 3061 20
7457 6 0
13604 13017 22
4525 4296 20
9964 9744 20
9933 9785 21
7782 7571 19
1004 105 19
11252 68 0
9402 8676 22
3761 3063 20
7361 6 0
13526 13149 20
3938 3626 22
15640 15178 20
5677 5515 20
8218 7646 20
14479 13968 19
14133 13968 19
14068 41 0
5823 5389 20
7898 68 0
12553 11934 21
15703 15284 20
8817 8725 20
4508 4226 20
4568 4403 20
15500 15270 20
3169 3082 20
2085 1663 20
10223 42 0
14404 14062 20
12972 6 0
6094 69 0
843 243 20
7613 7615 13
11408 10818 20
9004 8710 20
12471 11964 20
15937 15774 22
5970 5505 20
12800 6 0
10007 9848 20
10030 9806 20
3239 3014 20
7632 7634 13
11406 10847 20
5637 5362 19
14878 14646 22
3713 51 0
11212 10805 19
10975 10805 19
9736 24 0
16031 6 0
10341 9710 19
12483 42 0
8979 8658 19
7091 6709 20
2301 42 0
11846 11451 22
1463 220 22
8527 8224 22
7973 7658 21
12721 6 0
5566 5505 20
8954 8766 20
721 187 20
11828 10908 22
7456 6 0
3901 6 0
3721 3050 20
5662 5525 20
3684 69 0
743 215 20
2051 1773 20
4456 4274 20
9050 8658 19
15418 15177 20
13216 13127 20
10182 9809 20
16921 51 0
13604 6 0
3617 2415 14
5644 68 0
15878 51 0
15671 15156 19
3398 2980 20
15696 15269 20
5937 68 0
7823 68 0
8214 62 0
9046 8673 20
16855 16339 19
2014 68 0
6666 6667 13
16639 68 0
8697 8701 13
11306 10816 20
2089 1707 20
286 287 13
12043 11877 19
11161 10845 20
11679 11447 22
11939 24 0
11784 11488 22
9113 8658 19
17237 16901 22
9893 68 0
16726 16385 20
12853 6 0
11529 6 0
7131 42 0
14810 13982 22
4488 4408 20
207 209 13
3621 42 0
3659 2944 19
6822 6632 19
3596 3034 14
1736 69 0
6158 5362 19
7628 7629 13
11048 10938 20
12312 11963 20
5223 6 0
15894 42 0
9785 9786 13
10198 68 0
12507 42 0
9113 68 0
1171 158 20
13475 13016 19
7514 6723 22
4224 1100 16
628 105 19
3263 68 0
14601 1003 14
5546 5362 17
17248 16886 22
4865 4280 21
3400 2985 20
3617 62 0
4613 4420 20
12957 6 0
3179 3073 20
1583 286 22
14942 14020 22
16424 16428 15
10792 6 0
4907 51 0
3406 2944 19
142 24 0
4137 3071 22
17159 16883 22
925 282 20
11679 10844 22
12502 11877 19
6616 6179 22
5640 5383 20
11178 10805 19
14508 14027 20
2990 2944 17
16969 16343 22
13424 13023 20
4592 4303 20
10234 9864 20
7126 42 0
16536 68 0
7372 6 0
9237 8713 21
16784 16339 19
13414 13016 19
396 68 0
8197 42 0
1565 270 22
7109 6774 20
581 105 19
16265 15760 22
8146 7582 21
655 361 20
3517 2991 20
4517 4403 20
13135 41 0
2784 2382 22
493 105 19
16201 15232 22
4099 3054 22
16993 6 0
1176 162 21
14278 14044 20
2669 2349 22
13348 13065 20
2329 62 0
13174 13110 20
11976 989 16
3825 6 0
4942 4389 20
15720 15227 20
3717 42 0
664 292 21
13493 9861 14
6393 5411 22
10397 10238 22
476 272 20
2633 2353 22
13666 13035 22
10051 9710 19
1023 241 21
6079 5388 23
4284 69 0
14630 14021 23
5302 6 0
4580 68 0
12583 62 0
9199 8720 21
14780 13976 22
15565 15158 20
9294 8658 19
9734 41 0
8831 8673 20
11890 24 0
15605 15280 20
3897 3594 22
14503 68 0
13145 269 16
2910 6 0
16108 15869 22
15711 68 0
15656 15222 20
15111 6 0
4525 68 0
12223 12007 20
15261 15264 13
1222 6 0
11087 10934 20
16995 6 0
1897 1660 19
10291 9767 21
8511 6 0
11530 11442 22
1576 286 22
6445 6 0
1712 24 0
7793 7571 19
1674 1660 17
8029 7604 20
15035 6 0
787 68 0
5775 68 0
14780 6 0
10062 9710 19
8818 68 0
15673 15156 19
8098 68 0
10401 9714 22
6931 6673 20
11747 6 0
3454 2944 19
7160 6634 23
16694 68 0
6203 5362 19
9213 51 0
11619 6 0
568 127 20
15602 15303 20
4885 4223 19
2844 2412 22
9496 6 0
7845 68 0
1516 1130 22
2127 1695 20
16679 16434 20
3708 42 0
14710 42 0
12616 11878 22
2880 1809 22
13543 62 0
8339 7586 22
14806 6 0
15846 15290 20
8056 7671 21
5687 5445 21
8868 8711 20
9989 9857 20
2710 1717 22
12610 12574 22
4217 3672 22
12376 11879 20
959 339 21
9983 9776 20
8817 8740 20
2447 69 0
501 177 21
14843 6 0
11454 10943 20
14665 8162 14
16911 42 0
11549 6 0
13230 13082 20
13322 13102 20
5874 68 0
7714 7659 20
430 194 20
14596 14026 21
16904 16474 20
219 69 0
4809 42 0
16720 16412 20
8933 8658 19
11054 10805 19
2994 2998 14
11401 2372 14
3447 68 0
2498 1780 23
1087 1088 14
3783 2945 22
5564 5412 20
3969 3008 22
4133 3071 22
7594 7596 13
11365 42 0
13642 13026 22
10070 9791 21
9626 8739 22
10758 6 0
4533 4223 19
13445 13083 20
13334 13022 20
4343 69 0
5623 5461 20
4102 6 0
8819 8741 20
12938 6 0
4933 4229 21
17023 6 0
12207 11877 19
1317 148 22
4386 4388 13
11085 68 0
977 42 0
11114 68 0
15458 15156 19
4448 68 0
1205 6 0
11194 10805 19
13783 13526 22
9480 8697 22
7851 7671 21
16866 3028 14
10580 9763 22
6028 42 0
8496 8143 22
3361 68 0
13198 68 0
15977 6 0
13364 13072 21
1550 264 22
6389 5405 22
11357 10832 20
15829 1121 14
7734 7655 20
732 68 0
3796 3719 22
3320 3030 20
9136 8693 21
6822 6752 20
6086 5549 20
4484 4408 20
1398 185 22
14039 8788 16
13108 41 0
13875 6 0
3395 3024 20
16813 16437 21
14620 42 0
13319 13106 20
11405 42 0
17093 16384 22
1979 68 0
4824 51 0
14379 68 0
4924 42 0
10024 9820 20
9802 24 0
16213 15237 22
7005 6657 21
8633 6 0
4017 3728 22
14143 14093 20
1040 1041 14
6029 5477 21
735 265 20
9851 69 0
6984 6642 20
4407 4411 16
3620 3071 21
15720 15156 19
15604 15156 19
389 170 20
10003 9853 20
7896 7691 20
11298 68 0
6810 6681 20
470 257 20
14909 6 0
1050 155 21
11564 10811 22
669 68 0
16879 16363 20
12272 11877 19
2307 2308 14
4440 4223 19
15584 15177 20
3748 3013 21
4386 2435 16
1463 6 0
9971 68 0
6983 6632 19
3755 3134 20
8163 4797 14
16710 16339 19
14167 13993 20
15541 68 0
13376 13065 20
15473 15293 20
16778 16339 19
12939 11962 22
3241 2985 20
5921 5362 19
8087 7614 20
1893 1724 20
2929 2421 22
14418 68 0
11186 10808 20
13474 13016 19
13386 13016 19
1973 1662 20
5976 5362 19
714 341 20
15983 15171 22
11432 7182 14
16352 16354 13
7775 68 0
747 228 20
9968 9728 20
3704 3010 20
9093 8711 20
2275 1803 21
5666 68 0
9666 8755 22
5753 5362 19
14564 13968 19
12477 11877 19
14390 14087 20
3320 3048 20
6025 5362 19
15757 15179 20
2119 1862 20
2525 1772 21
9707 8801 22
8050 7648 20
1224 6 0
12946 11971 22
12883 6 0
10310 42 0
8825 8746 20
11495 10805 19
1164 105 19
9176 8686 20
15773 62 0
6479 5440 22
13444 13146 20
12190 12007 20
8792 205 14
15069 14060 22
3191 3048 20
9702 6 0
754 304 20
9290 42 0
4951 4323 21
6450 6047 22
9054 8703 20
16839 62 0
10901 7 0
6482 5440 22
10849 24 0
11266 10805 19
5814 5473 20
16741 16339 19
12339 11926 20
10937 10939 13
3463 3009 20
1797 1801 14
16845 16339 19
3280 68 0
16183 15229 22
17232 6 0
5382 4253 15
15792 15156 19
8100 68 0
13452 13057 20
15310 15312 13
7891 7592 20
8834 68 0
13315 13036 20
2816 6 0
693 243 20
4608 4328 20
13543 13040 21
3197 2944 19
15942 15879 22
13297 13094 20
15872 15174 20
9053 8698 20
5992 5542 20
7896 7650 21
8563 7647 22
13512 13016 19
17088 16379 22
13064 13016 17
11252 10808 20
16433 1824 14
16298 15272 22
6008 68 0
1027 248 21
16539 68 0
3564 2944 19
6564 6 0
1285 134 22
7083 6769 20
12498 11963 23
10941 10943 13
9360 6 0
10884 10311 14
7114 6632 19
11269 10953 20
11114 10897 20
14655 42 0
14956 6 0
762 293 20
16198 15232 22
14207 14112 20
9680 8765 22
6170 6171 14
2161 1739 20
5651 68 0
15403 15303 20
9428 6 0
841 68 0
4686 4240 20
12038 12011 20
2448 2449 14
16960 16343 22
4100 6 0
16139 6 0
11653 6 0
7832 7699 20
15133 14642 22
9023 68 0
15550 15214 20
3772 54 0
14685 42 0
8202 7571 19
3570 69 0
12584 11942 21
1696 24 0
15199 9 0
12905 6 0
12686 6 0
13180 13016 19
12539 42 0
10914 4921 15
15232 15156 17
6970 6677 20
11034 10903 20
8569 6 0
5766 5384 20
14285 68 0
8765 8770 16
8917 8718 20
2151 1724 20
7450 7176 22
10928 24 0
15867 3070 14
1226 113 22
6138 5362 19
5656 5461 20
17095 16923 22
600 195 20
11451 51 0
3640 3133 20
12319 11947 20
13545 12537 14
8099 7695 20
15516 68 0
7816 68 0
1132 173 20
11788 10884 22
7565 6 0
6465 6 0
12396 11878 21
826 194 20
17052 16365 22
10988 10933 20
13017 6046 16
14200 14102 20
7913 7584 20
15999 6 0
14680 5550 14
7800 7608 20
14938 14020 22
3251 3048 20
4010 3023 22
16804 16485 20
11626 6 0
16720 16348 20
1278 977 22
6648 1716 14
2478 69 0
1900 1863 20
14567 14014 20
12567 12568 14
17087 6 0
9903 9710 19
16877 16478 20
17004 16916 22
14209 68 0
9063 8660 20
8484 6 0
3109 41 0
2506 1858 20
13027 24 0
15614 15156 19
1675 24 0
11083 68 0
14738 6 0
4529 4346 20
16288 15760 22
12357 68 0
7999 7654 20
15620 68 0
13412 13064 21
15849 15156 19
17162 16826 22
8930 8666 20
17027 16360 22
2295 1727 20
2036 68 0
7844 7710 20
3384 3083 20
11308 10805 19
14070 14071 13
5268 6 0
12182 11880 20
15755 51 0
4585 4379 20
3251 2944 19
6063 42 0
126 129 13
13617 6 0
8214 42 0
14273 68 0
10016 68 0
2834 2397 22
12104 11943 20
7045 6658 20
9556 6 0
5935 5505 20
2265 1868 20
15541 15249 20
11185 10949 20
14512 14062 20
12862 12485 22
11122 10875 20
13409 13118 20
3486 3112 20
12383 68 0
15798 15251 20
5982 5383 20
14391 13968 19
3696 3032 20
96 97 0
961 210 20
15879 15215 20
11395 10806 21
6436 6191 22
7413 6690 22
10659 10342 22
6416 6 0
16652 68 0
3796 3666 22
16800 68 0
16880 16407 20
6746 6749 13
2350 69 0
8877 8781 20
3523 2944 19
3387 3108 20
11005 10850 20
16731 16339 19
15972 6 0
2337 1703 20
16846 14627 14
4613 4223 19
5803 5509 20
9304 8731 20
11677 11481 22
12511 11988 20
4483 68 0
13549 13046 20
11473 123 14
1091 42 0
13253 13097 20
10937 7082 15
8598 7662 22
4596 4239 21
15447 15168 20
11026 10805 19
8856 68 0
8014 7571 19
12533 11949 20
8158 62 0
817 235 20
4783 4281 20
10258 9735 21
2071 1660 19
2580 1674 22
17059 16370 22
7997 7604 20
2681 2503 22
6390 6077 22
301 69 0
3401 3164 20
12979 12481 22
11423 976 14
14244 68 0
9011 8703 20
2434 1740 20
10896 3053 16
12561 42 0
13499 42 0
15371 68 0
2856 2505 22
6027 5487 20
11871 11392 22
6237 6149 22
4316 69 0
1826 1828 13
230 41 0
8212 7619 20
3589 2944 19
12835 12559 22
11953 24 0
7892 7710 20
712 208 20
4439 4255 20
7115 6775 20
10952 10953 13
1761 233 16
3001 2944 17
5981 5402 20
2473 51 0
9929 9747 21
5050 6 0
2383 1812 20
11351 10850 20
4503 4223 19
9990 9786 20
8346 6 0
7717 7571 19
12815 11929 22
16414 41 0
10119 68 0
10209 9842 20
1908 1738 20
6205 5522 20
8172 7609 20
10562 6 0
7243 6641 22
15759 15156 19
10451 9727 22
13243 13113 20
16513 16412 20
8878 8658 19
12795 6 0
7694 7697 13
7406 6 0
7278 6 0
10669 6 0
16433 7 0
11451 10830 21
11704 11401 22
12167 11940 20
298 24 0
15969 6 0
16883 42 0
16930 54 0
9124 8703 20
15654 68 0
1916 1738 20
17268 6 0
10101 9710 19
746 68 0
15802 15188 23
6992 6632 19
11174 10871 20
14482 14036 20
14578 13973 21
13900 13109 22
669 105 19
9873 2998 14
3616 3143 20
13675 13035 22
4517 4352 20
14241 14018 20
11408 10829 20
4663 4223 19
5196 6 0
2703 6 0
5363 5362 17
14657 14055 20
3693 3091 20
13325 13061 20
6112 42 0
11811 10896 22
10211 9848 20
10144 9710 19
15215 41 0
14667 14068 20
15862 15285 20
7837 7633 20
4600 4240 20
12080 11926 20
9157 8669 20
8106 7587 20
17195 16419 22
6175 62 0
15349 15312 20
6443 6196 22
5556 5530 20
4772 4346 20
11658 6 0
9027 8772 20
2196 1660 19
14673 42 0
7594 7595 13
4635 4329 20
9563 9190 22
16142 6 0
12331 11925 20
2659 1700 22
10293 9758 23
14921 6 0
954 144 20
11030 10945 20
10108 9819 21
907 121 20
11216 10924 20
12102 68 0
15864 9295 14
3286 2966 20
15325 15156 19
14309 13968 19
10039 9754 20
12015 1001 16
5562 5473 20
1694 1698 14
14812 6 0
12209 11905 20
3974 6 0
4654 68 0
16869 16339 19
13680 6 0
7939 68 0
4464 4281 20
2262 1874 20
1202 923 22
7890 7587 20
16994 6 0
6016 5478 20
14684 6101 14
1815 1816 13
4658 4414 20
2138 1675 20
6184 5426 21
2639 2436 22
15874 42 0
17265 16454 22
4482 68 0
16226 6 0
16642 16412 20
14157 68 0
11866 6 0
8437 7610 22
7005 6753 20
10992 68 0
6013 5362 19
14721 13968 12
7014 6704 20
5871 5505 20
11217 10831 20
7178 6770 20
13422 13141 20
12661 12560 22
11142 10920 20
15350 15156 19
4676 4240 20
2320 1660 19
10918 7161 15
14614 14000 20
10021 9772 20
3088 2944 17
918 179 20
7883 68 0
12487 11877 19
14767 13973 22
7190 6712 21
7346 7053 22
14498 68 0
13066 24 0
14259 68 0
2108 1660 19
15734 15217 20
5231 4323 22
15976 15171 22
12121 11877 19
2092 1731 20
6370 5401 22
11353 10805 19
2474 943 14
16696 16412 20
4748 4223 19
11457 10950 20
15731 15274 20
6170 5377 21
5895 5478 20
14679 14080 20
3774 54 0
6865 6654 20
16025 6 0
5110 6 0
10422 10306 22
14599 14020 21
13105 13107 13
768 242 20
545 378 20
6912 6632 19
12320 11956 20
5603 5421 20
7818 68 0
2181 1660 19
14610 42 0
7863 7571 19
14780 14695 22
10680 9791 22
7914 7623 20
16911 16339 19
15715 68 0
1023 42 0
9111 8658 19
15689 68 0
11495 10874 21
6873 6699 20
11575 6 0
7064 69 0
16294 6 0
1275 6 0
5965 5362 19
6139 5451 23
14620 6671 14
11106 10909 20
10003 9786 20
6986 6654 20
16210 6 0
4505 4318 20
4004 6 0
16324 15851 22
11442 8181 14
14527 14111 20
10860 10861 13
7590 7592 13
9464 9252 22
4702 68 0
6073 5464 20
16798 68 0
6400 6110 22
6632 104 12
8939 8713 21
11746 10869 22
3240 2944 19
3321 2973 20
16239 6 0
6010 5362 19
13659 13487 22
2626 2414 22
12552 2340 14
13059 9 0
11367 10907 20
930 173 20
3355 68 0
1581 6 0
5689 5530 20
14547 14116 20
12469 68 0
5172 4295 22
15397 68 0
14194 13968 19
14542 68 0
5612 5412 20
7685 41 0
7607 4949 15
14600 13968 19
6556 6 0
12273 11890 20
647 368 20
12853 11942 22
12065 11880 20
12814 12513 22
15314 68 0
4511 4236 20
10923 7 0
2801 1761 22
8157 2484 14
5174 4295 22
8208 7571 19
15933 15752 22
7718 7699 20
4949 69 0
3277 2962 20
2792 6 0
13204 13138 20
11837 11483 22
15272 15156 17
11091 68 0
15798 15244 21
13693 6 0
15704 15210 20
7077 7078 14
14445 68 0
11443 51 0
9241 8737 20
658 68 0
4791 283 14
12360 12012 20
418 354 20
592 202 20
11639 11507 22
8210 7593 20
3337 2944 19
649 68 0
6990 6653 20
15286 4943 16
13193 13106 20
8957 8658 19
7776 7583 20
9739 9741 13
15696 68 0
1974 68 0
9879 9797 20
11476 4866 14
16638 16434 20
14180 14061 20
13806 13076 22
16864 1018 14
3705 3116 21
16238 6 0
2035 1798 20
15357 15246 20
15495 15196 20
7498 6712 22
4256 41 0
2042 1834 20
4114 3064 22
8237 7571 19
3732 3027 20
11745 10869 22
11134 10849 20
12735 6 0
11260 10835 21
11364 2321 14
8554 7647 22
1183 241 21
10315 42 0
13009 12018 22
13606 6 0
15449 68 0
548 170 20
14393 14116 20
16696 16452 20
6907 6747 20
9895 68 0
16866 42 0
5026 6 0
1313 1085 22
7065 42 0
15071 6 0
16594 68 0
7042 6632 19
12464 12023 20
4556 4373 20
7554 7115 22
11064 10805 19
15572 15304 20
10306 42 0
162 165 13
7662 1109 15
15915 54 0
3040 69 0
2162 68 0
11325 10923 21
1442 6 0
9145 8658 19
4435 4223 19
5070 4804 22
851 178 20
2036 1660 19
17083 6 0
14386 68 0
14320 68 0
10955 68 0
8156 7679 21
1990 1857 20
4693 4399 20
8811 8772 20
7731 7607 21
138 69 0
1560 935 22
1877 69 0
15601 15293 20
14366 14007 20
15020 6 0
4701 4358 20
12323 11877 19
7145 6148 14
12438 68 0
14490 14062 20
12382 11877 19
2227 1774 20
1905 1707 20
10195 9710 19
15907 54 0
14216 14108 20
16453 41 0
4077 3046 22
6105 5475 20
10212 9870 20
3991 3637 22
6217 54 0
14672 13969 21
2068 68 0
11257 10824 20
8071 7571 19
16719 16430 20
9930 9711 21
11503 10865 21
11552 11431 22
10085 9782 20
8891 8658 19
12465 68 0
16346 41 0
16064 15195 22
3763 51 0
6846 68 0
12421 11898 20
16795 68 0
7944 7571 19
11501 42 0
14279 68 0
15842 7127 14
16693 68 0
13340 13097 20
9207 42 0
13311 13117 20
8659 8664 14
8659 8661 13
7048 6681 20
8979 8760 20
5186 6 0
12943 11967 22
6070 5366 20
4836 4264 20
14404 13968 19
12092 68 0
11401 10887 21
7877 7604 20
13486 13063 20
1928 68 0
13558 5444 14
14385 14041 20
14373 13968 19
2142 68 0
731 384 20
10742 10253 22
788 258 20
12005 11877 17
15627 68 0
7762 7592 20
1001 69 0
3851 6 0
14182 13993 20
7104 6727 21
1096 42 0
8112 7571 19
10179 9798 20
5579 5362 19
1142 69 0
15843 7598 14
8329 6 0
16751 16371 20
14968 14642 22
7987 7667 21
11228 10888 20
14510 14082 20
963 105 19
14571 14040 20
1755 1759 14
4261 4262 13
2070 1757 20
9114 8806 20
6869 6645 20
15821 42 0
3252 2990 21
14500 68 0
12233 11909 20
6949 6724 20
7902 7600 20
11393 10805 19
4527 4388 20
15929 6 0
7407 6 0
14879 6 0
16498 68 0
12036 11877 19
9886 68 0
4809 4810 14
3272 2944 19
5700 68 0
17254 6 0
8461 8191 22
12337 11877 19
5245 6 0
7960 7647 21
15334 15227 20
828 105 19
13529 42 0
1035 69 0
6468 5436 22
1939 1834 20
15579 15304 20
15952 6 0
8126 7678 20
14138 68 0
2662 1700 22
14857 14599 22
49 3 0
4056 6 0
9129 8739 21
16553 16341 20
16250 6 0
5955 5473 20
2263 1787 20
17216 6 0
316 7 0
8627 7679 22
5037 4885 22
12479 11955 21
8953 68 0
13317 13118 20
7988 7622 20
14841 13991 22
13367 13016 19
10295 9823 21
44 73 0
16627 16398 20
11907 41 0
15486 68 0
12521 11877 19
1004 1005 14
6532 6143 22
2130 1660 19
2312 69 0
12696 12558 22
12273 12020 20
9202 8709 21
9937 68 0
14668 42 0
10027 9710 19
14857 13996 22
3906 6 0
16493 68 0
2922 1840 22
9718 9710 17
3580 3150 20
5102 4267 22
5315 6 0
11545 10806 22
6437 6 0
9514 8709 22
15774 42 0
8028 7591 20
5596 5362 19
10083 68 0
8427 8125 22
15263 41 0
16467 16469 13
17128 16397 22
10399 10305 22
12055 11898 20
8138 42 0
14563 13968 19
13690 13506 22
8118 7587 20
13757 6 0
819 270 21
12261 12023 20
4846 69 0
4618 4223 19
16463 47 0
12408 68 0
3293 3024 20
17076 6 0
6908 6699 20
4457 4223 19
4397 4223 17
14425 14032 20
9743 9710 17
10272 9864 20
13165 13027 20
6144 3689 14
459 279 20
11163 68 0
2814 1767 22
1137 42 0
9002 8746 20
5869 5364 20
7769 7571 19
17192 6 0
11423 10806 21
13237 13016 19
10339 42 0
14773 14647 22
8130 7571 19
10321 9835 20
8164 7616 21
11731 10865 22
15376 68 0
4547 68 0
5943 5456 20
16727 16442 21
11053 10812 20
16329 6 0
4890 4364 20
2030 1827 20
16838 16339 19
11151 68 0
11295 68 0
11394 10872 20
3472 2966 20
17288 6 0
570 280 20
14535 13998 20
9644 6 0
6290 5377 22
4497 4223 19
12374 11898 20
1328 6 0
408 250 20
13334 13098 20
8484 8202 22
3347 2944 19
16834 16436 20
12541 205 14
2132 1827 20
10070 9874 20
8651 7703 22
5563 5502 20
10472 9731 22
10169 68 0
6092 5439 14
2501 1815 21
2803 1761 22
16267 6 0
15630 15222 20
8217 7612 20
5703 5437 20
14043 14046 13
12942 11967 22
2070 1772 21
3719 3038 20
3215 2944 19
3462 2944 19
7120 6722 20
7793 7644 20
14145 68 0
14212 14053 20
10000 9719 20
447 339 21
15333 68 0
7865 7687 20
2122 68 0
14122 41 0
14476 14098 20
3290 2944 19
14545 14112 20
8072 7696 20
5806 68 0
7181 6632 19
15112 6 0
16780 16348 20
9240 8658 19
3076 7 0
4383 2514 15
12560 51 0
13241 68 0
10853 9 0
1027 62 0
3800 2949 22
10256 9710 19
11035 10945 20
12803 6 0
12861 11942 22
1122 241 21
10964 10949 20
5039 6 0
516 287 20
8325 7582 22
12310 68 0
3669 2948 20
10066 9765 20
4648 68 0
8748 8749 13
11024 68 0
14704 13990 20
635 105 19
1555 1008 22
337 69 0
11035 10840 20
1733 41 0
1056 274 20
16896 51 0
4608 4225 20
11942 11944 13
9966 9813 21
7334 6662 22
5795 5370 20
9597 8724 22
6938 6751 21
5691 5472 20
5431 2344 16
6801 6752 20
6474 5440 22
17101 16856 22
11400 10805 19
522 105 19
5621 5364 20
8617 8128 22
14718 54 0
1006 1007 14
10876 24 0
1580 286 22
15483 15210 20
15051 6 0
8386 7599 22
10158 68 0
10631 6 0
9969 68 0
9342 8659 22
2984 2989 14
15564 15200 20
14643 13968 19
8249 7599 21
4645 4297 20
7007 6757 20
2131 1739 20
2055 68 0
12546 11901 21
7031 6773 20
5884 68 0
9643 8744 22
15957 15167 22
1450 6 0
1010 146 14
13294 13017 21
10986 68 0
14484 13974 20
2320 51 0
5714 5536 20
6734 6632 17
10057 9792 20
6574 6165 22
15858 15156 19
4220 3152 22
3386 68 0
7587 24 0
14433 14015 20
13802 13478 22
6946 6667 20
714 195 20
14667 14129 23
667 209 20
2489 1660 19
13550 13143 20
3590 3084 20
4605 4223 19
2689 2419 22
8897 68 0
4583 68 0
762 68 0
4780 4346 20
3519 2944 19
11110 10805 19
13394 13054 20
2845 2492 22
9666 6 0
339 344 14
8715 41 0
2716 1717 22
14462 14093 20
5685 5362 19
12005 951 16
6020 5420 20
3879 2972 22
16134 15839 22
16019 15773 22
14456 14021 20
6843 68 0
4531 4231 20
2688 1710 22
7284 7124 22
5857 5362 19
15506 15294 20
8235 7571 19
3977 6 0
3415 2956 20
9722 9724 13
17018 16356 22
4519 4223 19
8552 7643 22
1723 1726 13
1743 9 0
353 47 0
8590 7653 22
13235 68 0
3355 2946 20
12315 11877 19
11239 10920 20
12009 41 0
10255 9710 19
5621 5370 20
916 68 0
15813 15156 19
8479 6 0
12533 11964 20
13474 13105 21
6117 5504 21
6162 5436 21
10384 10326 22
15831 15156 19
14101 117 15
11355 10805 19
2862 2517 22
14466 68 0
11100 10805 19
10264 9781 21
9463 6 0
2900 1820 22
10072 9710 19
3415 2973 20
9565 6 0
3495 3163 20
14622 14039 21
14598 14008 20
2416 62 0
13372 13016 19
16535 16352 21
5045 6 0
3903 2984 22
12492 11916 21
4496 68 0
16574 16438 20
16686 16420 20
12484 11971 21
14549 14022 20
15659 15269 20
15877 42 0
11627 10827 22
6147 5391 21
3439 2947 20
14587 14012 20
14138 13988 20
12308 11922 20
9067 8714 20
16889 16470 20
12302 68 0
11242 10805 19
740 105 19
12470 11877 19
4933 4415 20
7636 9 0
3686 2944 19
11046 10903 20
13691 13040 22
286 288 13
9251 42 0
1063 105 19
16868 16423 20
4946 4295 21
12569 42 0
7765 7710 20
2347 62 0
879 325 20
14248 13968 19
16191 15756 22
11670 11427 22
11173 10812 20
6201 5362 19
5332 6 0
4862 4289 20
6126 5362 19
12489 11942 21
8010 7709 20
13293 13053 20
11559 6 0
5762 68 0
15961 6 0
14908 14013 22
12665 11892 22
10015 9718 21
7852 7623 20
3365 2944 19
1180 385 20
2132 1862 20
11381 69 0
9218 8658 19
10211 9798 20
7106 6632 19
503 280 20
16773 16339 19
9588 9240 22
12480 69 0
7642 41 0
16092 15864 22
15842 15170 20
5653 5547 20
3425 2966 20
3584 62 0
8019 7691 20
15574 15312 20
15857 15156 19
14137 13968 19
8467 7616 22
4798 62 0
10985 10923 21
13274 13056 21
10309 9710 19
14521 14003 20
6083 5399 20
14427 68 0
598 209 20
1464 1099 22
7856 7644 20
3359 68 0
5853 68 0
6259 6 0
7979 7571 19
2979 24 0
5712 5362 19
8977 8699 20
9524 8709 22
9670 9297 22
8171 7571 19
278 283 14
16899 16403 20
3461 3018 21
7080 69 0
8470 8147 22
11971 2367 15
13062 41 0
13116 7 0
6792 6727 21
544 105 19
16247 15248 22
3390 2962 20
2141 68 0
12556 11911 20
14085 41 0
16614 16455 20
15452 15192 20
13884 13498 22
14461 14018 20
4840 4360 20
16693 16481 20
14690 62 0
12787 11920 22
13293 13102 20
14799 14590 22
3381 68 0
13619 13021 22
9944 9797 20
15863 42 0
6090 5413 20
8041 7629 20
2505 1676 20
662 293 20
14207 68 0
12276 68 0
13365 13114 20
11502 10819 21
7118 6719 21
5692 5491 20
15646 15156 19
14610 2315 14
5645 5514 20
16321 15863 22
1269 134 22
9891 9776 20
6734 6737 13
1462 6 0
12606 11878 22
6969 6632 19
16087 6 0
8581 6 0
12227 11982 20
15818 15276 21
9979 9764 20
16870 16350 20
14404 68 0
6212 5362 12
10534 9747 22
2444 42 0
6263 6 0
3688 2944 19
13117 24 0
3256 3041 21
2229 1660 19
7030 6721 20
6382 5405 22
8193 51 0
13972 41 0
6840 6724 20
130 41 0
5426 9 0
6932 6632 19
729 114 20
14612 13968 19
6127 2443 14
16523 16426 20
17167 6 0
1187 271 23
4837 4223 19
2258 1660 19
3726 2944 19
875 325 20
7855 7571 19
9156 68 0
12043 11982 20
7148 6769 20
2814 6 0
12426 11922 20
5988 5487 20
10813 41 0
4026 3655 22
16153 15221 22
4734 4408 20
15998 15176 22
5869 68 0
8912 8753 20
12598 11877 12
13454 13082 20
9253 8689 21
6090 42 0
6048 5445 21
34 22 1
11652 11477 22
12283 11926 20
8860 68 0
12667 11892 22
6601 6161 22
2894 1820 22
10621 6 0
6083 4290 14
12471 8178 14
11117 10928 20
8062 7672 20
6921 6686 20
1128 241 21
612 68 0
10229 51 0
4403 24 0
3405 3097 20
14289 14088 20
14279 14002 20
776 105 19
15634 15238 20
13683 6 0
11856 10923 22
15999 15176 22
3231 3158 20
3191 3055 20
14566 13970 20
1884 1756 20
10874 10878 14
13951 13137 22
11412 10935 20
414 248 21
3296 2944 19
8924 8669 20
4888 4330 20
13442 13146 20
13346 68 0
3899 2978 22
9371 6 0
11134 10906 20
641 105 19
10059 68 0
9892 9710 19
12474 12021 20
15805 15239 20
5023 4914 22
8057 7676 20
10811 10814 16
8355 7590 22
11456 10805 19
17096 6 0
4438 4403 20
7948 7705 20
978 188 20
1495 1067 22
4437 4230 20
8228 1678 14
3364 2944 19
4160 3552 22
2388 51 0
926 69 0
15935 15879 22
2766 2401 22
4749 4287 20
1653 1010 22
1081 105 19
12237 12019 20
14626 14627 14
2562 6 0
10138 9848 20
297 302 16
9225 8752 23
16596 16451 20
15756 15267 20
8120 7672 20
7920 7573 20
2757 6 0
14415 14001 21
4980 4229 22
4389 41 0
6916 6696 20
5836 68 0
7826 7628 21
2618 6 0
7809 7654 20
4941 1186 14
16290 15268 22
9131 68 0
1537 1063 22
2207 1762 20
1286 134 22
12393 11877 19
9454 6 0
8717 4943 16
16442 7 0
13112 168 15
15596 15270 20
3929 3551 22
15621 68 0
15868 15181 21
9279 42 0
15199 15202 13
8110 68 0
1048 42 0
4036 3029 22
1506 1130 22
12641 6 0
9994 9792 20
2231 68 0
9657 6 0
3993 3013 22
3123 69 0
4164 3096 22
13486 13016 19
5481 5459 14
9012 8658 19
10927 47 0
10730 6 0
16877 16449 20
4537 4413 20
11631 6 0
10078 68 0
13763 13059 22
9450 8689 22
8932 68 0
8222 7571 19
4235 2342 16
12639 11884 22
15135 14600 22
6102 5522 20
15577 15156 19
2288 1690 20
12793 11924 22
16411 16414 13
6515 6175 22
8840 8718 20
1723 1660 17
1677 41 0
4237 41 0
1809 268 14
16491 16370 21
3843 6 0
4377 4223 17
11413 42 0
13367 68 0
15757 42 0
8169 7667 21
7196 6632 12
11077 10939 20
5695 5441 20
5942 5417 20
15771 15195 21
800 171 20
4723 4249 20
12896 6 0
16479 16482 13
2513 1813 20
17159 16404 22
10156 9710 19
28 29 2
2489 1870 20
12482 11994 20
6595 6 0
7147 42 0
2368 2369 14
7937 7571 19
9497 8702 22
15407 15188 20
4704 4399 20
12997 11997 22
5162 4295 22
15860 15301 20
15151 14119 22
13844 13089 22
1927 1660 19
3677 3166 20
16523 16385 20
3119 41 0
15813 15234 20
11676 11366 22
15445 15284 20
1259 126 22
4757 4223 19
14484 13968 19
16204 15896 22
6279 5377 22
3255 2985 20
11037 10825 20
5219 4896 22
9654 6 0
766 105 19
4286 4288 13
1054 311 20
13202 13118 20
5912 5388 20
6864 6632 19
11603 6 0
10811 40 0
10353 9734 20
7722 7704 20
16785 16361 20
1959 1787 20
16675 16339 19
2452 2453 14
10560 6 0
1936 68 0
14407 14060 21
16076 15199 22
6498 5445 22
13167 13134 20
13565 42 0
13500 42 0
16704 16339 19
15806 15194 20
2123 1725 20
6118 5483 20
13278 68 0
5961 5406 20
11425 10835 21
10129 9710 19
7572 7571 17
4541 4352 20
8236 7658 21
4455 4420 20
4671 4223 19
13917 6 0
14380 14093 20
15107 6 0
853 221 20
7028 6752 20
6082 5430 20
11607 10823 22
10351 62 0
3203 68 0
9809 24 0
13426 68 0
11912 1704 16
5989 5514 20
10874 10879 16
12159 11940 20
10270 9778 20
9908 68 0
4885 42 0
12135 11877 19
3319 2944 19
7500 7176 22
8974 8704 20
6380 5405 22
16726 68 0
5356 6 0
15134 6 0
7530 6 0
12372 11990 20
12116 11905 20
8883 8746 20
3449 3082 20
16847 16339 19
12335 12006 20
14613 13968 19
2136 1780 20
6120 6121 14
4811 1135 14
12510 11986 21
9214 42 0
10177 9853 20
12421 11888 21
4151 3081 22
12204 11925 20
784 324 20
16550 16348 20
2522 2523 14
5426 5427 13
3951 6 0
823 105 19
4860 4370 20
13397 68 0
10642 9781 22
12915 12491 22
12202 68 0
619 272 20
16649 68 0
16560 16464 20
626 341 20
610 68 0
11876 1 0
3121 69 0
11812 6 0
15470 68 0
2233 1707 20
3641 2957 20
15755 3095 14
15803 15218 20
14565 14120 20
2440 2441 14
7969 7637 20
11479 10930 20
12822 11934 22
5874 5451 20
1723 9 0
6912 68 0
8231 7636 21
4729 4241 20
517 105 19
9951 68 0
407 361 20
14407 68 0
13200 13087 20
2018 1815 21
9942 9737 20
8487 8213 22
8138 7709 23
14333 13968 19
16032 6 0
13369 13155 20
15455 15259 20
14537 14040 20
7879 7691 20
14206 14035 20
14377 14057 20
9901 9805 20
15310 15156 17
13251 68 0
11476 42 0
10181 9764 20
11405 10805 19
8069 7654 20
4994 6 0
4483 4388 20
5940 68 0
3530 3089 20
8505 8143 22
8230 7571 19
6327 5391 22
13752 13528 22
16875 16339 19
11908 11909 13
6114 42 0
5704 5482 20
487 105 19
8946 8710 20
4792 4223 19
12312 11936 20
1630 323 22
113 116 14
10069 9792 20
3470 3009 20
12427 11983 20
278 279 13
7772 68 0
8377 6 0
15347 15227 20
6162 3733 14
10902 24 0
14321 14053 20
2599 1681 22
16536 16394 20
1910 1660 19
3247 2944 19
10948 10949 13
454 257 20
9015 68 0
805 120 20
12941 11967 22
15494 15210 20
7287 6648 22
11214 10805 19
11989 7 0
8270 54 0
7191 6632 19
12377 11877 19
15741 15210 20
6086 42 0
17043 16844 22
6196 42 0
2277 68 0
12101 11957 20
6514 6 0
15622 15156 19
9209 8722 20
12476 12009 20
12830 6 0
6972 68 0
7679 7571 17
11791 6 0
8830 8749 20
7052 6664 20
6837 6673 20
7436 6695 22
8004 7710 20
1969 68 0
11762 6 0
3780 2945 22
7847 68 0
6205 42 0
12244 11905 20
16048 15795 22
11645 6 0
14631 13968 19
10010 9825 20
6015 5362 19
16605 68 0
10468 6 0
12919 6 0
16309 15860 22
3293 68 0
11423 10930 20
6869 6748 20
3314 3047 20
8004 7571 19
16878 16430 23
9605 8728 22
11674 10839 22
16489 16339 19
14211 13968 19
13962 13153 22
14693 13986 20
10936 41 0
4103 6 0
11038 68 0
3903 3557 22
6657 6632 17
13093 13095 13
12352 11926 20
3013 1722 15
6237 6 0
15555 15249 20
12428 11925 20
3064 3070 16
4839 4338 21
5218 6 0
15349 15158 20
102 13 7
764 105 19
12509 69 0
14087 24 0
11202 10855 20
2137 1744 20
9909 9715 20
3240 2947 20
13315 68 0
1521 6 0
538 68 0
15581 15156 19
13471 1186 14
9934 9710 19
10254 42 0
6801 6649 20
9808 9710 17
13390 13117 20
12318 11960 20
178 24 0
10863 69 0
14979 6 0
12495 42 0
10652 6 0
6702 41 0
4335 41 0
423 105 19
3884 2972 22
3740 2944 19
12331 11877 19
12753 12555 22
10997 68 0
5859 5487 20
16764 16340 21
11843 6 0
10106 9768 20
12551 1766 14
14700 42 0
10987 10953 20
6954 68 0
3185 68 0
13991 10883 14
7011 6753 20
3124 3125 13
15619 15303 20
16741 68 0
12821 6 0
8850 8658 19
6501 6144 22
3310 3090 20
14169 68 0
13304 13106 20
2578 1674 22
3628 3155 20
15450 68 0
2944 104 12
13226 13045 20
6359 6 0
4258 69 0
3480 3089 20
16973 6 0
11323 10928 20
13234 68 0
1817 24 0
14831 13991 22
2018 1749 20
17123 16393 22
13739 13052 22
9942 68 0
13628 13026 22
1621 316 22
6853 6667 20
7052 4355 14
848 68 0
9086 8658 19
4493 4378 20
13428 13016 19
6652 6653 13
6935 68 0
13844 13519 22
15981 6 0
5338 4386 22
5072 4261 22
16733 16460 20
5811 5362 19
5975 5384 20
13004 12532 22
7133 953 14
3934 2990 22
10442 9722 22
16661 16473 20
10297 4277 14
14078 24 0
16091 15204 22
7242 6 0
1004 42 0
13374 13016 19
11121 68 0
13911 13482 22
3862 2965 22
566 105 19
2645 1694 22
3840 6 0
16419 16423 13
7087 6632 19
8886 8761 20
14578 68 0
3374 3154 20
7148 6697 20
3830 6 0
7142 6669 20
13902 13112 22
3023 9 0
5450 5452 13
10691 10271 22
5382 5385 13
3875 2972 22
5957 5406 20
14854 14622 22
12534 51 0
11585 6 0
13634 13026 22
11606 10823 22
12040 11877 19
11446 4361 14
16514 16413 20
543 68 0
9631 8739 22
11398 10930 20
1595 6 0
17274 6 0
4870 4394 20
13627 13539 22
12184 68 0
7244 6 0
15760 15199 21
4053 3584 22
5218 4317 22
4859 4229 21
9472 8693 22
5884 5384 20
13329 13159 20
6919 6714 20
793 68 0
13092 41 0
9701 6 0
10923 10926 13
14154 14098 20
1888 1798 20
6130 5408 20
12811 11929 22
13733 13052 22
8456 7613 22
3884 6 0
505 280 20
15774 15244 21
8873 8674 20
14521 14032 20
12899 6 0
14689 14070 21
12443 68 0
12320 11904 21
14141 68 0
414 68 0
5396 5399 13
2054 1811 20
2818 1767 22
15880 15277 23
438 105 19
5018 4239 22
14516 14057 20
5913 5505 20
2728 6 0
11250 10949 20
3475 2944 19
13301 68 0
12857 6 0
11068 10893 20
467 179 20
15812 62 0
7145 6725 20
11920 3039 15
6551 6 0
13358 13122 20
11870 11491 22
10310 10311 14
3287 68 0
7788 68 0
10349 10350 14
9301 4322 14
14329 13973 21
1131 69 0
10991 10828 20
13009 6 0
15314 15258 20
4693 4398 20
5290 4936 22
7865 68 0
863 105 19
15866 15244 21
8327 8145 22
9120 8658 19
10378 6 0
1980 68 0
9983 68 0
10137 9710 19
568 68 0
8866 8658 19
9676 9293 22
12358 11977 20
1917 1841 20
16495 68 0
1591 6 0
6183 69 0
12237 11913 20
7172 6632 19
4526 4249 20
5843 5407 20
12227 68 0
7030 68 0
3634 3085 20
16599 16468 20
4669 4249 20
12057 11877 19
16948 16340 22
1613 1096 22
7823 7655 20
8966 8753 20
6862 6740 20
13586 6 0
11554 6 0
10896 10897 13
4402 4223 17
7841 7709 20
10926 41 0
12885 11946 22
7449 7181 22
15757 15196 23
6300 5382 22
1792 1796 14
11009 10939 20
5020 6 0
15665 15182 20
11731 6 0
13586 13017 22
11782 6 0
10960 10808 20
15393 15227 20
9020 8767 20
13563 13016 19
10049 9797 20
14835 6 0
15810 15279 21
798 107 20
6346 6 0
58 13 2
11943 24 0
10320 1172 14
11453 62 0
3941 2994 22
8387 7599 22
12094 11913 20
16125 15213 22
4565 4240 20
10634 6 0
16907 16339 19
15208 69 0
9508 6 0
16485 24 0
2313 42 0
13329 13022 20
5377 5380 13
4925 4409 20
10342 9722 21
6824 68 0
3986 3013 22
10974 10805 19
4849 4232 20
11584 10815 22
13461 13016 19
2378 1660 19
9984 9737 20
983 69 0
15611 68 0
5835 5478 20
1797 1802 16
14633 14096 20
12215 11877 19
2603 2446 22
16769 16341 20
2286 1833 21
11888 11877 17
10226 10227 14
9125 8746 20
11400 42 0
7696 24 0
15791 6665 14
5849 5441 20
703 317 20
13276 13147 20
1594 297 22
8060 68 0
7735 7676 20
7789 7636 21
6541 5466 22
6134 5543 20
14485 13968 19
12084 11999 20
4588 4223 19
8131 7652 20
2175 68 0
16790 68 0
1060 311 20
9918 9857 20
3502 3036 20
2556 2511 22
3704 3096 21
16571 16434 20
13234 13023 20
5698 5451 20
3624 42 0
11210 68 0
1890 1834 20
14431 14093 20
14276 14081 21
7851 7680 20
16551 16339 19
5264 4332 22
16886 16477 20
10129 9814 20
10130 9719 20
10713 6 0
7564 6 0
4787 4422 20
15850 5519 14
15504 68 0
13328 13162 20
12316 11935 20
12562 42 0
15297 6121 16
978 115 20
2066 1856 20
7805 7621 21
4541 4223 19
15816 42 0
15538 15156 19
9894 9776 20
2575 2450 22
2925 6 0
5972 5494 21
15539 15192 20
9913 9838 20
1630 6 0
2025 1787 20
7746 7592 20
2164 1815 21
15022 14047 22
3537 68 0
1101 1102 14
16429 16431 13
10952 47 0
7079 6637 21
6759 6762 13
3296 68 0
14821 13987 22
4967 6 0
15809 42 0
11034 68 0
7844 7684 20
10401 6 0
8862 8681 20
9229 1778 14
6053 5362 19
7277 6 0
9015 8761 20
14488 14083 20
15398 15156 19
14687 14688 14
8610 7667 22
10645 10289 22
10432 6 0
13445 68 0
9273 8724 21
6156 6157 14
11023 10805 19
9904 9866 20
3229 3154 20
14663 14081 21
3469 3031 20
2719 1723 22
16063 15870 22
4607 4223 19
10218 9848 23
10296 4913 14
12032 12023 20
17061 16370 22
12107 11982 20
4944 4223 19
13402 13127 20
169 105 17
10076 9744 20
15021 14047 22
15614 15299 20
11992 6785 14
7618 24 0
4515 4414 20
11502 10843 20
1563 6 0
3193 68 0
10128 9748 20
1101 51 0
13484 13100 20
14220 13968 19
3434 2944 19
9798 24 0
4602 4223 19
5875 5362 19
13820 13081 22
11707 10853 22
13157 13016 17
5888 68 0
12764 11916 22
7304 6652 22
13324 13053 20
15380 15259 20
12262 12007 20
14384 68 0
5121 4280 22
13499 13046 20
11271 10953 20
9204 8773 20
8893 8781 20
3140 3145 15
9979 9842 20
6842 6691 20
12090 68 0
12833 6 0
3681 3063 20
15204 2429 14
435 68 0
12687 6 0
9960 68 0
12348 11930 20
14092 14096 13
3301 2944 19
13570 13016 12
13564 13016 19
7621 7626 14
7768 68 0
5222 4785 22
4601 4240 20
10139 68 0
9735 40 0
6581 5494 22
3264 3024 20
10340 51 0
8949 8721 20
3477 3137 20
12779 12573 22
13500 13019 20
14889 6 0
7880 7618 20
9130 8658 19
8865 8802 20
5729 5417 20
557 243 20
14333 14121 20
4033 6 0
7898 7680 20
5845 68 0
16602 16413 20
1029 105 19
14679 14074 21
11338 10841 20
10726 10218 22
6814 6720 20
5598 68 0
3625 3027 20
14641 42 0
8618 7675 22
1502 6 0
3231 68 0
12572 11877 19
6810 68 0
10622 9775 22
6152 5362 19
4666 4327 21
2027 1774 20
9531 6 0
9017 8767 20
6268 6 0
12379 11877 19
14377 68 0
7707 69 0
716 324 20
1301 141 22
1681 40 0
1250 6 0
3442 2944 19
5560 68 0
11758 6 0
11780 6 0
16798 16339 19
13507 13081 21
13838 13089 22
9569 6 0
7963 7571 19
13434 13016 19
8168 42 0
3916 2984 22
15878 15180 20
6972 6736 20
12457 12020 20
5008 4235 22
15718 15280 20
10013 9806 20
14845 6 0
9612 6 0
9919 9720 20
2936 6 0
8208 8209 14
11283 10840 20
16755 16371 20
15866 15246 23
15659 15178 20
6219 5362 12
11392 42 0
2613 1681 22
6386 6 0
5945 5473 20
5821 5421 20
12717 11904 22
339 346 16
2499 1748 21
10284 9813 21
9939 9710 19
11209 10805 19
6185 5414 20
2432 1730 21
1834 24 0
7501 6 0
9350 8665 22
16510 16460 20
6404 6 0
12355 68 0
6680 5545 16
2448 1788 20
7115 6632 19
10113 68 0
7160 42 0
13277 13083 20
8136 7656 20
10229 9747 21
13199 13096 21
6749 41 0
15588 68 0
12392 11947 20
1044 380 20
17145 6 0
80 69 8
10745 9823 22
8759 8763 14
5824 5420 20
8899 8687 20
5613 5362 19
9079 8786 20
15721 15254 20
14572 14036 20
14298 14121 20
2051 1827 20
8065 7629 20
15690 15156 19
13305 13016 19
10037 68 0
14794 13976 22
9721 41 0
4869 42 0
17235 16442 22
11422 10805 19
4799 69 0
13304 13154 20
2954 2958 14
3251 3019 20
15490 15226 20
12321 68 0
17147 16401 22
9804 9806 13
12082 11939 20
12142 68 0
1173 1174 14
13030 3039 14
5789 5362 19
11535 6 0
2031 1768 20
11816 6 0
2097 68 0
13540 42 0
4948 4223 19
7254 7053 22
15186 4253 16
1304 141 22
5113 6 0
10793 10253 22
16850 16437 21
15433 15210 20
9804 5449 15
11353 10850 20
1681 1684 13
9030 8687 20
14377 13968 19
4919 2409 14
11363 10805 19
10901 10903 13
8792 8794 13
2153 68 0
664 127 20
2646 6 0
14271 13968 19
2208 1821 20
3571 3050 20
16749 16425 20
16162 15221 22
2855 6 0
5936 68 0
4132 6 0
6820 6634 20
14412 68 0
11264 10817 20
6804 6696 20
12201 12007 20
2604 1681 22
13187 13057 20
12367 11898 20
14450 14066 20
8950 8658 19
8835 68 0
13819 13081 22
4251 41 0
5563 5362 19
15778 15212 20
6466 6172 22
2053 1846 20
2205 1868 20
4692 4347 20
5033 4247 22
13356 68 0
7793 7604 20
16620 68 0
4610 4262 20
3433 3117 20
11488 10823 21
15847 51 0
799 384 20
3912 6 0
16608 16341 20
14145 14125 20
8974 68 0
12094 12007 20
3411 2944 19
11946 11877 17
14800 13982 22
4561 4347 20
15551 15311 20
15521 15206 20
16708 16339 19
6983 68 0
3320 3137 20
14694 42 0
13317 13113 20
4800 3595 14
12203 12003 20
8208 42 0
11026 10816 20
14240 14003 20
12849 11938 22
12955 11976 22
4882 4383 21
2776 2465 22
12216 68 0
3329 3065 20
2764 2417 22
1233 6 0
5564 5373 21
16658 16443 20
5798 5362 19
15559 15156 19
13506 62 0
3271 68 0
5810 5362 19
17160 6 0
4235 4237 13
12461 12011 20
10388 6 0
4345 4347 13
16891 16442 21
9970 68 0
4682 4339 20
9902 9825 20
8654 7708 22
2056 1868 20
4377 4382 15
1132 134 21
5734 5542 20
14301 13968 19
844 272 20
6833 6781 20
16728 16455 20
15003 6 0
9301 8717 21
14137 14103 20
16660 16339 19
16727 16339 19
13903 13489 22
12481 11908 21
3588 42 0
9927 9820 20
10023 9740 20
7066 6693 20
8987 8658 19
5279 6 0
5203 6 0
16493 16389 20
16741 16376 20
14278 13968 19
7083 51 0
2119 1793 20
5563 5402 20
4788 4295 21
6882 68 0
14437 14035 20
16623 16409 20
3376 2973 20
2172 1834 20
10977 10805 19
9649 9213 22
2152 1660 19
12679 11896 22
12900 11955 22
570 384 20
6892 6649 20
9057 8704 20
12142 11885 20
14402 14048 20
9581 8724 22
14359 14035 20
2145 1744 20
8974 8797 20
17132 16397 22
5524 1090 16
4542 4223 19
15471 15269 20
15897 15186 21
4303 24 0
1042 42 0
9283 8672 21
11388 10820 23
15838 15235 20
7315 7169 22
4956 4223 12
15811 15186 21
1015 1016 14
1941 1846 20
10128 9710 19
8225 7607 21
9251 8723 20
4534 4420 20
2160 1737 21
844 279 20
8173 42 0
237 41 0
16407 41 0
13262 13090 20
9243 8775 21
6177 6178 14
1424 937 22
13147 24 0
15109 6 0
11685 6 0
2363 1703 20
2697 6 0
6811 6632 19
16879 2392 14
16917 16454 21
5778 68 0
2063 1706 21
8207 3110 14
3263 3009 20
7084 6739 21
11502 10805 19
5066 6 0
11433 10805 19
5597 68 0
4145 6 0
6366 6 0
5711 5462 20
15750 15202 20
2316 2317 14
10246 9794 20
6579 6210 22
9283 8705 20
16653 16473 20
16879 51 0
10101 9825 20
9319 54 0
13377 68 0
8292 6 0
16779 68 0
5490 5362 17
5208 4312 22
7827 7672 20
5450 9 0
11006 10866 20
11144 10903 20
6165 5483 20
5440 9 0
9018 8752 20
12534 42 0
5326 6 0
9791 9710 17
8372 8134 22
16741 16420 20
11419 10843 20
11475 10882 20
12985 12534 22
12435 11877 19
15227 24 0
5676 5373 21
16837 16339 19
15202 41 0
835 378 20
16745 16372 20
8872 8710 20
7009 6747 20
15879 15156 19
9298 42 0
13214 13073 20
16227 15240 22
3666 3667 14
1937 68 0
15149 6 0
8827 8756 20
720 195 20
9016 8714 20
3479 3071 21
9763 9710 17
16004 6 0
4620 4226 20
9403 6 0
9079 8703 20
14589 14011 23
11115 10805 19
4247 4252 14
15708 68 0
5593 5369 20
9093 8771 21
16773 16468 20
5252 4327 22
746 105 19
1923 68 0
9343 9201 22
2366 1660 19
12140 68 0
13215 13117 20
13013 6 0
3281 2944 19
1959 68 0
14175 14082 20
4746 4268 20
4649 4308 20
9785 9787 13
215 24 0
15641 68 0
2232 1660 19
3156 69 0
923 265 23
2655 2371 22
5632 5525 20
7577 7581 16
11396 51 0
1105 193 21
11729 11370 22
11390 10925 20
8093 7687 20
15531 68 0
2636 2511 22
12671 11892 22
4702 4231 20
17153 6 0
7926 7571 19
12573 11919 20
14328 14027 20
16080 15199 22
5163 4295 22
13254 13154 20
7001 68 0
1224 1004 22
2881 1809 22
12056 11902 20
4778 4223 19
14618 14055 20
5873 5514 20
15319 15156 19
2897 1820 22
1167 69 0
4870 4247 21
9059 8725 20
9969 9710 19
3274 2966 20
6444 6150 22
15467 68 0
6786 6632 19
6265 6143 22
7718 7687 20
4332 3121 14
9563 6 0
13218 68 0
9886 9749 20
16749 16339 19
9781 9710 17
6885 6634 20
1993 1845 20
12703 12499 22
10389 9714 22
4576 4223 19
12596 11877 12
15027 6 0
16918 296 14
3728 3027 20
11411 10844 21
9121 8658 19
11138 10855 20
7324 7073 22
9976 9786 20
5431 5435 14
10502 9739 22
11141 10902 20
705 354 20
5178 4302 22
3029 3034 16
16201 15778 22
3949 3632 22
5728 5383 20
13932 13483 22
1551 264 22
5583 5362 19
1340 1062 22
14656 13995 20
10982 10875 20
2133 68 0
14424 68 0
6004 5384 20
9143 68 0
11502 42 0
13559 13016 19
862 317 20
6365 5401 22
9873 47 0
4963 4223 12
797 171 20
8884 8694 20
13652 13030 22
15000 14039 22
6278 6088 22
955 69 0
2848 2325 22
14249 14048 20
12367 11987 20
15279 7 0
10777 9841 22
6875 6781 20
12094 11992 21
15751 1705 14
9190 8723 20
16207 6 0
12623 12518 22
4282 41 0
11291 10920 20
9238 8658 19
1779 7 0
5787 5412 20
8461 6 0
14225 13970 20
4631 4388 20
14039 9 0
2410 1769 20
13064 13065 13
3107 7 0
9213 6200 14
9510 9195 22
7189 69 0
15727 15222 20
9046 8661 20
2628 6 0
286 291 16
9292 8775 21
8009 7684 20
5773 5412 20
1586 6 0
16874 16423 20
11480 42 0
12398 11897 20
587 68 0
3420 68 0
12221 11877 19
2786 6 0
7279 7110 22
10608 10272 22
10755 9829 22
14916 6 0
1952 1874 20
13719 6 0
14658 51 0
15162 15165 13
15640 68 0
6478 6 0
1772 1776 13
9340 9206 22
9774 41 0
8830 8658 19
11986 7 0
889 107 20
8227 7636 21
6656 41 0
11824 6 0
5734 5362 19
15830 42 0
5380 41 0
11857 6 0
410 265 20
1964 1660 19
256 9 0
13422 13066 20
7993 68 0
16736 16465 20
2304 42 0
1491 6 0
9168 8658 19
6809 6756 20
4684 4223 19
13382 13098 20
6818 6632 19
5684 5362 19
6698 116 14
3641 3023 21
8853 68 0
9602 9207 22
4774 4292 20
10171 68 0
12295 11889 20
16678 16339 19
7821 7588 20
1840 255 14
14685 13968 19
6708 24 0
13579 54 0
14427 14117 20
14280 14011 20
13295 13102 20
8338 7586 22
6571 6106 22
10027 9768 20
1375 6 0
8697 9 0
13071 69 0
3248 68 0
14412 13988 20
10894 41 0
5483 41 0
4824 4223 19
11884 11886 13
6098 5362 19
13040 2392 15
6080 5362 19
16108 15867 22
14911 6 0
7150 2429 14
2795 6 0
2513 1660 19
5238 4892 22
4749 68 0
1725 24 0
14389 14018 20
10896 4889 15
5687 5456 20
12392 11909 20
13709 6 0
3277 2947 20
7040 6768 20
7465 6 0
15454 68 0
11339 10805 19
7682 7 0
16312 15279 22
15276 183 15
10111 9710 19
9722 9723 13
12144 11952 20
14536 14044 20
13321 13078 20
6927 6632 19
663 113 21
668 304 20
5194 4868 22
11040 68 0
2096 1707 20
14369 14082 20
438 324 20
13300 13142 20
623 68 0
16912 51 0
10310 9844 20
2285 1781 20
5893 68 0
8501 7628 22
15437 15156 19
13523 13079 20
11908 11877 17
14559 14103 20
9022 8718 20
2730 6 0
16818 42 0
10197 9837 21
13355 13016 19
14459 14003 20
11173 68 0
1893 1701 20
8909 8658 19
7168 51 0
5098 4267 22
8633 7682 22
12894 11951 22
12224 11877 19
9101 8658 19
7093 6762 20
15191 15156 17
2744 1730 22
4827 267 14
7047 6632 19
12426 11877 19
5244 4850 22
773 340 20
9669 9259 22
499 272 20
10198 9710 19
4743 4408 20
941 51 0
15838 15200 23
6274 6075 22
14722 54 0
13175 13134 20
11230 68 0
10544 6 0
17264 16454 22
11761 6 0
9963 9728 20
5490 7 0
3624 3061 23
9995 9719 20
16914 16470 20
1270 6 0
17242 16864 22
9302 8726 20
9101 68 0
9898 9768 20
12057 11939 20
9362 6 0
2370 1818 20
9913 9853 20
16450 16339 17
5748 5456 20
9159 68 0
8361 7594 22
16315 15750 22
1162 42 0
5036 6 0
6993 6632 19
12577 11877 19
16811 42 0
7565 6764 22
9662 6 0
6548 5471 22
6723 6632 17
5396 40 0
6122 5478 23
7291 6648 22
15913 54 0
950 62 0
16846 16456 20
1797 1799 13
7200 6632 12
3413 3048 20
4710 68 0
8263 7571 12
9302 42 0
16644 68 0
3902 6 0
14320 13968 19
16767 16385 20
5750 5362 19
13772 13059 22
6602 6 0
3584 3008 21
7874 68 0
3401 2960 21
11145 10949 20
16858 16339 19
1668 1671 14
6042 5486 21
10864 69 0
6609 5513 22
7332 7113 22
6900 6632 19
5283 4806 22
16296 15272 22
14447 68 0
14903 14009 22
6086 5366 20
15867 15167 21
7072 42 0
3216 2944 19
3966 3001 22
12231 11930 20
15623 15273 20
9791 9792 13
3513 68 0
16994 16892 22
10170 9838 20
2330 69 0
8301 8128 22
15276 7 0
2551 1661 22
8055 7633 20
8170 7692 20
4598 68 0
7989 7710 20
13295 13091 20
15521 68 0
10802 10306 22
533 68 0
10052 9776 20
10606 10235 22
12980 12576 22
11102 10807 20
12100 11963 20
2284 1875 20
11089 10805 19
12560 11941 20
3204 3061 20
15734 15274 20
7116 6734 21
2558 6 0
15867 42 0
5940 5446 20
15244 7 0
11316 10942 20
14920 14013 22
17098 16384 22
10962 10888 20
16431 41 0
15365 68 0
6563 6110 22
10238 9867 20
16184 6 0
5650 5487 20
5379 41 0
4078 3046 22
9959 68 0
7110 6637 21
10737 6 0
6447 5431 22
5685 5402 20
9284 8682 20
1947 1811 20
15225 15156 17
78 69 8
16160 15221 22
4722 4350 21
10205 9825 20
11054 68 0
9078 68 0
1939 1660 19
2990 2991 13
14023 41 0
5781 68 0
15059 6 0
9954 68 0
5325 4942 22
15681 15226 20
16617 16357 20
454 68 0
7607 7608 13
17238 16819 22
5810 5502 20
5293 4917 22
2040 68 0
16893 16339 19
1970 1756 20
7747 7668 20
5606 5501 20
14232 13977 20
7825 7571 19
2450 62 0
2465 42 0
4681 4255 20
8947 8753 20
7804 7648 20
6024 5362 19
12277 68 0
7496 7140 22
6013 5369 20
8429 7607 22
6230 5363 22
3169 68 0
15433 15222 20
16787 16389 20
16888 16339 19
418 68 0
16744 16339 19
15896 15156 19
3361 2991 20
13336 68 0
16892 16404 21
5426 5428 13
8106 7571 19
9148 8748 21
14631 42 0
5898 68 0
10120 9710 19
9356 8665 22
9977 9749 20
16479 16480 13
4455 4223 19
11715 10860 22
1914 1851 20
15506 15156 19
9342 9210 22
11216 68 0
5575 5441 20
7747 7571 19
909 105 19
14765 13973 22
6908 6752 20
1786 1788 13
13116 13119 13
12169 68 0
15926 6 0
12700 12543 22
10274 9727 21
4350 4223 17
9000 8658 19
644 265 20
4274 24 0
11344 10896 21
16395 41 0
11051 68 0
9987 9710 19
16666 68 0
4629 4318 20
4744 4414 20
10497 6 0
5898 5491 20
15771 15166 20
1604 303 22
5559 5451 20
16903 16343 21
1224 1122 22
3206 2985 20
13229 13122 20
11108 10825 20
12068 11897 20
4857 4223 19
7967 7571 19
6155 5401 21
14188 14056 21
14991 14039 22
7345 6 0
2783 2471 22
648 341 20
9115 8772 20
10112 9710 19
5931 5362 19
16526 16412 20
865 105 19
8038 7663 20
15767 51 0
12543 51 0
10017 9744 20
14132 14102 20
3101 3102 13
11308 10845 20
5630 68 0
13223 13102 20
10198 9723 20
15536 15156 19
4744 4224 21
4673 4223 19
3496 2991 20
16142 15767 22
15006 14043 22
3117 24 0
11916 11919 13
17253 6 0
2851 2318 22
2983 69 0
15883 15267 20
12551 42 0
16580 16339 19
11600 6 0
1332 6 0
5400 69 0
12960 11976 22
14736 54 0
11499 10951 20
8064 7644 20
220 222 13
12921 11959 22
13964 6 0
15645 15156 19
12532 42 0
15757 62 0
14681 42 0
383 199 14
2285 68 0
7512 7131 22
13662 6 0
388 68 0
12266 68 0
9656 6 0
9154 8680 20
4689 4223 19
16790 16339 19
13515 13026 21
10089 9710 19
11110 10870 20
13097 24 0
4792 4405 20
12550 11877 19
16109 15774 22
9605 6 0
11453 10842 20
1952 1731 20
2085 68 0
2293 51 0
6343 5391 22
1845 24 0
8241 5539 14
11704 10853 22
7958 7668 20
3659 42 0
14249 14111 20
11612 6 0
11462 929 14
1038 105 19
1555 6 0
10497 9739 22
12071 68 0
978 119 21
8770 69 0
15396 15156 19
9767 224 14
7073 6778 20
11196 10938 20
16577 68 0
14771 13973 22
7553 6 0
16828 1107 14
14617 51 0
5382 5362 17
14135 14003 20
5584 5441 20
3851 2965 22
13899 13109 22
4466 4358 20
16248 15849 22
16084 15199 22
8189 42 0
11419 10811 21
6088 5362 19
10827 191 14
14260 13968 19
8462 7613 22
648 187 20
3578 3579 14
3319 68 0
17155 16830 22
6134 5516 20
6618 6165 22
1285 6 0
6935 6677 20
7292 6 0
11038 10805 19
4120 3064 22
13530 2369 14
6342 5391 22
696 105 19
4369 41 0
9722 9726 13
9172 68 0
13378 13041 20
10343 9731 21
2001 1875 20
15649 15201 20
8765 138 14
14569 14078 20
14000 41 0
10066 9814 20
14429 13968 19
10976 10805 19
10468 9731 22
10586 9763 22
13924 13121 22
1770 69 0
13515 42 0
287 24 0
4617 4340 20
11249 10805 19
15086 14070 22
3820 6 0
14942 6 0
11971 3121 14
3791 3646 22
11111 68 0
10188 9710 19
16544 68 0
398 235 20
7182 69 0
6017 5370 20
17191 16416 22
12141 11879 20
5276 4338 22
15287 24 0
5604 5536 20
12027 11930 20
3550 3108 20
5992 5451 20
13850 13093 22
13199 13128 20
622 105 19
14161 14040 20
6100 5362 19
2011 1810 20
1624 1015 22
2543 6 0
9219 8744 21
14197 14101 21
14101 14102 13
13443 13023 20
3745 51 0
6556 5477 22
12188 11968 20
4917 4918 14
2101 1821 20
9897 9710 19
16450 16451 13
15082 14620 22
6104 5399 20
1436 207 22
909 156 20
6593 6 0
3278 2944 19
6129 5375 20
13236 13016 19
14697 14118 20
14292 14070 21
1071 1072 14
14797 13982 22
11043 68 0
2052 1682 20
13499 13016 19
10253 42 0
16736 16367 20
14999 6 0
15312 24 0
7092 69 0
15937 6 0
10289 9834 23
2245 1711 20
16073 6 0
7981 68 0
5314 4367 22
14186 14032 20
11787 6 0
6095 5497 20
8370 6 0
10334 69 0
10308 9710 19
1479 1178 22
9648 8748 22
3081 3082 13
1217 113 22
14457 68 0
9255 1127 14
13561 42 0
14506 14018 20
15844 42 0
10186 68 0
13377 13022 20
9339 8659 22
8771 7 0
2627 6 0
7763 7683 20
10528 10284 22
14609 7137 14
8172 3654 14
7930 68 0
10102 9724 20
6512 6035 22
7590 2413 15
9252 42 0
11255 10938 20
907 179 20
6605 6 0
8860 8746 20
12761 6 0
12057 11908 21
15484 15217 20
16941 16340 22
6491 5445 22
12106 11931 20
15155 0 11
7101 51 0
11428 10923 21
12704 6 0
6852 6686 20
3170 3025 20
9271 42 0
11725 11461 22
7081 6632 19
11262 10805 19
8435 8141 22
347 105 17
7157 6769 20
12762 11912 22
4635 4223 19
10206 9731 21
12577 11945 20
14127 10323 16
1586 1027 22
13897 6 0
11379 69 0
12508 42 0
12921 12534 22
5365 24 0
7749 7680 20
13392 13016 19
5774 5397 20
7811 7571 19
8160 7588 23
14132 13968 19
14818 6 0
3649 2944 19
5943 5393 20
6299 5382 22
11398 10877 20
5569 5473 20
8438 8147 22
15294 24 0
12381 11877 19
16220 15798 22
12770 11916 22
13178 68 0
7694 4904 14
11687 10844 22
11167 10953 20
7015 6632 19
5974 5387 21
8549 6 0
16533 16339 19
13544 13056 21
7432 7145 22
15811 15299 23
16829 1066 14
10017 9776 20
15038 6 0
3585 3165 20
11456 10837 20
16028 15824 22
2036 1799 20
8123 7710 20
13436 13027 20
13467 13020 20
12719 11904 22
14878 6 0
16223 15873 22
11131 10805 19
4632 68 0
16463 2516 15
15850 15166 20
8755 8758 14
11087 68 0
11801 6 0
15847 15219 20
637 107 20
14661 4233 14
7899 7607 21
2266 1798 20
10588 10234 22
7854 7571 19
10452 9727 22
5954 68 0
1506 6 0
1185 210 20
2378 51 0
15537 15287 20
14838 6 0
4585 68 0
12485 11994 20
8248 7615 20
2696 6 0
9703 8784 22
12242 11968 20
12832 12475 22
3035 3039 15
12214 68 0
13377 13078 20
5809 5362 19
6001 5362 19
12001 11877 17
2737 6 0
3408 3125 20
15987 6 0
3186 2986 20
6821 6645 20
8089 7574 20
6120 5391 21
5866 5547 20
5368 5370 13
14337 68 0
6951 68 0
7128 7129 14
9133 8674 20
14520 14070 21
8945 8658 19
7942 7680 20
3252 2956 20
4875 4375 20
12694 12520 22
16732 16348 20
10531 9747 22
7935 7668 20
15333 15280 20
14495 13968 19
8811 68 0
13225 13031 20
3283 2944 19
10543 9747 22
17197 16419 22
12873 6 0
11428 62 0
15784 42 0
15092 14074 22
13222 13041 20
3510 3130 21
15583 15262 20
10110 68 0
17023 16360 22
1079 286 21
6518 6030 22
8010 7574 20
14238 14027 20
5992 5531 20
5722 5407 20
12205 11957 20
5986 5398 20
10828 24 0
9651 6 0
15002 6 0
9411 8676 22
565 135 20
14339 13993 20
17031 16861 22
10627 6 0
13614 13496 22
13950 13137 22
648 107 20
11391 10869 21
11458 10887 21
6871 6714 20
2201 1707 20
10313 9859 20
682 68 0
2038 1660 19
16576 16343 21
14958 6 0
9900 9710 19
6008 5437 20
15800 15170 20
8333 8128 22
6099 5433 20
15117 14619 22
1227 1137 22
13064 9 0
1914 68 0
15728 68 0
6867 6777 20
15442 68 0
7252 6641 22
7545 6746 22
3478 3158 20
11165 10924 20
2612 6 0
6153 42 0
575 105 19
5998 5398 20
12292 12023 20
11367 62 0
9092 8752 20
6495 6142 22
3857 3624 22
5230 4317 22
12608 11878 22
14557 14116 20
7931 68 0
12803 11929 22
12126 12023 20
2309 1733 20
16377 41 0
6977 6708 20
12052 68 0
9533 8713 22
8136 7571 19
5694 5398 20
5189 4941 22
1345 6 0
12614 11878 22
11269 10816 20
1132 385 20
12135 68 0
7104 6687 20
7480 6 0
5595 5362 19
9237 8658 19
13288 13122 20
15186 15189 13
14823 6 0
10058 9728 20
9220 8726 20
9255 8705 20
39 3 0
9290 9291 14
3581 3582 14
4460 4236 20
56 3 0
5969 5462 20
2139 1660 19
11646 11367 22
3501 2947 20
16882 16339 19
8240 42 0
3630 3124 21
16122 6 0
14483 14074 21
5816 68 0
11653 10835 22
16900 6178 14
447 68 0
7991 7571 19
8912 68 0
977 385 20
15744 15159 20
11320 10903 20
4578 4368 20
15416 68 0
11384 51 0
4867 4302 21
13455 68 0
14406 14022 20
8188 7630 20
14197 13997 20
11955 1035 15
9583 6 0
16878 16477 20
5137 4286 22
3600 69 0
4170 3096 22
7126 6783 20
17096 16384 22
4834 4835 14
14004 41 0
16599 16420 20
10607 6 0
13518 13042 23
16720 16362 20
4601 68 0
842 354 20
10424 9718 22
13847 13480 22
5078 4912 22
8644 6 0
11559 10811 22
7890 7684 20
701 171 20
11218 10840 20
5693 5451 20
8248 7682 21
7286 7146 22
13026 8176 15
7713 69 0
3740 3092 20
9244 8671 20
10155 68 0
2253 1660 19
6958 6632 19
4708 4398 20
15621 15183 20
2872 2304 22
5740 5530 20
5254 6 0
14616 13968 19
13568 13016 19
15895 42 0
5592 5472 20
11344 10828 20
14456 14125 20
14216 14032 20
7958 7592 20
5844 5362 19
3172 2944 19
9351 6 0
12131 68 0
12229 68 0
13059 13063 13
15514 15173 20
2744 6 0
15524 15312 20
10645 9781 22
7364 6676 22
12429 68 0
177 180 13
3489 3118 20
5940 5389 20
9292 8747 20
10984 10909 20
15921 15157 22
15450 15193 20
15723 15254 20
13239 13083 20
14993 14039 22
12524 11910 20
12107 11877 19
9964 9710 19
15651 15156 19
10001 9710 19
8078 7648 20
14886 6 0
8147 51 0
11065 10805 19
5736 5362 19
3318 68 0
14621 42 0
2920 1833 22
7354 6672 22
9655 8751 22
912 349 20
3307 3108 20
4498 4263 20
3960 6 0
16648 68 0
13740 6 0
10967 10805 19
10784 9846 22
11450 42 0
8117 7595 20
3687 69 0
9061 8746 20
11918 41 0
12511 11934 21
1032 1033 14
688 298 20
12634 11884 22
17275 16916 22
2161 1688 21
3832 3672 22
11458 10243 14
12423 11990 20
4854 51 0
4795 4416 20
1919 1660 19
3284 3163 20
857 368 20
16839 16339 19
9753 330 14
10126 68 0
2475 42 0
3717 3043 20
3060 3063 13
12761 11912 22
2417 1723 21
559 135 20
257 24 0
8701 41 0
10098 9719 20
5955 68 0
2160 1731 20
9236 51 0
14859 14611 22
6012 5446 20
421 68 0
12507 11933 20
10203 9712 20
4552 4292 20
9308 8672 21
13943 13463 22
12314 12019 20
14330 14071 20
9248 8750 20
11047 10805 19
12389 11877 19
15766 15279 21
11109 10841 20
5774 5437 20
12042 11999 20
13743 13052 22
12268 12002 20
9136 8741 20
6571 6 0
2487 1670 20
10887 10889 13
7111 6749 20
4457 4269 20
3403 2944 19
849 128 20
3707 3063 20
3657 3081 21
16832 16487 20
6719 1854 14
4448 4287 20
663 195 20
3420 2944 19
3476 3158 20
9464 8689 22
4066 3041 22
16338 1 0
12744 12505 22
5748 5402 20
9221 8773 20
12181 11889 20
10133 9736 20
16094 15204 22
3303 3108 20
10153 9858 20
16147 6 0
547 361 20
4304 41 0
185 9 0
9884 9776 20
7445 6698 22
16822 16393 21
499 105 19
17234 6 0
1531 978 22
6596 6 0
11059 10881 20
10572 6 0
8779 8658 17
11675 6 0
15343 15156 19
15743 15299 20
10190 9806 20
15182 24 0
2361 51 0
1345 162 22
10351 42 0
10473 10286 22
5899 5468 20
2677 1706 22
9905 68 0
4230 24 0
2492 1829 20
16836 16339 19
12954 11976 22
5597 5384 20
14648 1671 14
8858 8658 19
15604 15252 21
9304 42 0
5333 6 0
3300 3060 21
15846 3684 14
16700 16339 19
4430 4236 20
8491 6 0
16248 15248 22
5752 5362 19
15305 41 0
982 374 20
3519 68 0
7733 68 0
11330 68 0
9892 9874 20
5113 4273 22
1688 1691 13
15376 15156 19
12607 11878 22
629 333 20
1252 1175 22
4353 41 0
6120 5429 20
15528 15246 20
14580 13968 19
3396 3061 20
4719 4262 20
11255 68 0
14218 14045 20
9106 8725 20
8218 7571 19
445 324 20
4524 4384 20
5660 68 0
7532 7081 22
15495 68 0
2034 68 0
2211 68 0
6480 5440 22
13326 13054 20
13379 68 0
4736 4313 20
5746 5362 19
8141 42 0
14157 14044 20
984 311 20
3707 381 14
13421 68 0
15588 15178 20
16737 68 0
1994 1817 20
12751 12483 22
7379 6 0
8394 6 0
16493 16353 20
1873 1876 13
3657 3026 20
16956 16842 22
13627 6 0
13427 13016 19
4864 51 0
10332 9801 21
9915 9724 20
7067 4906 14
5411 5413 13
484 341 20
16263 15799 22
8582 8214 22
6327 6098 22
542 325 20
11657 6 0
1069 373 20
3012 69 0
7940 7651 20
2104 1702 20
7966 68 0
16147 15216 22
14612 14090 20
6410 6 0
4466 4223 19
8887 8698 20
14324 14052 20
6462 5436 22
3550 2944 19
13433 13027 20
7310 6 0
2584 6 0
11076 10812 20
8998 68 0
1444 993 22
2777 1748 22
14262 14121 20
8576 8127 22
6936 6773 20
15718 15248 21
3792 6 0
14151 13968 19
602 221 20
16843 16457 20
4432 4421 20
16069 15195 22
635 195 20
13121 3671 15
12199 11960 20
1331 155 22
9291 69 0
10240 10241 14
1465 1132 22
13026 40 0
12765 6 0
4660 4378 20
1246 119 22
16507 68 0
16152 6 0
14675 13968 19
6232 6081 22
12051 68 0
16777 68 0
9253 8688 20
2906 6 0
6770 41 0
6104 51 0
5076 6 0
7888 68 0
4194 3566 22
261 69 0
10925 41 0
1164 42 0
3321 2944 19
16885 16339 19
1617 6 0
12512 11915 20
7996 7651 20
10033 68 0
14883 6 0
3990 3743 22
5987 5362 19
11299 68 0
15638 15206 20
13546 13105 21
15388 68 0
12147 11877 19
2240 68 0
11958 41 0
16707 16339 19
7899 7699 20
5377 5381 14
9481 8697 22
2557 1661 22
14284 14027 20
13261 13044 21
401 378 20
2284 68 0
5660 5417 20
4840 4224 21
3983 3008 22
2158 1690 20
641 186 20
6955 6736 20
15404 15156 19
3465 3036 20
8053 68 0
15442 15159 20
11155 10845 20
15 18 5
10054 68 0
9039 68 0
16491 16339 19
16715 16444 20
13784 13515 22
1624 323 22
16779 16339 19
4079 6 0
14660 69 0
563 127 20
3894 3679 22
14629 13982 21
1517 6 0
7518 6 0
7632 7571 17
5945 5362 19
16614 16452 20
8676 8658 17
7834 7623 20
3820 2954 22
7311 6 0
7761 68 0
9747 936 14
13653 13030 22
13267 13106 20
5876 5472 20
11405 10830 21
3408 3055 20
4606 4324 20
6021 5362 19
7098 62 0
4869 4336 20
2668 1706 22
4146 3598 22
4302 4303 13
10064 9754 20
11668 11478 22
14685 14112 23
5662 68 0
10001 68 0
752 272 20
3372 3030 20
14013 283 15
839 149 20
12860 12566 22
3382 2944 19
14305 13997 20
12437 11935 20
6818 6645 20
11327 68 0
14358 14112 20
5773 5531 20
10283 42 0
10382 10304 22
1644 6 0
6880 68 0
15667 15283 20
13195 13098 20
811 186 20
10945 24 0
6894 6692 20
464 279 20
673 372 20
8089 68 0
4934 4323 21
7750 68 0
7572 6040 14
7103 6669 20
7869 7583 20
14927 14614 22
8385 6 0
12856 6 0
9005 68 0
1672 69 0
6665 69 0
7022 6761 20
9534 8713 22
15896 15189 20
15493 15246 20
11483 10860 21
14408 14094 20
14894 14009 22
11353 10853 21
15652 15242 20
14263 14072 20
8521 6 0
11138 10805 19
4694 68 0
4307 4301 16
8664 69 0
14491 13970 20
4974 4224 22
2848 6 0
11004 10836 20
8250 7587 23
3093 69 0
15459 15258 20
7186 6778 20
14933 14691 22
16634 68 0
5111 4273 22
668 324 20
16539 16339 19
2965 2967 13
13804 13525 22
2725 2359 22
12529 11877 19
11494 10921 20
11035 10928 20
3219 3132 20
13288 13066 20
9932 9830 20
2143 1856 20
14229 68 0
5745 5406 20
4833 42 0
4048 3035 22
15682 15192 20
6082 42 0
4106 6 0
3062 41 0
14898 6 0
14647 51 0
3507 2996 20
12219 11943 20
16706 16376 20
9318 8658 12
15803 15156 19
8579 8164 22
5371 41 0
16446 16449 13
12060 68 0
3913 6 0
14695 42 0
14485 14018 20
9289 69 0
9048 8658 19
2825 1767 22
9039 8756 20
6976 6704 20
9609 8728 22
13039 69 0
9890 9748 20
11492 42 0
549 68 0
6974 6673 20
4307 4308 13
9735 9710 17
1054 51 0
14043 13968 17
7783 7584 20
15279 15280 13
6997 6691 20
10220 42 0
627 280 20
5466 5468 13
1820 1822 13
9144 8752 20
8180 7697 20
10272 2413 14
927 164 20
4967 4224 22
7365 6676 22
9973 9830 20
7458 6 0
17051 16365 22
6390 6134 22
1573 278 22
15628 15156 19
9861 69 0
1977 68 0
6780 6784 13
4516 4255 20
11221 10805 19
6698 1692 16
13012 6 0
7964 7687 20
13485 42 0
4567 4223 19
6310 6 0
12046 11897 20
8882 68 0
598 128 20
2598 1681 22
8748 4246 14
8063 7591 20
3350 3137 20
1980 1660 19
15760 15156 19
3226 2979 20
3848 3635 22
15229 9 0
1136 218 14
14536 68 0
11636 11427 22
4622 4223 19
16297 15272 22
4049 6 0
968 69 0
4112 3064 22
12602 11877 12
3479 68 0
11698 10848 22
40 8 1
13535 13016 19
684 68 0
10865 9 0
3395 2947 20
1546 6 0
3041 9 0
4042 3637 22
16388 4283 14
14648 14008 20
883 68 0
4302 943 16
4831 42 0
6360 5396 22
6766 41 0
6088 5489 20
15808 42 0
12558 11981 21
798 228 20
13928 6 0
2489 62 0
7499 6712 22
3194 2996 20
16572 16438 20
5133 6 0
7795 68 0
4572 4223 19
3391 68 0
10190 9754 20
7790 7571 19
16334 15302 22
11863 10923 22
15430 15172 20
2073 1841 20
423 179 20
1612 6 0
8055 7571 19
8006 7587 20
12202 11877 19
14520 13968 19
11852 11443 22
14337 14072 20
15372 15241 20
7151 42 0
7313 6 0
16078 15199 22
12715 11904 22
17222 16437 22
17159 6 0
13973 40 0
9012 8699 20
8121 68 0
3464 2944 19
11864 6 0
14074 8209 16
7888 7651 20
4187 6 0
5650 68 0
16732 16476 20
13484 13029 20
11023 68 0
16803 16361 20
4247 4249 13
10357 54 0
12753 11912 22
662 128 20
14549 14107 20
6177 5403 20
825 220 21
16858 16456 20
12580 11877 19
7725 7587 20
9209 42 0
6134 42 0
11908 3005 15
8810 8725 20
13333 13016 19
13003 6 0
3029 1018 15
4931 62 0
6919 6685 20
6896 6755 21
177 184 16
5802 5417 20
3046 3050 13
15391 68 0
6875 68 0
15122 6 0
8280 6 0
15665 68 0
6322 6057 22
2901 6 0
6841 6632 19
9219 8782 20
11541 6 0
5460 5464 13
11182 10816 20
6224 6141 22
12518 62 0
15801 15243 20
15468 15294 20
1352 162 22
9229 8722 20
16770 16438 20
15554 15242 20
11632 11479 22
8835 8740 20
8630 8182 22
7169 62 0
8235 42 0
16637 16389 20
6935 6632 19
9143 8718 20
15272 15275 13
16777 16339 19
16904 16340 21
9916 68 0
1894 1682 20
15480 15182 20
16022 15186 22
2004 1660 19
13629 13026 22
8149 7620 20
4643 4333 20
8998 8674 20
4077 3634 22
4668 4223 19
14473 13968 19
11147 10861 20
11049 10909 20
16322 6 0
10405 10332 22
5303 6 0
751 105 19
12478 11899 20
15618 68 0
12878 12567 22
9085 8718 20
10173 9797 20
16138 15213 22
1525 6 0
13469 42 0
10348 9837 21
15143 6 0
13738 13052 22
15769 42 0
8020 7650 21
10120 9759 20
11476 10806 21
15541 15158 20
17042 16887 22
3427 3030 20
15694 15192 20
10968 10805 19
15831 15183 23
1054 1055 14
14154 14066 20
16664 16394 20
16906 16453 20
3926 6 0
12400 68 0
12713 12574 22
16160 6 0
7106 6722 20
4475 4379 20
12105 11947 20
13140 13142 13
6500 6129 22
5799 5362 19
8359 6 0
11398 10805 19
8224 1026 14
13335 13061 20
1661 40 0
16756 16366 20
11220 10812 20
4887 4335 20
15132 14635 22
8058 7704 20
14199 13968 19
6739 6742 13
2666 2497 22
990 326 20
150 24 0
3335 3108 20
14188 14052 20
7900 7571 19
14209 14048 20
13559 13126 21
5967 5495 20
11052 10850 20
11445 10805 19
3201 3077 20
11745 6 0
11339 68 0
2661 2383 22
9093 68 0
12896 12501 22
14884 6 0
15757 15289 20
13204 68 0
6274 6 0
3565 69 0
60 24 5
16865 16400 20
10076 9728 20
3626 3032 20
8449 7610 22
14603 42 0
1160 1161 14
10308 42 0
7489 6712 22
13262 13127 20
14302 14116 20
2826 6 0
3632 3107 21
15773 15189 20
2680 1706 22
15817 15156 19
12182 11877 19
14752 6 0
1972 68 0
12325 68 0
16896 16339 19
3402 2944 19
2353 1776 20
15774 15174 20
8623 7675 22
15845 2439 14
5251 6 0
6205 3034 14
11623 6 0
12091 11999 20
8867 68 0
12279 12016 20
17238 6 0
17013 6 0
13496 13095 20
9220 8658 19
1570 278 22
1402 6 0
8940 68 0
429 68 0
8353 6 0
12340 12012 20
7640 7642 13
1273 6 0
12926 6 0
1225 113 22
3864 6 0
13308 68 0
3366 3117 20
7833 7663 20
16797 16468 20
11214 68 0
10145 9866 20
12834 11934 22
6127 5513 21
2960 992 15
2473 184 14
10905 10906 13
10963 10855 20
9970 9842 20
3493 2944 19
6228 6 0
16559 16385 20
10069 9732 20
12783 6 0
14193 14022 20
6080 5390 20
3258 2944 19
12754 11912 22
9126 8704 20
11331 10953 20
5590 68 0
7359 7173 22
4693 4363 20
1598 297 22
2758 1737 22
11592 6 0
11527 10805 12
16340 16342 13
9582 8724 22
15343 15225 21
11520 54 0
11139 10841 20
11507 5443 14
6443 6 0
11312 68 0
7824 68 0
7991 7618 20
5690 68 0
970 69 0
9087 8658 19
7019 68 0
9235 69 0
11454 10813 20
16433 1878 16
15264 41 0
7164 42 0
14572 13968 19
2668 2458 22
17224 16864 22
8386 8172 22
6316 6047 22
13554 13075 20
9966 68 0
9757 9762 14
5331 6 0
12555 42 0
6947 68 0
13546 42 0
12520 62 0
12868 11942 22
2471 1800 20
6821 6632 19
13396 13118 20
91 73 0
1982 1660 19
3915 2984 22
15456 15223 20
12465 12024 20
4539 4223 19
730 105 19
662 107 20
2852 6 0
11586 11416 22
12144 11993 20
16401 4228 14
2836 6 0
9234 8776 23
2329 2330 14
8811 8698 20
10071 9710 19
16533 16413 20
13777 13064 22
3536 3031 20
13261 13154 20
15847 1148 14
14641 7127 14
10238 9833 21
10860 10864 16
3308 3137 20
9735 9738 13
2242 1817 20
7424 6695 22
10695 9796 22
9718 40 0
7117 253 14
14954 14026 22
16199 6 0
4850 4223 19
2494 1719 20
2610 2323 22
6551 6136 22
13076 182 15
14246 14045 20
177 181 13
12056 11983 20
15724 68 0
8738 69 0
14327 68 0
11800 10887 22
7319 6657 22
16101 6 0
6462 6 0
17175 16921 22
9604 9232 22
13669 6 0
4224 4223 17
1963 1862 20
3670 3671 14
1791 69 0
11047 10934 20
14461 14121 20
4751 4387 20
16863 62 0
4437 68 0
15240 308 15
15789 15289 20
1916 1763 20
13593 13017 22
7933 7637 20
6286 6 0
10527 10221 22
15553 15192 20
718 163 20
4971 4919 22
6175 5362 19
10119 9786 20
11774 11491 22
12064 68 0
5288 6 0
3033 41 0
3365 2947 20
4558 4248 20
15407 68 0
9606 6 0
841 105 19
15077 14065 22
2438 42 0
14405 13968 19
9545 8713 22
7400 7126 22
11152 68 0
5661 5456 20
13471 13095 20
12629 11884 22
6419 6 0
7026 6632 19
16874 3595 14
858 341 20
6596 6192 22
7538 6 0
14102 24 0
7519 7169 22
2633 6 0
7199 54 0
2245 1798 20
3474 68 0
11735 6 0
15812 15255 20
14256 14107 20
6885 6666 21
15043 6 0
14598 14076 20
4492 68 0
7679 7681 13
8955 8687 20
14364 14088 20
3226 3065 20
10233 9729 20
3213 3031 20
2547 1661 22
5508 5511 13
12114 11877 19
12336 11890 20
12519 11877 19
3360 2944 19
5065 4261 22
14662 14054 20
8986 8658 19
1717 1720 14
2 3 0
16865 42 0
8659 306 16
7790 68 0
2885 2508 22
647 68 0
13277 13098 20
13109 7 0
10303 9710 19
8819 8686 20
10752 10336 22
4161 3088 22
3501 3002 20
12102 11877 19
3568 2964 14
9900 9814 20
433 215 20
2507 1676 20
4839 1055 14
9461 9195 22
6976 68 0
10338 42 0
7838 7676 20
12532 11995 20
5706 5472 20
12475 42 0
15480 15223 20
5508 7 0
523 367 20
11390 1014 14
16964 16343 22
13676 13035 22
7305 6 0
6999 6673 20
13173 13032 20
12204 11989 21
9247 69 0
14514 14067 20
15769 1720 14
11997 1671 15
7138 51 0
5596 68 0
2494 2495 14
16454 1825 14
14666 14054 20
4893 4237 20
11463 10950 20
3390 68 0
3096 3099 14
859 257 20
890 68 0
12377 11890 20
7500 6712 22
442 135 20
10437 6 0
7832 7676 20
15501 15216 21
16754 16420 20
6540 6 0
12210 11963 20
6469 6 0
3161 69 0
15381 15311 20
2779 6 0
2055 1768 20
15066 6 0
2505 1812 20
16103 15884 22
1221 6 0
8435 6 0
9306 42 0
15820 15295 20
2156 68 0
7173 1005 14
659 105 19
3267 2961 20
10065 68 0
3556 3003 20
16691 68 0
7304 7108 22
3296 3035 21
14566 14093 20
3393 3118 20
14569 68 0
785 105 19
6525 6 0
8943 68 0
11420 10907 20
4609 4225 20
3685 2944 19
13227 13113 20
9025 8687 20
11093 10805 19
12950 6 0
13132 4278 15
10017 68 0
2383 1809 21
9003 8670 20
11212 68 0
9537 8713 22
7517 6 0
2457 69 0
868 68 0
12667 12535 22
14336 13968 19
8489 6 0
9297 8773 20
4761 4287 20
4451 4373 20
7912 7663 20
5828 5364 20
15837 15156 19
7328 6662 22
10134 9810 20
14592 14113 20
5424 69 0
15379 15211 20
9185 68 0
1103 316 21
16200 15232 22
16122 15854 22
7785 68 0
9127 8711 20
8759 7 0
15941 6 0
12165 12011 20
14395 13968 19
2450 1812 20
10215 9777 20
5610 5513 21
12516 51 0
14619 14096 20
6042 5392 23
9073 8672 21
7334 6 0
6521 5455 22
5778 5468 20
9056 8703 20
5829 5370 20
15997 6 0
2108 1739 20
590 150 20
7475 7066 22
8444 6 0
3914 6 0
8072 7672 20
13539 13096 21
15664 15222 20
98 73 0
16738 16385 20
3124 7 0
15882 15201 23
13286 13016 19
10959 10840 20
15491 15188 20
4608 68 0
9898 9710 19
13356 13016 19
13515 13019 20
7986 7592 20
15068 6 0
5127 6 0
623 257 20
12382 12002 20
16578 16339 19
3333 3118 20
13912 13526 22
8971 8753 20
15718 15156 19
4789 4414 23
5244 6 0
12505 51 0
3480 2944 19
8489 8127 22
6022 68 0
13431 13016 19
8720 6031 16
303 105 17
2198 68 0
3856 2965 22
7933 7571 19
15181 1673 14
16379 16380 13
12628 11884 22
17039 6 0
16624 16339 19
2895 1820 22
10489 6 0
7817 68 0
675 178 20
690 105 19
15980 15854 22
15499 15266 20
4867 4271 20
4731 4223 19
8835 8780 20
13003 12015 22
2206 1773 20
5886 5392 20
15897 4253 14
3861 6 0
14686 13968 19
11074 10821 20
8605 6 0
483 208 20
14349 14057 20
10122 68 0
12015 47 0
3895 3662 22
9833 7129 16
2277 1821 20
7810 7571 19
9354 6 0
17282 16475 22
15331 15156 19
8018 68 0
11447 10806 21
15261 15262 13
10177 9710 19
11281 10933 20
9624 8739 22
14159 68 0
16506 16430 20
13532 13108 20
11613 10823 22
4481 4288 20
12409 11977 20
586 105 19
9448 6 0
5985 5398 20
14797 14599 22
16401 16402 13
12206 11921 20
14603 14023 20
3314 2991 20
9909 9714 21
9956 9732 20
10903 24 0
6209 4259 14
963 286 21
9834 24 0
14009 13968 17
5824 5427 20
13004 6 0
7370 7087 22
11938 290 15
8811 8660 20
2149 1799 20
13668 13473 22
15436 15268 21
9312 8658 19
13118 24 0
9055 68 0
15714 15188 20
5303 4873 22
16188 15812 22
11717 11396 22
10993 10828 20
683 105 19
4650 4223 19
9108 68 0
3413 3131 20
4401 69 0
2070 1827 20
14846 14713 22
13895 6 0
13873 13101 22
11041 10916 20
10137 9820 20
11118 10816 20
6759 6761 13
14162 14035 20
847 368 20
11143 10805 19
15131 14101 22
3352 3047 20
8043 7588 20
15213 15214 13
4606 4223 19
4308 24 0
4286 4287 13
6451 6122 22
11204 10828 20
9134 8668 21
7327 6 0
10287 9783 20
16711 68 0
566 272 20
11538 10806 22
11468 10843 20
14688 69 0
15472 68 0
16893 16437 21
17150 16892 22
3472 3036 20
11819 10901 22
1260 1098 22
15444 15169 20
1087 274 20
16830 16339 19
3524 2944 19
7012 6756 20
989 69 0
7754 7684 20
5183 4849 22
608 68 0
3015 41 0
7097 42 0
14713 14013 21
7128 6749 20
16313 6 0
3569 51 0
16550 16339 19
13200 13016 19
5624 5362 19
12490 11946 21
5411 9 0
12005 4813 15
11300 10861 20
3046 3049 13
16470 41 0
11155 10825 20
14505 14002 20
582 68 0
11278 10920 20
10665 6 0
11494 981 14
14594 42 0
4833 51 0
5797 5387 21
15871 15239 20
15128 14101 22
6821 6740 20
3311 3083 20
10089 9810 20
4938 4223 19
2314 1797 21
6030 6031 14
16910 42 0
16347 40 0
14001 9 0
2015 68 0
8833 8660 20
4739 4248 20
16214 6 0
3395 3030 20
7905 7668 20
9569 9193 22
9568 9271 22
12045 11889 20
8815 8710 20
1609 982 22
10032 9858 20
15794 15244 21
1071 159 20
2567 1668 22
2191 68 0
2271 1762 20
9583 9240 22
8165 51 0
2363 1755 21
8884 8673 20
6560 6 0
3618 3130 21
6674 41 0
410 68 0
15523 15182 20
7285 7058 22
2109 1660 19
11060 10817 20
1478 226 22
10235 10236 14
16871 16486 20
7037 68 0
16835 16378 20
8951 8658 19
1941 1723 21
535 105 19
13170 13117 20
79 13 8
7109 6656 20
11252 10897 20
2355 2356 14
1021 105 19
16895 42 0
10128 9723 20
6237 5363 22
9945 9793 20
1700 924 15
10625 6 0
3695 62 0
9626 6 0
4565 4308 20
11976 11980 13
9430 8679 22
7689 7690 13
3441 2979 20
2060 1851 20
10260 9710 19
11095 10812 20
14338 14116 20
3508 2986 20
11629 10827 22
14458 14041 20
839 177 21
12843 11938 22
5917 5501 20
16892 3671 14
82 55 7
11267 68 0
6729 24 0
3816 2954 22
16897 254 14
7995 7592 20
14796 14616 22
11424 4371 14
15967 6 0
12287 11973 20
4598 4346 20
4115 3064 22
15129 6 0
4517 4383 21
14507 68 0
9146 68 0
4469 4223 19
14167 14014 20
3878 2972 22
15455 15245 20
10229 42 0
5891 68 0
14618 51 0
1867 47 0
8523 7636 22
7124 6734 21
7506 7134 22
12438 11957 20
14757 6 0
2296 1776 20
9152 8790 20
2769 1748 22
14471 13992 20
6793 6777 20
13492 42 0
14824 6 0
16797 16339 19
2349 1803 21
8307 6 0
8805 8806 13
1266 126 22
3474 3024 20
3907 6 0
1997 1773 20
4532 4399 20
9338 9260 22
9941 68 0
3662 3103 20
6641 40 0
17199 6 0
9355 8665 22
16780 68 0
8446 7610 22
4831 4350 21
7095 6706 21
4260 69 0
10081 9870 20
3975 3718 22
13736 13052 22
13388 13016 19
1168 356 20
13944 13555 22
15389 68 0
7812 7571 19
12045 11983 20
11254 68 0
13668 6 0
11071 10830 21
14493 68 0
16595 16451 20
8899 8753 20
14391 14022 20
16615 16372 20
11408 10827 21
12665 6 0
13821 6 0
14853 6 0
3871 2972 22
7045 6741 20
16108 15795 22
15452 15280 20
15806 15156 19
16778 16421 20
9921 9710 19
7058 315 14
3589 3142 20
11422 10856 20
10731 9813 22
2168 1841 20
13272 13049 20
12415 68 0
9223 6188 14
8800 69 0
5276 4946 22
653 208 20
11382 51 0
2164 1660 19
7792 7696 20
16278 15261 22
6802 68 0
5940 5537 20
5825 5362 19
16275 15261 22
10977 10871 20
17153 16401 22
1804 24 0
5921 5505 20
7985 68 0
11638 6 0
7184 6747 23
7807 7571 19
155 105 18
1152 105 19
12588 62 0
11896 4406 14
12455 68 0
2477 1688 21
13300 13016 19
14752 13969 22
9215 8710 23
3996 6 0
3538 3132 20
13177 13018 20
606 171 20
4672 4351 20
16786 16339 19
8238 7692 20
5980 5472 20
6712 6716 13
8913 8658 19
7218 7109 22
9417 6 0
9560 9207 22
1996 1828 20
10114 9710 19
9446 8685 22
8069 68 0
15806 42 0
3906 2984 22
15417 15156 19
4638 68 0
13865 13096 22
7926 7623 20
6172 5362 19
2199 1731 20
5950 5420 20
3390 3014 20
5849 5362 19
15814 15244 21
10281 9778 20
8138 7697 20
14715 14020 21
9936 9848 20
5244 4938 22
4931 4318 23
7945 7592 20
14578 13988 20
13587 13017 22
5069 6 0
15034 6 0
10135 68 0
12293 11902 20
11256 10874 21
2016 1660 19
13052 13016 17
8854 68 0
13230 13016 19
5960 5515 20
8361 8140 22
13418 13016 19
9667 6 0
11332 10928 20
13770 13465 22
1118 1119 14
13650 6 0
13320 13031 20
11404 10805 19
11097 68 0
16343 16344 13
12333 11963 20
9224 8696 20
3369 2944 19
11236 10906 20
5166 4295 22
3635 2944 19
16849 4344 14
9473 9225 22
16327 15286 22
6648 6632 17
5909 5362 19
1953 1702 20
6166 69 0
2616 2434 22
6234 5363 22
9105 68 0
1487 6 0
8973 8785 20
4528 68 0
576 105 19
16774 16370 21
9311 8717 21
2209 1834 20
4471 4223 19
4122 3701 22
9949 9735 21
6401 5411 22
12359 11877 19
12325 11960 20
8667 41 0
8212 182 14
5551 5362 19
149 24 0
2184 1660 19
6463 6194 22
13851 13093 22
3859 6 0
3576 3026 20
4002 3743 22
1546 264 22
15225 15228 13
14432 68 0
1693 69 0
14697 14069 20
7248 6 0
3955 2994 22
5769 5362 19
10047 68 0
11773 10880 22
8973 8658 19
1920 1793 20
9918 68 0
7078 69 0
16540 16465 20
12526 11927 20
12196 68 0
11691 10848 22
2055 1781 20
3765 2965 21
5214 6 0
14503 14087 20
6865 6632 19
12181 68 0
7716 7571 19
14127 1061 14
3175 3097 20
7405 6 0
10144 9775 21
6873 6773 20
10619 6 0
16652 16465 20
17129 16397 22
15808 15156 19
9599 6 0
9063 8658 19
13856 13093 22
9158 8658 19
12137 11877 19
6814 6691 20
13026 204 16
11149 68 0
11533 6 0
10819 6193 15
16767 16468 20
1543 1046 22
14590 14084 20
6385 5405 22
11499 42 0
11260 10885 20
7756 7571 19
9978 9863 20
16521 16339 19
2148 1660 19
718 178 20
11422 10850 23
11485 42 0
8228 7628 21
9405 8676 22
6893 68 0
7133 6703 21
3717 2945 21
15383 15171 21
12358 11987 20
1322 6 0
2368 1688 21
3696 3697 14
10043 68 0
14477 68 0
951 69 0
6182 5377 21
9221 42 0
16850 4322 14
16594 16344 20
597 348 20
14385 68 0
9132 8686 20
16550 16425 20
785 68 0
8834 8790 20
8317 6 0
11920 8150 14
5820 5392 20
14710 13968 19
12602 54 0
11420 10954 20
5669 68 0
15418 15157 21
7835 68 0
16767 68 0
1164 316 21
671 114 20
1183 62 0
14987 14705 22
2282 1781 20
3817 6 0
15458 68 0
8543 8227 22
1137 105 19
3592 3593 14
15432 68 0
14703 13968 19
16114 15209 22
15775 1716 14
1701 24 0
16530 16339 19
3308 68 0
6344 6 0
15747 15245 20
16803 16339 19
8136 42 0
1923 1841 20
13758 13477 22
8204 8205 14
4920 4329 23
4512 4339 20
13924 13509 22
11946 5544 14
15679 15178 20
1603 6 0
16241 6 0
9408 8676 22
11362 68 0
4822 42 0
4120 3655 22
5746 5542 20
9173 8806 20
6792 6781 20
4001 3018 22
635 286 21
9354 8665 22
16236 6 0
4677 4225 20
7744 68 0
2229 1702 20
4685 4240 20
12982 11989 22
13318 13032 20
12079 11877 19
3577 970 14
2534 54 0
9938 9819 21
5858 68 0
14650 14013 21
2245 1660 19
535 68 0
9290 62 0
7917 7709 20
14401 14094 20
11412 1673 14
5843 5441 20
9243 62 0
3847 6 0
5756 5505 20
1081 1082 14
4847 42 0
8566 8167 22
3603 42 0
4640 4403 20
11354 68 0
6891 6721 20
11093 10816 20
4139 3076 22
8957 8772 20
5859 5494 21
51 3 0
9120 8673 20
9532 6 0
15015 14043 22
5676 68 0
1178 158 20
8690 24 0
3240 68 0
12723 11904 22
15736 15253 20
3247 68 0
505 367 20
10348 42 0
8943 8658 19
14245 68 0
14206 13968 19
5247 4327 22
3701 3155 20
2116 1660 19
10302 9710 19
15695 15201 20
14538 14007 20
2954 2957 13
8137 42 0
12048 11877 19
7128 6731 20
1464 220 22
872 227 20
7963 7611 20
12774 6 0
4927 4404 20
2416 1713 20
8931 8658 19
11086 10828 20
10693 9796 22
7061 6632 19
866 163 20
16350 41 0
14328 13968 19
14676 13968 19
9154 68 0
8417 6 0
14171 14128 20
1978 1792 21
17064 16370 22
6080 5526 20
12252 11931 20
15285 41 0
7781 68 0
9757 166 15
10720 6 0
7912 7658 21
3739 1026 14
13464 4278 14
9917 9773 20
17003 16849 22
5740 5525 20
11275 10875 20
12076 11877 19
4159 3088 22
13471 51 0
15756 15251 20
2280 68 0
5490 3012 14
3466 68 0
10624 9775 22
4874 62 0
15977 15171 22
8160 7630 20
17289 6 0
7288 6648 22
8954 68 0
16278 15839 22
8201 336 14
17147 6 0
16969 16837 22
4322 69 0
7977 7705 20
8631 8165 22
8607 6 0
41 3 0
1519 1002 22
17240 6 0
2976 69 0
12798 6 0
690 278 21
2249 1737 21
8941 8720 21
16907 42 0
14456 13968 19
433 202 20
5826 5362 19
15411 15156 19
8101 7683 20
11107 10805 19
7865 7571 19
14657 14058 20
14245 14035 20
2107 1711 20
14295 68 0
5536 24 0
13684 6 0
6924 6632 19
5330 4383 22
8085 7680 20
14348 13968 19
15471 15156 19
11705 6 0
16385 24 0
9469 8693 22
14570 13968 19
15359 15156 19
1431 201 22
7338 6 0
9135 8658 19
10416 10284 22
1139 42 0
13678 6 0
4633 4226 20
2028 68 0
15612 68 0
3370 3014 20
7847 7604 20
4280 4283 14
852 242 20
1129 69 0
2991 24 0
14270 14072 20
15101 14682 22
16893 42 0
16605 16367 20
2594 2408 22
3309 68 0
4450 4223 19
14862 6 0
1173 278 21
1206 106 22
16937 16340 22
2227 1660 19
16497 16380 20
2877 1809 22
3635 42 0
3864 2965 22
5221 6 0
2786 2448 22
9214 62 0
7772 7571 19
14186 14103 20
12769 12557 22
1313 6 0
5800 5406 20
15577 15158 20
3651 3652 14
15739 68 0
2199 1738 20
839 195 20
9078 8687 20
2880 6 0
7024 6699 20
10995 10817 20
16663 16434 20
6557 5477 22
12030 11877 19
679 333 20
13862 6 0
15547 15253 20
15334 68 0
16103 15204 22
664 258 20
9303 8658 19
3560 3561 14
11367 11368 14
148 154 16
3605 3043 20
578 264 21
10905 315 14
10744 9823 22
9010 68 0
12540 11882 20
6905 6746 21
2499 1836 20
5777 5468 20
1975 1660 19
3548 2944 19
8904 8658 19
8097 68 0
10336 62 0
13659 13030 22
10575 6 0
425 279 20
9641 8744 22
16297 15838 22
8697 8698 13
9361 6 0
13577 54 0
7273 7074 22
9147 8793 20
435 304 20
1048 210 20
14030 14033 13
12114 68 0
10492 9735 22
11022 10897 20
7658 7661 14
14305 13998 20
15425 15192 20
4982 4229 22
13746 13056 22
10220 9710 19
6874 6741 20
2771 6 0
9663 9245 22
12203 11916 21
1192 54 0
14275 13974 20
12150 11953 20
10964 10805 19
13914 6 0
13184 13154 20
5934 5362 19
5161 4295 22
5239 6 0
3573 932 14
2718 2347 22
1355 6 0
6189 1742 14
13366 13041 20
15011 14708 22
10406 10226 22
10918 949 16
13725 13047 22
4575 4374 20
10607 10296 22
12001 12003 13
6029 5371 20
7041 6692 20
6952 6748 20
13506 3725 14
4820 4223 19
2978 2982 13
4741 4223 19
12280 11930 20
4224 4225 13
10452 6 0
14135 68 0
5530 24 0
707 298 20
11021 10805 19
2393 1660 19
12760 6 0
2022 68 0
12550 11895 20
6028 51 0
9157 68 0
4842 4247 21
9856 9858 13
14198 14067 20
2252 1660 19
207 105 17
14421 68 0
9898 9720 20
507 367 20
11728 6 0
15948 15826 22
7768 7571 19
8766 24 0
1850 1851 13
11116 68 0
14630 8142 14
5528 69 0
3101 7 0
5720 68 0
3808 2949 22
10342 9710 19
9492 9276 22
1012 69 0
8868 8677 20
8530 8245 22
9082 8760 20
10462 9731 22
14133 14117 20
5970 5368 21
10251 9783 20
2395 42 0
2691 2502 22
15470 15183 20
4766 4328 20
207 212 15
11013 10850 20
9576 8720 22
15714 15156 19
15650 15156 19
14759 6 0
13421 13118 20
4697 4274 20
12973 12476 22
9902 9710 19
16618 16339 19
7533 6739 22
2126 1810 20
9629 6 0
6957 68 0
14565 68 0
4993 4882 22
3833 6 0
13540 13062 20
5944 68 0
4441 4334 20
8082 7610 21
2168 68 0
1452 6 0
1887 68 0
3378 2944 19
2137 1799 20
13243 13042 20
13180 68 0
641 68 0
177 179 13
7146 6739 21
1516 6 0
14782 14597 22
8986 8772 20
501 249 20
15721 15156 19
10746 6 0
17003 6 0
5568 5362 19
617 202 20
134 135 13
4452 4226 20
3088 3091 13
10723 10255 22
9459 6 0
3175 2954 21
6973 6736 20
1474 6 0
16510 16417 20
3559 42 0
15858 15301 20
5687 5389 20
2984 2985 13
9311 8688 20
4548 68 0
16929 54 0
10054 9710 19
1799 24 0
3837 2960 22
12794 12473 22
1688 1689 13
16105 15814 22
15805 15250 20
13274 13036 20
15731 15156 19
4030 3029 22
4753 4292 20
2339 1660 19
16635 16425 20
5749 68 0
15354 15156 19
824 372 20
14475 14021 20
8096 7684 20
10219 42 0
1404 6 0
12891 11951 22
8665 7661 16
12171 11921 20
14433 68 0
6048 51 0
9060 8806 20
6085 42 0
12850 6 0
7841 68 0
2088 1701 20
5375 41 0
13976 13981 16
9996 9797 20
10720 10296 22
12248 11877 19
1979 1811 20
2212 1857 20
4397 4401 14
16920 16448 20
11187 68 0
7400 6684 22
8019 7651 20
2417 1660 19
14264 68 0
6476 6057 22
10323 69 0
14277 13992 20
12127 68 0
16270 6 0
8211 42 0
15371 15283 20
14268 13974 20
2363 42 0
8110 7637 20
10305 42 0
15773 15228 20
5656 5384 20
14928 14017 22
13112 7 0
14699 42 0
4207 3640 22
15409 68 0
16875 16369 20
16551 16430 20
6982 6765 20
6209 5367 20
14317 13968 19
453 367 20
7040 68 0
14752 14607 22
8202 7671 21
13072 9 0
13801 6 0
16894 16478 20
11934 223 14
8823 8658 19
5582 5383 20
1158 1159 14
15729 15299 20
16846 16396 20
8837 8681 20
15566 15156 19
853 163 20
15671 68 0
14251 13968 19
15130 14707 22
14795 13982 22
15876 15190 20
11986 11987 13
10029 9744 20
5363 238 15
11570 10815 22
6961 6645 20
16107 15209 22
10540 6 0
908 258 20
4483 4223 19
14820 6 0
4459 4384 20
12506 11982 23
5953 5362 19
4729 68 0
8048 68 0
5635 5398 20
8855 8717 21
13398 13117 20
8239 7653 21
12541 11941 20
13837 13089 22
3469 68 0
3597 3019 23
7997 68 0
15893 42 0
10546 6 0
13195 13016 19
11131 10854 20
2450 1792 21
3799 2949 22
14934 14625 22
16043 15191 22
14420 13968 19
13064 13069 14
16524 16485 20
13362 68 0
6523 6093 22
2534 1660 12
4041 6 0
8117 7587 20
13303 68 0
16275 6 0
12904 11955 22
15593 15280 20
5656 68 0
155 159 13
1887 1810 20
1318 1085 22
12329 12003 20
17243 6 0
7881 7571 19
896 257 20
15561 15223 20
14825 6 0
12666 6 0
7908 68 0
16083 15872 22
14146 68 0
11332 10835 21
9920 9710 19
15475 15249 20
15476 15279 21
5009 4235 22
7113 6632 19
2208 1660 19
4446 4269 20
15714 68 0
11372 10805 19
3720 3035 21
12178 68 0
3752 3130 21
5840 68 0
6343 6 0
7241 6 0
16804 68 0
15451 15164 20
6798 6642 20
4645 4403 20
15810 42 0
13265 13158 20
13545 42 0
4493 4223 19
12413 11977 20
12232 11998 20
9448 8685 22
15925 15157 22
1069 105 19
6989 6632 19
12530 11877 19
16853 16339 19
11314 10854 20
12034 11998 20
16607 16385 20
2938 1861 22
12498 200 14
14980 14594 22
6840 6632 19
8057 7648 20
15758 42 0
15658 15156 19
3108 24 0
2588 1674 22
8803 41 0
8316 6 0
11231 68 0
389 333 20
15133 14101 22
2380 42 0
5321 4372 22
7284 7089 22
16496 16480 20
10553 9753 22
12900 12525 22
13021 13025 15
1803 1808 16
10254 1830 14
11078 10870 20
15540 15156 19
9997 9715 20
9986 9798 20
343 41 0
13488 13026 21
3308 2973 20
13246 13022 20
4031 3029 22
2012 1821 20
12219 68 0
2139 1851 20
16109 6 0
13409 68 0
5962 5362 19
3789 6 0
13382 13023 20
14903 6 0
8748 218 15
14157 14027 20
11445 10936 20
899 68 0
9881 9858 20
14914 14013 22
5681 5362 19
11385 3104 14
3544 68 0
11575 10815 22
5928 68 0
14684 14042 20
14642 13968 19
11214 10933 20
2407 69 0
12219 12007 20
2333 69 0
8906 68 0
10167 9719 20
9957 9842 20
1533 6 0
17035 16360 22
11027 10820 20
15322 68 0
12770 12588 22
4818 4257 20
3018 3021 15
7574 24 0
14675 42 0
5069 4948 22
3990 3013 22
13072 10852 14
7085 2405 14
14553 68 0
6022 5542 20
8090 7611 20
4472 4420 20
586 367 20
8282 8241 22
12501 42 0
14778 13976 22
16144 15870 22
14472 14003 20
7730 7571 19
12269 11879 20
13392 13023 20
12360 11894 20
8980 8658 19
1242 6 0
3452 3137 20
3965 3001 22
11529 11494 22
2156 1731 20
11994 41 0
1193 54 0
8091 7700 20
9404 6 0
16946 16340 22
3253 3061 20
7761 7573 20
7890 7690 20
13435 13158 20
13449 13114 20
16282 15265 22
16671 16473 20
13014 12554 22
5993 5482 20
9363 8665 22
79 69 7
16969 16818 22
3957 6 0
12628 6 0
13376 68 0
2940 2475 22
6976 6729 20
10341 9751 20
746 293 20
7417 7087 22
12099 68 0
4581 4399 20
15279 6198 16
10257 9761 20
13703 13044 22
12103 11897 20
7921 68 0
8251 7664 20
7998 7699 20
15423 15230 20
2121 1768 20
6613 6112 22
1182 369 20
8145 62 0
909 68 0
14393 68 0
5965 5365 20
8538 8183 22
10252 2321 14
4362 1022 16
12141 11877 19
11337 10933 20
13904 6 0
15501 15266 20
2501 1876 20
10419 6 0
9140 8673 20
14913 14013 22
10207 68 0
7770 68 0
11503 10829 20
12505 2319 14
5759 68 0
3249 3164 20
6932 6707 20
5747 5432 20
11000 68 0
783 107 20
11096 10928 20
13530 13063 20
3525 3158 20
15548 15283 20
6906 68 0
16595 16371 20
8449 6 0
7135 6694 20
11929 11932 13
7884 7684 20
13298 13089 21
9176 68 0
3512 3024 20
15870 62 0
11155 10933 20
3890 3711 22
16178 6 0
9998 68 0
15611 15156 19
5732 5384 20
8079 68 0
969 155 21
12312 68 0
3739 42 0
1809 7 0
9031 8740 20
6176 5510 20
11364 10935 20
13242 13126 21
1881 1660 19
17151 16401 22
12424 11971 21
13242 13117 20
4011 3615 22
6721 24 0
4392 4394 13
6081 5363 21
14402 14053 20
7220 6 0
594 156 20
781 128 20
17187 6 0
8182 42 0
647 105 19
5455 5458 13
11860 10923 22
5899 5406 20
13180 13114 20
17088 6 0
5368 5362 17
16185 15768 22
11219 10942 20
9935 9715 20
15286 15289 13
5247 6 0
7187 1163 14
917 68 0
1121 69 0
12564 11877 19
15229 15231 13
10287 9835 20
6920 6761 20
4307 4223 17
8189 6148 14
11314 68 0
7943 7571 19
7800 7571 19
10240 9735 21
12165 68 0
6794 68 0
11696 6 0
10782 9846 22
16719 16468 20
3411 3083 20
16040 6 0
4663 68 0
1509 241 22
4849 42 0
10617 9771 22
3952 2994 22
15209 1049 15
4541 68 0
9149 8703 20
9700 6 0
5853 5362 19
15374 68 0
14336 68 0
16454 1679 15
1535 1112 22
14206 68 0
16641 16339 19
5594 5505 20
8225 42 0
11619 11385 22
2696 2438 22
2140 1707 20
2647 1694 22
7366 6676 22
2091 68 0
2042 68 0
10663 9785 22
15644 15226 20
15008 14657 22
12481 42 0
2082 1738 20
2515 1677 20
14794 6 0
2318 1792 21
1531 1173 22
12169 11905 20
16593 16485 20
4857 4360 20
13333 13113 20
3533 3065 20
11139 10805 19
1582 286 22
16779 16464 20
7043 6690 21
16048 15829 22
5418 41 0
10250 3614 14
407 272 20
12329 11971 21
6952 6700 20
13649 13030 22
15831 15225 21
11168 10854 20
13286 68 0
6143 42 0
6132 42 0
3354 2944 19
9376 8668 22
16911 5453 14
413 105 19
7001 6682 20
13030 13034 15
9017 68 0
9963 68 0
6755 6757 13
4742 68 0
12394 11880 20
8755 3654 15
10105 9710 19
13436 13016 19
13275 13016 19
16231 6 0
5981 5362 19
753 202 20
15718 15293 20
3853 2965 22
14453 14116 20
8086 7644 20
11040 10870 20
6016 68 0
12962 6 0
14231 13968 19
1369 1034 22
3543 68 0
8753 24 0
14342 68 0
15237 1721 16
4715 4269 20
2483 1783 20
3523 3031 20
12440 11999 20
11388 10815 21
3410 3061 20
13689 6 0
5571 68 0
16761 16420 20
3193 2985 20
3568 3010 20
14235 14112 20
14121 24 0
5436 5362 17
2741 6 0
16945 16847 22
9567 8720 22
15370 15156 19
15494 15156 19
10564 9757 22
1944 1834 20
10723 10298 22
16301 15801 22
12027 11931 20
3230 3132 20
14572 14087 20
17202 16424 22
11068 10871 20
10695 6 0
5546 5550 14
3130 2944 17
10089 68 0
8293 7577 22
14492 13968 19
13753 6 0
15505 15156 19
5658 5362 19
5562 5362 19
9946 9748 20
4558 68 0
5014 4926 22
11503 42 0
3577 3043 20
11430 10926 20
7169 6641 21
5612 5421 20
9852 1693 16
17091 16384 22
8067 68 0
17006 16815 22
13272 13094 20
5162 4902 22
8509 7632 22
9175 8740 20
17281 16887 22
10351 9816 20
9808 192 15
10336 9819 21
10973 68 0
5869 5482 20
11505 10830 21
12520 42 0
14502 14007 20
16730 68 0
9372 6 0
7911 7571 19
4681 68 0
3184 68 0
5670 68 0
15795 15156 19
8122 7637 20
5645 5387 21
7410 6 0
11750 11425 22
7604 24 0
12236 68 0
839 68 0
6192 6193 14
1312 1021 22
9185 8710 20
14322 13968 19
7384 7081 22
5314 6 0
14954 6 0
16375 7076 14
9169 8703 20
6804 6699 20
7577 7571 17
946 42 0
8937 8677 20
12371 11968 20
16817 16347 21
1373 946 22
10884 10805 17
10536 10320 22
791 235 20
4062 6 0
2497 1836 20
5908 5362 19
7839 7571 19
11429 4918 14
1318 6 0
15783 387 14
11912 11877 17
15654 15262 20
12965 12549 22
3403 3117 20
3228 68 0
9747 9 0
1581 286 22
4814 42 0
6026 5388 20
11537 6 0
13166 68 0
11257 10805 19
11217 10953 20
8509 8160 22
6009 5378 20
8685 8687 13
14521 14093 20
7426 7051 22
11377 10943 20
2559 2473 22
11690 11431 22
1596 297 22
14577 14075 20
6069 42 0
14893 14009 22
6996 6667 20
12572 12014 20
8744 7 0
7889 7583 20
9180 8673 20
14514 68 0
10091 68 0
2784 1748 22
791 169 21
14618 13973 21
15235 41 0
4834 4242 20
11241 10836 20
10230 9803 20
2571 1668 22
16422 41 0
6137 51 0
7 3 0
13356 13127 20
3705 3706 14
6173 62 0
10387 9711 22
5729 5362 19
5663 5467 20
12990 11992 22
5995 5461 20
13567 13024 20
8399 8222 22
14453 13968 19
14937 14020 22
6905 6653 20
7883 7690 20
6881 6653 20
3274 2944 19
15638 15182 20
11251 68 0
12280 68 0
16579 16339 19
11500 10815 21
16731 16341 20
14236 14112 20
8399 7603 22
727 105 19
14625 14063 20
7101 6670 20
3209 68 0
7194 6632 12
8407 7603 22
14069 41 0
15954 15167 22
11750 10869 22
5737 5417 20
1050 380 20
13450 13049 20
15780 15167 21
4131 6 0
6588 6127 22
13183 13066 20
8601 7662 22
3207 2944 19
866 105 19
12314 68 0
13052 13054 13
5983 5525 20
15570 15258 20
16759 16339 19
16463 6166 14
5734 5541 20
10484 9735 22
6951 6657 21
10322 9850 20
8486 7621 22
11465 10892 21
14240 68 0
13559 1736 14
7527 6 0
12725 6 0
3932 3731 22
8037 7633 20
16309 15892 22
11685 11452 22
3493 3112 20
6795 6696 20
1588 973 22
11623 10827 22
7332 6662 22
4076 6 0
6850 6686 20
176 69 0
6613 6 0
15529 15249 20
11651 11431 22
9256 8658 19
4873 42 0
1255 126 22
9722 9710 17
16638 16398 20
6867 6765 20
6126 5517 20
15852 51 0
5717 5362 19
9879 9815 20
9069 8721 20
5761 5491 20
10961 68 0
2202 68 0
586 68 0
12975 11986 22
16478 41 0
9202 42 0
1271 134 22
984 105 19
7955 7571 19
15386 15156 19
1951 1761 21
463 325 20
11185 10805 19
13682 13040 22
14486 14098 20
15103 6 0
7681 41 0
887 105 19
518 304 20
15891 42 0
7799 7571 19
12595 11877 12
13383 13127 20
6899 6691 20
12489 11918 20
6272 6 0
10139 9838 20
9359 8665 22
5589 5515 20
3837 6 0
8591 7653 22
6432 6115 22
2436 42 0
2246 1663 20
6399 5411 22
5972 68 0
16821 16482 20
234 240 16
921 259 20
11192 10855 20
16571 16339 19
13121 7 0
11259 10898 20
973 42 0
12521 11960 23
14758 6 0
2942 2463 22
11395 42 0
4327 4223 17
14783 14682 22
8253 7615 20
13315 13016 19
10990 10898 20
5581 5388 20
5027 4800 22
3743 2518 14
7521 7105 22
3746 3046 21
6005 5362 19
13183 13045 20
14549 14048 20
13944 6 0
1485 234 22
12532 11877 19
2902 1826 22
15986 15176 22
803 105 19
10610 10244 22
12362 11943 20
377 378 13
2186 68 0
11180 10828 20
2272 68 0
4897 42 0
11461 10805 19
8755 8658 17
14471 13968 19
5781 5393 20
11459 10837 20
8769 41 0
16519 16360 21
11148 10805 19
724 157 20
6635 41 0
7342 6666 22
7344 7104 22
2494 1869 20
11467 42 0
6977 6720 20
3140 3144 14
11946 9242 15
12005 12007 13
7938 7622 20
2133 1696 20
9018 8658 19
12503 11906 20
782 68 0
12461 11947 20
64 65 2
14564 14111 20
13724 13047 22
7829 7637 20
9303 8701 20
10068 68 0
2832 6 0
8149 7654 23
14153 13968 19
6514 6152 22
4238 69 0
13244 13031 20
854 105 19
4317 4322 16
12081 11877 19
5460 5362 17
43 44 4
15474 15205 20
6743 69 0
1343 162 22
9382 8672 22
7843 7584 20
226 227 13
366 368 13
13247 13018 20
10012 9824 20
4644 4223 19
2863 6 0
6607 6187 22
559 68 0
4411 69 0
3566 2992 20
9729 41 0
7901 7571 19
9482 9245 22
9237 2441 14
12111 12012 20
14750 14600 22
2271 1683 20
919 68 0
8250 7692 20
7011 6708 20
5916 5461 20
9006 8661 20
11075 10881 20
4706 4223 19
8008 7571 19
6652 40 0
15787 15237 21
7500 7115 22
1903 68 0
13619 6 0
579 105 19
12396 68 0
8945 8660 20
6330 6036 22
10796 6 0
11708 10853 22
985 193 21
10669 9791 22
8765 8769 13
11166 10945 20
2716 2520 22
14021 24 0
8754 41 0
9771 9772 13
16180 6 0
2536 1660 12
17281 16475 22
2448 42 0
12039 68 0
6853 68 0
1137 51 0
1465 220 22
9966 9728 20
4961 54 0
13718 13047 22
13764 13059 22
458 68 0
8365 6 0
10997 10825 20
13299 68 0
15065 14616 22
6864 6757 20
15560 15259 20
10916 24 0
3261 68 0
13776 13478 22
8119 7659 20
8286 8247 22
8922 8767 20
15091 6 0
8993 68 0
9180 8658 19
6847 6649 20
3231 3141 20
12389 11978 20
458 127 20
4787 2365 14
16886 16339 19
15692 15258 20
8989 8735 20
14171 14075 20
3389 68 0
16315 6 0
859 68 0
16314 6 0
5895 5362 19
2520 1660 19
3430 68 0
7140 6755 21
12797 6 0
4631 4226 20
10099 9710 19
16517 16353 20
12559 11967 21
3510 3065 20
16192 6 0
5524 5528 15
998 105 19
2198 1660 19
15044 14051 22
652 114 20
5192 6 0
984 289 14
3746 62 0
10134 9869 20
5969 5477 21
2528 54 0
9542 6 0
1771 69 0
15071 14060 22
10509 9739 22
14092 13968 17
4350 4351 13
16311 15875 22
8283 7572 22
7462 6703 22
7675 4803 15
13902 13534 22
2298 69 0
4619 4420 20
12067 12003 20
17000 6 0
11896 11877 17
6566 6057 22
4603 4303 20
9232 8695 20
16585 68 0
5358 4407 22
3466 2955 20
4508 4358 20
366 218 14
5077 4261 22
7261 7104 22
7201 54 0
15771 15231 20
882 142 20
13964 13157 22
15426 15173 20
1099 105 19
5008 4856 22
16804 16339 19
5654 5362 19
585 227 20
829 105 19
2008 1662 20
7910 7592 20
10030 9805 20
6107 5503 20
15298 24 0
13170 68 0
5555 5467 20
3490 3072 20
9988 9805 20
12267 12016 20
5818 68 0
16089 6 0
15545 15280 20
5660 5384 20
11662 6 0
5126 4814 22
10606 9767 22
15993 6 0
11322 10817 20
16547 16481 20
3624 2944 19
10326 9755 20
11444 10873 20
5675 5525 20
12656 6 0
13345 13016 19
12124 12016 20
11319 68 0
9884 9712 20
5373 40 0
9975 68 0
13439 13016 19
4584 4223 19
1861 47 0
11679 11500 22
8106 7680 20
75 22 7
241 244 13
5852 5428 20
13427 68 0
10259 9718 21
12569 11942 21
6859 6721 20
10834 41 0
5906 5362 19
4504 4393 20
8630 6 0
11039 10805 19
9889 9749 20
8744 8658 17
14690 14034 21
3564 42 0
5503 41 0
9527 9243 22
7621 5545 16
2115 1707 20
17156 6 0
16667 68 0
8278 8185 22
8111 7629 20
16771 16345 20
5269 6 0
9091 8698 20
14950 14026 22
15436 68 0
12309 11898 20
167 69 0
14645 14038 20
7151 6745 14
5681 5547 20
7140 42 0
5933 5362 19
11382 10805 19
11971 11973 13
11777 6 0
11473 10805 19
14417 14117 20
4947 42 0
8062 7655 20
9230 1872 14
14339 13968 19
14081 14082 13
2765 2442 22
5642 68 0
10120 68 0
1365 1134 22
14356 14078 20
6876 6765 20
13216 13138 20
8201 42 0
3838 3724 22
10158 9843 20
15461 68 0
13072 13074 13
16347 16339 17
4617 4399 20
15484 68 0
874 186 20
15818 15290 20
6840 6658 20
6228 5363 22
5762 5514 20
5865 5432 20
12145 68 0
10602 10257 22
12067 11877 19
5997 68 0
10462 6 0
1106 105 19
2183 1660 19
11132 68 0
4434 68 0
15886 42 0
4402 2302 15
7273 6 0
12028 11990 20
11799 10887 22
4673 4393 20
6889 6642 20
220 9 0
15809 15156 19
4628 68 0
5112 4834 22
3419 2961 20
6191 5533 20
13449 13073 20
544 384 20
9197 8722 20
2107 1774 20
2074 1793 20
2625 1688 22
547 105 19
3474 2980 20
7698 233 14
9031 8776 20
6916 6756 20
9058 8806 20
11606 11479 22
11029 10805 19
10096 9843 20
15580 15156 19
5777 5446 20
2038 68 0
9949 9710 19
8921 68 0
1162 105 19
12176 68 0
850 105 19
13328 13089 21
12369 11963 20
9173 68 0
13343 13118 20
8589 6 0
3497 3132 20
9890 68 0
14664 42 0
3489 2944 19
10403 9714 22
14430 68 0
12324 68 0
9280 8702 21
595 120 20
3724 3725 14
4562 68 0
13105 13108 13
13300 13102 20
11650 6 0
9757 9 0
8210 42 0
8084 7654 20
15348 15254 20
11100 10909 20
9829 9831 13
12497 11950 20
7929 7614 20
3581 2997 20
510 105 19
8005 7618 20
4382 69 0
4302 4305 13
5761 5441 20
14595 14030 21
7234 6637 22
11610 6 0
688 186 20
5454 69 0
10062 9853 20
923 924 14
13145 13148 13
11129 10850 20
169 173 13
13190 13133 20
16626 16444 20
5619 5472 20
12831 11934 22
13429 13094 20
5013 4235 22
3240 3102 20
11385 10844 21
1223 113 22
15874 1165 14
10061 9793 20
15329 68 0
14332 14103 20
2425 1846 23
2718 1723 22
12997 12558 22
4656 68 0
4609 4231 20
7068 6643 20
8863 8674 20
12503 11930 23
9885 68 0
9443 8685 22
1844 1848 15
11571 10815 22
9107 68 0
9537 9278 22
2438 2439 14
4312 4313 13
10167 9732 20
6023 68 0
1171 51 0
16347 16351 16
1194 54 0
14115 14116 13
4273 4275 13
11730 6 0
14380 13968 19
14189 68 0
9858 24 0
10339 9710 19
12247 12020 20
13085 41 0
15178 24 0
14537 13983 20
13422 13017 21
10317 9837 21
1013 42 0
5793 68 0
10905 10907 13
7658 1760 15
956 42 0
705 105 19
7484 6706 22
7035 6632 19
10216 62 0
5025 4239 22
4602 68 0
4566 4241 20
15518 15156 19
12928 12505 22
3448 3090 20
12416 11922 20
14661 14074 21
8532 6 0
6644 6647 14
15216 15219 13
17071 16916 22
15359 15182 20
564 378 20
2826 1767 22
11954 41 0
7466 6703 22
6938 6782 20
1315 6 0
7912 7571 19
14611 14038 20
11469 6732 14
7258 6 0
12365 11877 19
2005 1660 19
16820 5449 14
14275 14006 20
4583 4274 20
12154 11877 19
4539 4374 20
10161 9806 20
14334 68 0
8013 7595 20
2180 1660 19
4600 68 0
3336 3141 20
12584 5470 14
2239 1763 20
12029 68 0
16062 15195 22
1779 1783 13
13327 68 0
7221 6 0
4445 4297 20
7543 7084 22
2611 6 0
16424 16425 13
4072 6 0
9169 8720 21
8054 7599 21
1158 342 20
13209 13016 19
3450 3148 20
6177 5416 21
12439 11877 19
16816 16393 21
12371 68 0
6116 69 0
16796 16345 20
14634 5404 14
14490 68 0
16786 16443 20
15669 15169 20
7746 7705 20
4893 4328 23
6032 6033 14
13284 13065 20
16532 16372 20
12454 12011 20
9997 9786 20
15792 15229 21
1850 1852 13
5150 6 0
14880 14603 22
5814 5362 19
13318 13133 20
10345 9839 20
815 354 20
11441 42 0
5656 5432 20
14708 13968 19
3995 3018 22
5812 68 0
988 165 20
16335 15808 22
2160 1707 20
12526 42 0
15525 15241 20
13922 6 0
3986 6 0
2601 2504 22
8241 7712 20
15803 51 0
16045 6 0
13777 6 0
15961 15775 22
9331 6 0
6500 5445 22
2099 68 0
13368 13110 20
1957 1683 20
12445 11936 20
569 68 0
5844 68 0
1737 1165 16
10844 10805 17
4150 3081 22
1642 1065 22
15845 15156 19
6923 6632 19
14387 13993 20
9078 8710 20
4066 6 0
119 121 13
8817 8658 19
5837 5362 19
3424 68 0
11129 68 0
11005 10805 19
841 170 20
6287 5377 22
4313 24 0
8224 42 0
13476 13095 20
680 178 20
15252 15156 17
13557 42 0
8147 7599 21
11346 10876 20
10244 9794 20
5979 68 0
15708 15158 20
3623 42 0
11127 10812 20
11328 10805 19
303 306 14
474 105 19
5620 5378 20
17185 16416 22
16543 16451 20
7966 7676 20
2699 2295 22
4499 4333 20
3512 2967 20
5191 6 0
12902 6 0
8697 2486 14
14017 9 0
7932 7684 20
14707 13972 20
2055 1660 19
5715 5505 20
16883 62 0
6257 6 0
3476 2944 19
3852 2965 22
9260 8750 20
2690 1710 22
512 105 19
2471 51 0
2495 69 0
6024 5432 20
14258 14035 20
2627 2428 22
9008 8806 20
9364 6 0
6569 6067 22
828 178 20
6883 68 0
3214 3117 20
7145 42 0
7976 7571 19
8194 7645 20
3369 68 0
9909 9710 19
8863 8760 20
2531 54 0
7073 42 0
16271 6 0
6036 5363 21
11686 11505 22
6973 6677 20
4701 4398 20
5579 5428 20
4531 68 0
4754 4225 20
13150 8205 16
15821 15156 19
8620 8247 22
8849 8746 20
17107 16885 22
16817 42 0
7164 6657 21
8551 7643 22
11452 10857 20
14315 13968 19
10819 10821 13
6554 5477 22
16189 15877 22
11852 6 0
11951 11952 13
15517 15303 20
1004 380 20
16972 16343 22
13827 13487 22
10485 6 0
12040 68 0
15244 15246 13
15221 15156 17
7494 6712 22
8904 8756 20
16540 16339 19
2162 1774 20
7052 6693 20
11726 10860 22
8523 6 0
11028 10909 20
5793 5437 20
8278 8230 22
2871 2383 22
5331 4950 22
7730 68 0
16965 16343 22
4504 68 0
15087 14644 22
5554 5362 19
14809 13982 22
10074 9834 20
6216 54 0
13281 68 0
6641 5499 15
4428 4223 19
10935 41 0
8904 8793 20
3281 2991 20
11808 10892 22
14574 14007 20
587 349 20
5329 4383 22
9886 9710 19
7724 7672 20
10022 9805 20
16238 15787 22
11796 10884 22
17115 16393 22
15576 68 0
9186 42 0
2018 1875 20
12661 6 0
14501 68 0
13742 6 0
6739 6741 13
7994 68 0
2567 6 0
13614 13021 22
12582 11877 19
4583 4223 19
885 215 20
2556 6 0
11494 42 0
5836 5398 20
2839 2467 22
1811 24 0
7226 6637 22
10048 9710 19
15551 15304 20
13081 9 0
5224 4922 22
9316 8658 12
3435 3158 20
8007 7710 20
2244 1762 20
8801 47 0
6406 5411 22
13324 13048 20
8945 8776 20
396 186 20
7897 7691 20
5047 4254 22
13880 13101 22
9025 68 0
12844 6 0
15061 6 0
4465 4357 20
2834 1772 22
83 69 8
8313 7582 22
16940 16846 22
3966 3605 22
13238 13078 20
7289 7096 22
925 42 0
3041 2944 17
16880 42 0
11369 10882 20
2224 1846 20
14223 68 0
13095 41 0
15953 6 0
9782 24 0
4624 4393 20
4804 4312 21
5077 6 0
3513 2944 19
3754 42 0
1158 303 21
2669 1706 22
4713 68 0
15362 68 0
9931 9710 19
8839 8698 20
16767 16339 19
8062 7651 20
3968 6 0
13521 13049 23
16658 16345 20
13962 6 0
16607 68 0
3312 3118 20
9698 8775 22
14326 68 0
3504 3065 20
2160 1757 20
8642 8134 22
11188 10866 20
9081 8658 19
9256 42 0
5 6 1
14124 14126 13
12031 11963 20
2240 1739 20
881 271 20
15573 15211 20
4963 54 0
12185 68 0
13653 6 0
13373 13073 20
2404 1660 19
862 68 0
12031 11877 19
10735 6 0
1957 1660 19
12127 11898 20
10953 24 0
835 105 19
12795 12560 22
15136 14661 22
14516 13988 20
16066 15195 22
13349 13113 20
5873 68 0
2035 68 0
10115 9754 20
13939 6 0
14735 54 0
4461 4351 20
7572 40 0
1024 69 0
16388 16390 13
9455 9301 22
5974 5427 20
13809 6 0
485 105 19
6934 6746 21
16686 16385 20
14152 13968 19
578 149 20
16733 16376 20
1081 294 20
1003 69 0
14873 14001 22
5796 5362 19
9862 9710 17
15673 68 0
8779 1177 14
16718 16341 20
6115 6116 14
15046 14634 22
11821 10905 22
7093 51 0
8657 1 0
320 69 0
6220 5362 12
14132 68 0
16785 68 0
16860 16416 21
4731 4287 20
3838 2960 22
752 68 0
3479 2944 19
8652 7708 22
12517 11988 20
10753 6 0
8204 7679 21
6828 68 0
4718 4388 20
16766 16464 20
15459 15270 20
14693 14090 20
17054 6 0
7769 68 0
16495 16339 19
10302 42 0
13190 13016 19
3655 3004 20
14086 14088 13
7388 6 0
7049 6632 19
7935 7571 19
16510 68 0
5955 5362 19
4450 4318 20
6451 6 0
5940 5456 20
6050 69 0
12084 11956 20
11360 10870 20
5237 4323 22
6346 5396 22
1065 105 19
4815 4291 21
16614 16376 20
9819 6718 15
12384 11877 19
12620 6 0
5227 4785 22
12218 68 0
15569 15156 19
7780 68 0
8929 8752 20
8253 62 0
10168 9710 19
2215 68 0
13750 6 0
12229 11987 20
9699 6 0
14972 6 0
7535 6 0
11999 24 0
6889 6645 20
7930 7571 19
14443 14098 20
12401 11877 19
10290 51 0
2175 1689 20
12155 11940 20
1720 69 0
11758 11467 22
2791 6 0
3008 3009 13
15891 15219 20
14689 62 0
3395 2944 19
8961 8740 20
7144 6710 20
16876 51 0
16479 16483 13
3101 2944 17
6501 5450 22
16876 16342 20
618 340 20
11322 10807 20
7028 6765 20
354 24 0
13497 3135 14
5156 4291 22
5648 68 0
10869 4228 15
824 105 19
10405 6 0
442 105 19
15195 275 14
13527 42 0
11069 68 0
14421 13968 19
8899 8658 19
620 68 0
9948 9825 20
7120 5381 14
9905 9773 20
1981 1718 20
6999 68 0
13375 13091 20
10190 9830 20
10527 9743 22
6102 5510 20
9188 8662 20
16612 16394 20
5425 69 0
15585 15168 20
9929 9710 19
5702 5515 20
11839 11415 22
1069 229 20
8759 8761 13
10210 9710 19
6065 5362 19
12622 6 0
9112 8745 20
7143 51 0
12842 11938 22
3325 68 0
14590 14070 21
474 340 20
2058 1744 20
1994 1743 21
16479 16339 17
15990 15768 22
2239 1774 20
5076 4261 22
4836 4240 23
7774 7573 20
7448 6698 22
1888 1696 20
6985 6700 20
6136 42 0
4868 42 0
14513 68 0
15893 51 0
613 163 20
5914 5362 19
2317 69 0
12371 11877 19
2147 68 0
7858 7571 19
4184 3111 22
695 68 0
6378 6 0
12119 11930 20
15978 15171 22
4512 4357 20
17170 16408 22
4912 51 0
4462 4420 20
11496 10917 20
17281 16916 22
10107 9710 19
9963 9710 19
11776 10880 22
2185 1675 20
12079 68 0
10741 9819 22
5740 68 0
13494 4272 14
16702 16481 20
4884 4223 19
11807 10892 22
7230 6 0
6039 6040 14
6172 5489 20
15881 15250 20
10979 68 0
7788 7699 20
2136 1662 20
17034 16360 22
15405 15201 20
15647 68 0
6052 1076 14
2784 2304 22
10736 9819 22
17263 16858 22
7988 7617 20
1292 928 22
4789 42 0
16139 15758 22
7743 7571 19
12644 6 0
11052 68 0
2096 1660 19
4862 4863 14
9228 932 14
12191 11925 20
12824 11934 22
14159 13968 19
8183 7653 21
8451 7610 22
14081 13968 17
1620 6 0
2638 6 0
8440 6 0
12414 11955 21
555 186 20
4737 68 0
420 68 0
8039 7709 20
5856 68 0
12050 11877 19
13169 13031 20
14921 14618 22
12506 11981 21
14382 68 0
14409 14014 20
12068 11877 19
5712 5363 21
735 68 0
12272 11960 20
1060 259 20
13456 13117 20
527 249 20
4603 68 0
3074 41 0
12526 62 0
1902 1723 21
371 374 13
15703 15311 20
8105 7687 20
6790 6691 20
4695 4225 20
13216 68 0
4987 4229 22
7829 68 0
6117 3561 14
10437 9722 22
12214 11877 19
13276 68 0
10030 9710 19
10594 10299 22
2808 2297 22
3240 2980 20
16638 16339 19
14405 14045 20
8190 51 0
3081 7 0
1564 6 0
14081 14085 13
16058 15195 22
10152 9814 20
12168 68 0
6254 6 0
3183 3024 20
9801 9802 13
9614 8734 22
14202 14011 20
12584 11911 20
8022 68 0
8418 6 0
14505 13983 20
6017 5467 20
7706 41 0
15104 6 0
10603 6 0
432 178 20
7254 6 0
17280 6 0
16889 3168 14
6531 5460 22
8378 6 0
11528 11400 22
10252 62 0
17090 6 0
11293 10897 20
1938 1780 20
12343 12003 20
10462 10248 22
14315 14010 20
3779 2945 22
12652 12495 22
10007 9792 20
5479 41 0
1423 201 22
8118 7663 20
5505 24 0
1517 248 22
14837 14586 22
6130 5452 20
3670 2944 19
12329 11877 19
3718 3003 20
5570 5407 20
10400 6 0
11332 10821 20
12215 11943 20
14529 14007 20
11057 68 0
6894 68 0
7042 6691 20
12223 11877 19
13834 6 0
2263 1718 20
8152 69 0
7108 6703 21
14622 42 0
17125 6 0
62 3 0
9086 8785 20
5602 5482 20
185 190 14
694 68 0
16908 4321 14
2471 42 0
12327 11972 20
15739 15162 21
4952 4354 14
8127 42 0
14746 13969 22
5639 5383 20
9308 8658 19
7771 7588 20
13432 13110 20
9516 6 0
8598 8211 22
15310 247 15
6610 6191 22
16597 16345 20
2510 69 0
2204 1660 19
6243 6 0
9600 6 0
12525 51 0
3469 3008 21
9972 68 0
13514 42 0
2714 6 0
490 170 20
3713 3078 20
6813 6682 20
353 105 17
4722 4223 19
1215 113 22
12968 6 0
13332 13042 20
3944 2994 22
14756 14655 22
13438 13045 20
5555 68 0
5600 5362 19
6873 68 0
177 178 13
9055 8785 20
15429 15156 19
6960 6696 20
10548 9753 22
15205 24 0
10376 6 0
8981 8677 20
8611 7667 22
9642 9226 22
9056 8720 21
16816 16339 19
5679 5417 20
10872 41 0
12264 11877 19
13786 13480 22
9641 9206 22
15410 15192 20
9087 8772 20
8527 8185 22
5293 6 0
5449 69 0
9270 1095 14
13652 6 0
391 194 20
1326 6 0
1342 6 0
14268 68 0
6368 6 0
5962 5451 20
9272 960 14
15885 15171 21
11183 10805 19
11180 10903 20
3720 42 0
7011 6663 20
9051 68 0
12633 6 0
17071 16819 22
12031 12019 20
10811 10812 13
11136 10805 19
16370 16339 17
556 68 0
6979 68 0
13145 13146 13
2471 1660 19
7830 7600 20
9582 6 0
11713 10853 22
3680 2944 19
5776 5378 20
4869 191 14
1236 6 0
16208 6 0
13522 13051 20
5601 5495 20
12580 11971 21
13317 13027 20
6117 5549 20
14442 14087 20
657 242 20
4161 3644 22
15477 15182 20
7817 7604 20
126 105 17
11956 24 0
15412 15156 19
3641 3642 14
1407 193 22
16541 16339 19
1999 1682 20
12399 11917 20
12511 42 0
8991 8680 20
9958 68 0
2032 1660 19
1185 120 23
6027 5362 19
11326 68 0
2194 68 0
8006 7571 19
2098 68 0
589 278 21
16904 51 0
1433 207 22
3508 68 0
4919 42 0
7662 7571 17
3420 3082 20
323 105 17
16230 6 0
5615 5491 20
5839 5362 19
10512 6 0
8876 8765 21
8921 8785 20
486 68 0
11782 10880 22
14687 13968 19
5504 5506 13
1952 1696 20
11991 41 0
7164 6646 20
11059 10939 20
2401 42 0
8106 7600 20
12075 11877 19
8470 7616 22
8953 8781 20
11383 10928 23
5758 5362 19
10037 9825 20
7777 7571 19
6886 68 0
4878 42 0
4895 1061 14
16904 16461 20
11604 10823 22
6388 6182 22
14569 14120 20
12661 12505 22
3668 3124 21
984 51 0
179 24 0
10316 9710 19
13444 13016 19
17204 16424 22
7353 6 0
622 293 20
6974 6632 19
3384 68 0
10342 62 0
8742 41 0
2549 2399 22
16467 5410 14
11455 42 0
9030 68 0
8724 376 16
13450 68 0
8784 8787 13
15609 15158 20
8066 7571 19
7236 6 0
7818 7648 20
3364 3073 20
14045 24 0
1374 6 0
15604 15273 20
7997 7592 20
11581 6 0
10298 62 0
14423 13968 19
2295 938 14
9739 40 0
248 105 17
3303 3112 20
4372 1704 15
14407 14015 20
6562 6114 22
13078 24 0
14295 14078 20
13076 3762 16
1694 1699 16
9083 8658 19
8055 7659 20
14370 68 0
11873 10944 22
8826 8698 20
1993 1762 20
9727 1831 15
7314 6657 22
14169 13968 19
10609 6 0
1170 69 0
8242 7660 20
3874 6 0
14939 14020 22
2207 1660 19
4004 3751 22
1311 148 22
12032 12006 20
13520 13016 19
15328 15287 20
8787 41 0
5701 5505 20
7217 6633 22
12506 3087 14
10592 9767 22
9236 42 0
5006 4898 22
1991 1774 20
7054 6727 21
12240 11977 20
16864 16417 23
14741 13969 22
10429 9722 22
796 68 0
13444 13096 21
9808 9810 13
8138 62 0
15853 42 0
16722 16348 20
948 278 21
8213 7662 21
3893 2978 22
5870 5473 20
5927 5501 20
9306 8749 23
11242 68 0
13497 42 0
6104 5511 20
399 68 0
14400 14041 20
7310 6657 22
3510 68 0
2329 42 0
7733 7654 20
12502 11980 20
8039 68 0
14564 14032 20
7497 7143 22
15866 42 0
2049 1718 20
3541 68 0
1797 1798 13
14229 14071 20
2063 68 0
9947 9710 19
16814 16404 21
7957 68 0
2393 1769 20
16029 15773 22
6056 5414 20
6859 6735 20
15708 15156 19
742 120 20
2467 1660 19
7534 7108 22
400 227 20
11579 11365 22
12473 11886 20
14311 68 0
14411 68 0
4622 4352 20
4392 4395 13
1488 234 22
10887 3619 14
2114 1768 20
1470 226 22
11416 5512 14
14756 13969 22
3437 2961 20
7765 7584 20
3732 3068 20
14493 13968 19
12334 11905 20
1122 42 0
17220 16433 22
7073 51 0
7005 6692 20
15001 14039 22
14470 14007 20
12701 11901 22
12465 11983 20
11702 11460 22
16565 16394 20
3528 2944 19
1959 1834 20
4463 4374 20
11711 6 0
11722 11403 22
10329 9710 19
14398 13968 19
10483 6 0
10161 9710 19
3539 2944 19
1545 264 22
12274 11973 20
2197 1707 20
14407 14103 20
7954 7571 19
16007 6 0
9617 8734 22
6466 6 0
11396 10929 20
1036 189 20
15368 15156 19
8015 7632 21
2260 1841 20
13227 13077 20
1927 1817 20
16584 16476 20
14730 54 0
13864 13481 22
16087 15771 22
14480 14108 20
5864 5525 20
4717 4368 20
16850 42 0
10963 68 0
4023 6 0
10316 9840 20
10571 9757 22
15587 15156 19
10273 9738 20
14200 14048 20
765 68 0
15338 15274 20
5402 24 0
11107 10919 20
3715 69 0
2225 1793 20
4747 4408 20
13620 13518 22
2460 1661 21
11301 10805 19
13493 13087 23
8805 3579 16
10123 9728 20
14206 14062 20
5829 68 0
4463 4334 20
8173 7585 20
8114 7571 19
8066 68 0
14327 13988 20
14323 68 0
13177 13112 21
16538 16339 19
9072 8677 20
15577 15245 20
9522 8709 22
14357 14121 20
26 8 1
13350 13151 20
2848 1786 22
10719 6 0
12126 11957 20
9317 54 0
14133 14022 20
6986 6685 20
7031 6721 20
16957 6 0
8605 7662 22
6406 6 0
9006 8666 20
9009 8802 20
7095 6632 19
10905 1879 16
13384 13127 20
11041 10805 19
11361 10938 20
726 105 19
13040 13016 17
13503 13019 20
14635 13985 20
11788 11367 22
1136 42 0
2756 1737 22
13182 13016 19
263 69 0
16820 16352 21
11198 10807 20
13782 13529 22
15779 51 0
6979 6704 20
6878 6719 21
415 68 0
5250 6 0
713 361 20
12253 68 0
2084 68 0
16790 16434 20
12019 24 0
6034 42 0
11946 11950 13
10203 9715 20
14123 41 0
14233 14120 20
13882 13487 22
11219 10920 20
10207 9737 20
12289 68 0
16865 51 0
3856 3632 22
11410 10805 19
8083 7571 19
10233 9841 21
1937 1660 19
3616 42 0
16597 16385 20
5702 5471 21
9201 8658 19
9257 8769 20
895 169 21
9261 8799 20
4307 4310 14
12534 11932 20
6107 2486 14
7067 6632 19
14364 13974 20
7761 7578 20
10750 9829 22
14115 3633 16
12060 11877 19
14677 13989 20
838 258 20
9797 24 0
628 221 20
12766 12473 22
7249 6641 22
13203 13016 19
377 105 17
5799 5391 21
11290 10841 20
16906 51 0
4824 4375 20
13140 375 14
14442 68 0
7830 7578 20
7818 7571 19
498 272 20
14549 13968 19
1083 207 21
2506 1794 20
11452 2420 14
6067 4279 14
12229 11877 19
4829 4257 20
11666 6 0
6602 5508 22
14639 42 0
8475 6 0
15272 15274 13
15363 68 0
14569 13968 19
5538 41 0
10102 9744 20
6586 5494 22
2492 1745 20
9460 8689 22
12431 12012 20
10403 6 0
16657 16473 20
11139 10855 20
4053 6 0
6034 5522 20
4558 4223 19
3626 2954 21
5800 5362 19
734 292 21
16191 6 0
10017 9874 20
2762 6 0
9114 8740 20
5846 5472 20
6574 5490 22
8280 8185 22
11371 10954 20
16821 16443 23
8218 42 0
10240 42 0
12058 11948 20
8192 42 0
10862 41 0
8739 9 0
10733 6 0
11888 11890 13
16813 7713 14
6849 6632 19
7964 68 0
12066 68 0
3669 3020 20
15181 15183 13
6463 5436 22
5593 5391 21
10691 9796 22
15574 15214 20
16808 16380 20
11926 24 0
14393 14031 20
7727 68 0
15923 6 0
5739 5487 20
4555 4384 20
5396 5362 18
12549 62 0
14213 14010 20
7168 1785 14
15890 51 0
13417 13106 20
898 105 19
8258 7571 12
9197 4284 14
5629 5369 20
15632 15288 20
8487 7621 22
11349 10807 20
1884 1827 20
8951 8767 20
4069 3046 22
14221 14010 20
16842 16339 19
10082 9754 20
15894 15268 21
1705 69 0
13364 13122 20
15858 10243 14
8845 8806 20
15677 15192 20
10850 24 0
15323 15287 20
15693 15156 19
12773 11916 22
12268 11877 19
3613 3614 14
4850 4237 20
16615 16341 20
9667 9282 22
4065 3041 22
14077 14079 13
9118 8749 20
14432 14010 20
4702 4223 19
2371 1845 23
7893 7651 20
5191 4914 22
2266 1862 20
12863 6 0
15649 68 0
12643 12524 22
15402 68 0
2167 1799 20
3875 6 0
6553 6 0
7501 6712 22
3598 2944 19
3251 68 0
5671 5402 20
16232 15768 22
12283 11960 20
5914 5462 20
9012 8785 20
15835 15156 19
10333 9742 20
11701 11384 22
6024 68 0
13688 13040 22
7105 6706 21
10558 9753 22
10326 9774 20
1737 1738 13
13485 13084 20
13133 24 0
13203 13042 20
2191 1696 20
12302 11917 20
13646 13564 22
2054 1810 20
696 202 20
6739 6743 14
13507 13016 19
6839 6714 20
2932 1850 22
10164 9765 20
15867 15263 20
3470 68 0
12970 6 0
11474 42 0
820 105 19
16789 16380 20
4070 3594 22
421 378 20
12796 12534 22
11478 10805 19
16831 1181 14
1223 6 0
8014 7654 20
7747 68 0
9138 8786 20
12357 11877 19
2886 1815 22
21 3 0
15332 15237 21
12770 6 0
11716 10860 22
10053 9810 20
5333 4386 22
2067 1799 20
3173 2985 20
4536 4223 19
17098 16854 22
11737 10865 22
5708 5495 20
4211 6 0
12649 6 0
825 317 20
12010 12013 13
4962 4223 12
3970 6 0
14574 14067 20
4607 4261 21
14354 14093 20
390 68 0
11186 10825 20
7044 68 0
9884 68 0
5665 68 0
8131 979 14
11372 10826 20
6703 6704 13
131 69 0
7198 6632 12
15273 24 0
14630 62 0
14601 62 0
15932 6 0
1312 6 0
17075 16375 22
16647 16385 20
10262 9829 21
7755 7584 20
7783 7659 20
12150 11929 21
16732 16367 20
15879 15202 20
5631 5428 20
7827 7622 20
13463 13093 21
5524 47 0
7483 6 0
1149 105 19
935 105 19
2058 1868 20
5378 24 0
11002 10805 19
12289 11893 20
16663 16473 20
14380 68 0
11460 10901 21
4943 69 0
2089 1756 20
9928 9712 20
2492 1727 20
15903 54 0
2202 1750 20
493 304 20
4317 9 0
4452 4223 19
378 24 0
16433 16434 13
16874 16360 21
15653 15156 19
3135 69 0
8702 8704 13
16003 6 0
10965 10841 20
10731 6 0
8113 7571 19
15365 15288 20
15529 15156 19
14268 13968 19
3928 6 0
1688 1660 17
7879 7700 20
12071 11877 19
4619 68 0
13786 6 0
880 258 20
2347 1660 19
6170 5371 20
2371 1794 20
13140 13141 13
1881 1763 20
9423 9240 22
15410 15206 20
6387 6208 22
14678 42 0
12368 11930 20
8854 8658 19
11781 11460 22
6312 5387 22
12471 62 0
7103 6701 20
6453 6174 22
12618 6 0
2064 1774 20
2061 1821 20
15800 15244 21
7842 7695 20
16018 6 0
11060 10874 21
910 120 20
11618 10827 22
13297 68 0
10194 68 0
4561 68 0
3245 3077 20
14265 13968 19
3917 6 0
6288 6049 22
803 195 20
4898 4271 20
7176 7177 14
10612 6 0
2351 2352 14
5625 5393 20
12965 11981 22
16379 16383 14
10579 6 0
5619 5495 20
3263 3090 20
8133 7571 19
1383 177 22
7355 7192 22
14428 14002 20
7459 6 0
10837 41 0
3935 2990 22
1456 220 22
7934 7574 20
11384 10954 20
4098 3580 22
16974 6 0
7502 6 0
8117 68 0
14596 13968 19
82 73 0
770 170 20
8719 41 0
14700 14097 21
16416 7 0
4833 4223 19
14900 6 0
1745 41 0
1896 1660 19
5833 5487 20
5640 5392 20
7247 6641 22
8689 9 0
14227 68 0
5315 4367 22
13692 13040 22
17174 16823 22
3285 2996 20
16811 268 14
15511 15192 20
9950 68 0
10014 9858 20
16330 15292 22
4475 4399 20
14204 13970 20
1486 1050 22
10419 9718 22
8031 7696 20
11934 11935 13
14441 14015 20
11597 6 0
6047 5507 20
11469 10843 20
1181 69 0
545 227 20
12875 6 0
16766 16339 19
3433 2966 20
3241 3147 20
13578 54 0
10160 9772 20
13542 13024 20
14917 6 0
11020 10942 20
4608 4346 20
14704 14020 21
3470 3090 20
13617 13021 22
11990 24 0
3088 3092 13
11422 6157 14
5844 5420 20
10215 9830 20
17064 6 0
9414 9223 22
1450 923 22
11342 10805 19
5394 41 0
15072 14060 22
13540 13033 20
2299 1779 21
1065 214 21
1265 957 22
1560 270 22
273 41 0
727 287 20
13434 13041 20
1596 6 0
4141 6 0
16340 140 16
11904 3000 15
3483 2944 19
2465 1733 20
4490 4254 21
403 187 20
9730 41 0
7838 68 0
7415 6 0
5574 5509 20
1792 238 16
4764 4223 19
2178 68 0
5772 5509 20
14084 41 0
2260 68 0
8328 6 0
13383 13016 19
10681 6 0
1661 1662 13
12280 11926 20
16820 42 0
862 298 20
9078 8658 19
5730 5537 20
14174 14083 20
1786 1660 17
17284 16840 22
11833 11442 22
3341 2985 20
11312 10906 20
17127 16397 22
14039 14040 13
11901 11903 13
1528 248 22
5291 6 0
14280 13977 20
14159 14041 20
3592 3111 21
6811 6658 20
3609 2365 14
7179 6703 21
13231 68 0
16914 16462 20
8607 7667 22
4500 4236 20
3607 3035 21
14280 14002 20
11735 11389 22
8450 6 0
13073 24 0
2629 1688 22
13613 13564 22
3289 2991 20
3605 2944 19
309 313 14
7136 6632 19
2941 2499 22
1915 1660 19
7264 7089 22
458 105 19
7106 6734 21
16463 8246 16
2361 1713 20
5346 6 0
4866 69 0
11694 6 0
6111 5473 23
4931 4223 19
12375 11925 20
13672 6 0
2361 1660 19
10880 10883 14
16206 6 0
14140 14125 20
7020 6707 20
13528 13016 19
4523 4318 20
602 105 19
8951 8772 20
4745 4420 20
1069 297 21
17101 6 0
4653 4420 20
6914 6691 20
1006 42 0
11032 68 0
1946 68 0
3355 3147 20
11750 6 0
10592 10336 22
2220 1731 20
1905 68 0
12156 11877 19
16659 16452 20
14163 14082 20
3350 2966 20
2059 1696 20
9958 9710 19
4639 4223 19
6516 5455 22
12328 68 0
15548 15156 19
15823 1735 14
6383 6 0
5970 5362 19
913 150 20
2914 1833 22
4445 68 0
8788 69 0
937 122 20
9663 6 0
8499 6 0
609 348 20
6031 69 0
1505 6 0
14271 68 0
13846 6 0
4388 24 0
17097 16384 22
347 350 13
9205 8800 14
14658 42 0
16912 16456 20
3386 2944 19
15633 15188 20
7428 7101 22
2973 24 0
14850 13996 22
10154 68 0
12673 12511 22
14005 14008 13
12252 11877 19
7842 7571 19
7780 7588 20
9687 8771 22
12785 6 0
5890 5509 20
9742 41 0
9165 68 0
14539 13968 19
2341 42 0
12334 11925 20
5723 5362 19
654 298 20
8146 7646 20
13353 13016 19
9757 4234 16
4564 4398 20
8938 8704 20
6534 6165 22
12205 11877 19
7506 6719 22
515 105 19
12482 11934 21
12569 11877 19
9888 9768 20
1951 68 0
14695 13987 21
14414 13968 19
7862 68 0
12139 11877 19
3836 2960 22
1389 6 0
9418 9233 22
8103 7587 20
15850 15156 19
4691 4223 19
13559 42 0
1762 24 0
14621 13968 19
5989 5362 19
6936 6632 19
5091 4267 22
6927 68 0
6173 5401 21
7335 6 0
11251 10805 19
3609 42 0
16538 16361 20
143 41 0
1117 69 0
6762 41 0
3433 3025 20
11462 51 0
709 141 21
7370 6 0
1930 1660 19
13816 6 0
14573 14082 20
11193 10906 20
10726 9808 22
2522 1694 21
15830 15156 19
15413 68 0
6980 6760 20
16075 15834 22
16495 16413 20
6168 5362 19
8091 68 0
14648 13968 19
12772 11916 22
540 68 0
8046 7633 20
9905 9737 20
7994 7680 20
14549 68 0
13254 13089 21
11103 68 0
148 105 17
12503 42 0
2410 42 0
558 149 20
12196 11921 20
10473 10341 22
7746 7571 19
6337 6 0
15601 68 0
5349 4392 22
12217 11978 20
14153 13992 20
4768 68 0
4735 4384 20
3553 2944 19
3354 3108 20
13267 13021 21
14608 13968 19
461 179 20
14364 13993 20
15466 15238 20
9223 8658 19
4635 4350 21
552 193 21
12412 68 0
2436 1660 19
911 349 20
10633 9775 22
16793 68 0
5144 6 0
7888 7604 20
13340 13134 20
12417 11953 20
8923 8658 19
10038 9710 19
15146 14115 22
11892 11893 13
9080 8752 20
12573 11886 20
3637 3097 23
10051 9743 21
14170 14079 20
14769 14679 22
14562 13968 19
11117 10836 20
15777 15283 23
11345 10805 19
16077 15199 22
14585 13968 19
13265 13117 20
14423 13992 20
11845 10918 22
10391 9714 22
10801 9873 22
8255 54 0
8439 7610 22
15498 15205 20
12191 11947 20
15694 15156 19
15745 15187 20
9076 8780 20
9054 8790 20
4647 4281 20
518 105 19
13867 13096 22
961 294 20
5633 5525 20
8739 8658 17
4890 62 0
11469 10871 23
3497 2944 19
6657 1144 14
16878 42 0
16830 42 0
15796 15165 20
14588 14090 20
17092 6 0
11823 10905 22
15523 15201 20
6577 6 0
7188 7189 14
5707 5362 19
6764 6160 14
10041 68 0
5455 5459 15
10502 6 0
14405 14111 20
10781 6 0
3434 2966 20
3981 3581 22
13536 42 0
13573 13016 12
7160 6705 20
15920 6 0
5610 68 0
3374 68 0
14230 13997 20
6951 6668 20
5128 6 0
9938 9843 20
7590 7591 13
8992 8658 19
9475 6 0
16602 16465 20
13926 6 0
8250 7615 20
422 187 20
17146 16401 22
11043 10805 19
16564 16339 19
16725 16339 19
17213 16429 22
14254 13968 19
5653 5362 19
12054 11877 19
451 271 20
11324 68 0
16519 68 0
15454 15259 20
16000 6 0
4725 4230 20
500 310 20
6267 5373 22
8174 62 0
8585 7653 22
15327 15156 19
11675 10839 22
14943 14613 22
3450 2944 19
10381 6 0
10830 10805 17
3680 42 0
16533 16380 20
7836 7611 20
686 105 19
5979 5412 20
10531 6 0
3721 3084 20
6175 5505 23
4008 6 0
5625 5362 19
5632 5364 20
11223 10841 20
2446 1847 20
12958 12490 22
882 68 0
15795 15194 20
16706 68 0
6867 68 0
12578 11911 20
14396 14093 20
658 298 20
14551 13968 19
14272 13968 19
5261 4826 22
8413 7603 22
1579 286 22
4614 4288 20
11741 6 0
14115 14117 13
8653 6 0
5683 5421 20
6771 6774 13
16626 16465 20
1141 303 21
5928 5365 20
17114 16393 22
9476 9230 22
13534 62 0
13220 13102 20
4651 4378 20
9908 9710 19
7136 6705 20
9036 8767 20
13312 13147 20
8438 7610 22
6886 6708 20
3744 2972 21
2200 68 0
8076 68 0
11055 10805 19
7970 68 0
13269 13154 20
15398 68 0
16582 68 0
185 187 13
11289 10805 19
16218 15803 22
12882 12548 22
16984 6 0
5288 4345 22
11336 10805 19
520 271 20
13367 13057 20
2095 1660 19
1087 193 21
12723 6 0
3349 68 0
16132 6 0
7977 7582 21
12576 11964 20
12174 11926 20
12304 11877 19
3164 24 0
14535 14125 20
11247 10821 20
10585 9763 22
525 105 19
6856 6632 19
3971 6 0
15455 15200 20
4814 4267 21
9312 42 0
16146 15871 22
10602 10298 22
12083 68 0
5871 68 0
699 127 20
1939 1712 20
16816 16410 20
2502 62 0
15479 15159 20
853 105 19
3791 2945 22
2065 1811 20
875 105 19
10099 9754 20
6560 5481 22
15723 15201 20
4969 4790 22
11373 10954 20
6814 6632 19
15065 6 0
6109 5362 19
2243 1660 19
16654 16426 20
13017 110 14
10071 9870 20
575 340 20
1253 126 22
10908 10913 14
1279 6 0
3409 2967 20
1188 229 20
16216 6 0
3886 6 0
5692 5362 19
9727 40 0
14266 14031 20
2250 1695 20
374 41 0
14417 14048 20
4461 4223 19
2916 2403 22
14678 1026 14
5294 6 0
11012 10850 20
9310 8750 20
8101 7659 20
8643 8210 22
3288 2944 19
4556 4399 20
13702 13493 22
12718 11904 22
12446 11935 20
956 292 21
726 177 21
3247 2947 20
1340 155 22
5604 5482 20
5368 4913 15
7979 7704 20
14663 42 0
10077 9710 19
14164 68 0
9689 6 0
98 39 7
2119 1731 20
7372 6676 22
15828 42 0
10283 9710 19
2006 1841 20
13716 6 0
11857 11444 22
9252 8658 19
14862 14001 22
4060 6 0
14003 24 0
14322 68 0
7891 7604 20
656 105 19
8196 7664 20
10230 4391 14
14854 13996 22
6624 6069 22
3071 2959 16
3755 3756 14
8371 8192 22
503 105 19
12022 6779 16
14707 42 0
7325 6657 22
9335 8659 22
5583 5412 20
12936 11962 22
15087 6 0
2235 1828 20
11274 68 0
2058 1815 21
2293 42 0
14030 4253 16
3191 2944 19
1755 9 0
6877 6772 20
8828 8694 20
2616 1688 22
15495 15183 20
5014 4235 22
16516 68 0
17265 6 0
9796 1047 15
4409 41 0
8241 51 0
13531 13016 19
15859 15305 20
4743 4274 20
10688 10278 22
4572 4255 20
1924 1660 19
7114 4322 14
5887 68 0
13523 13016 19
4267 4223 17
13732 6 0
4436 4363 20
12005 2977 14
5958 5378 20
11766 6 0
15901 54 0
15429 15272 21
6853 6632 19
11104 10805 19
11491 10943 20
8697 8658 17
8043 7699 20
3430 3089 20
13151 24 0
11451 10921 20
10349 9816 20
5702 5364 20
3397 3024 20
7726 7633 20
2397 1805 20
6289 6190 22
7134 6766 20
11967 11969 13
3322 3055 20
12164 68 0
2473 1660 19
193 196 13
14409 68 0
2103 1863 20
12108 11972 20
201 105 17
9111 8776 20
4356 4223 17
12352 68 0
8733 69 0
2165 1660 19
13157 1117 14
14455 14121 20
4696 4329 20
10579 10338 22
6883 6632 19
15858 42 0
15551 68 0
9163 8752 20
7018 6721 20
14190 14107 20
12493 11932 20
12748 11912 22
3353 2966 20
12583 11934 21
5850 68 0
674 105 19
12775 6 0
2721 6 0
8878 8661 20
3568 51 0
7971 7611 20
10500 6 0
10638 10249 22
4729 4223 19
2189 1660 19
8825 8767 20
4202 3763 22
8933 68 0
737 332 20
5687 5502 20
2337 1797 21
3945 2994 22
6666 6671 15
16509 16339 19
11666 10839 22
7159 6635 20
16289 15268 22
5585 5420 20
12294 11889 20
16379 4259 15
1191 105 12
10032 68 0
10173 9743 21
3751 2944 19
16782 16339 19
1348 162 22
9298 8709 21
14227 13974 20
1935 68 0
5006 4235 22
804 227 20
16860 16339 19
13508 13080 20
5025 4836 22
13779 6 0
10482 6 0
10005 9748 20
5647 5365 20
2295 1660 19
6415 6034 22
17084 6 0
11205 10805 19
65 16 0
2641 1694 22
9004 68 0
4567 68 0
967 968 14
5578 5393 20
15153 14712 22
10281 42 0
9486 8697 22
7174 6650 20
1504 980 22
5582 5362 19
11239 10805 19
6194 62 0
9020 8797 20
7096 239 14
10440 9722 22
15431 68 0
6051 42 0
12285 11913 20
4471 4303 20
12411 11877 19
1266 6 0
3054 9 0
6181 5429 20
12624 12474 22
12256 11990 20
1454 6 0
6189 5362 19
10698 6 0
1956 1757 20
177 183 15
16549 16339 19
13516 42 0
14654 13973 21
400 105 19
16475 16476 13
7153 6660 20
6848 6632 19
424 105 19
6150 5414 20
1376 169 22
466 202 20
17065 16370 22
12442 68 0
11209 10870 20
4893 42 0
14799 6 0
12246 11877 19
16021 6 0
11586 10819 22
14692 42 0
1466 1176 22
16825 3600 14
4840 42 0
14505 13968 19
8741 24 0
4777 68 0
4908 4223 19
15911 54 0
12034 12002 20
4683 4351 20
15500 68 0
15406 15156 19
7037 6777 20
9879 9754 20
11967 7 0
12263 11877 19
14276 13992 20
9119 8766 20
13527 13025 14
12364 11877 19
11319 10881 20
5126 4280 22
644 105 19
13472 13019 20
2273 1660 19
8871 8658 19
10734 6 0
12084 11877 19
14313 14116 20
6417 6083 22
8067 7633 20
6209 5362 19
4450 4328 20
14578 14129 20
15571 15156 19
2375 1660 19
8560 6 0
4772 4388 20
6513 6196 22
13560 13016 19
9214 8798 20
14586 4283 14
6525 5455 22
12957 12479 22
10991 10805 19
13282 68 0
850 208 20
1917 1744 20
2672 6 0
16874 16339 19
17239 16894 22
14201 13968 19
14440 14061 20
14560 13968 19
1063 1064 14
10590 9767 22
16445 41 0
15549 15238 20
8172 42 0
5429 41 0
14749 13969 22
14784 6 0
9156 8660 20
15906 15156 12
6856 6741 20
12682 11896 22
790 107 20
6917 68 0
1898 1773 20
14400 14013 21
15084 6 0
884 179 20
6600 5508 22
12573 11877 19
5968 5441 20
7864 7710 20
13958 13140 22
15793 51 0
16869 958 14
7414 7153 22
2723 6 0
578 127 20
2505 51 0
14560 14036 20
6694 41 0
3283 3137 20
11305 68 0
16708 16385 20
15357 15156 19
3588 51 0
11447 51 0
14205 14075 20
3719 337 14
1984 1660 19
11145 68 0
16332 15302 22
14609 13968 19
15902 54 0
14261 14087 20
7882 7571 19
1303 1017 22
16704 16465 20
2174 1762 20
14074 14075 13
13272 13106 20
8220 7671 21
5558 5428 20
16883 16426 23
15798 42 0
6955 68 0
7778 7588 20
16640 68 0
15540 15299 20
5644 5472 20
7459 7173 22
5966 5460 21
12175 11942 21
12811 6 0
12022 12026 14
15786 15215 20
6837 6632 19
10615 6 0
9268 8658 19
14517 13968 19
813 163 20
11527 54 0
2517 1660 19
4688 4297 20
7027 6752 20
590 68 0
13901 13112 22
8596 8229 22
2545 1661 22
14895 6 0
14301 14057 20
781 372 20
5935 68 0
11250 10805 19
7815 68 0
5848 5441 20
1403 193 22
1237 119 22
3892 6 0
7102 6632 19
234 9 0
8456 6 0
1957 1663 20
8489 7621 22
2287 1731 20
3225 68 0
1510 241 22
2945 2948 13
12177 11877 19
2507 225 14
7155 6633 21
3724 42 0
9639 6 0
13996 13998 13
3613 3141 23
4160 6 0
12440 68 0
3863 2965 22
16524 16385 20
3655 2954 21
4295 3167 15
14483 14102 20
7941 7655 20
8954 8714 20
2147 1863 20
8340 6 0
7558 6 0
15110 14086 22
5180 4826 22
7689 1061 14
6706 6710 13
618 105 19
2520 42 0
4367 4369 13
12555 7082 14
14347 13968 19
16662 16465 20
2307 1788 20
16257 15883 22
13920 6 0
10178 9848 20
3001 3006 15
14427 14031 20
4158 3743 22
14887 14005 22
12227 11877 19
4755 4374 20
17284 16823 22
9620 8734 22
4989 6 0
3937 2990 22
6789 6686 20
4430 68 0
6820 68 0
8117 7583 20
3284 2996 20
9034 68 0
17284 16475 22
16638 68 0
5173 6 0
439 128 20
7191 6660 20
6197 5362 19
9294 8701 20
7831 7663 20
3716 2978 21
15760 51 0
15555 15193 20
8568 8250 22
15186 15187 13
1434 1046 22
5723 5383 20
8662 41 0
6676 2447 16
7599 7600 13
15474 15201 20
5603 5466 21
3841 2960 22
2045 1690 20
16841 6125 14
15559 68 0
1668 1669 13
15267 41 0
12860 6 0
1938 1660 19
15049 14051 22
1891 68 0
12563 4320 14
12964 11981 22
15666 15169 20
12233 11877 19
16109 15209 22
13546 4853 14
2757 1737 22
12225 12019 20
14927 6 0
15098 6 0
6127 5434 20
6130 42 0
12564 2959 14
4798 4223 19
3116 2944 17
3786 6 0
10275 69 0
14473 13977 20
10233 51 0
13368 13113 20
718 105 19
7341 6666 22
6961 6772 20
10559 6 0
6748 24 0
2509 42 0
15781 15205 23
7176 6697 20
10020 9819 21
10003 68 0
5852 5456 20
14418 13968 19
16834 16339 19
6302 6114 22
14356 14011 20
12678 11896 22
5858 5462 20
13409 13082 20
14437 14112 20
17243 16858 22
4876 4224 21
3802 2949 22
11151 10903 20
5589 5537 20
12740 6 0
14704 14008 20
12033 11938 21
4969 6 0
10163 9857 20
3757 42 0
13866 6 0
598 68 0
624 149 20
473 68 0
16917 7127 14
8077 7574 20
14433 14006 20
10061 68 0
5867 5451 20
12055 11960 20
566 68 0
12219 11877 19
14268 14062 20
6025 5406 20
14475 13968 19
1166 134 21
458 324 20
12484 42 0
2496 1748 21
11815 10901 22
13181 13031 20
11901 40 0
4762 4373 20
15283 24 0
12292 11890 20
15229 15156 17
15548 68 0
13465 13016 19
12448 68 0
4349 69 0
10787 9846 22
9281 263 14
14940 14020 22
13552 13040 21
7789 7587 20
9712 24 0
6672 6674 13
8665 8667 13
4941 4227 20
7582 146 16
13258 13066 20
63 64 3
8856 8718 20
10501 9739 22
15748 15242 20
833 228 20
12510 11945 20
7000 6632 19
8074 7633 20
7101 6754 20
8098 7617 20
6771 2464 15
6110 5503 20
7827 7595 20
15316 15210 20
3729 42 0
2108 1762 20
4175 3101 22
14840 13991 22
3751 3081 21
4997 6 0
2452 51 0
6278 5377 22
3319 3164 20
16649 16451 20
4201 3124 22
13641 6 0
9934 9857 20
15510 15205 20
2893 1815 22
9032 8669 20
6508 6 0
8717 2964 15
8006 68 0
13592 6 0
16190 6 0
837 178 20
14308 14045 20
7013 6632 19
1233 937 22
1893 68 0
4431 4352 20
12538 11980 20
4501 68 0
14585 14022 20
11422 10911 20
2504 1719 20
13001 12542 22
9456 6 0
11389 42 0
12386 11943 20
6885 6724 20
3686 42 0
685 105 19
323 328 14
3224 3164 20
9071 8669 20
2984 2944 17
9915 68 0
74 22 8
857 68 0
2039 1663 20
12486 7693 14
9767 9770 13
8300 8155 22
10941 7161 14
2111 68 0
4372 4223 17
14874 14001 22
7292 6652 22
1103 1104 14
12408 12011 20
10398 6 0
12530 42 0
17250 16924 22
3568 2944 19
10147 9710 19
3243 3108 20
14522 14048 20
13337 13090 20
11487 10918 21
9194 69 0
10477 10290 22
8134 7571 19
1027 287 23
8021 7571 19
14763 14588 22
7740 7577 21
8019 7584 20
9162 8780 20
11163 10805 19
13728 13047 22
12385 11960 20
14144 13968 19
10503 10273 22
991 226 21
1265 6 0
2026 1701 20
1668 1660 17
12361 11936 20
6962 6634 20
449 68 0
11828 11428 22
14200 14094 20
15428 15262 20
1414 6 0
13413 13142 20
792 128 20
12750 6 0
14556 68 0
15388 15280 20
13287 13016 19
1585 6 0
16877 16429 21
242 24 0
11294 10841 20
10751 6 0
9862 3593 16
5822 5491 20
1974 1816 20
15757 15295 20
14173 14088 20
14548 14045 20
11934 11877 17
4998 6 0
14762 6 0
17214 16429 22
13704 13044 22
14077 14078 13
7099 6632 19
8227 7652 20
4841 69 0
3419 68 0
11962 11965 13
4728 4241 20
2016 1712 20
386 69 0
11500 42 0
2461 2462 14
12094 68 0
10088 9814 20
5941 5370 20
7360 6 0
2477 1676 20
11789 6 0
10247 9714 21
1622 1096 22
12282 68 0
15060 14663 22
6448 6080 22
16257 15252 22
3190 2944 19
16808 16455 20
9046 8775 21
10179 9773 20
1722 69 0
15787 15278 20
536 68 0
14343 14052 20
9122 8711 20
15737 15284 20
15306 47 0
13168 13036 20
12498 11907 20
2876 1803 22
5818 5456 20
14700 13968 19
5551 5417 20
12055 11877 19
5916 5521 20
6206 5482 23
13708 6 0
7921 7699 20
9023 8658 19
2494 1743 21
6811 68 0
11470 10844 21
2266 1811 20
12967 11981 22
16384 8727 14
9307 8701 20
13890 6 0
10028 9776 20
6995 6691 20
16145 6 0
13334 13054 20
12213 11877 19
9154 8658 19
14116 24 0
12920 12573 22
13485 4306 14
15613 15226 20
13515 3579 14
2377 1028 14
15558 15159 20
10927 4272 15
15706 15172 20
2181 1724 20
14352 14011 20
2054 1724 20
13391 13127 20
13270 13141 20
11492 8246 14
12882 6 0
15394 15156 19
10865 382 15
12588 11986 21
16954 6 0
13528 13103 20
11751 11451 22
16029 6 0
13558 13111 20
10290 213 14
13442 13016 19
5979 5362 19
10995 10928 20
441 68 0
9920 68 0
6884 68 0
2385 974 14
9856 9859 13
14017 14019 13
4588 4302 21
8259 54 0
15151 6 0
7168 6632 19
3609 2945 21
9338 8659 22
4536 4324 20
5353 4402 22
13449 13016 19
3146 2944 17
8987 8790 20
8375 7594 22
5951 5362 19
3435 2944 19
6154 42 0
15884 15170 20
4235 40 0
15386 68 0
8084 7574 20
6143 5483 20
1797 1660 17
12783 11920 22
16245 6 0
8693 8696 13
13469 13016 19
12134 11890 20
14639 14030 21
5242 6 0
8147 7571 19
8838 8718 20
3371 3030 20
7162 42 0
10055 9710 19
16810 16448 20
9350 6 0
15790 15236 14
1112 385 20
16822 16339 19
12772 12580 22
7886 7600 20
2065 68 0
14649 13975 20
15404 15254 20
6122 6123 14
5910 5525 20
16904 16478 20
12235 11921 20
15370 15240 21
2121 1660 19
9270 8671 20
439 68 0
13842 13089 22
7133 42 0
9214 8762 20
8278 8188 22
8885 8793 20
14325 14083 20
9545 6 0
8019 68 0
12546 11964 20
4323 4326 14
8841 8658 19
5853 5502 20
9689 9294 22
13634 6 0
15755 15255 20
4611 4303 20
12518 11945 20
988 51 0
7805 7611 20
14017 6121 14
3455 3030 20
4715 68 0
16851 16400 20
7691 24 0
14141 13968 19
6599 5508 22
17226 6 0
9093 8790 20
12533 11877 19
5494 3706 15
8241 42 0
7001 6728 20
4713 4236 20
11662 10839 22
5951 5407 20
1653 1091 22
15687 68 0
8555 7647 22
15439 15273 20
16653 68 0
14591 4823 14
5946 5392 20
8081 7644 20
15318 15169 20
10396 10313 22
10039 9719 20
10320 9781 21
4754 4231 20
2947 24 0
11354 10844 21
617 208 20
9165 8674 20
10187 9710 19
2970 69 0
9996 9710 19
15438 15156 19
15793 15194 20
5406 24 0
15310 1824 14
7376 6 0
15669 68 0
13407 13031 20
10120 9843 20
11492 10837 20
7536 7173 22
10443 6 0
8061 7668 20
8454 8165 22
12378 68 0
10115 9759 20
10196 68 0
1140 69 0
470 105 19
15385 15156 19
4810 69 0
10168 9793 20
12595 54 0
12028 68 0
6418 6179 22
2656 1700 22
13287 13098 20
12063 68 0
15753 2439 14
477 68 0
9218 8757 20
8031 7594 21
1526 6 0
14073 41 0
14761 6 0
8918 68 0
8834 8767 20
14668 14039 21
7567 6 0
2257 1707 20
11324 10861 20
12152 11877 19
4449 68 0
11158 10898 20
12579 51 0
14265 68 0
4392 4393 13
11474 10822 20
17100 16388 22
2634 2322 22
13501 42 0
7662 7665 13
15786 62 0
433 187 20
850 242 20
15805 15228 20
2062 1846 20
13956 6 0
11375 5435 14
2131 1683 20
2998 69 0
12550 51 0
10104 9710 19
7785 7583 20
7493 6 0
13609 6 0
15959 6 0
5419 9 0
11441 10950 20
12070 11877 19
5663 5362 19
13453 13016 19
15714 15240 21
8491 7621 22
16736 16339 19
10087 68 0
10200 9843 20
12333 11930 20
3221 68 0
4114 6 0
13438 13041 20
5568 5495 20
2076 1682 20
15971 6 0
4259 69 0
11008 10885 20
5753 5402 20
9266 42 0
3449 3083 20
15686 15168 20
2311 42 0
793 105 19
17169 6 0
12812 11929 22
12644 11888 22
12329 12020 20
11580 6 0
11118 68 0
11989 11877 17
14868 14001 22
14713 13968 19
13358 13114 20
323 329 15
8125 7638 20
16155 15824 22
10914 1186 16
5631 68 0
13044 40 0
14666 2330 14
14515 13968 19
935 936 14
16801 16348 20
722 208 20
6164 42 0
15248 15250 13
9889 9802 20
13165 13016 19
1767 1660 17
14848 6 0
6738 69 0
11871 10941 22
8128 7692 20
12749 11912 22
16404 16407 13
14472 68 0
8928 8658 19
6011 5362 19
15793 7602 14
3330 2950 20
8832 68 0
13951 6 0
9925 9806 20
395 68 0
10098 68 0
2944 18 0
2209 1660 19
3001 3005 14
3546 3048 20
3363 2973 20
3640 2954 21
15785 15162 21
13081 13082 13
15364 68 0
504 325 20
4674 68 0
5900 68 0
15711 15226 20
11459 10935 20
6755 1671 15
7257 6 0
468 68 0
1310 1034 22
15157 8205 15
468 105 19
2965 2971 16
12475 1072 14
12063 11922 20
9862 4915 14
9771 9773 13
950 105 19
11563 6 0
12001 2953 14
14160 14083 20
15608 68 0
15654 15229 21
1803 1807 15
14156 14061 20
8242 4853 14
169 176 16
9614 6 0
13354 13142 20
5873 5530 20
15286 47 0
2292 69 0
1297 141 22
14217 13968 19
11791 10884 22
5148 6 0
6307 6 0
4474 4346 20
12364 11896 21
2087 1660 19
4639 68 0
3597 3074 20
16426 24 0
3664 2982 20
11031 68 0
6109 4918 14
7590 4853 16
6979 6724 20
6568 6197 22
7738 68 0
6233 6102 22
10835 1854 15
15444 15240 21
15406 15280 20
8676 3021 14
7856 7687 20
11358 10820 20
6840 68 0
4502 68 0
3628 3629 14
14060 14064 13
8433 7610 22
15617 15311 20
11285 10939 20
1519 6 0
7084 6639 20
14836 13991 22
13443 13049 20
10642 10344 22
8877 8658 19
10040 68 0
13193 13074 20
11 3 0
11095 10934 20
4653 4223 19
16382 41 0
2120 1694 21
4787 4223 19
6984 6632 19
8141 7658 21
15964 15830 22
3394 2944 19
2372 69 0
1956 1841 20
11516 54 0
7289 7180 22
17103 6 0
15341 15164 20
14833 13991 22
9491 8697 22
16950 6 0
16762 16409 20
9275 69 0
2378 42 0
12547 11997 21
13472 4266 14
12164 11877 19
9168 8666 20
8235 7590 21
1369 967 22
8815 68 0
13614 13546 22
2297 51 0
3536 68 0
14375 68 0
12615 11878 22
12825 12566 22
9887 9874 20
4489 4223 19
15650 15163 20
9066 8729 20
15167 15156 17
16586 16380 20
10339 51 0
8978 68 0
12732 6 0
6551 5471 22
13498 51 0
11466 42 0
8430 8249 22
12158 11877 19
16319 6 0
8857 8781 20
2856 1792 22
6900 6704 20
10990 68 0
15888 15156 19
2498 1740 20
8149 7658 21
12682 6 0
13569 42 0
5765 5420 20
16733 16390 20
11481 10914 21
7733 7571 19
9771 9 0
15746 15223 20
16834 16408 21
15995 15176 22
5747 5392 20
15584 15214 20
17024 16360 22
14787 6 0
10037 9809 20
11452 10805 19
9019 8725 20
17273 16463 22
12378 11877 19
16612 68 0
2261 68 0
7607 7609 13
6135 5506 20
781 68 0
10348 51 0
15866 10891 14
1990 1868 20
3532 3014 20
2062 1817 20
5588 5468 20
7188 42 0
5028 6 0
942 42 0
15275 41 0
8019 7571 19
12983 11989 22
5927 68 0
7749 7571 19
14509 14108 20
3505 68 0
14237 13968 19
12166 11877 19
11096 68 0
2303 1767 21
5012 6 0
11079 10850 20
14471 14044 20
11262 10854 20
15449 15246 20
2064 1660 19
11461 10840 23
711 265 20
421 325 20
14591 14092 21
9117 8749 20
2363 1764 20
10272 42 0
1032 105 19
16182 6 0
6871 6681 20
14579 13968 19
11492 10911 20
6795 68 0
2474 42 0
15316 68 0
447 105 19
668 68 0
12589 12590 14
7774 7590 21
821 120 20
6191 5376 20
16700 16426 20
6830 68 0
8611 6 0
1443 6 0
779 68 0
2349 42 0
12177 11922 20
6318 6 0
14283 14015 20
5343 4392 22
11937 41 0
16317 6 0
6128 125 14
4728 4403 20
9000 8714 20
8217 983 14
15672 15227 20
3447 3163 20
9804 9807 13
8508 6 0
6984 6708 20
10121 9805 20
11145 10805 19
11231 10845 20
11880 24 0
11284 68 0
14750 6 0
5628 5364 20
12950 11971 22
14367 13984 20
1087 42 0
10088 68 0
14165 13968 19
1262 980 22
12278 11987 20
1044 105 19
10887 7 0
15736 15156 19
15488 68 0
14478 14003 20
6001 68 0
13289 13127 20
5167 4844 22
15324 15287 20
10300 10301 14
16650 16420 20
5261 4332 22
11149 10949 20
794 163 20
1310 6 0
8362 6 0
15811 1741 14
4767 4333 20
10102 9805 20
6993 6714 20
3344 68 0
13475 51 0
12980 6 0
16625 16344 20
5919 5397 20
13495 13028 20
3907 2984 22
5264 6 0
12247 11947 20
2067 68 0
412 349 20
16738 16366 20
14606 13968 19
15346 68 0
6115 5532 20
10286 8684 14
3202 2944 19
10085 9710 19
9179 8793 20
9785 9789 15
13540 13084 20
9060 8658 19
10901 1735 15
6000 5461 20
12989 11992 22
3617 3108 23
2425 62 0
15526 15223 20
119 124 15
11061 68 0
4438 4399 20
8587 7653 22
5990 5412 20
11677 11396 22
7917 7571 19
13818 13081 22
1496 6 0
9938 9830 20
1386 177 22
9743 8764 14
912 68 0
4651 68 0
1996 1744 20
14915 6 0
3990 6 0
12488 11882 20
12221 11997 21
4717 4347 20
8641 7686 22
9234 8658 19
14417 14129 20
12499 11989 21
9902 68 0
9039 8745 20
10804 0 11
4615 4328 20
14408 13968 19
16296 6 0
1825 69 0
2730 1723 22
14497 13968 19
12362 68 0
10675 9791 22
11476 10907 20
13561 13076 21
4754 4352 20
6100 5426 21
12326 11987 20
1399 185 22
4800 4375 20
3446 3002 20
14569 14082 20
12324 11943 20
7920 7699 20
14495 14013 21
534 120 20
2504 1746 14
16511 16434 20
13991 13994 13
16494 16348 20
7876 7617 20
7798 7571 19
5804 5362 19
10324 9769 20
3311 2944 19
8160 7628 21
2812 6 0
4899 69 0
4314 41 0
4877 2319 14
15796 15156 19
13545 13016 19
11748 11388 22
3190 2995 20
2674 6 0
11862 11399 22
11976 11978 13
9245 8658 19
16857 16339 19
4845 4335 20
2850 6 0
10241 69 0
12444 68 0
8915 68 0
8393 8201 22
16743 16398 20
5612 5547 20
15948 15162 22
5871 5509 20
13249 68 0
9297 8658 19
5876 5362 19
12109 11877 19
6892 68 0
2388 1045 14
9649 9218 22
5283 6 0
11435 42 0
8538 6 0
8880 8806 20
752 150 20
12418 12007 20
10105 9728 20
9896 9857 20
9819 9710 17
43 41 5
15643 15172 20
136 41 0
7698 7571 17
9270 8762 20
12041 68 0
462 372 20
4791 4305 20
9868 138 14
4201 6 0
15013 6 0
5436 9 0
6020 5384 20
13968 18 0
16605 16339 19
10157 9834 20
1219 6 0
9126 68 0
4801 4223 19
8170 3100 14
4878 4223 19
9317 8658 12
2408 1800 20
12197 11953 20
588 163 20
6993 6756 20
7370 6676 22
10308 9741 20
6926 6645 20
12296 11913 20
3207 68 0
2057 1660 19
12512 11877 19
3503 2944 19
14463 14111 20
5936 5362 19
16828 16450 21
13235 13027 20
11778 10880 22
17077 16851 22
4571 68 0
16165 15225 22
7621 7622 13
15630 15156 19
10322 10323 14
11415 1879 14
4541 4333 20
16379 16339 17
13543 13156 20
3559 2944 19
12096 11897 20
16106 15209 22
10416 10263 22
15167 15169 13
6504 6081 22
9215 8658 19
28 19 3
4691 68 0
2417 42 0
4386 4381 14
1901 1863 20
15315 15222 20
8873 68 0
14677 13968 19
1105 129 20
12096 12024 20
12555 11915 20
12072 11877 19
7884 7676 20
9108 8658 19
14392 14083 20
8238 51 0
1767 1768 13
7762 7668 20
6860 6735 20
4844 3582 14
16279 15756 22
5746 68 0
15379 68 0
5783 5407 20
14101 3104 16
7134 3079 14
1846 24 0
2339 1751 20
12846 6 0
11672 10839 22
6324 5387 22
6079 5362 19
10339 9850 20
12832 12582 22
2315 69 0
2055 1857 20
14743 14621 22
9170 8673 20
15417 15246 20
4340 24 0
1540 256 22
7562 6759 22
10135 9805 20
13140 47 0
14917 14013 22
4516 4303 20
10896 2319 14
6111 5401 21
8178 69 0
8916 8717 21
16268 15257 22
13982 6640 14
15775 15179 20
665 68 0
1882 1845 20
12391 11953 20
3476 2961 20
1332 155 22
5789 5514 20
8063 68 0
10266 51 0
391 105 19
9141 68 0
11183 10871 20
6831 68 0
10032 9728 20
1185 318 20
8174 3100 14
13132 13016 17
6194 6195 14
5159 6 0
8441 7610 22
2383 1660 19
14772 14689 22
15121 6 0
4593 4225 20
4978 4224 22
14151 68 0
14778 6 0
3902 2978 22
3466 3102 20
5912 5421 20
9361 9269 22
14935 14020 22
11280 68 0
7900 7683 20
3317 3031 20
86 77 0
15814 15218 20
13167 13018 20
15494 15177 20
2742 1730 22
15796 42 0
3625 3101 21
7102 6746 21
10295 1133 14
10395 10286 22
394 105 19
7675 7 0
14397 13968 19
8588 8195 22
13665 6 0
13777 13510 22
6998 6704 20
14843 13991 22
11425 10935 20
8852 68 0
9829 4799 14
4694 4223 19
5724 5509 20
16204 15838 22
3597 1117 14
14624 42 0
9088 8793 20
13153 13154 13
11237 10805 19
151 41 0
6376 5401 22
5403 41 0
1658 6 0
6805 6707 20
13845 6 0
10433 6 0
13307 13016 19
15834 15179 20
157 24 0
4623 4223 19
7290 6 0
6043 62 0
5735 5462 20
15405 15156 19
462 105 19
13263 13061 20
15893 15179 20
7164 6784 20
16903 13505 14
16646 16339 19
11583 6 0
2265 1851 20
13296 13054 20
7928 7573 20
7188 6694 20
10466 6 0
14322 14003 20
6429 6 0
3451 2944 19
11861 6 0
9042 8766 20
13534 13030 21
5513 5516 13
3228 3132 20
10273 42 0
12580 42 0
11643 11424 22
15661 68 0
14769 6 0
7613 4853 15
11237 10845 20
15425 15230 20
1592 292 22
5736 5467 20
12587 69 0
13535 51 0
9994 9710 19
11440 10813 20
12075 11892 21
963 282 20
7187 6632 19
15262 24 0
17150 6 0
8861 8658 19
5999 68 0
9594 9255 22
12571 11924 21
16902 16339 19
3882 6 0
15651 15168 20
468 368 20
14624 14081 21
11820 6 0
15164 24 0
5154 6 0
24 25 1
12564 42 0
8406 8202 22
3620 1839 14
5481 5362 17
1503 6 0
14991 6 0
15865 51 0
871 280 20
13812 13076 22
12364 11902 20
11493 10805 19
3559 62 0
11107 10812 20
11071 10885 20
2477 2478 14
2341 1664 20
9470 8693 22
7422 6 0
3547 2946 20
9026 8806 20
8120 7644 20
9438 9213 22
1342 1052 22
14481 13968 19
12538 11949 20
12240 11877 19
4658 4297 20
526 68 0
5959 5362 19
7975 7573 20
10276 42 0
5265 6 0
13418 13041 20
11092 10861 20
6543 6128 22
17065 6 0
16665 16339 19
2412 1660 19
15839 15234 20
13465 13093 21
3152 47 0
9535 9310 22
2597 1681 22
8914 8775 21
8003 7571 19
8558 7647 22
12090 11890 20
1900 1660 19
12018 12019 13
4545 4223 19
6796 6704 20
15807 15308 20
13303 13053 20
9991 68 0
9958 9810 20
13329 13097 20
15496 15299 20
16802 16339 19
15620 15222 20
11132 10934 20
1339 6 0
15119 6 0
8734 1049 14
15823 15186 21
14629 42 0
8609 6 0
15162 15166 13
16110 6 0
15511 15226 20
6301 5382 22
13521 13016 19
5085 4267 22
5780 5451 20
11759 11409 22
13909 6 0
408 68 0
12343 68 0
6245 6 0
14371 14017 21
16825 16364 20
16975 16343 22
10118 9782 20
10098 9806 20
8756 24 0
1578 6 0
6238 5363 22
12326 11877 19
15864 15202 20
10261 9741 20
3743 3074 20
5363 5367 13
2421 1668 21
12468 11877 19
4740 4363 20
706 105 19
10261 174 14
504 368 20
736 195 20
15652 15156 19
6251 5368 22
12515 8178 14
518 68 0
14522 14103 20
11818 10901 22
12169 11986 21
8221 7571 19
11889 24 0
13427 13059 21
1094 369 20
1011 105 19
13697 6 0
250 24 0
5110 4930 22
9072 68 0
13861 13481 22
15988 15176 22
10628 6 0
8851 8658 19
8104 7587 20
16609 16366 20
1329 6 0
9968 68 0
3388 3117 20
534 332 20
8981 8793 20
12036 11982 20
13465 42 0
14707 2367 14
7256 6 0
11248 10909 20
1089 51 0
4688 4223 19
9300 8765 21
6168 5391 21
619 215 20
